[0.663s] Invoking command in '/home/matthieu/ros2_ws/src/web_control': DEBUGINFOD_URLS=https://debuginfod.ubuntu.com PYTHONPATH=/home/matthieu/ros2_ws/build/web_control/prefix_override:/usr/lib/python3/dist-packages/colcon_core/task/python/colcon_distutils_commands:/home/matthieu/ros2_ws/install/web_control/lib/python3.12/site-packages:${PYTHONPATH} /usr/bin/python3 -W ignore:setup.py install is deprecated -W ignore:easy_install command is deprecated setup.py egg_info --egg-base ../../build/web_control build --build-base /home/matthieu/ros2_ws/build/web_control/build install --record /home/matthieu/ros2_ws/build/web_control/install.log --single-version-externally-managed install_data
[0.861s] running egg_info
[0.874s] writing ../../build/web_control/web_control.egg-info/PKG-INFO
[0.874s] writing dependency_links to ../../build/web_control/web_control.egg-info/dependency_links.txt
[0.874s] writing entry points to ../../build/web_control/web_control.egg-info/entry_points.txt
[0.874s] writing requirements to ../../build/web_control/web_control.egg-info/requires.txt
[0.874s] writing top-level names to ../../build/web_control/web_control.egg-info/top_level.txt
[0.909s] reading manifest file '../../build/web_control/web_control.egg-info/SOURCES.txt'
[0.920s] writing manifest file '../../build/web_control/web_control.egg-info/SOURCES.txt'
[0.921s] running build
[0.921s] running build_py
[0.921s] running install
[0.926s] running install_lib
[0.944s] running install_data
[0.944s] copying web/index.html -> /home/matthieu/ros2_ws/install/web_control/share/web_control/web
[0.944s] copying web/app.js -> /home/matthieu/ros2_ws/install/web_control/share/web_control/web
[0.945s] creating /home/matthieu/ros2_ws/install/web_control/share/web_control/web/stream/webrtc
[0.945s] copying web/stream/webrtc/README.md -> /home/matthieu/ros2_ws/install/web_control/share/web_control/web/stream/webrtc
[0.945s] copying web/stream/webrtc/webrtc_server.py -> /home/matthieu/ros2_ws/install/web_control/share/web_control/web/stream/webrtc
[0.945s] copying web/stream/webrtc/requirements.txt -> /home/matthieu/ros2_ws/install/web_control/share/web_control/web/stream/webrtc
[0.945s] copying web/stream/webrtc/index.html -> /home/matthieu/ros2_ws/install/web_control/share/web_control/web/stream/webrtc
[0.945s] copying web/stream/webrtc/app.js -> /home/matthieu/ros2_ws/install/web_control/share/web_control/web/stream/webrtc
[0.945s] creating /home/matthieu/ros2_ws/install/web_control/share/web_control/web/stream/webrtc/.venv
[0.945s] copying web/stream/webrtc/.venv/pyvenv.cfg -> /home/matthieu/ros2_ws/install/web_control/share/web_control/web/stream/webrtc/.venv
[0.945s] creating /home/matthieu/ros2_ws/install/web_control/share/web_control/web/stream/webrtc/.venv/bin
[0.945s] copying web/stream/webrtc/.venv/bin/pip -> /home/matthieu/ros2_ws/install/web_control/share/web_control/web/stream/webrtc/.venv/bin
[0.945s] copying web/stream/webrtc/.venv/bin/python3.12 -> /home/matthieu/ros2_ws/install/web_control/share/web_control/web/stream/webrtc/.venv/bin
[0.949s] copying web/stream/webrtc/.venv/bin/Activate.ps1 -> /home/matthieu/ros2_ws/install/web_control/share/web_control/web/stream/webrtc/.venv/bin
[0.949s] copying web/stream/webrtc/.venv/bin/pip3.12 -> /home/matthieu/ros2_ws/install/web_control/share/web_control/web/stream/webrtc/.venv/bin
[0.949s] copying web/stream/webrtc/.venv/bin/activate.fish -> /home/matthieu/ros2_ws/install/web_control/share/web_control/web/stream/webrtc/.venv/bin
[0.949s] copying web/stream/webrtc/.venv/bin/pip3 -> /home/matthieu/ros2_ws/install/web_control/share/web_control/web/stream/webrtc/.venv/bin
[0.949s] copying web/stream/webrtc/.venv/bin/activate.csh -> /home/matthieu/ros2_ws/install/web_control/share/web_control/web/stream/webrtc/.venv/bin
[0.949s] copying web/stream/webrtc/.venv/bin/activate -> /home/matthieu/ros2_ws/install/web_control/share/web_control/web/stream/webrtc/.venv/bin
[0.949s] copying web/stream/webrtc/.venv/bin/pyav -> /home/matthieu/ros2_ws/install/web_control/share/web_control/web/stream/webrtc/.venv/bin
[0.949s] copying web/stream/webrtc/.venv/bin/python -> /home/matthieu/ros2_ws/install/web_control/share/web_control/web/stream/webrtc/.venv/bin
[0.953s] copying web/stream/webrtc/.venv/bin/python3 -> /home/matthieu/ros2_ws/install/web_control/share/web_control/web/stream/webrtc/.venv/bin
[0.956s] creating /home/matthieu/ros2_ws/install/web_control/share/web_control/web/stream/webrtc/.venv/lib
[0.957s] creating /home/matthieu/ros2_ws/install/web_control/share/web_control/web/stream/webrtc/.venv/lib/python3.12
[0.957s] creating /home/matthieu/ros2_ws/install/web_control/share/web_control/web/stream/webrtc/.venv/lib/python3.12/site-packages
[0.957s] copying web/stream/webrtc/.venv/lib/python3.12/site-packages/_cffi_backend.cpython-312-x86_64-linux-gnu.so -> /home/matthieu/ros2_ws/install/web_control/share/web_control/web/stream/webrtc/.venv/lib/python3.12/site-packages
[0.957s] copying web/stream/webrtc/.venv/lib/python3.12/site-packages/typing_extensions.py -> /home/matthieu/ros2_ws/install/web_control/share/web_control/web/stream/webrtc/.venv/lib/python3.12/site-packages
[0.957s] creating /home/matthieu/ros2_ws/install/web_control/share/web_control/web/stream/webrtc/.venv/lib/python3.12/site-packages/pip
[0.957s] copying web/stream/webrtc/.venv/lib/python3.12/site-packages/pip/__main__.py -> /home/matthieu/ros2_ws/install/web_control/share/web_control/web/stream/webrtc/.venv/lib/python3.12/site-packages/pip
[0.957s] copying web/stream/webrtc/.venv/lib/python3.12/site-packages/pip/py.typed -> /home/matthieu/ros2_ws/install/web_control/share/web_control/web/stream/webrtc/.venv/lib/python3.12/site-packages/pip
[0.957s] copying web/stream/webrtc/.venv/lib/python3.12/site-packages/pip/__pip-runner__.py -> /home/matthieu/ros2_ws/install/web_control/share/web_control/web/stream/webrtc/.venv/lib/python3.12/site-packages/pip
[0.957s] copying web/stream/webrtc/.venv/lib/python3.12/site-packages/pip/__init__.py -> /home/matthieu/ros2_ws/install/web_control/share/web_control/web/stream/webrtc/.venv/lib/python3.12/site-packages/pip
[0.957s] creating /home/matthieu/ros2_ws/install/web_control/share/web_control/web/stream/webrtc/.venv/lib/python3.12/site-packages/pip/_vendor
[0.957s] copying web/stream/webrtc/.venv/lib/python3.12/site-packages/pip/_vendor/typing_extensions.py -> /home/matthieu/ros2_ws/install/web_control/share/web_control/web/stream/webrtc/.venv/lib/python3.12/site-packages/pip/_vendor
[0.957s] copying web/stream/webrtc/.venv/lib/python3.12/site-packages/pip/_vendor/six.py -> /home/matthieu/ros2_ws/install/web_control/share/web_control/web/stream/webrtc/.venv/lib/python3.12/site-packages/pip/_vendor
[0.957s] copying web/stream/webrtc/.venv/lib/python3.12/site-packages/pip/_vendor/vendor.txt -> /home/matthieu/ros2_ws/install/web_control/share/web_control/web/stream/webrtc/.venv/lib/python3.12/site-packages/pip/_vendor
[0.957s] copying web/stream/webrtc/.venv/lib/python3.12/site-packages/pip/_vendor/__init__.py -> /home/matthieu/ros2_ws/install/web_control/share/web_control/web/stream/webrtc/.venv/lib/python3.12/site-packages/pip/_vendor
[0.957s] creating /home/matthieu/ros2_ws/install/web_control/share/web_control/web/stream/webrtc/.venv/lib/python3.12/site-packages/pip/_vendor/pyproject_hooks
[0.957s] copying web/stream/webrtc/.venv/lib/python3.12/site-packages/pip/_vendor/pyproject_hooks/_impl.py -> /home/matthieu/ros2_ws/install/web_control/share/web_control/web/stream/webrtc/.venv/lib/python3.12/site-packages/pip/_vendor/pyproject_hooks
[0.958s] copying web/stream/webrtc/.venv/lib/python3.12/site-packages/pip/_vendor/pyproject_hooks/_compat.py -> /home/matthieu/ros2_ws/install/web_control/share/web_control/web/stream/webrtc/.venv/lib/python3.12/site-packages/pip/_vendor/pyproject_hooks
[0.958s] copying web/stream/webrtc/.venv/lib/python3.12/site-packages/pip/_vendor/pyproject_hooks/__init__.py -> /home/matthieu/ros2_ws/install/web_control/share/web_control/web/stream/webrtc/.venv/lib/python3.12/site-packages/pip/_vendor/pyproject_hooks
[0.958s] creating /home/matthieu/ros2_ws/install/web_control/share/web_control/web/stream/webrtc/.venv/lib/python3.12/site-packages/pip/_vendor/pyproject_hooks/_in_process
[0.958s] copying web/stream/webrtc/.venv/lib/python3.12/site-packages/pip/_vendor/pyproject_hooks/_in_process/_in_process.py -> /home/matthieu/ros2_ws/install/web_control/share/web_control/web/stream/webrtc/.venv/lib/python3.12/site-packages/pip/_vendor/pyproject_hooks/_in_process
[0.958s] copying web/stream/webrtc/.venv/lib/python3.12/site-packages/pip/_vendor/pyproject_hooks/_in_process/__init__.py -> /home/matthieu/ros2_ws/install/web_control/share/web_control/web/stream/webrtc/.venv/lib/python3.12/site-packages/pip/_vendor/pyproject_hooks/_in_process
[0.958s] creating /home/matthieu/ros2_ws/install/web_control/share/web_control/web/stream/webrtc/.venv/lib/python3.12/site-packages/pip/_vendor/pyproject_hooks/_in_process/__pycache__
[0.958s] copying web/stream/webrtc/.venv/lib/python3.12/site-packages/pip/_vendor/pyproject_hooks/_in_process/__pycache__/_in_process.cpython-312.pyc -> /home/matthieu/ros2_ws/install/web_control/share/web_control/web/stream/webrtc/.venv/lib/python3.12/site-packages/pip/_vendor/pyproject_hooks/_in_process/__pycache__
[0.958s] copying web/stream/webrtc/.venv/lib/python3.12/site-packages/pip/_vendor/pyproject_hooks/_in_process/__pycache__/__init__.cpython-312.pyc -> /home/matthieu/ros2_ws/install/web_control/share/web_control/web/stream/webrtc/.venv/lib/python3.12/site-packages/pip/_vendor/pyproject_hooks/_in_process/__pycache__
[0.958s] creating /home/matthieu/ros2_ws/install/web_control/share/web_control/web/stream/webrtc/.venv/lib/python3.12/site-packages/pip/_vendor/pyproject_hooks/__pycache__
[0.958s] copying web/stream/webrtc/.venv/lib/python3.12/site-packages/pip/_vendor/pyproject_hooks/__pycache__/_impl.cpython-312.pyc -> /home/matthieu/ros2_ws/install/web_control/share/web_control/web/stream/webrtc/.venv/lib/python3.12/site-packages/pip/_vendor/pyproject_hooks/__pycache__
[0.958s] copying web/stream/webrtc/.venv/lib/python3.12/site-packages/pip/_vendor/pyproject_hooks/__pycache__/_compat.cpython-312.pyc -> /home/matthieu/ros2_ws/install/web_control/share/web_control/web/stream/webrtc/.venv/lib/python3.12/site-packages/pip/_vendor/pyproject_hooks/__pycache__
[0.958s] copying web/stream/webrtc/.venv/lib/python3.12/site-packages/pip/_vendor/pyproject_hooks/__pycache__/__init__.cpython-312.pyc -> /home/matthieu/ros2_ws/install/web_control/share/web_control/web/stream/webrtc/.venv/lib/python3.12/site-packages/pip/_vendor/pyproject_hooks/__pycache__
[0.958s] creating /home/matthieu/ros2_ws/install/web_control/share/web_control/web/stream/webrtc/.venv/lib/python3.12/site-packages/pip/_vendor/pygments
[0.958s] copying web/stream/webrtc/.venv/lib/python3.12/site-packages/pip/_vendor/pygments/util.py -> /home/matthieu/ros2_ws/install/web_control/share/web_control/web/stream/webrtc/.venv/lib/python3.12/site-packages/pip/_vendor/pygments
[0.958s] copying web/stream/webrtc/.venv/lib/python3.12/site-packages/pip/_vendor/pygments/filter.py -> /home/matthieu/ros2_ws/install/web_control/share/web_control/web/stream/webrtc/.venv/lib/python3.12/site-packages/pip/_vendor/pygments
[0.958s] copying web/stream/webrtc/.venv/lib/python3.12/site-packages/pip/_vendor/pygments/plugin.py -> /home/matthieu/ros2_ws/install/web_control/share/web_control/web/stream/webrtc/.venv/lib/python3.12/site-packages/pip/_vendor/pygments
[0.958s] copying web/stream/webrtc/.venv/lib/python3.12/site-packages/pip/_vendor/pygments/lexer.py -> /home/matthieu/ros2_ws/install/web_control/share/web_control/web/stream/webrtc/.venv/lib/python3.12/site-packages/pip/_vendor/pygments
[0.958s] copying web/stream/webrtc/.venv/lib/python3.12/site-packages/pip/_vendor/pygments/style.py -> /home/matthieu/ros2_ws/install/web_control/share/web_control/web/stream/webrtc/.venv/lib/python3.12/site-packages/pip/_vendor/pygments
[0.958s] copying web/stream/webrtc/.venv/lib/python3.12/site-packages/pip/_vendor/pygments/__main__.py -> /home/matthieu/ros2_ws/install/web_control/share/web_control/web/stream/webrtc/.venv/lib/python3.12/site-packages/pip/_vendor/pygments
[0.959s] copying web/stream/webrtc/.venv/lib/python3.12/site-packages/pip/_vendor/pygments/console.py -> /home/matthieu/ros2_ws/install/web_control/share/web_control/web/stream/webrtc/.venv/lib/python3.12/site-packages/pip/_vendor/pygments
[0.959s] copying web/stream/webrtc/.venv/lib/python3.12/site-packages/pip/_vendor/pygments/cmdline.py -> /home/matthieu/ros2_ws/install/web_control/share/web_control/web/stream/webrtc/.venv/lib/python3.12/site-packages/pip/_vendor/pygments
[0.959s] copying web/stream/webrtc/.venv/lib/python3.12/site-packages/pip/_vendor/pygments/token.py -> /home/matthieu/ros2_ws/install/web_control/share/web_control/web/stream/webrtc/.venv/lib/python3.12/site-packages/pip/_vendor/pygments
[0.959s] copying web/stream/webrtc/.venv/lib/python3.12/site-packages/pip/_vendor/pygments/modeline.py -> /home/matthieu/ros2_ws/install/web_control/share/web_control/web/stream/webrtc/.venv/lib/python3.12/site-packages/pip/_vendor/pygments
[0.959s] copying web/stream/webrtc/.venv/lib/python3.12/site-packages/pip/_vendor/pygments/unistring.py -> /home/matthieu/ros2_ws/install/web_control/share/web_control/web/stream/webrtc/.venv/lib/python3.12/site-packages/pip/_vendor/pygments
[0.959s] copying web/stream/webrtc/.venv/lib/python3.12/site-packages/pip/_vendor/pygments/scanner.py -> /home/matthieu/ros2_ws/install/web_control/share/web_control/web/stream/webrtc/.venv/lib/python3.12/site-packages/pip/_vendor/pygments
[0.959s] copying web/stream/webrtc/.venv/lib/python3.12/site-packages/pip/_vendor/pygments/formatter.py -> /home/matthieu/ros2_ws/install/web_control/share/web_control/web/stream/webrtc/.venv/lib/python3.12/site-packages/pip/_vendor/pygments
[0.959s] copying web/stream/webrtc/.venv/lib/python3.12/site-packages/pip/_vendor/pygments/sphinxext.py -> /home/matthieu/ros2_ws/install/web_control/share/web_control/web/stream/webrtc/.venv/lib/python3.12/site-packages/pip/_vendor/pygments
[0.959s] copying web/stream/webrtc/.venv/lib/python3.12/site-packages/pip/_vendor/pygments/regexopt.py -> /home/matthieu/ros2_ws/install/web_control/share/web_control/web/stream/webrtc/.venv/lib/python3.12/site-packages/pip/_vendor/pygments
[0.959s] copying web/stream/webrtc/.venv/lib/python3.12/site-packages/pip/_vendor/pygments/__init__.py -> /home/matthieu/ros2_ws/install/web_control/share/web_control/web/stream/webrtc/.venv/lib/python3.12/site-packages/pip/_vendor/pygments
[0.959s] creating /home/matthieu/ros2_ws/install/web_control/share/web_control/web/stream/webrtc/.venv/lib/python3.12/site-packages/pip/_vendor/pygments/filters
[0.959s] copying web/stream/webrtc/.venv/lib/python3.12/site-packages/pip/_vendor/pygments/filters/__init__.py -> /home/matthieu/ros2_ws/install/web_control/share/web_control/web/stream/webrtc/.venv/lib/python3.12/site-packages/pip/_vendor/pygments/filters
[0.959s] creating /home/matthieu/ros2_ws/install/web_control/share/web_control/web/stream/webrtc/.venv/lib/python3.12/site-packages/pip/_vendor/pygments/filters/__pycache__
[0.959s] copying web/stream/webrtc/.venv/lib/python3.12/site-packages/pip/_vendor/pygments/filters/__pycache__/__init__.cpython-312.pyc -> /home/matthieu/ros2_ws/install/web_control/share/web_control/web/stream/webrtc/.venv/lib/python3.12/site-packages/pip/_vendor/pygments/filters/__pycache__
[0.959s] creating /home/matthieu/ros2_ws/install/web_control/share/web_control/web/stream/webrtc/.venv/lib/python3.12/site-packages/pip/_vendor/pygments/lexers
[0.959s] copying web/stream/webrtc/.venv/lib/python3.12/site-packages/pip/_vendor/pygments/lexers/python.py -> /home/matthieu/ros2_ws/install/web_control/share/web_control/web/stream/webrtc/.venv/lib/python3.12/site-packages/pip/_vendor/pygments/lexers
[0.959s] copying web/stream/webrtc/.venv/lib/python3.12/site-packages/pip/_vendor/pygments/lexers/_mapping.py -> /home/matthieu/ros2_ws/install/web_control/share/web_control/web/stream/webrtc/.venv/lib/python3.12/site-packages/pip/_vendor/pygments/lexers
[0.960s] copying web/stream/webrtc/.venv/lib/python3.12/site-packages/pip/_vendor/pygments/lexers/__init__.py -> /home/matthieu/ros2_ws/install/web_control/share/web_control/web/stream/webrtc/.venv/lib/python3.12/site-packages/pip/_vendor/pygments/lexers
[0.960s] creating /home/matthieu/ros2_ws/install/web_control/share/web_control/web/stream/webrtc/.venv/lib/python3.12/site-packages/pip/_vendor/pygments/lexers/__pycache__
[0.960s] copying web/stream/webrtc/.venv/lib/python3.12/site-packages/pip/_vendor/pygments/lexers/__pycache__/python.cpython-312.pyc -> /home/matthieu/ros2_ws/install/web_control/share/web_control/web/stream/webrtc/.venv/lib/python3.12/site-packages/pip/_vendor/pygments/lexers/__pycache__
[0.960s] copying web/stream/webrtc/.venv/lib/python3.12/site-packages/pip/_vendor/pygments/lexers/__pycache__/_mapping.cpython-312.pyc -> /home/matthieu/ros2_ws/install/web_control/share/web_control/web/stream/webrtc/.venv/lib/python3.12/site-packages/pip/_vendor/pygments/lexers/__pycache__
[0.960s] copying web/stream/webrtc/.venv/lib/python3.12/site-packages/pip/_vendor/pygments/lexers/__pycache__/__init__.cpython-312.pyc -> /home/matthieu/ros2_ws/install/web_control/share/web_control/web/stream/webrtc/.venv/lib/python3.12/site-packages/pip/_vendor/pygments/lexers/__pycache__
[0.960s] creating /home/matthieu/ros2_ws/install/web_control/share/web_control/web/stream/webrtc/.venv/lib/python3.12/site-packages/pip/_vendor/pygments/__pycache__
[0.960s] copying web/stream/webrtc/.venv/lib/python3.12/site-packages/pip/_vendor/pygments/__pycache__/formatter.cpython-312.pyc -> /home/matthieu/ros2_ws/install/web_control/share/web_control/web/stream/webrtc/.venv/lib/python3.12/site-packages/pip/_vendor/pygments/__pycache__
[0.960s] copying web/stream/webrtc/.venv/lib/python3.12/site-packages/pip/_vendor/pygments/__pycache__/modeline.cpython-312.pyc -> /home/matthieu/ros2_ws/install/web_control/share/web_control/web/stream/webrtc/.venv/lib/python3.12/site-packages/pip/_vendor/pygments/__pycache__
[0.960s] copying web/stream/webrtc/.venv/lib/python3.12/site-packages/pip/_vendor/pygments/__pycache__/token.cpython-312.pyc -> /home/matthieu/ros2_ws/install/web_control/share/web_control/web/stream/webrtc/.venv/lib/python3.12/site-packages/pip/_vendor/pygments/__pycache__
[0.960s] copying web/stream/webrtc/.venv/lib/python3.12/site-packages/pip/_vendor/pygments/__pycache__/unistring.cpython-312.pyc -> /home/matthieu/ros2_ws/install/web_control/share/web_control/web/stream/webrtc/.venv/lib/python3.12/site-packages/pip/_vendor/pygments/__pycache__
[0.960s] copying web/stream/webrtc/.venv/lib/python3.12/site-packages/pip/_vendor/pygments/__pycache__/scanner.cpython-312.pyc -> /home/matthieu/ros2_ws/install/web_control/share/web_control/web/stream/webrtc/.venv/lib/python3.12/site-packages/pip/_vendor/pygments/__pycache__
[0.960s] copying web/stream/webrtc/.venv/lib/python3.12/site-packages/pip/_vendor/pygments/__pycache__/sphinxext.cpython-312.pyc -> /home/matthieu/ros2_ws/install/web_control/share/web_control/web/stream/webrtc/.venv/lib/python3.12/site-packages/pip/_vendor/pygments/__pycache__
[0.960s] copying web/stream/webrtc/.venv/lib/python3.12/site-packages/pip/_vendor/pygments/__pycache__/style.cpython-312.pyc -> /home/matthieu/ros2_ws/install/web_control/share/web_control/web/stream/webrtc/.venv/lib/python3.12/site-packages/pip/_vendor/pygments/__pycache__
[0.960s] copying web/stream/webrtc/.venv/lib/python3.12/site-packages/pip/_vendor/pygments/__pycache__/__main__.cpython-312.pyc -> /home/matthieu/ros2_ws/install/web_control/share/web_control/web/stream/webrtc/.venv/lib/python3.12/site-packages/pip/_vendor/pygments/__pycache__
[0.960s] copying web/stream/webrtc/.venv/lib/python3.12/site-packages/pip/_vendor/pygments/__pycache__/console.cpython-312.pyc -> /home/matthieu/ros2_ws/install/web_control/share/web_control/web/stream/webrtc/.venv/lib/python3.12/site-packages/pip/_vendor/pygments/__pycache__
[0.961s] copying web/stream/webrtc/.venv/lib/python3.12/site-packages/pip/_vendor/pygments/__pycache__/util.cpython-312.pyc -> /home/matthieu/ros2_ws/install/web_control/share/web_control/web/stream/webrtc/.venv/lib/python3.12/site-packages/pip/_vendor/pygments/__pycache__
[0.961s] copying web/stream/webrtc/.venv/lib/python3.12/site-packages/pip/_vendor/pygments/__pycache__/__init__.cpython-312.pyc -> /home/matthieu/ros2_ws/install/web_control/share/web_control/web/stream/webrtc/.venv/lib/python3.12/site-packages/pip/_vendor/pygments/__pycache__
[0.961s] copying web/stream/webrtc/.venv/lib/python3.12/site-packages/pip/_vendor/pygments/__pycache__/cmdline.cpython-312.pyc -> /home/matthieu/ros2_ws/install/web_control/share/web_control/web/stream/webrtc/.venv/lib/python3.12/site-packages/pip/_vendor/pygments/__pycache__
[0.961s] copying web/stream/webrtc/.venv/lib/python3.12/site-packages/pip/_vendor/pygments/__pycache__/filter.cpython-312.pyc -> /home/matthieu/ros2_ws/install/web_control/share/web_control/web/stream/webrtc/.venv/lib/python3.12/site-packages/pip/_vendor/pygments/__pycache__
[0.961s] copying web/stream/webrtc/.venv/lib/python3.12/site-packages/pip/_vendor/pygments/__pycache__/plugin.cpython-312.pyc -> /home/matthieu/ros2_ws/install/web_control/share/web_control/web/stream/webrtc/.venv/lib/python3.12/site-packages/pip/_vendor/pygments/__pycache__
[0.961s] copying web/stream/webrtc/.venv/lib/python3.12/site-packages/pip/_vendor/pygments/__pycache__/lexer.cpython-312.pyc -> /home/matthieu/ros2_ws/install/web_control/share/web_control/web/stream/webrtc/.venv/lib/python3.12/site-packages/pip/_vendor/pygments/__pycache__
[0.961s] copying web/stream/webrtc/.venv/lib/python3.12/site-packages/pip/_vendor/pygments/__pycache__/regexopt.cpython-312.pyc -> /home/matthieu/ros2_ws/install/web_control/share/web_control/web/stream/webrtc/.venv/lib/python3.12/site-packages/pip/_vendor/pygments/__pycache__
[0.961s] creating /home/matthieu/ros2_ws/install/web_control/share/web_control/web/stream/webrtc/.venv/lib/python3.12/site-packages/pip/_vendor/pygments/styles
[0.961s] copying web/stream/webrtc/.venv/lib/python3.12/site-packages/pip/_vendor/pygments/styles/__init__.py -> /home/matthieu/ros2_ws/install/web_control/share/web_control/web/stream/webrtc/.venv/lib/python3.12/site-packages/pip/_vendor/pygments/styles
[0.961s] creating /home/matthieu/ros2_ws/install/web_control/share/web_control/web/stream/webrtc/.venv/lib/python3.12/site-packages/pip/_vendor/pygments/styles/__pycache__
[0.961s] copying web/stream/webrtc/.venv/lib/python3.12/site-packages/pip/_vendor/pygments/styles/__pycache__/__init__.cpython-312.pyc -> /home/matthieu/ros2_ws/install/web_control/share/web_control/web/stream/webrtc/.venv/lib/python3.12/site-packages/pip/_vendor/pygments/styles/__pycache__
[0.961s] creating /home/matthieu/ros2_ws/install/web_control/share/web_control/web/stream/webrtc/.venv/lib/python3.12/site-packages/pip/_vendor/pygments/formatters
[0.961s] copying web/stream/webrtc/.venv/lib/python3.12/site-packages/pip/_vendor/pygments/formatters/other.py -> /home/matthieu/ros2_ws/install/web_control/share/web_control/web/stream/webrtc/.venv/lib/python3.12/site-packages/pip/_vendor/pygments/formatters
[0.961s] copying web/stream/webrtc/.venv/lib/python3.12/site-packages/pip/_vendor/pygments/formatters/rtf.py -> /home/matthieu/ros2_ws/install/web_control/share/web_control/web/stream/webrtc/.venv/lib/python3.12/site-packages/pip/_vendor/pygments/formatters
[0.961s] copying web/stream/webrtc/.venv/lib/python3.12/site-packages/pip/_vendor/pygments/formatters/_mapping.py -> /home/matthieu/ros2_ws/install/web_control/share/web_control/web/stream/webrtc/.venv/lib/python3.12/site-packages/pip/_vendor/pygments/formatters
[0.961s] copying web/stream/webrtc/.venv/lib/python3.12/site-packages/pip/_vendor/pygments/formatters/img.py -> /home/matthieu/ros2_ws/install/web_control/share/web_control/web/stream/webrtc/.venv/lib/python3.12/site-packages/pip/_vendor/pygments/formatters
[0.961s] copying web/stream/webrtc/.venv/lib/python3.12/site-packages/pip/_vendor/pygments/formatters/latex.py -> /home/matthieu/ros2_ws/install/web_control/share/web_control/web/stream/webrtc/.venv/lib/python3.12/site-packages/pip/_vendor/pygments/formatters
[0.962s] copying web/stream/webrtc/.venv/lib/python3.12/site-packages/pip/_vendor/pygments/formatters/svg.py -> /home/matthieu/ros2_ws/install/web_control/share/web_control/web/stream/webrtc/.venv/lib/python3.12/site-packages/pip/_vendor/pygments/formatters
[0.962s] copying web/stream/webrtc/.venv/lib/python3.12/site-packages/pip/_vendor/pygments/formatters/terminal256.py -> /home/matthieu/ros2_ws/install/web_control/share/web_control/web/stream/webrtc/.venv/lib/python3.12/site-packages/pip/_vendor/pygments/formatters
[0.962s] copying web/stream/webrtc/.venv/lib/python3.12/site-packages/pip/_vendor/pygments/formatters/pangomarkup.py -> /home/matthieu/ros2_ws/install/web_control/share/web_control/web/stream/webrtc/.venv/lib/python3.12/site-packages/pip/_vendor/pygments/formatters
[0.962s] copying web/stream/webrtc/.venv/lib/python3.12/site-packages/pip/_vendor/pygments/formatters/bbcode.py -> /home/matthieu/ros2_ws/install/web_control/share/web_control/web/stream/webrtc/.venv/lib/python3.12/site-packages/pip/_vendor/pygments/formatters
[0.962s] copying web/stream/webrtc/.venv/lib/python3.12/site-packages/pip/_vendor/pygments/formatters/groff.py -> /home/matthieu/ros2_ws/install/web_control/share/web_control/web/stream/webrtc/.venv/lib/python3.12/site-packages/pip/_vendor/pygments/formatters
[0.962s] copying web/stream/webrtc/.venv/lib/python3.12/site-packages/pip/_vendor/pygments/formatters/terminal.py -> /home/matthieu/ros2_ws/install/web_control/share/web_control/web/stream/webrtc/.venv/lib/python3.12/site-packages/pip/_vendor/pygments/formatters
[0.962s] copying web/stream/webrtc/.venv/lib/python3.12/site-packages/pip/_vendor/pygments/formatters/irc.py -> /home/matthieu/ros2_ws/install/web_control/share/web_control/web/stream/webrtc/.venv/lib/python3.12/site-packages/pip/_vendor/pygments/formatters
[0.962s] copying web/stream/webrtc/.venv/lib/python3.12/site-packages/pip/_vendor/pygments/formatters/html.py -> /home/matthieu/ros2_ws/install/web_control/share/web_control/web/stream/webrtc/.venv/lib/python3.12/site-packages/pip/_vendor/pygments/formatters
[0.962s] copying web/stream/webrtc/.venv/lib/python3.12/site-packages/pip/_vendor/pygments/formatters/__init__.py -> /home/matthieu/ros2_ws/install/web_control/share/web_control/web/stream/webrtc/.venv/lib/python3.12/site-packages/pip/_vendor/pygments/formatters
[0.962s] creating /home/matthieu/ros2_ws/install/web_control/share/web_control/web/stream/webrtc/.venv/lib/python3.12/site-packages/pip/_vendor/pygments/formatters/__pycache__
[0.962s] copying web/stream/webrtc/.venv/lib/python3.12/site-packages/pip/_vendor/pygments/formatters/__pycache__/irc.cpython-312.pyc -> /home/matthieu/ros2_ws/install/web_control/share/web_control/web/stream/webrtc/.venv/lib/python3.12/site-packages/pip/_vendor/pygments/formatters/__pycache__
[0.962s] copying web/stream/webrtc/.venv/lib/python3.12/site-packages/pip/_vendor/pygments/formatters/__pycache__/latex.cpython-312.pyc -> /home/matthieu/ros2_ws/install/web_control/share/web_control/web/stream/webrtc/.venv/lib/python3.12/site-packages/pip/_vendor/pygments/formatters/__pycache__
[0.962s] copying web/stream/webrtc/.venv/lib/python3.12/site-packages/pip/_vendor/pygments/formatters/__pycache__/bbcode.cpython-312.pyc -> /home/matthieu/ros2_ws/install/web_control/share/web_control/web/stream/webrtc/.venv/lib/python3.12/site-packages/pip/_vendor/pygments/formatters/__pycache__
[0.962s] copying web/stream/webrtc/.venv/lib/python3.12/site-packages/pip/_vendor/pygments/formatters/__pycache__/rtf.cpython-312.pyc -> /home/matthieu/ros2_ws/install/web_control/share/web_control/web/stream/webrtc/.venv/lib/python3.12/site-packages/pip/_vendor/pygments/formatters/__pycache__
[0.962s] copying web/stream/webrtc/.venv/lib/python3.12/site-packages/pip/_vendor/pygments/formatters/__pycache__/groff.cpython-312.pyc -> /home/matthieu/ros2_ws/install/web_control/share/web_control/web/stream/webrtc/.venv/lib/python3.12/site-packages/pip/_vendor/pygments/formatters/__pycache__
[0.962s] copying web/stream/webrtc/.venv/lib/python3.12/site-packages/pip/_vendor/pygments/formatters/__pycache__/img.cpython-312.pyc -> /home/matthieu/ros2_ws/install/web_control/share/web_control/web/stream/webrtc/.venv/lib/python3.12/site-packages/pip/_vendor/pygments/formatters/__pycache__
[0.962s] copying web/stream/webrtc/.venv/lib/python3.12/site-packages/pip/_vendor/pygments/formatters/__pycache__/svg.cpython-312.pyc -> /home/matthieu/ros2_ws/install/web_control/share/web_control/web/stream/webrtc/.venv/lib/python3.12/site-packages/pip/_vendor/pygments/formatters/__pycache__
[0.963s] copying web/stream/webrtc/.venv/lib/python3.12/site-packages/pip/_vendor/pygments/formatters/__pycache__/terminal.cpython-312.pyc -> /home/matthieu/ros2_ws/install/web_control/share/web_control/web/stream/webrtc/.venv/lib/python3.12/site-packages/pip/_vendor/pygments/formatters/__pycache__
[0.963s] copying web/stream/webrtc/.venv/lib/python3.12/site-packages/pip/_vendor/pygments/formatters/__pycache__/html.cpython-312.pyc -> /home/matthieu/ros2_ws/install/web_control/share/web_control/web/stream/webrtc/.venv/lib/python3.12/site-packages/pip/_vendor/pygments/formatters/__pycache__
[0.963s] copying web/stream/webrtc/.venv/lib/python3.12/site-packages/pip/_vendor/pygments/formatters/__pycache__/terminal256.cpython-312.pyc -> /home/matthieu/ros2_ws/install/web_control/share/web_control/web/stream/webrtc/.venv/lib/python3.12/site-packages/pip/_vendor/pygments/formatters/__pycache__
[0.963s] copying web/stream/webrtc/.venv/lib/python3.12/site-packages/pip/_vendor/pygments/formatters/__pycache__/pangomarkup.cpython-312.pyc -> /home/matthieu/ros2_ws/install/web_control/share/web_control/web/stream/webrtc/.venv/lib/python3.12/site-packages/pip/_vendor/pygments/formatters/__pycache__
[0.963s] copying web/stream/webrtc/.venv/lib/python3.12/site-packages/pip/_vendor/pygments/formatters/__pycache__/_mapping.cpython-312.pyc -> /home/matthieu/ros2_ws/install/web_control/share/web_control/web/stream/webrtc/.venv/lib/python3.12/site-packages/pip/_vendor/pygments/formatters/__pycache__
[0.963s] copying web/stream/webrtc/.venv/lib/python3.12/site-packages/pip/_vendor/pygments/formatters/__pycache__/__init__.cpython-312.pyc -> /home/matthieu/ros2_ws/install/web_control/share/web_control/web/stream/webrtc/.venv/lib/python3.12/site-packages/pip/_vendor/pygments/formatters/__pycache__
[0.963s] copying web/stream/webrtc/.venv/lib/python3.12/site-packages/pip/_vendor/pygments/formatters/__pycache__/other.cpython-312.pyc -> /home/matthieu/ros2_ws/install/web_control/share/web_control/web/stream/webrtc/.venv/lib/python3.12/site-packages/pip/_vendor/pygments/formatters/__pycache__
[0.963s] creating /home/matthieu/ros2_ws/install/web_control/share/web_control/web/stream/webrtc/.venv/lib/python3.12/site-packages/pip/_vendor/certifi
[0.963s] copying web/stream/webrtc/.venv/lib/python3.12/site-packages/pip/_vendor/certifi/cacert.pem -> /home/matthieu/ros2_ws/install/web_control/share/web_control/web/stream/webrtc/.venv/lib/python3.12/site-packages/pip/_vendor/certifi
[0.963s] copying web/stream/webrtc/.venv/lib/python3.12/site-packages/pip/_vendor/certifi/core.py -> /home/matthieu/ros2_ws/install/web_control/share/web_control/web/stream/webrtc/.venv/lib/python3.12/site-packages/pip/_vendor/certifi
[0.963s] copying web/stream/webrtc/.venv/lib/python3.12/site-packages/pip/_vendor/certifi/__main__.py -> /home/matthieu/ros2_ws/install/web_control/share/web_control/web/stream/webrtc/.venv/lib/python3.12/site-packages/pip/_vendor/certifi
[0.963s] copying web/stream/webrtc/.venv/lib/python3.12/site-packages/pip/_vendor/certifi/__init__.py -> /home/matthieu/ros2_ws/install/web_control/share/web_control/web/stream/webrtc/.venv/lib/python3.12/site-packages/pip/_vendor/certifi
[0.963s] creating /home/matthieu/ros2_ws/install/web_control/share/web_control/web/stream/webrtc/.venv/lib/python3.12/site-packages/pip/_vendor/certifi/__pycache__
[0.963s] copying web/stream/webrtc/.venv/lib/python3.12/site-packages/pip/_vendor/certifi/__pycache__/core.cpython-312.pyc -> /home/matthieu/ros2_ws/install/web_control/share/web_control/web/stream/webrtc/.venv/lib/python3.12/site-packages/pip/_vendor/certifi/__pycache__
[0.963s] copying web/stream/webrtc/.venv/lib/python3.12/site-packages/pip/_vendor/certifi/__pycache__/__main__.cpython-312.pyc -> /home/matthieu/ros2_ws/install/web_control/share/web_control/web/stream/webrtc/.venv/lib/python3.12/site-packages/pip/_vendor/certifi/__pycache__
[0.963s] copying web/stream/webrtc/.venv/lib/python3.12/site-packages/pip/_vendor/certifi/__pycache__/__init__.cpython-312.pyc -> /home/matthieu/ros2_ws/install/web_control/share/web_control/web/stream/webrtc/.venv/lib/python3.12/site-packages/pip/_vendor/certifi/__pycache__
[0.964s] creating /home/matthieu/ros2_ws/install/web_control/share/web_control/web/stream/webrtc/.venv/lib/python3.12/site-packages/pip/_vendor/tenacity
[0.964s] copying web/stream/webrtc/.venv/lib/python3.12/site-packages/pip/_vendor/tenacity/after.py -> /home/matthieu/ros2_ws/install/web_control/share/web_control/web/stream/webrtc/.venv/lib/python3.12/site-packages/pip/_vendor/tenacity
[0.964s] copying web/stream/webrtc/.venv/lib/python3.12/site-packages/pip/_vendor/tenacity/tornadoweb.py -> /home/matthieu/ros2_ws/install/web_control/share/web_control/web/stream/webrtc/.venv/lib/python3.12/site-packages/pip/_vendor/tenacity
[0.964s] copying web/stream/webrtc/.venv/lib/python3.12/site-packages/pip/_vendor/tenacity/before.py -> /home/matthieu/ros2_ws/install/web_control/share/web_control/web/stream/webrtc/.venv/lib/python3.12/site-packages/pip/_vendor/tenacity
[0.964s] copying web/stream/webrtc/.venv/lib/python3.12/site-packages/pip/_vendor/tenacity/before_sleep.py -> /home/matthieu/ros2_ws/install/web_control/share/web_control/web/stream/webrtc/.venv/lib/python3.12/site-packages/pip/_vendor/tenacity
[0.964s] copying web/stream/webrtc/.venv/lib/python3.12/site-packages/pip/_vendor/tenacity/wait.py -> /home/matthieu/ros2_ws/install/web_control/share/web_control/web/stream/webrtc/.venv/lib/python3.12/site-packages/pip/_vendor/tenacity
[0.964s] copying web/stream/webrtc/.venv/lib/python3.12/site-packages/pip/_vendor/tenacity/_asyncio.py -> /home/matthieu/ros2_ws/install/web_control/share/web_control/web/stream/webrtc/.venv/lib/python3.12/site-packages/pip/_vendor/tenacity
[0.964s] copying web/stream/webrtc/.venv/lib/python3.12/site-packages/pip/_vendor/tenacity/_utils.py -> /home/matthieu/ros2_ws/install/web_control/share/web_control/web/stream/webrtc/.venv/lib/python3.12/site-packages/pip/_vendor/tenacity
[0.964s] copying web/stream/webrtc/.venv/lib/python3.12/site-packages/pip/_vendor/tenacity/stop.py -> /home/matthieu/ros2_ws/install/web_control/share/web_control/web/stream/webrtc/.venv/lib/python3.12/site-packages/pip/_vendor/tenacity
[0.964s] copying web/stream/webrtc/.venv/lib/python3.12/site-packages/pip/_vendor/tenacity/retry.py -> /home/matthieu/ros2_ws/install/web_control/share/web_control/web/stream/webrtc/.venv/lib/python3.12/site-packages/pip/_vendor/tenacity
[0.964s] copying web/stream/webrtc/.venv/lib/python3.12/site-packages/pip/_vendor/tenacity/nap.py -> /home/matthieu/ros2_ws/install/web_control/share/web_control/web/stream/webrtc/.venv/lib/python3.12/site-packages/pip/_vendor/tenacity
[0.964s] copying web/stream/webrtc/.venv/lib/python3.12/site-packages/pip/_vendor/tenacity/__init__.py -> /home/matthieu/ros2_ws/install/web_control/share/web_control/web/stream/webrtc/.venv/lib/python3.12/site-packages/pip/_vendor/tenacity
[0.964s] creating /home/matthieu/ros2_ws/install/web_control/share/web_control/web/stream/webrtc/.venv/lib/python3.12/site-packages/pip/_vendor/tenacity/__pycache__
[0.964s] copying web/stream/webrtc/.venv/lib/python3.12/site-packages/pip/_vendor/tenacity/__pycache__/before.cpython-312.pyc -> /home/matthieu/ros2_ws/install/web_control/share/web_control/web/stream/webrtc/.venv/lib/python3.12/site-packages/pip/_vendor/tenacity/__pycache__
[0.964s] copying web/stream/webrtc/.venv/lib/python3.12/site-packages/pip/_vendor/tenacity/__pycache__/_utils.cpython-312.pyc -> /home/matthieu/ros2_ws/install/web_control/share/web_control/web/stream/webrtc/.venv/lib/python3.12/site-packages/pip/_vendor/tenacity/__pycache__
[0.964s] copying web/stream/webrtc/.venv/lib/python3.12/site-packages/pip/_vendor/tenacity/__pycache__/nap.cpython-312.pyc -> /home/matthieu/ros2_ws/install/web_control/share/web_control/web/stream/webrtc/.venv/lib/python3.12/site-packages/pip/_vendor/tenacity/__pycache__
[0.964s] copying web/stream/webrtc/.venv/lib/python3.12/site-packages/pip/_vendor/tenacity/__pycache__/tornadoweb.cpython-312.pyc -> /home/matthieu/ros2_ws/install/web_control/share/web_control/web/stream/webrtc/.venv/lib/python3.12/site-packages/pip/_vendor/tenacity/__pycache__
[0.964s] copying web/stream/webrtc/.venv/lib/python3.12/site-packages/pip/_vendor/tenacity/__pycache__/wait.cpython-312.pyc -> /home/matthieu/ros2_ws/install/web_control/share/web_control/web/stream/webrtc/.venv/lib/python3.12/site-packages/pip/_vendor/tenacity/__pycache__
[0.964s] copying web/stream/webrtc/.venv/lib/python3.12/site-packages/pip/_vendor/tenacity/__pycache__/retry.cpython-312.pyc -> /home/matthieu/ros2_ws/install/web_control/share/web_control/web/stream/webrtc/.venv/lib/python3.12/site-packages/pip/_vendor/tenacity/__pycache__
[0.965s] copying web/stream/webrtc/.venv/lib/python3.12/site-packages/pip/_vendor/tenacity/__pycache__/after.cpython-312.pyc -> /home/matthieu/ros2_ws/install/web_control/share/web_control/web/stream/webrtc/.venv/lib/python3.12/site-packages/pip/_vendor/tenacity/__pycache__
[0.965s] copying web/stream/webrtc/.venv/lib/python3.12/site-packages/pip/_vendor/tenacity/__pycache__/__init__.cpython-312.pyc -> /home/matthieu/ros2_ws/install/web_control/share/web_control/web/stream/webrtc/.venv/lib/python3.12/site-packages/pip/_vendor/tenacity/__pycache__
[0.965s] copying web/stream/webrtc/.venv/lib/python3.12/site-packages/pip/_vendor/tenacity/__pycache__/before_sleep.cpython-312.pyc -> /home/matthieu/ros2_ws/install/web_control/share/web_control/web/stream/webrtc/.venv/lib/python3.12/site-packages/pip/_vendor/tenacity/__pycache__
[0.965s] copying web/stream/webrtc/.venv/lib/python3.12/site-packages/pip/_vendor/tenacity/__pycache__/_asyncio.cpython-312.pyc -> /home/matthieu/ros2_ws/install/web_control/share/web_control/web/stream/webrtc/.venv/lib/python3.12/site-packages/pip/_vendor/tenacity/__pycache__
[0.965s] copying web/stream/webrtc/.venv/lib/python3.12/site-packages/pip/_vendor/tenacity/__pycache__/stop.cpython-312.pyc -> /home/matthieu/ros2_ws/install/web_control/share/web_control/web/stream/webrtc/.venv/lib/python3.12/site-packages/pip/_vendor/tenacity/__pycache__
[0.965s] creating /home/matthieu/ros2_ws/install/web_control/share/web_control/web/stream/webrtc/.venv/lib/python3.12/site-packages/pip/_vendor/chardet
[0.965s] copying web/stream/webrtc/.venv/lib/python3.12/site-packages/pip/_vendor/chardet/euctwfreq.py -> /home/matthieu/ros2_ws/install/web_control/share/web_control/web/stream/webrtc/.venv/lib/python3.12/site-packages/pip/_vendor/chardet
[0.965s] copying web/stream/webrtc/.venv/lib/python3.12/site-packages/pip/_vendor/chardet/codingstatemachinedict.py -> /home/matthieu/ros2_ws/install/web_control/share/web_control/web/stream/webrtc/.venv/lib/python3.12/site-packages/pip/_vendor/chardet
[0.965s] copying web/stream/webrtc/.venv/lib/python3.12/site-packages/pip/_vendor/chardet/big5prober.py -> /home/matthieu/ros2_ws/install/web_control/share/web_control/web/stream/webrtc/.venv/lib/python3.12/site-packages/pip/_vendor/chardet
[0.966s] copying web/stream/webrtc/.venv/lib/python3.12/site-packages/pip/_vendor/chardet/escsm.py -> /home/matthieu/ros2_ws/install/web_control/share/web_control/web/stream/webrtc/.venv/lib/python3.12/site-packages/pip/_vendor/chardet
[0.966s] copying web/stream/webrtc/.venv/lib/python3.12/site-packages/pip/_vendor/chardet/chardistribution.py -> /home/matthieu/ros2_ws/install/web_control/share/web_control/web/stream/webrtc/.venv/lib/python3.12/site-packages/pip/_vendor/chardet
[0.966s] copying web/stream/webrtc/.venv/lib/python3.12/site-packages/pip/_vendor/chardet/langrussianmodel.py -> /home/matthieu/ros2_ws/install/web_control/share/web_control/web/stream/webrtc/.venv/lib/python3.12/site-packages/pip/_vendor/chardet
[0.966s] copying web/stream/webrtc/.venv/lib/python3.12/site-packages/pip/_vendor/chardet/sbcharsetprober.py -> /home/matthieu/ros2_ws/install/web_control/share/web_control/web/stream/webrtc/.venv/lib/python3.12/site-packages/pip/_vendor/chardet
[0.966s] copying web/stream/webrtc/.venv/lib/python3.12/site-packages/pip/_vendor/chardet/mbcsgroupprober.py -> /home/matthieu/ros2_ws/install/web_control/share/web_control/web/stream/webrtc/.venv/lib/python3.12/site-packages/pip/_vendor/chardet
[0.966s] copying web/stream/webrtc/.venv/lib/python3.12/site-packages/pip/_vendor/chardet/mbcssm.py -> /home/matthieu/ros2_ws/install/web_control/share/web_control/web/stream/webrtc/.venv/lib/python3.12/site-packages/pip/_vendor/chardet
[0.966s] copying web/stream/webrtc/.venv/lib/python3.12/site-packages/pip/_vendor/chardet/escprober.py -> /home/matthieu/ros2_ws/install/web_control/share/web_control/web/stream/webrtc/.venv/lib/python3.12/site-packages/pip/_vendor/chardet
[0.966s] copying web/stream/webrtc/.venv/lib/python3.12/site-packages/pip/_vendor/chardet/big5freq.py -> /home/matthieu/ros2_ws/install/web_control/share/web_control/web/stream/webrtc/.venv/lib/python3.12/site-packages/pip/_vendor/chardet
[0.966s] copying web/stream/webrtc/.venv/lib/python3.12/site-packages/pip/_vendor/chardet/gb2312prober.py -> /home/matthieu/ros2_ws/install/web_control/share/web_control/web/stream/webrtc/.venv/lib/python3.12/site-packages/pip/_vendor/chardet
[0.966s] copying web/stream/webrtc/.venv/lib/python3.12/site-packages/pip/_vendor/chardet/johabprober.py -> /home/matthieu/ros2_ws/install/web_control/share/web_control/web/stream/webrtc/.venv/lib/python3.12/site-packages/pip/_vendor/chardet
[0.966s] copying web/stream/webrtc/.venv/lib/python3.12/site-packages/pip/_vendor/chardet/langthaimodel.py -> /home/matthieu/ros2_ws/install/web_control/share/web_control/web/stream/webrtc/.venv/lib/python3.12/site-packages/pip/_vendor/chardet
[0.966s] copying web/stream/webrtc/.venv/lib/python3.12/site-packages/pip/_vendor/chardet/latin1prober.py -> /home/matthieu/ros2_ws/install/web_control/share/web_control/web/stream/webrtc/.venv/lib/python3.12/site-packages/pip/_vendor/chardet
[0.966s] copying web/stream/webrtc/.venv/lib/python3.12/site-packages/pip/_vendor/chardet/euctwprober.py -> /home/matthieu/ros2_ws/install/web_control/share/web_control/web/stream/webrtc/.venv/lib/python3.12/site-packages/pip/_vendor/chardet
[0.967s] copying web/stream/webrtc/.venv/lib/python3.12/site-packages/pip/_vendor/chardet/langhungarianmodel.py -> /home/matthieu/ros2_ws/install/web_control/share/web_control/web/stream/webrtc/.venv/lib/python3.12/site-packages/pip/_vendor/chardet
[0.967s] copying web/stream/webrtc/.venv/lib/python3.12/site-packages/pip/_vendor/chardet/resultdict.py -> /home/matthieu/ros2_ws/install/web_control/share/web_control/web/stream/webrtc/.venv/lib/python3.12/site-packages/pip/_vendor/chardet
[0.967s] copying web/stream/webrtc/.venv/lib/python3.12/site-packages/pip/_vendor/chardet/sbcsgroupprober.py -> /home/matthieu/ros2_ws/install/web_control/share/web_control/web/stream/webrtc/.venv/lib/python3.12/site-packages/pip/_vendor/chardet
[0.967s] copying web/stream/webrtc/.venv/lib/python3.12/site-packages/pip/_vendor/chardet/hebrewprober.py -> /home/matthieu/ros2_ws/install/web_control/share/web_control/web/stream/webrtc/.venv/lib/python3.12/site-packages/pip/_vendor/chardet
[0.967s] copying web/stream/webrtc/.venv/lib/python3.12/site-packages/pip/_vendor/chardet/euckrprober.py -> /home/matthieu/ros2_ws/install/web_control/share/web_control/web/stream/webrtc/.venv/lib/python3.12/site-packages/pip/_vendor/chardet
[0.967s] copying web/stream/webrtc/.venv/lib/python3.12/site-packages/pip/_vendor/chardet/cp949prober.py -> /home/matthieu/ros2_ws/install/web_control/share/web_control/web/stream/webrtc/.venv/lib/python3.12/site-packages/pip/_vendor/chardet
[0.967s] copying web/stream/webrtc/.venv/lib/python3.12/site-packages/pip/_vendor/chardet/jpcntx.py -> /home/matthieu/ros2_ws/install/web_control/share/web_control/web/stream/webrtc/.venv/lib/python3.12/site-packages/pip/_vendor/chardet
[0.967s] copying web/stream/webrtc/.venv/lib/python3.12/site-packages/pip/_vendor/chardet/enums.py -> /home/matthieu/ros2_ws/install/web_control/share/web_control/web/stream/webrtc/.venv/lib/python3.12/site-packages/pip/_vendor/chardet
[0.967s] copying web/stream/webrtc/.venv/lib/python3.12/site-packages/pip/_vendor/chardet/charsetprober.py -> /home/matthieu/ros2_ws/install/web_control/share/web_control/web/stream/webrtc/.venv/lib/python3.12/site-packages/pip/_vendor/chardet
[0.967s] copying web/stream/webrtc/.venv/lib/python3.12/site-packages/pip/_vendor/chardet/charsetgroupprober.py -> /home/matthieu/ros2_ws/install/web_control/share/web_control/web/stream/webrtc/.venv/lib/python3.12/site-packages/pip/_vendor/chardet
[0.967s] copying web/stream/webrtc/.venv/lib/python3.12/site-packages/pip/_vendor/chardet/codingstatemachine.py -> /home/matthieu/ros2_ws/install/web_control/share/web_control/web/stream/webrtc/.venv/lib/python3.12/site-packages/pip/_vendor/chardet
[0.967s] copying web/stream/webrtc/.venv/lib/python3.12/site-packages/pip/_vendor/chardet/euckrfreq.py -> /home/matthieu/ros2_ws/install/web_control/share/web_control/web/stream/webrtc/.venv/lib/python3.12/site-packages/pip/_vendor/chardet
[0.967s] copying web/stream/webrtc/.venv/lib/python3.12/site-packages/pip/_vendor/chardet/utf1632prober.py -> /home/matthieu/ros2_ws/install/web_control/share/web_control/web/stream/webrtc/.venv/lib/python3.12/site-packages/pip/_vendor/chardet
[0.967s] copying web/stream/webrtc/.venv/lib/python3.12/site-packages/pip/_vendor/chardet/mbcharsetprober.py -> /home/matthieu/ros2_ws/install/web_control/share/web_control/web/stream/webrtc/.venv/lib/python3.12/site-packages/pip/_vendor/chardet
[0.967s] copying web/stream/webrtc/.venv/lib/python3.12/site-packages/pip/_vendor/chardet/langhebrewmodel.py -> /home/matthieu/ros2_ws/install/web_control/share/web_control/web/stream/webrtc/.venv/lib/python3.12/site-packages/pip/_vendor/chardet
[0.967s] copying web/stream/webrtc/.venv/lib/python3.12/site-packages/pip/_vendor/chardet/utf8prober.py -> /home/matthieu/ros2_ws/install/web_control/share/web_control/web/stream/webrtc/.venv/lib/python3.12/site-packages/pip/_vendor/chardet
[0.967s] copying web/stream/webrtc/.venv/lib/python3.12/site-packages/pip/_vendor/chardet/jisfreq.py -> /home/matthieu/ros2_ws/install/web_control/share/web_control/web/stream/webrtc/.venv/lib/python3.12/site-packages/pip/_vendor/chardet
[0.968s] copying web/stream/webrtc/.venv/lib/python3.12/site-packages/pip/_vendor/chardet/langbulgarianmodel.py -> /home/matthieu/ros2_ws/install/web_control/share/web_control/web/stream/webrtc/.venv/lib/python3.12/site-packages/pip/_vendor/chardet
[0.968s] copying web/stream/webrtc/.venv/lib/python3.12/site-packages/pip/_vendor/chardet/johabfreq.py -> /home/matthieu/ros2_ws/install/web_control/share/web_control/web/stream/webrtc/.venv/lib/python3.12/site-packages/pip/_vendor/chardet
[0.968s] copying web/stream/webrtc/.venv/lib/python3.12/site-packages/pip/_vendor/chardet/sjisprober.py -> /home/matthieu/ros2_ws/install/web_control/share/web_control/web/stream/webrtc/.venv/lib/python3.12/site-packages/pip/_vendor/chardet
[0.968s] copying web/stream/webrtc/.venv/lib/python3.12/site-packages/pip/_vendor/chardet/macromanprober.py -> /home/matthieu/ros2_ws/install/web_control/share/web_control/web/stream/webrtc/.venv/lib/python3.12/site-packages/pip/_vendor/chardet
[0.968s] copying web/stream/webrtc/.venv/lib/python3.12/site-packages/pip/_vendor/chardet/langturkishmodel.py -> /home/matthieu/ros2_ws/install/web_control/share/web_control/web/stream/webrtc/.venv/lib/python3.12/site-packages/pip/_vendor/chardet
[0.968s] copying web/stream/webrtc/.venv/lib/python3.12/site-packages/pip/_vendor/chardet/langgreekmodel.py -> /home/matthieu/ros2_ws/install/web_control/share/web_control/web/stream/webrtc/.venv/lib/python3.12/site-packages/pip/_vendor/chardet
[0.968s] copying web/stream/webrtc/.venv/lib/python3.12/site-packages/pip/_vendor/chardet/universaldetector.py -> /home/matthieu/ros2_ws/install/web_control/share/web_control/web/stream/webrtc/.venv/lib/python3.12/site-packages/pip/_vendor/chardet
[0.968s] copying web/stream/webrtc/.venv/lib/python3.12/site-packages/pip/_vendor/chardet/version.py -> /home/matthieu/ros2_ws/install/web_control/share/web_control/web/stream/webrtc/.venv/lib/python3.12/site-packages/pip/_vendor/chardet
[0.968s] copying web/stream/webrtc/.venv/lib/python3.12/site-packages/pip/_vendor/chardet/gb2312freq.py -> /home/matthieu/ros2_ws/install/web_control/share/web_control/web/stream/webrtc/.venv/lib/python3.12/site-packages/pip/_vendor/chardet
[0.968s] copying web/stream/webrtc/.venv/lib/python3.12/site-packages/pip/_vendor/chardet/eucjpprober.py -> /home/matthieu/ros2_ws/install/web_control/share/web_control/web/stream/webrtc/.venv/lib/python3.12/site-packages/pip/_vendor/chardet
[0.968s] copying web/stream/webrtc/.venv/lib/python3.12/site-packages/pip/_vendor/chardet/__init__.py -> /home/matthieu/ros2_ws/install/web_control/share/web_control/web/stream/webrtc/.venv/lib/python3.12/site-packages/pip/_vendor/chardet
[0.968s] creating /home/matthieu/ros2_ws/install/web_control/share/web_control/web/stream/webrtc/.venv/lib/python3.12/site-packages/pip/_vendor/chardet/cli
[0.968s] copying web/stream/webrtc/.venv/lib/python3.12/site-packages/pip/_vendor/chardet/cli/chardetect.py -> /home/matthieu/ros2_ws/install/web_control/share/web_control/web/stream/webrtc/.venv/lib/python3.12/site-packages/pip/_vendor/chardet/cli
[0.968s] copying web/stream/webrtc/.venv/lib/python3.12/site-packages/pip/_vendor/chardet/cli/__init__.py -> /home/matthieu/ros2_ws/install/web_control/share/web_control/web/stream/webrtc/.venv/lib/python3.12/site-packages/pip/_vendor/chardet/cli
[0.968s] creating /home/matthieu/ros2_ws/install/web_control/share/web_control/web/stream/webrtc/.venv/lib/python3.12/site-packages/pip/_vendor/chardet/cli/__pycache__
[0.969s] copying web/stream/webrtc/.venv/lib/python3.12/site-packages/pip/_vendor/chardet/cli/__pycache__/chardetect.cpython-312.pyc -> /home/matthieu/ros2_ws/install/web_control/share/web_control/web/stream/webrtc/.venv/lib/python3.12/site-packages/pip/_vendor/chardet/cli/__pycache__
[0.969s] copying web/stream/webrtc/.venv/lib/python3.12/site-packages/pip/_vendor/chardet/cli/__pycache__/__init__.cpython-312.pyc -> /home/matthieu/ros2_ws/install/web_control/share/web_control/web/stream/webrtc/.venv/lib/python3.12/site-packages/pip/_vendor/chardet/cli/__pycache__
[0.969s] creating /home/matthieu/ros2_ws/install/web_control/share/web_control/web/stream/webrtc/.venv/lib/python3.12/site-packages/pip/_vendor/chardet/metadata
[0.969s] copying web/stream/webrtc/.venv/lib/python3.12/site-packages/pip/_vendor/chardet/metadata/languages.py -> /home/matthieu/ros2_ws/install/web_control/share/web_control/web/stream/webrtc/.venv/lib/python3.12/site-packages/pip/_vendor/chardet/metadata
[0.969s] copying web/stream/webrtc/.venv/lib/python3.12/site-packages/pip/_vendor/chardet/metadata/__init__.py -> /home/matthieu/ros2_ws/install/web_control/share/web_control/web/stream/webrtc/.venv/lib/python3.12/site-packages/pip/_vendor/chardet/metadata
[0.969s] creating /home/matthieu/ros2_ws/install/web_control/share/web_control/web/stream/webrtc/.venv/lib/python3.12/site-packages/pip/_vendor/chardet/metadata/__pycache__
[0.969s] copying web/stream/webrtc/.venv/lib/python3.12/site-packages/pip/_vendor/chardet/metadata/__pycache__/__init__.cpython-312.pyc -> /home/matthieu/ros2_ws/install/web_control/share/web_control/web/stream/webrtc/.venv/lib/python3.12/site-packages/pip/_vendor/chardet/metadata/__pycache__
[0.969s] copying web/stream/webrtc/.venv/lib/python3.12/site-packages/pip/_vendor/chardet/metadata/__pycache__/languages.cpython-312.pyc -> /home/matthieu/ros2_ws/install/web_control/share/web_control/web/stream/webrtc/.venv/lib/python3.12/site-packages/pip/_vendor/chardet/metadata/__pycache__
[0.969s] creating /home/matthieu/ros2_ws/install/web_control/share/web_control/web/stream/webrtc/.venv/lib/python3.12/site-packages/pip/_vendor/chardet/__pycache__
[0.969s] copying web/stream/webrtc/.venv/lib/python3.12/site-packages/pip/_vendor/chardet/__pycache__/mbcharsetprober.cpython-312.pyc -> /home/matthieu/ros2_ws/install/web_control/share/web_control/web/stream/webrtc/.venv/lib/python3.12/site-packages/pip/_vendor/chardet/__pycache__
[0.969s] copying web/stream/webrtc/.venv/lib/python3.12/site-packages/pip/_vendor/chardet/__pycache__/langbulgarianmodel.cpython-312.pyc -> /home/matthieu/ros2_ws/install/web_control/share/web_control/web/stream/webrtc/.venv/lib/python3.12/site-packages/pip/_vendor/chardet/__pycache__
[0.969s] copying web/stream/webrtc/.venv/lib/python3.12/site-packages/pip/_vendor/chardet/__pycache__/euctwfreq.cpython-312.pyc -> /home/matthieu/ros2_ws/install/web_control/share/web_control/web/stream/webrtc/.venv/lib/python3.12/site-packages/pip/_vendor/chardet/__pycache__
[0.969s] copying web/stream/webrtc/.venv/lib/python3.12/site-packages/pip/_vendor/chardet/__pycache__/jpcntx.cpython-312.pyc -> /home/matthieu/ros2_ws/install/web_control/share/web_control/web/stream/webrtc/.venv/lib/python3.12/site-packages/pip/_vendor/chardet/__pycache__
[0.969s] copying web/stream/webrtc/.venv/lib/python3.12/site-packages/pip/_vendor/chardet/__pycache__/latin1prober.cpython-312.pyc -> /home/matthieu/ros2_ws/install/web_control/share/web_control/web/stream/webrtc/.venv/lib/python3.12/site-packages/pip/_vendor/chardet/__pycache__
[0.969s] copying web/stream/webrtc/.venv/lib/python3.12/site-packages/pip/_vendor/chardet/__pycache__/gb2312freq.cpython-312.pyc -> /home/matthieu/ros2_ws/install/web_control/share/web_control/web/stream/webrtc/.venv/lib/python3.12/site-packages/pip/_vendor/chardet/__pycache__
[0.969s] copying web/stream/webrtc/.venv/lib/python3.12/site-packages/pip/_vendor/chardet/__pycache__/johabfreq.cpython-312.pyc -> /home/matthieu/ros2_ws/install/web_control/share/web_control/web/stream/webrtc/.venv/lib/python3.12/site-packages/pip/_vendor/chardet/__pycache__
[0.969s] copying web/stream/webrtc/.venv/lib/python3.12/site-packages/pip/_vendor/chardet/__pycache__/langgreekmodel.cpython-312.pyc -> /home/matthieu/ros2_ws/install/web_control/share/web_control/web/stream/webrtc/.venv/lib/python3.12/site-packages/pip/_vendor/chardet/__pycache__
[0.969s] copying web/stream/webrtc/.venv/lib/python3.12/site-packages/pip/_vendor/chardet/__pycache__/chardistribution.cpython-312.pyc -> /home/matthieu/ros2_ws/install/web_control/share/web_control/web/stream/webrtc/.venv/lib/python3.12/site-packages/pip/_vendor/chardet/__pycache__
[0.970s] copying web/stream/webrtc/.venv/lib/python3.12/site-packages/pip/_vendor/chardet/__pycache__/sbcsgroupprober.cpython-312.pyc -> /home/matthieu/ros2_ws/install/web_control/share/web_control/web/stream/webrtc/.venv/lib/python3.12/site-packages/pip/_vendor/chardet/__pycache__
[0.970s] copying web/stream/webrtc/.venv/lib/python3.12/site-packages/pip/_vendor/chardet/__pycache__/johabprober.cpython-312.pyc -> /home/matthieu/ros2_ws/install/web_control/share/web_control/web/stream/webrtc/.venv/lib/python3.12/site-packages/pip/_vendor/chardet/__pycache__
[0.970s] copying web/stream/webrtc/.venv/lib/python3.12/site-packages/pip/_vendor/chardet/__pycache__/macromanprober.cpython-312.pyc -> /home/matthieu/ros2_ws/install/web_control/share/web_control/web/stream/webrtc/.venv/lib/python3.12/site-packages/pip/_vendor/chardet/__pycache__
[0.970s] copying web/stream/webrtc/.venv/lib/python3.12/site-packages/pip/_vendor/chardet/__pycache__/big5freq.cpython-312.pyc -> /home/matthieu/ros2_ws/install/web_control/share/web_control/web/stream/webrtc/.venv/lib/python3.12/site-packages/pip/_vendor/chardet/__pycache__
[0.970s] copying web/stream/webrtc/.venv/lib/python3.12/site-packages/pip/_vendor/chardet/__pycache__/euckrprober.cpython-312.pyc -> /home/matthieu/ros2_ws/install/web_control/share/web_control/web/stream/webrtc/.venv/lib/python3.12/site-packages/pip/_vendor/chardet/__pycache__
[0.970s] copying web/stream/webrtc/.venv/lib/python3.12/site-packages/pip/_vendor/chardet/__pycache__/universaldetector.cpython-312.pyc -> /home/matthieu/ros2_ws/install/web_control/share/web_control/web/stream/webrtc/.venv/lib/python3.12/site-packages/pip/_vendor/chardet/__pycache__
[0.970s] copying web/stream/webrtc/.venv/lib/python3.12/site-packages/pip/_vendor/chardet/__pycache__/big5prober.cpython-312.pyc -> /home/matthieu/ros2_ws/install/web_control/share/web_control/web/stream/webrtc/.venv/lib/python3.12/site-packages/pip/_vendor/chardet/__pycache__
[0.970s] copying web/stream/webrtc/.venv/lib/python3.12/site-packages/pip/_vendor/chardet/__pycache__/euckrfreq.cpython-312.pyc -> /home/matthieu/ros2_ws/install/web_control/share/web_control/web/stream/webrtc/.venv/lib/python3.12/site-packages/pip/_vendor/chardet/__pycache__
[0.970s] copying web/stream/webrtc/.venv/lib/python3.12/site-packages/pip/_vendor/chardet/__pycache__/version.cpython-312.pyc -> /home/matthieu/ros2_ws/install/web_control/share/web_control/web/stream/webrtc/.venv/lib/python3.12/site-packages/pip/_vendor/chardet/__pycache__
[0.970s] copying web/stream/webrtc/.venv/lib/python3.12/site-packages/pip/_vendor/chardet/__pycache__/charsetprober.cpython-312.pyc -> /home/matthieu/ros2_ws/install/web_control/share/web_control/web/stream/webrtc/.venv/lib/python3.12/site-packages/pip/_vendor/chardet/__pycache__
[0.970s] copying web/stream/webrtc/.venv/lib/python3.12/site-packages/pip/_vendor/chardet/__pycache__/eucjpprober.cpython-312.pyc -> /home/matthieu/ros2_ws/install/web_control/share/web_control/web/stream/webrtc/.venv/lib/python3.12/site-packages/pip/_vendor/chardet/__pycache__
[0.970s] copying web/stream/webrtc/.venv/lib/python3.12/site-packages/pip/_vendor/chardet/__pycache__/mbcsgroupprober.cpython-312.pyc -> /home/matthieu/ros2_ws/install/web_control/share/web_control/web/stream/webrtc/.venv/lib/python3.12/site-packages/pip/_vendor/chardet/__pycache__
[0.970s] copying web/stream/webrtc/.venv/lib/python3.12/site-packages/pip/_vendor/chardet/__pycache__/gb2312prober.cpython-312.pyc -> /home/matthieu/ros2_ws/install/web_control/share/web_control/web/stream/webrtc/.venv/lib/python3.12/site-packages/pip/_vendor/chardet/__pycache__
[0.970s] copying web/stream/webrtc/.venv/lib/python3.12/site-packages/pip/_vendor/chardet/__pycache__/jisfreq.cpython-312.pyc -> /home/matthieu/ros2_ws/install/web_control/share/web_control/web/stream/webrtc/.venv/lib/python3.12/site-packages/pip/_vendor/chardet/__pycache__
[0.970s] copying web/stream/webrtc/.venv/lib/python3.12/site-packages/pip/_vendor/chardet/__pycache__/enums.cpython-312.pyc -> /home/matthieu/ros2_ws/install/web_control/share/web_control/web/stream/webrtc/.venv/lib/python3.12/site-packages/pip/_vendor/chardet/__pycache__
[0.970s] copying web/stream/webrtc/.venv/lib/python3.12/site-packages/pip/_vendor/chardet/__pycache__/langhungarianmodel.cpython-312.pyc -> /home/matthieu/ros2_ws/install/web_control/share/web_control/web/stream/webrtc/.venv/lib/python3.12/site-packages/pip/_vendor/chardet/__pycache__
[0.970s] copying web/stream/webrtc/.venv/lib/python3.12/site-packages/pip/_vendor/chardet/__pycache__/sbcharsetprober.cpython-312.pyc -> /home/matthieu/ros2_ws/install/web_control/share/web_control/web/stream/webrtc/.venv/lib/python3.12/site-packages/pip/_vendor/chardet/__pycache__
[0.971s] copying web/stream/webrtc/.venv/lib/python3.12/site-packages/pip/_vendor/chardet/__pycache__/langturkishmodel.cpython-312.pyc -> /home/matthieu/ros2_ws/install/web_control/share/web_control/web/stream/webrtc/.venv/lib/python3.12/site-packages/pip/_vendor/chardet/__pycache__
[0.971s] copying web/stream/webrtc/.venv/lib/python3.12/site-packages/pip/_vendor/chardet/__pycache__/cp949prober.cpython-312.pyc -> /home/matthieu/ros2_ws/install/web_control/share/web_control/web/stream/webrtc/.venv/lib/python3.12/site-packages/pip/_vendor/chardet/__pycache__
[0.971s] copying web/stream/webrtc/.venv/lib/python3.12/site-packages/pip/_vendor/chardet/__pycache__/codingstatemachinedict.cpython-312.pyc -> /home/matthieu/ros2_ws/install/web_control/share/web_control/web/stream/webrtc/.venv/lib/python3.12/site-packages/pip/_vendor/chardet/__pycache__
[0.971s] copying web/stream/webrtc/.venv/lib/python3.12/site-packages/pip/_vendor/chardet/__pycache__/resultdict.cpython-312.pyc -> /home/matthieu/ros2_ws/install/web_control/share/web_control/web/stream/webrtc/.venv/lib/python3.12/site-packages/pip/_vendor/chardet/__pycache__
[0.971s] copying web/stream/webrtc/.venv/lib/python3.12/site-packages/pip/_vendor/chardet/__pycache__/langhebrewmodel.cpython-312.pyc -> /home/matthieu/ros2_ws/install/web_control/share/web_control/web/stream/webrtc/.venv/lib/python3.12/site-packages/pip/_vendor/chardet/__pycache__
[0.971s] copying web/stream/webrtc/.venv/lib/python3.12/site-packages/pip/_vendor/chardet/__pycache__/__init__.cpython-312.pyc -> /home/matthieu/ros2_ws/install/web_control/share/web_control/web/stream/webrtc/.venv/lib/python3.12/site-packages/pip/_vendor/chardet/__pycache__
[0.971s] copying web/stream/webrtc/.venv/lib/python3.12/site-packages/pip/_vendor/chardet/__pycache__/escprober.cpython-312.pyc -> /home/matthieu/ros2_ws/install/web_control/share/web_control/web/stream/webrtc/.venv/lib/python3.12/site-packages/pip/_vendor/chardet/__pycache__
[0.971s] copying web/stream/webrtc/.venv/lib/python3.12/site-packages/pip/_vendor/chardet/__pycache__/langrussianmodel.cpython-312.pyc -> /home/matthieu/ros2_ws/install/web_control/share/web_control/web/stream/webrtc/.venv/lib/python3.12/site-packages/pip/_vendor/chardet/__pycache__
[0.971s] copying web/stream/webrtc/.venv/lib/python3.12/site-packages/pip/_vendor/chardet/__pycache__/sjisprober.cpython-312.pyc -> /home/matthieu/ros2_ws/install/web_control/share/web_control/web/stream/webrtc/.venv/lib/python3.12/site-packages/pip/_vendor/chardet/__pycache__
[0.971s] copying web/stream/webrtc/.venv/lib/python3.12/site-packages/pip/_vendor/chardet/__pycache__/hebrewprober.cpython-312.pyc -> /home/matthieu/ros2_ws/install/web_control/share/web_control/web/stream/webrtc/.venv/lib/python3.12/site-packages/pip/_vendor/chardet/__pycache__
[0.971s] copying web/stream/webrtc/.venv/lib/python3.12/site-packages/pip/_vendor/chardet/__pycache__/utf8prober.cpython-312.pyc -> /home/matthieu/ros2_ws/install/web_control/share/web_control/web/stream/webrtc/.venv/lib/python3.12/site-packages/pip/_vendor/chardet/__pycache__
[0.971s] copying web/stream/webrtc/.venv/lib/python3.12/site-packages/pip/_vendor/chardet/__pycache__/codingstatemachine.cpython-312.pyc -> /home/matthieu/ros2_ws/install/web_control/share/web_control/web/stream/webrtc/.venv/lib/python3.12/site-packages/pip/_vendor/chardet/__pycache__
[0.971s] copying web/stream/webrtc/.venv/lib/python3.12/site-packages/pip/_vendor/chardet/__pycache__/langthaimodel.cpython-312.pyc -> /home/matthieu/ros2_ws/install/web_control/share/web_control/web/stream/webrtc/.venv/lib/python3.12/site-packages/pip/_vendor/chardet/__pycache__
[0.971s] copying web/stream/webrtc/.venv/lib/python3.12/site-packages/pip/_vendor/chardet/__pycache__/escsm.cpython-312.pyc -> /home/matthieu/ros2_ws/install/web_control/share/web_control/web/stream/webrtc/.venv/lib/python3.12/site-packages/pip/_vendor/chardet/__pycache__
[0.971s] copying web/stream/webrtc/.venv/lib/python3.12/site-packages/pip/_vendor/chardet/__pycache__/mbcssm.cpython-312.pyc -> /home/matthieu/ros2_ws/install/web_control/share/web_control/web/stream/webrtc/.venv/lib/python3.12/site-packages/pip/_vendor/chardet/__pycache__
[0.972s] copying web/stream/webrtc/.venv/lib/python3.12/site-packages/pip/_vendor/chardet/__pycache__/euctwprober.cpython-312.pyc -> /home/matthieu/ros2_ws/install/web_control/share/web_control/web/stream/webrtc/.venv/lib/python3.12/site-packages/pip/_vendor/chardet/__pycache__
[0.972s] copying web/stream/webrtc/.venv/lib/python3.12/site-packages/pip/_vendor/chardet/__pycache__/charsetgroupprober.cpython-312.pyc -> /home/matthieu/ros2_ws/install/web_control/share/web_control/web/stream/webrtc/.venv/lib/python3.12/site-packages/pip/_vendor/chardet/__pycache__
[0.972s] copying web/stream/webrtc/.venv/lib/python3.12/site-packages/pip/_vendor/chardet/__pycache__/utf1632prober.cpython-312.pyc -> /home/matthieu/ros2_ws/install/web_control/share/web_control/web/stream/webrtc/.venv/lib/python3.12/site-packages/pip/_vendor/chardet/__pycache__
[0.972s] creating /home/matthieu/ros2_ws/install/web_control/share/web_control/web/stream/webrtc/.venv/lib/python3.12/site-packages/pip/_vendor/webencodings
[0.972s] copying web/stream/webrtc/.venv/lib/python3.12/site-packages/pip/_vendor/webencodings/mklabels.py -> /home/matthieu/ros2_ws/install/web_control/share/web_control/web/stream/webrtc/.venv/lib/python3.12/site-packages/pip/_vendor/webencodings
[0.972s] copying web/stream/webrtc/.venv/lib/python3.12/site-packages/pip/_vendor/webencodings/x_user_defined.py -> /home/matthieu/ros2_ws/install/web_control/share/web_control/web/stream/webrtc/.venv/lib/python3.12/site-packages/pip/_vendor/webencodings
[0.972s] copying web/stream/webrtc/.venv/lib/python3.12/site-packages/pip/_vendor/webencodings/tests.py -> /home/matthieu/ros2_ws/install/web_control/share/web_control/web/stream/webrtc/.venv/lib/python3.12/site-packages/pip/_vendor/webencodings
[0.972s] copying web/stream/webrtc/.venv/lib/python3.12/site-packages/pip/_vendor/webencodings/labels.py -> /home/matthieu/ros2_ws/install/web_control/share/web_control/web/stream/webrtc/.venv/lib/python3.12/site-packages/pip/_vendor/webencodings
[0.972s] copying web/stream/webrtc/.venv/lib/python3.12/site-packages/pip/_vendor/webencodings/__init__.py -> /home/matthieu/ros2_ws/install/web_control/share/web_control/web/stream/webrtc/.venv/lib/python3.12/site-packages/pip/_vendor/webencodings
[0.972s] creating /home/matthieu/ros2_ws/install/web_control/share/web_control/web/stream/webrtc/.venv/lib/python3.12/site-packages/pip/_vendor/webencodings/__pycache__
[0.972s] copying web/stream/webrtc/.venv/lib/python3.12/site-packages/pip/_vendor/webencodings/__pycache__/tests.cpython-312.pyc -> /home/matthieu/ros2_ws/install/web_control/share/web_control/web/stream/webrtc/.venv/lib/python3.12/site-packages/pip/_vendor/webencodings/__pycache__
[0.972s] copying web/stream/webrtc/.venv/lib/python3.12/site-packages/pip/_vendor/webencodings/__pycache__/x_user_defined.cpython-312.pyc -> /home/matthieu/ros2_ws/install/web_control/share/web_control/web/stream/webrtc/.venv/lib/python3.12/site-packages/pip/_vendor/webencodings/__pycache__
[0.972s] copying web/stream/webrtc/.venv/lib/python3.12/site-packages/pip/_vendor/webencodings/__pycache__/mklabels.cpython-312.pyc -> /home/matthieu/ros2_ws/install/web_control/share/web_control/web/stream/webrtc/.venv/lib/python3.12/site-packages/pip/_vendor/webencodings/__pycache__
[0.972s] copying web/stream/webrtc/.venv/lib/python3.12/site-packages/pip/_vendor/webencodings/__pycache__/labels.cpython-312.pyc -> /home/matthieu/ros2_ws/install/web_control/share/web_control/web/stream/webrtc/.venv/lib/python3.12/site-packages/pip/_vendor/webencodings/__pycache__
[0.972s] copying web/stream/webrtc/.venv/lib/python3.12/site-packages/pip/_vendor/webencodings/__pycache__/__init__.cpython-312.pyc -> /home/matthieu/ros2_ws/install/web_control/share/web_control/web/stream/webrtc/.venv/lib/python3.12/site-packages/pip/_vendor/webencodings/__pycache__
[0.972s] creating /home/matthieu/ros2_ws/install/web_control/share/web_control/web/stream/webrtc/.venv/lib/python3.12/site-packages/pip/_vendor/requests
[0.972s] copying web/stream/webrtc/.venv/lib/python3.12/site-packages/pip/_vendor/requests/certs.py -> /home/matthieu/ros2_ws/install/web_control/share/web_control/web/stream/webrtc/.venv/lib/python3.12/site-packages/pip/_vendor/requests
[0.972s] copying web/stream/webrtc/.venv/lib/python3.12/site-packages/pip/_vendor/requests/packages.py -> /home/matthieu/ros2_ws/install/web_control/share/web_control/web/stream/webrtc/.venv/lib/python3.12/site-packages/pip/_vendor/requests
[0.972s] copying web/stream/webrtc/.venv/lib/python3.12/site-packages/pip/_vendor/requests/cookies.py -> /home/matthieu/ros2_ws/install/web_control/share/web_control/web/stream/webrtc/.venv/lib/python3.12/site-packages/pip/_vendor/requests
[0.973s] copying web/stream/webrtc/.venv/lib/python3.12/site-packages/pip/_vendor/requests/adapters.py -> /home/matthieu/ros2_ws/install/web_control/share/web_control/web/stream/webrtc/.venv/lib/python3.12/site-packages/pip/_vendor/requests
[0.973s] copying web/stream/webrtc/.venv/lib/python3.12/site-packages/pip/_vendor/requests/auth.py -> /home/matthieu/ros2_ws/install/web_control/share/web_control/web/stream/webrtc/.venv/lib/python3.12/site-packages/pip/_vendor/requests
[0.973s] copying web/stream/webrtc/.venv/lib/python3.12/site-packages/pip/_vendor/requests/hooks.py -> /home/matthieu/ros2_ws/install/web_control/share/web_control/web/stream/webrtc/.venv/lib/python3.12/site-packages/pip/_vendor/requests
[0.973s] copying web/stream/webrtc/.venv/lib/python3.12/site-packages/pip/_vendor/requests/help.py -> /home/matthieu/ros2_ws/install/web_control/share/web_control/web/stream/webrtc/.venv/lib/python3.12/site-packages/pip/_vendor/requests
[0.973s] copying web/stream/webrtc/.venv/lib/python3.12/site-packages/pip/_vendor/requests/sessions.py -> /home/matthieu/ros2_ws/install/web_control/share/web_control/web/stream/webrtc/.venv/lib/python3.12/site-packages/pip/_vendor/requests
[0.973s] copying web/stream/webrtc/.venv/lib/python3.12/site-packages/pip/_vendor/requests/__version__.py -> /home/matthieu/ros2_ws/install/web_control/share/web_control/web/stream/webrtc/.venv/lib/python3.12/site-packages/pip/_vendor/requests
[0.973s] copying web/stream/webrtc/.venv/lib/python3.12/site-packages/pip/_vendor/requests/status_codes.py -> /home/matthieu/ros2_ws/install/web_control/share/web_control/web/stream/webrtc/.venv/lib/python3.12/site-packages/pip/_vendor/requests
[0.973s] copying web/stream/webrtc/.venv/lib/python3.12/site-packages/pip/_vendor/requests/compat.py -> /home/matthieu/ros2_ws/install/web_control/share/web_control/web/stream/webrtc/.venv/lib/python3.12/site-packages/pip/_vendor/requests
[0.973s] copying web/stream/webrtc/.venv/lib/python3.12/site-packages/pip/_vendor/requests/models.py -> /home/matthieu/ros2_ws/install/web_control/share/web_control/web/stream/webrtc/.venv/lib/python3.12/site-packages/pip/_vendor/requests
[0.973s] copying web/stream/webrtc/.venv/lib/python3.12/site-packages/pip/_vendor/requests/_internal_utils.py -> /home/matthieu/ros2_ws/install/web_control/share/web_control/web/stream/webrtc/.venv/lib/python3.12/site-packages/pip/_vendor/requests
[0.973s] copying web/stream/webrtc/.venv/lib/python3.12/site-packages/pip/_vendor/requests/structures.py -> /home/matthieu/ros2_ws/install/web_control/share/web_control/web/stream/webrtc/.venv/lib/python3.12/site-packages/pip/_vendor/requests
[0.973s] copying web/stream/webrtc/.venv/lib/python3.12/site-packages/pip/_vendor/requests/api.py -> /home/matthieu/ros2_ws/install/web_control/share/web_control/web/stream/webrtc/.venv/lib/python3.12/site-packages/pip/_vendor/requests
[0.973s] copying web/stream/webrtc/.venv/lib/python3.12/site-packages/pip/_vendor/requests/exceptions.py -> /home/matthieu/ros2_ws/install/web_control/share/web_control/web/stream/webrtc/.venv/lib/python3.12/site-packages/pip/_vendor/requests
[0.973s] copying web/stream/webrtc/.venv/lib/python3.12/site-packages/pip/_vendor/requests/utils.py -> /home/matthieu/ros2_ws/install/web_control/share/web_control/web/stream/webrtc/.venv/lib/python3.12/site-packages/pip/_vendor/requests
[0.973s] copying web/stream/webrtc/.venv/lib/python3.12/site-packages/pip/_vendor/requests/__init__.py -> /home/matthieu/ros2_ws/install/web_control/share/web_control/web/stream/webrtc/.venv/lib/python3.12/site-packages/pip/_vendor/requests
[0.973s] creating /home/matthieu/ros2_ws/install/web_control/share/web_control/web/stream/webrtc/.venv/lib/python3.12/site-packages/pip/_vendor/requests/__pycache__
[0.973s] copying web/stream/webrtc/.venv/lib/python3.12/site-packages/pip/_vendor/requests/__pycache__/_internal_utils.cpython-312.pyc -> /home/matthieu/ros2_ws/install/web_control/share/web_control/web/stream/webrtc/.venv/lib/python3.12/site-packages/pip/_vendor/requests/__pycache__
[0.973s] copying web/stream/webrtc/.venv/lib/python3.12/site-packages/pip/_vendor/requests/__pycache__/auth.cpython-312.pyc -> /home/matthieu/ros2_ws/install/web_control/share/web_control/web/stream/webrtc/.venv/lib/python3.12/site-packages/pip/_vendor/requests/__pycache__
[0.974s] copying web/stream/webrtc/.venv/lib/python3.12/site-packages/pip/_vendor/requests/__pycache__/cookies.cpython-312.pyc -> /home/matthieu/ros2_ws/install/web_control/share/web_control/web/stream/webrtc/.venv/lib/python3.12/site-packages/pip/_vendor/requests/__pycache__
[0.974s] copying web/stream/webrtc/.venv/lib/python3.12/site-packages/pip/_vendor/requests/__pycache__/__version__.cpython-312.pyc -> /home/matthieu/ros2_ws/install/web_control/share/web_control/web/stream/webrtc/.venv/lib/python3.12/site-packages/pip/_vendor/requests/__pycache__
[0.974s] copying web/stream/webrtc/.venv/lib/python3.12/site-packages/pip/_vendor/requests/__pycache__/packages.cpython-312.pyc -> /home/matthieu/ros2_ws/install/web_control/share/web_control/web/stream/webrtc/.venv/lib/python3.12/site-packages/pip/_vendor/requests/__pycache__
[0.974s] copying web/stream/webrtc/.venv/lib/python3.12/site-packages/pip/_vendor/requests/__pycache__/structures.cpython-312.pyc -> /home/matthieu/ros2_ws/install/web_control/share/web_control/web/stream/webrtc/.venv/lib/python3.12/site-packages/pip/_vendor/requests/__pycache__
[0.974s] copying web/stream/webrtc/.venv/lib/python3.12/site-packages/pip/_vendor/requests/__pycache__/models.cpython-312.pyc -> /home/matthieu/ros2_ws/install/web_control/share/web_control/web/stream/webrtc/.venv/lib/python3.12/site-packages/pip/_vendor/requests/__pycache__
[0.974s] copying web/stream/webrtc/.venv/lib/python3.12/site-packages/pip/_vendor/requests/__pycache__/hooks.cpython-312.pyc -> /home/matthieu/ros2_ws/install/web_control/share/web_control/web/stream/webrtc/.venv/lib/python3.12/site-packages/pip/_vendor/requests/__pycache__
[0.974s] copying web/stream/webrtc/.venv/lib/python3.12/site-packages/pip/_vendor/requests/__pycache__/api.cpython-312.pyc -> /home/matthieu/ros2_ws/install/web_control/share/web_control/web/stream/webrtc/.venv/lib/python3.12/site-packages/pip/_vendor/requests/__pycache__
[0.974s] copying web/stream/webrtc/.venv/lib/python3.12/site-packages/pip/_vendor/requests/__pycache__/exceptions.cpython-312.pyc -> /home/matthieu/ros2_ws/install/web_control/share/web_control/web/stream/webrtc/.venv/lib/python3.12/site-packages/pip/_vendor/requests/__pycache__
[0.974s] copying web/stream/webrtc/.venv/lib/python3.12/site-packages/pip/_vendor/requests/__pycache__/certs.cpython-312.pyc -> /home/matthieu/ros2_ws/install/web_control/share/web_control/web/stream/webrtc/.venv/lib/python3.12/site-packages/pip/_vendor/requests/__pycache__
[0.974s] copying web/stream/webrtc/.venv/lib/python3.12/site-packages/pip/_vendor/requests/__pycache__/help.cpython-312.pyc -> /home/matthieu/ros2_ws/install/web_control/share/web_control/web/stream/webrtc/.venv/lib/python3.12/site-packages/pip/_vendor/requests/__pycache__
[0.974s] copying web/stream/webrtc/.venv/lib/python3.12/site-packages/pip/_vendor/requests/__pycache__/status_codes.cpython-312.pyc -> /home/matthieu/ros2_ws/install/web_control/share/web_control/web/stream/webrtc/.venv/lib/python3.12/site-packages/pip/_vendor/requests/__pycache__
[0.974s] copying web/stream/webrtc/.venv/lib/python3.12/site-packages/pip/_vendor/requests/__pycache__/__init__.cpython-312.pyc -> /home/matthieu/ros2_ws/install/web_control/share/web_control/web/stream/webrtc/.venv/lib/python3.12/site-packages/pip/_vendor/requests/__pycache__
[0.974s] copying web/stream/webrtc/.venv/lib/python3.12/site-packages/pip/_vendor/requests/__pycache__/adapters.cpython-312.pyc -> /home/matthieu/ros2_ws/install/web_control/share/web_control/web/stream/webrtc/.venv/lib/python3.12/site-packages/pip/_vendor/requests/__pycache__
[0.974s] copying web/stream/webrtc/.venv/lib/python3.12/site-packages/pip/_vendor/requests/__pycache__/sessions.cpython-312.pyc -> /home/matthieu/ros2_ws/install/web_control/share/web_control/web/stream/webrtc/.venv/lib/python3.12/site-packages/pip/_vendor/requests/__pycache__
[0.974s] copying web/stream/webrtc/.venv/lib/python3.12/site-packages/pip/_vendor/requests/__pycache__/compat.cpython-312.pyc -> /home/matthieu/ros2_ws/install/web_control/share/web_control/web/stream/webrtc/.venv/lib/python3.12/site-packages/pip/_vendor/requests/__pycache__
[0.974s] copying web/stream/webrtc/.venv/lib/python3.12/site-packages/pip/_vendor/requests/__pycache__/utils.cpython-312.pyc -> /home/matthieu/ros2_ws/install/web_control/share/web_control/web/stream/webrtc/.venv/lib/python3.12/site-packages/pip/_vendor/requests/__pycache__
[0.974s] creating /home/matthieu/ros2_ws/install/web_control/share/web_control/web/stream/webrtc/.venv/lib/python3.12/site-packages/pip/_vendor/idna
[0.975s] copying web/stream/webrtc/.venv/lib/python3.12/site-packages/pip/_vendor/idna/idnadata.py -> /home/matthieu/ros2_ws/install/web_control/share/web_control/web/stream/webrtc/.venv/lib/python3.12/site-packages/pip/_vendor/idna
[0.975s] copying web/stream/webrtc/.venv/lib/python3.12/site-packages/pip/_vendor/idna/codec.py -> /home/matthieu/ros2_ws/install/web_control/share/web_control/web/stream/webrtc/.venv/lib/python3.12/site-packages/pip/_vendor/idna
[0.975s] copying web/stream/webrtc/.venv/lib/python3.12/site-packages/pip/_vendor/idna/core.py -> /home/matthieu/ros2_ws/install/web_control/share/web_control/web/stream/webrtc/.venv/lib/python3.12/site-packages/pip/_vendor/idna
[0.975s] copying web/stream/webrtc/.venv/lib/python3.12/site-packages/pip/_vendor/idna/uts46data.py -> /home/matthieu/ros2_ws/install/web_control/share/web_control/web/stream/webrtc/.venv/lib/python3.12/site-packages/pip/_vendor/idna
[0.975s] copying web/stream/webrtc/.venv/lib/python3.12/site-packages/pip/_vendor/idna/compat.py -> /home/matthieu/ros2_ws/install/web_control/share/web_control/web/stream/webrtc/.venv/lib/python3.12/site-packages/pip/_vendor/idna
[0.975s] copying web/stream/webrtc/.venv/lib/python3.12/site-packages/pip/_vendor/idna/package_data.py -> /home/matthieu/ros2_ws/install/web_control/share/web_control/web/stream/webrtc/.venv/lib/python3.12/site-packages/pip/_vendor/idna
[0.975s] copying web/stream/webrtc/.venv/lib/python3.12/site-packages/pip/_vendor/idna/intranges.py -> /home/matthieu/ros2_ws/install/web_control/share/web_control/web/stream/webrtc/.venv/lib/python3.12/site-packages/pip/_vendor/idna
[0.975s] copying web/stream/webrtc/.venv/lib/python3.12/site-packages/pip/_vendor/idna/__init__.py -> /home/matthieu/ros2_ws/install/web_control/share/web_control/web/stream/webrtc/.venv/lib/python3.12/site-packages/pip/_vendor/idna
[0.975s] creating /home/matthieu/ros2_ws/install/web_control/share/web_control/web/stream/webrtc/.venv/lib/python3.12/site-packages/pip/_vendor/idna/__pycache__
[0.975s] copying web/stream/webrtc/.venv/lib/python3.12/site-packages/pip/_vendor/idna/__pycache__/package_data.cpython-312.pyc -> /home/matthieu/ros2_ws/install/web_control/share/web_control/web/stream/webrtc/.venv/lib/python3.12/site-packages/pip/_vendor/idna/__pycache__
[0.975s] copying web/stream/webrtc/.venv/lib/python3.12/site-packages/pip/_vendor/idna/__pycache__/codec.cpython-312.pyc -> /home/matthieu/ros2_ws/install/web_control/share/web_control/web/stream/webrtc/.venv/lib/python3.12/site-packages/pip/_vendor/idna/__pycache__
[0.975s] copying web/stream/webrtc/.venv/lib/python3.12/site-packages/pip/_vendor/idna/__pycache__/idnadata.cpython-312.pyc -> /home/matthieu/ros2_ws/install/web_control/share/web_control/web/stream/webrtc/.venv/lib/python3.12/site-packages/pip/_vendor/idna/__pycache__
[0.975s] copying web/stream/webrtc/.venv/lib/python3.12/site-packages/pip/_vendor/idna/__pycache__/intranges.cpython-312.pyc -> /home/matthieu/ros2_ws/install/web_control/share/web_control/web/stream/webrtc/.venv/lib/python3.12/site-packages/pip/_vendor/idna/__pycache__
[0.975s] copying web/stream/webrtc/.venv/lib/python3.12/site-packages/pip/_vendor/idna/__pycache__/core.cpython-312.pyc -> /home/matthieu/ros2_ws/install/web_control/share/web_control/web/stream/webrtc/.venv/lib/python3.12/site-packages/pip/_vendor/idna/__pycache__
[0.975s] copying web/stream/webrtc/.venv/lib/python3.12/site-packages/pip/_vendor/idna/__pycache__/uts46data.cpython-312.pyc -> /home/matthieu/ros2_ws/install/web_control/share/web_control/web/stream/webrtc/.venv/lib/python3.12/site-packages/pip/_vendor/idna/__pycache__
[0.976s] copying web/stream/webrtc/.venv/lib/python3.12/site-packages/pip/_vendor/idna/__pycache__/__init__.cpython-312.pyc -> /home/matthieu/ros2_ws/install/web_control/share/web_control/web/stream/webrtc/.venv/lib/python3.12/site-packages/pip/_vendor/idna/__pycache__
[0.976s] copying web/stream/webrtc/.venv/lib/python3.12/site-packages/pip/_vendor/idna/__pycache__/compat.cpython-312.pyc -> /home/matthieu/ros2_ws/install/web_control/share/web_control/web/stream/webrtc/.venv/lib/python3.12/site-packages/pip/_vendor/idna/__pycache__
[0.976s] creating /home/matthieu/ros2_ws/install/web_control/share/web_control/web/stream/webrtc/.venv/lib/python3.12/site-packages/pip/_vendor/cachecontrol
[0.976s] copying web/stream/webrtc/.venv/lib/python3.12/site-packages/pip/_vendor/cachecontrol/controller.py -> /home/matthieu/ros2_ws/install/web_control/share/web_control/web/stream/webrtc/.venv/lib/python3.12/site-packages/pip/_vendor/cachecontrol
[0.976s] copying web/stream/webrtc/.venv/lib/python3.12/site-packages/pip/_vendor/cachecontrol/cache.py -> /home/matthieu/ros2_ws/install/web_control/share/web_control/web/stream/webrtc/.venv/lib/python3.12/site-packages/pip/_vendor/cachecontrol
[0.976s] copying web/stream/webrtc/.venv/lib/python3.12/site-packages/pip/_vendor/cachecontrol/_cmd.py -> /home/matthieu/ros2_ws/install/web_control/share/web_control/web/stream/webrtc/.venv/lib/python3.12/site-packages/pip/_vendor/cachecontrol
[0.976s] copying web/stream/webrtc/.venv/lib/python3.12/site-packages/pip/_vendor/cachecontrol/heuristics.py -> /home/matthieu/ros2_ws/install/web_control/share/web_control/web/stream/webrtc/.venv/lib/python3.12/site-packages/pip/_vendor/cachecontrol
[0.976s] copying web/stream/webrtc/.venv/lib/python3.12/site-packages/pip/_vendor/cachecontrol/adapter.py -> /home/matthieu/ros2_ws/install/web_control/share/web_control/web/stream/webrtc/.venv/lib/python3.12/site-packages/pip/_vendor/cachecontrol
[0.976s] copying web/stream/webrtc/.venv/lib/python3.12/site-packages/pip/_vendor/cachecontrol/wrapper.py -> /home/matthieu/ros2_ws/install/web_control/share/web_control/web/stream/webrtc/.venv/lib/python3.12/site-packages/pip/_vendor/cachecontrol
[0.976s] copying web/stream/webrtc/.venv/lib/python3.12/site-packages/pip/_vendor/cachecontrol/filewrapper.py -> /home/matthieu/ros2_ws/install/web_control/share/web_control/web/stream/webrtc/.venv/lib/python3.12/site-packages/pip/_vendor/cachecontrol
[0.976s] copying web/stream/webrtc/.venv/lib/python3.12/site-packages/pip/_vendor/cachecontrol/serialize.py -> /home/matthieu/ros2_ws/install/web_control/share/web_control/web/stream/webrtc/.venv/lib/python3.12/site-packages/pip/_vendor/cachecontrol
[0.977s] copying web/stream/webrtc/.venv/lib/python3.12/site-packages/pip/_vendor/cachecontrol/__init__.py -> /home/matthieu/ros2_ws/install/web_control/share/web_control/web/stream/webrtc/.venv/lib/python3.12/site-packages/pip/_vendor/cachecontrol
[0.977s] creating /home/matthieu/ros2_ws/install/web_control/share/web_control/web/stream/webrtc/.venv/lib/python3.12/site-packages/pip/_vendor/cachecontrol/__pycache__
[0.977s] copying web/stream/webrtc/.venv/lib/python3.12/site-packages/pip/_vendor/cachecontrol/__pycache__/heuristics.cpython-312.pyc -> /home/matthieu/ros2_ws/install/web_control/share/web_control/web/stream/webrtc/.venv/lib/python3.12/site-packages/pip/_vendor/cachecontrol/__pycache__
[0.977s] copying web/stream/webrtc/.venv/lib/python3.12/site-packages/pip/_vendor/cachecontrol/__pycache__/serialize.cpython-312.pyc -> /home/matthieu/ros2_ws/install/web_control/share/web_control/web/stream/webrtc/.venv/lib/python3.12/site-packages/pip/_vendor/cachecontrol/__pycache__
[0.977s] copying web/stream/webrtc/.venv/lib/python3.12/site-packages/pip/_vendor/cachecontrol/__pycache__/filewrapper.cpython-312.pyc -> /home/matthieu/ros2_ws/install/web_control/share/web_control/web/stream/webrtc/.venv/lib/python3.12/site-packages/pip/_vendor/cachecontrol/__pycache__
[0.977s] copying web/stream/webrtc/.venv/lib/python3.12/site-packages/pip/_vendor/cachecontrol/__pycache__/controller.cpython-312.pyc -> /home/matthieu/ros2_ws/install/web_control/share/web_control/web/stream/webrtc/.venv/lib/python3.12/site-packages/pip/_vendor/cachecontrol/__pycache__
[0.977s] copying web/stream/webrtc/.venv/lib/python3.12/site-packages/pip/_vendor/cachecontrol/__pycache__/wrapper.cpython-312.pyc -> /home/matthieu/ros2_ws/install/web_control/share/web_control/web/stream/webrtc/.venv/lib/python3.12/site-packages/pip/_vendor/cachecontrol/__pycache__
[0.977s] copying web/stream/webrtc/.venv/lib/python3.12/site-packages/pip/_vendor/cachecontrol/__pycache__/adapter.cpython-312.pyc -> /home/matthieu/ros2_ws/install/web_control/share/web_control/web/stream/webrtc/.venv/lib/python3.12/site-packages/pip/_vendor/cachecontrol/__pycache__
[0.977s] copying web/stream/webrtc/.venv/lib/python3.12/site-packages/pip/_vendor/cachecontrol/__pycache__/_cmd.cpython-312.pyc -> /home/matthieu/ros2_ws/install/web_control/share/web_control/web/stream/webrtc/.venv/lib/python3.12/site-packages/pip/_vendor/cachecontrol/__pycache__
[0.977s] copying web/stream/webrtc/.venv/lib/python3.12/site-packages/pip/_vendor/cachecontrol/__pycache__/cache.cpython-312.pyc -> /home/matthieu/ros2_ws/install/web_control/share/web_control/web/stream/webrtc/.venv/lib/python3.12/site-packages/pip/_vendor/cachecontrol/__pycache__
[0.978s] copying web/stream/webrtc/.venv/lib/python3.12/site-packages/pip/_vendor/cachecontrol/__pycache__/__init__.cpython-312.pyc -> /home/matthieu/ros2_ws/install/web_control/share/web_control/web/stream/webrtc/.venv/lib/python3.12/site-packages/pip/_vendor/cachecontrol/__pycache__
[0.978s] creating /home/matthieu/ros2_ws/install/web_control/share/web_control/web/stream/webrtc/.venv/lib/python3.12/site-packages/pip/_vendor/cachecontrol/caches
[0.978s] copying web/stream/webrtc/.venv/lib/python3.12/site-packages/pip/_vendor/cachecontrol/caches/file_cache.py -> /home/matthieu/ros2_ws/install/web_control/share/web_control/web/stream/webrtc/.venv/lib/python3.12/site-packages/pip/_vendor/cachecontrol/caches
[0.978s] copying web/stream/webrtc/.venv/lib/python3.12/site-packages/pip/_vendor/cachecontrol/caches/redis_cache.py -> /home/matthieu/ros2_ws/install/web_control/share/web_control/web/stream/webrtc/.venv/lib/python3.12/site-packages/pip/_vendor/cachecontrol/caches
[0.978s] copying web/stream/webrtc/.venv/lib/python3.12/site-packages/pip/_vendor/cachecontrol/caches/__init__.py -> /home/matthieu/ros2_ws/install/web_control/share/web_control/web/stream/webrtc/.venv/lib/python3.12/site-packages/pip/_vendor/cachecontrol/caches
[0.978s] creating /home/matthieu/ros2_ws/install/web_control/share/web_control/web/stream/webrtc/.venv/lib/python3.12/site-packages/pip/_vendor/cachecontrol/caches/__pycache__
[0.978s] copying web/stream/webrtc/.venv/lib/python3.12/site-packages/pip/_vendor/cachecontrol/caches/__pycache__/file_cache.cpython-312.pyc -> /home/matthieu/ros2_ws/install/web_control/share/web_control/web/stream/webrtc/.venv/lib/python3.12/site-packages/pip/_vendor/cachecontrol/caches/__pycache__
[0.978s] copying web/stream/webrtc/.venv/lib/python3.12/site-packages/pip/_vendor/cachecontrol/caches/__pycache__/__init__.cpython-312.pyc -> /home/matthieu/ros2_ws/install/web_control/share/web_control/web/stream/webrtc/.venv/lib/python3.12/site-packages/pip/_vendor/cachecontrol/caches/__pycache__
[0.978s] copying web/stream/webrtc/.venv/lib/python3.12/site-packages/pip/_vendor/cachecontrol/caches/__pycache__/redis_cache.cpython-312.pyc -> /home/matthieu/ros2_ws/install/web_control/share/web_control/web/stream/webrtc/.venv/lib/python3.12/site-packages/pip/_vendor/cachecontrol/caches/__pycache__
[0.978s] creating /home/matthieu/ros2_ws/install/web_control/share/web_control/web/stream/webrtc/.venv/lib/python3.12/site-packages/pip/_vendor/distlib
[0.978s] copying web/stream/webrtc/.venv/lib/python3.12/site-packages/pip/_vendor/distlib/locators.py -> /home/matthieu/ros2_ws/install/web_control/share/web_control/web/stream/webrtc/.venv/lib/python3.12/site-packages/pip/_vendor/distlib
[0.978s] copying web/stream/webrtc/.venv/lib/python3.12/site-packages/pip/_vendor/distlib/util.py -> /home/matthieu/ros2_ws/install/web_control/share/web_control/web/stream/webrtc/.venv/lib/python3.12/site-packages/pip/_vendor/distlib
[0.979s] copying web/stream/webrtc/.venv/lib/python3.12/site-packages/pip/_vendor/distlib/manifest.py -> /home/matthieu/ros2_ws/install/web_control/share/web_control/web/stream/webrtc/.venv/lib/python3.12/site-packages/pip/_vendor/distlib
[0.979s] copying web/stream/webrtc/.venv/lib/python3.12/site-packages/pip/_vendor/distlib/index.py -> /home/matthieu/ros2_ws/install/web_control/share/web_control/web/stream/webrtc/.venv/lib/python3.12/site-packages/pip/_vendor/distlib
[0.979s] copying web/stream/webrtc/.venv/lib/python3.12/site-packages/pip/_vendor/distlib/metadata.py -> /home/matthieu/ros2_ws/install/web_control/share/web_control/web/stream/webrtc/.venv/lib/python3.12/site-packages/pip/_vendor/distlib
[0.979s] copying web/stream/webrtc/.venv/lib/python3.12/site-packages/pip/_vendor/distlib/markers.py -> /home/matthieu/ros2_ws/install/web_control/share/web_control/web/stream/webrtc/.venv/lib/python3.12/site-packages/pip/_vendor/distlib
[0.979s] copying web/stream/webrtc/.venv/lib/python3.12/site-packages/pip/_vendor/distlib/compat.py -> /home/matthieu/ros2_ws/install/web_control/share/web_control/web/stream/webrtc/.venv/lib/python3.12/site-packages/pip/_vendor/distlib
[0.979s] copying web/stream/webrtc/.venv/lib/python3.12/site-packages/pip/_vendor/distlib/resources.py -> /home/matthieu/ros2_ws/install/web_control/share/web_control/web/stream/webrtc/.venv/lib/python3.12/site-packages/pip/_vendor/distlib
[0.979s] copying web/stream/webrtc/.venv/lib/python3.12/site-packages/pip/_vendor/distlib/scripts.py -> /home/matthieu/ros2_ws/install/web_control/share/web_control/web/stream/webrtc/.venv/lib/python3.12/site-packages/pip/_vendor/distlib
[0.979s] copying web/stream/webrtc/.venv/lib/python3.12/site-packages/pip/_vendor/distlib/wheel.py -> /home/matthieu/ros2_ws/install/web_control/share/web_control/web/stream/webrtc/.venv/lib/python3.12/site-packages/pip/_vendor/distlib
[0.979s] copying web/stream/webrtc/.venv/lib/python3.12/site-packages/pip/_vendor/distlib/database.py -> /home/matthieu/ros2_ws/install/web_control/share/web_control/web/stream/webrtc/.venv/lib/python3.12/site-packages/pip/_vendor/distlib
[0.980s] copying web/stream/webrtc/.venv/lib/python3.12/site-packages/pip/_vendor/distlib/version.py -> /home/matthieu/ros2_ws/install/web_control/share/web_control/web/stream/webrtc/.venv/lib/python3.12/site-packages/pip/_vendor/distlib
[0.980s] copying web/stream/webrtc/.venv/lib/python3.12/site-packages/pip/_vendor/distlib/__init__.py -> /home/matthieu/ros2_ws/install/web_control/share/web_control/web/stream/webrtc/.venv/lib/python3.12/site-packages/pip/_vendor/distlib
[0.980s] creating /home/matthieu/ros2_ws/install/web_control/share/web_control/web/stream/webrtc/.venv/lib/python3.12/site-packages/pip/_vendor/distlib/__pycache__
[0.980s] copying web/stream/webrtc/.venv/lib/python3.12/site-packages/pip/_vendor/distlib/__pycache__/locators.cpython-312.pyc -> /home/matthieu/ros2_ws/install/web_control/share/web_control/web/stream/webrtc/.venv/lib/python3.12/site-packages/pip/_vendor/distlib/__pycache__
[0.980s] copying web/stream/webrtc/.venv/lib/python3.12/site-packages/pip/_vendor/distlib/__pycache__/index.cpython-312.pyc -> /home/matthieu/ros2_ws/install/web_control/share/web_control/web/stream/webrtc/.venv/lib/python3.12/site-packages/pip/_vendor/distlib/__pycache__
[0.980s] copying web/stream/webrtc/.venv/lib/python3.12/site-packages/pip/_vendor/distlib/__pycache__/wheel.cpython-312.pyc -> /home/matthieu/ros2_ws/install/web_control/share/web_control/web/stream/webrtc/.venv/lib/python3.12/site-packages/pip/_vendor/distlib/__pycache__
[0.980s] copying web/stream/webrtc/.venv/lib/python3.12/site-packages/pip/_vendor/distlib/__pycache__/version.cpython-312.pyc -> /home/matthieu/ros2_ws/install/web_control/share/web_control/web/stream/webrtc/.venv/lib/python3.12/site-packages/pip/_vendor/distlib/__pycache__
[0.980s] copying web/stream/webrtc/.venv/lib/python3.12/site-packages/pip/_vendor/distlib/__pycache__/resources.cpython-312.pyc -> /home/matthieu/ros2_ws/install/web_control/share/web_control/web/stream/webrtc/.venv/lib/python3.12/site-packages/pip/_vendor/distlib/__pycache__
[0.980s] copying web/stream/webrtc/.venv/lib/python3.12/site-packages/pip/_vendor/distlib/__pycache__/scripts.cpython-312.pyc -> /home/matthieu/ros2_ws/install/web_control/share/web_control/web/stream/webrtc/.venv/lib/python3.12/site-packages/pip/_vendor/distlib/__pycache__
[0.981s] copying web/stream/webrtc/.venv/lib/python3.12/site-packages/pip/_vendor/distlib/__pycache__/util.cpython-312.pyc -> /home/matthieu/ros2_ws/install/web_control/share/web_control/web/stream/webrtc/.venv/lib/python3.12/site-packages/pip/_vendor/distlib/__pycache__
[0.981s] copying web/stream/webrtc/.venv/lib/python3.12/site-packages/pip/_vendor/distlib/__pycache__/__init__.cpython-312.pyc -> /home/matthieu/ros2_ws/install/web_control/share/web_control/web/stream/webrtc/.venv/lib/python3.12/site-packages/pip/_vendor/distlib/__pycache__
[0.981s] copying web/stream/webrtc/.venv/lib/python3.12/site-packages/pip/_vendor/distlib/__pycache__/database.cpython-312.pyc -> /home/matthieu/ros2_ws/install/web_control/share/web_control/web/stream/webrtc/.venv/lib/python3.12/site-packages/pip/_vendor/distlib/__pycache__
[0.981s] copying web/stream/webrtc/.venv/lib/python3.12/site-packages/pip/_vendor/distlib/__pycache__/manifest.cpython-312.pyc -> /home/matthieu/ros2_ws/install/web_control/share/web_control/web/stream/webrtc/.venv/lib/python3.12/site-packages/pip/_vendor/distlib/__pycache__
[0.981s] copying web/stream/webrtc/.venv/lib/python3.12/site-packages/pip/_vendor/distlib/__pycache__/metadata.cpython-312.pyc -> /home/matthieu/ros2_ws/install/web_control/share/web_control/web/stream/webrtc/.venv/lib/python3.12/site-packages/pip/_vendor/distlib/__pycache__
[0.981s] copying web/stream/webrtc/.venv/lib/python3.12/site-packages/pip/_vendor/distlib/__pycache__/markers.cpython-312.pyc -> /home/matthieu/ros2_ws/install/web_control/share/web_control/web/stream/webrtc/.venv/lib/python3.12/site-packages/pip/_vendor/distlib/__pycache__
[0.981s] copying web/stream/webrtc/.venv/lib/python3.12/site-packages/pip/_vendor/distlib/__pycache__/compat.cpython-312.pyc -> /home/matthieu/ros2_ws/install/web_control/share/web_control/web/stream/webrtc/.venv/lib/python3.12/site-packages/pip/_vendor/distlib/__pycache__
[0.981s] creating /home/matthieu/ros2_ws/install/web_control/share/web_control/web/stream/webrtc/.venv/lib/python3.12/site-packages/pip/_vendor/pkg_resources
[0.981s] copying web/stream/webrtc/.venv/lib/python3.12/site-packages/pip/_vendor/pkg_resources/__init__.py -> /home/matthieu/ros2_ws/install/web_control/share/web_control/web/stream/webrtc/.venv/lib/python3.12/site-packages/pip/_vendor/pkg_resources
[0.982s] creating /home/matthieu/ros2_ws/install/web_control/share/web_control/web/stream/webrtc/.venv/lib/python3.12/site-packages/pip/_vendor/pkg_resources/__pycache__
[0.982s] copying web/stream/webrtc/.venv/lib/python3.12/site-packages/pip/_vendor/pkg_resources/__pycache__/__init__.cpython-312.pyc -> /home/matthieu/ros2_ws/install/web_control/share/web_control/web/stream/webrtc/.venv/lib/python3.12/site-packages/pip/_vendor/pkg_resources/__pycache__
[0.982s] creating /home/matthieu/ros2_ws/install/web_control/share/web_control/web/stream/webrtc/.venv/lib/python3.12/site-packages/pip/_vendor/__pycache__
[0.982s] copying web/stream/webrtc/.venv/lib/python3.12/site-packages/pip/_vendor/__pycache__/six.cpython-312.pyc -> /home/matthieu/ros2_ws/install/web_control/share/web_control/web/stream/webrtc/.venv/lib/python3.12/site-packages/pip/_vendor/__pycache__
[0.982s] copying web/stream/webrtc/.venv/lib/python3.12/site-packages/pip/_vendor/__pycache__/__init__.cpython-312.pyc -> /home/matthieu/ros2_ws/install/web_control/share/web_control/web/stream/webrtc/.venv/lib/python3.12/site-packages/pip/_vendor/__pycache__
[0.982s] copying web/stream/webrtc/.venv/lib/python3.12/site-packages/pip/_vendor/__pycache__/typing_extensions.cpython-312.pyc -> /home/matthieu/ros2_ws/install/web_control/share/web_control/web/stream/webrtc/.venv/lib/python3.12/site-packages/pip/_vendor/__pycache__
[0.982s] creating /home/matthieu/ros2_ws/install/web_control/share/web_control/web/stream/webrtc/.venv/lib/python3.12/site-packages/pip/_vendor/rich
[0.982s] copying web/stream/webrtc/.venv/lib/python3.12/site-packages/pip/_vendor/rich/_pick.py -> /home/matthieu/ros2_ws/install/web_control/share/web_control/web/stream/webrtc/.venv/lib/python3.12/site-packages/pip/_vendor/rich
[0.982s] copying web/stream/webrtc/.venv/lib/python3.12/site-packages/pip/_vendor/rich/cells.py -> /home/matthieu/ros2_ws/install/web_control/share/web_control/web/stream/webrtc/.venv/lib/python3.12/site-packages/pip/_vendor/rich
[0.982s] copying web/stream/webrtc/.venv/lib/python3.12/site-packages/pip/_vendor/rich/scope.py -> /home/matthieu/ros2_ws/install/web_control/share/web_control/web/stream/webrtc/.venv/lib/python3.12/site-packages/pip/_vendor/rich
[0.982s] copying web/stream/webrtc/.venv/lib/python3.12/site-packages/pip/_vendor/rich/emoji.py -> /home/matthieu/ros2_ws/install/web_control/share/web_control/web/stream/webrtc/.venv/lib/python3.12/site-packages/pip/_vendor/rich
[0.982s] copying web/stream/webrtc/.venv/lib/python3.12/site-packages/pip/_vendor/rich/status.py -> /home/matthieu/ros2_ws/install/web_control/share/web_control/web/stream/webrtc/.venv/lib/python3.12/site-packages/pip/_vendor/rich
[0.983s] copying web/stream/webrtc/.venv/lib/python3.12/site-packages/pip/_vendor/rich/theme.py -> /home/matthieu/ros2_ws/install/web_control/share/web_control/web/stream/webrtc/.venv/lib/python3.12/site-packages/pip/_vendor/rich
[0.983s] copying web/stream/webrtc/.venv/lib/python3.12/site-packages/pip/_vendor/rich/box.py -> /home/matthieu/ros2_ws/install/web_control/share/web_control/web/stream/webrtc/.venv/lib/python3.12/site-packages/pip/_vendor/rich
[0.983s] copying web/stream/webrtc/.venv/lib/python3.12/site-packages/pip/_vendor/rich/pretty.py -> /home/matthieu/ros2_ws/install/web_control/share/web_control/web/stream/webrtc/.venv/lib/python3.12/site-packages/pip/_vendor/rich
[0.983s] copying web/stream/webrtc/.venv/lib/python3.12/site-packages/pip/_vendor/rich/filesize.py -> /home/matthieu/ros2_ws/install/web_control/share/web_control/web/stream/webrtc/.venv/lib/python3.12/site-packages/pip/_vendor/rich
[0.983s] copying web/stream/webrtc/.venv/lib/python3.12/site-packages/pip/_vendor/rich/progress.py -> /home/matthieu/ros2_ws/install/web_control/share/web_control/web/stream/webrtc/.venv/lib/python3.12/site-packages/pip/_vendor/rich
[0.983s] copying web/stream/webrtc/.venv/lib/python3.12/site-packages/pip/_vendor/rich/_loop.py -> /home/matthieu/ros2_ws/install/web_control/share/web_control/web/stream/webrtc/.venv/lib/python3.12/site-packages/pip/_vendor/rich
[0.983s] copying web/stream/webrtc/.venv/lib/python3.12/site-packages/pip/_vendor/rich/_spinners.py -> /home/matthieu/ros2_ws/install/web_control/share/web_control/web/stream/webrtc/.venv/lib/python3.12/site-packages/pip/_vendor/rich
[0.983s] copying web/stream/webrtc/.venv/lib/python3.12/site-packages/pip/_vendor/rich/panel.py -> /home/matthieu/ros2_ws/install/web_control/share/web_control/web/stream/webrtc/.venv/lib/python3.12/site-packages/pip/_vendor/rich
[0.983s] copying web/stream/webrtc/.venv/lib/python3.12/site-packages/pip/_vendor/rich/palette.py -> /home/matthieu/ros2_ws/install/web_control/share/web_control/web/stream/webrtc/.venv/lib/python3.12/site-packages/pip/_vendor/rich
[0.984s] copying web/stream/webrtc/.venv/lib/python3.12/site-packages/pip/_vendor/rich/region.py -> /home/matthieu/ros2_ws/install/web_control/share/web_control/web/stream/webrtc/.venv/lib/python3.12/site-packages/pip/_vendor/rich
[0.984s] copying web/stream/webrtc/.venv/lib/python3.12/site-packages/pip/_vendor/rich/terminal_theme.py -> /home/matthieu/ros2_ws/install/web_control/share/web_control/web/stream/webrtc/.venv/lib/python3.12/site-packages/pip/_vendor/rich
[0.984s] copying web/stream/webrtc/.venv/lib/python3.12/site-packages/pip/_vendor/rich/file_proxy.py -> /home/matthieu/ros2_ws/install/web_control/share/web_control/web/stream/webrtc/.venv/lib/python3.12/site-packages/pip/_vendor/rich
[0.984s] copying web/stream/webrtc/.venv/lib/python3.12/site-packages/pip/_vendor/rich/screen.py -> /home/matthieu/ros2_ws/install/web_control/share/web_control/web/stream/webrtc/.venv/lib/python3.12/site-packages/pip/_vendor/rich
[0.984s] copying web/stream/webrtc/.venv/lib/python3.12/site-packages/pip/_vendor/rich/layout.py -> /home/matthieu/ros2_ws/install/web_control/share/web_control/web/stream/webrtc/.venv/lib/python3.12/site-packages/pip/_vendor/rich
[0.984s] copying web/stream/webrtc/.venv/lib/python3.12/site-packages/pip/_vendor/rich/_emoji_codes.py -> /home/matthieu/ros2_ws/install/web_control/share/web_control/web/stream/webrtc/.venv/lib/python3.12/site-packages/pip/_vendor/rich
[0.984s] copying web/stream/webrtc/.venv/lib/python3.12/site-packages/pip/_vendor/rich/progress_bar.py -> /home/matthieu/ros2_ws/install/web_control/share/web_control/web/stream/webrtc/.venv/lib/python3.12/site-packages/pip/_vendor/rich
[0.984s] copying web/stream/webrtc/.venv/lib/python3.12/site-packages/pip/_vendor/rich/live_render.py -> /home/matthieu/ros2_ws/install/web_control/share/web_control/web/stream/webrtc/.venv/lib/python3.12/site-packages/pip/_vendor/rich
[0.984s] copying web/stream/webrtc/.venv/lib/python3.12/site-packages/pip/_vendor/rich/padding.py -> /home/matthieu/ros2_ws/install/web_control/share/web_control/web/stream/webrtc/.venv/lib/python3.12/site-packages/pip/_vendor/rich
[0.984s] copying web/stream/webrtc/.venv/lib/python3.12/site-packages/pip/_vendor/rich/_cell_widths.py -> /home/matthieu/ros2_ws/install/web_control/share/web_control/web/stream/webrtc/.venv/lib/python3.12/site-packages/pip/_vendor/rich
[0.985s] copying web/stream/webrtc/.venv/lib/python3.12/site-packages/pip/_vendor/rich/ansi.py -> /home/matthieu/ros2_ws/install/web_control/share/web_control/web/stream/webrtc/.venv/lib/python3.12/site-packages/pip/_vendor/rich
[0.985s] copying web/stream/webrtc/.venv/lib/python3.12/site-packages/pip/_vendor/rich/control.py -> /home/matthieu/ros2_ws/install/web_control/share/web_control/web/stream/webrtc/.venv/lib/python3.12/site-packages/pip/_vendor/rich
[0.985s] copying web/stream/webrtc/.venv/lib/python3.12/site-packages/pip/_vendor/rich/_fileno.py -> /home/matthieu/ros2_ws/install/web_control/share/web_control/web/stream/webrtc/.venv/lib/python3.12/site-packages/pip/_vendor/rich
[0.985s] copying web/stream/webrtc/.venv/lib/python3.12/site-packages/pip/_vendor/rich/_export_format.py -> /home/matthieu/ros2_ws/install/web_control/share/web_control/web/stream/webrtc/.venv/lib/python3.12/site-packages/pip/_vendor/rich
[0.985s] copying web/stream/webrtc/.venv/lib/python3.12/site-packages/pip/_vendor/rich/align.py -> /home/matthieu/ros2_ws/install/web_control/share/web_control/web/stream/webrtc/.venv/lib/python3.12/site-packages/pip/_vendor/rich
[0.985s] copying web/stream/webrtc/.venv/lib/python3.12/site-packages/pip/_vendor/rich/live.py -> /home/matthieu/ros2_ws/install/web_control/share/web_control/web/stream/webrtc/.venv/lib/python3.12/site-packages/pip/_vendor/rich
[0.985s] copying web/stream/webrtc/.venv/lib/python3.12/site-packages/pip/_vendor/rich/styled.py -> /home/matthieu/ros2_ws/install/web_control/share/web_control/web/stream/webrtc/.venv/lib/python3.12/site-packages/pip/_vendor/rich
[0.985s] copying web/stream/webrtc/.venv/lib/python3.12/site-packages/pip/_vendor/rich/columns.py -> /home/matthieu/ros2_ws/install/web_control/share/web_control/web/stream/webrtc/.venv/lib/python3.12/site-packages/pip/_vendor/rich
[0.985s] copying web/stream/webrtc/.venv/lib/python3.12/site-packages/pip/_vendor/rich/_ratio.py -> /home/matthieu/ros2_ws/install/web_control/share/web_control/web/stream/webrtc/.venv/lib/python3.12/site-packages/pip/_vendor/rich
[0.985s] copying web/stream/webrtc/.venv/lib/python3.12/site-packages/pip/_vendor/rich/prompt.py -> /home/matthieu/ros2_ws/install/web_control/share/web_control/web/stream/webrtc/.venv/lib/python3.12/site-packages/pip/_vendor/rich
[0.986s] copying web/stream/webrtc/.venv/lib/python3.12/site-packages/pip/_vendor/rich/diagnose.py -> /home/matthieu/ros2_ws/install/web_control/share/web_control/web/stream/webrtc/.venv/lib/python3.12/site-packages/pip/_vendor/rich
[0.986s] copying web/stream/webrtc/.venv/lib/python3.12/site-packages/pip/_vendor/rich/logging.py -> /home/matthieu/ros2_ws/install/web_control/share/web_control/web/stream/webrtc/.venv/lib/python3.12/site-packages/pip/_vendor/rich
[0.986s] copying web/stream/webrtc/.venv/lib/python3.12/site-packages/pip/_vendor/rich/default_styles.py -> /home/matthieu/ros2_ws/install/web_control/share/web_control/web/stream/webrtc/.venv/lib/python3.12/site-packages/pip/_vendor/rich
[0.986s] copying web/stream/webrtc/.venv/lib/python3.12/site-packages/pip/_vendor/rich/_inspect.py -> /home/matthieu/ros2_ws/install/web_control/share/web_control/web/stream/webrtc/.venv/lib/python3.12/site-packages/pip/_vendor/rich
[0.986s] copying web/stream/webrtc/.venv/lib/python3.12/site-packages/pip/_vendor/rich/text.py -> /home/matthieu/ros2_ws/install/web_control/share/web_control/web/stream/webrtc/.venv/lib/python3.12/site-packages/pip/_vendor/rich
[0.986s] copying web/stream/webrtc/.venv/lib/python3.12/site-packages/pip/_vendor/rich/_log_render.py -> /home/matthieu/ros2_ws/install/web_control/share/web_control/web/stream/webrtc/.venv/lib/python3.12/site-packages/pip/_vendor/rich
[0.986s] copying web/stream/webrtc/.venv/lib/python3.12/site-packages/pip/_vendor/rich/spinner.py -> /home/matthieu/ros2_ws/install/web_control/share/web_control/web/stream/webrtc/.venv/lib/python3.12/site-packages/pip/_vendor/rich
[0.986s] copying web/stream/webrtc/.venv/lib/python3.12/site-packages/pip/_vendor/rich/repr.py -> /home/matthieu/ros2_ws/install/web_control/share/web_control/web/stream/webrtc/.venv/lib/python3.12/site-packages/pip/_vendor/rich
[0.986s] copying web/stream/webrtc/.venv/lib/python3.12/site-packages/pip/_vendor/rich/containers.py -> /home/matthieu/ros2_ws/install/web_control/share/web_control/web/stream/webrtc/.venv/lib/python3.12/site-packages/pip/_vendor/rich
[0.986s] copying web/stream/webrtc/.venv/lib/python3.12/site-packages/pip/_vendor/rich/_palettes.py -> /home/matthieu/ros2_ws/install/web_control/share/web_control/web/stream/webrtc/.venv/lib/python3.12/site-packages/pip/_vendor/rich
[0.986s] copying web/stream/webrtc/.venv/lib/python3.12/site-packages/pip/_vendor/rich/style.py -> /home/matthieu/ros2_ws/install/web_control/share/web_control/web/stream/webrtc/.venv/lib/python3.12/site-packages/pip/_vendor/rich
[0.986s] copying web/stream/webrtc/.venv/lib/python3.12/site-packages/pip/_vendor/rich/jupyter.py -> /home/matthieu/ros2_ws/install/web_control/share/web_control/web/stream/webrtc/.venv/lib/python3.12/site-packages/pip/_vendor/rich
[0.987s] copying web/stream/webrtc/.venv/lib/python3.12/site-packages/pip/_vendor/rich/highlighter.py -> /home/matthieu/ros2_ws/install/web_control/share/web_control/web/stream/webrtc/.venv/lib/python3.12/site-packages/pip/_vendor/rich
[0.987s] copying web/stream/webrtc/.venv/lib/python3.12/site-packages/pip/_vendor/rich/_extension.py -> /home/matthieu/ros2_ws/install/web_control/share/web_control/web/stream/webrtc/.venv/lib/python3.12/site-packages/pip/_vendor/rich
[0.987s] copying web/stream/webrtc/.venv/lib/python3.12/site-packages/pip/_vendor/rich/errors.py -> /home/matthieu/ros2_ws/install/web_control/share/web_control/web/stream/webrtc/.venv/lib/python3.12/site-packages/pip/_vendor/rich
[0.987s] copying web/stream/webrtc/.venv/lib/python3.12/site-packages/pip/_vendor/rich/__main__.py -> /home/matthieu/ros2_ws/install/web_control/share/web_control/web/stream/webrtc/.venv/lib/python3.12/site-packages/pip/_vendor/rich
[0.987s] copying web/stream/webrtc/.venv/lib/python3.12/site-packages/pip/_vendor/rich/table.py -> /home/matthieu/ros2_ws/install/web_control/share/web_control/web/stream/webrtc/.venv/lib/python3.12/site-packages/pip/_vendor/rich
[0.987s] copying web/stream/webrtc/.venv/lib/python3.12/site-packages/pip/_vendor/rich/console.py -> /home/matthieu/ros2_ws/install/web_control/share/web_control/web/stream/webrtc/.venv/lib/python3.12/site-packages/pip/_vendor/rich
[0.987s] copying web/stream/webrtc/.venv/lib/python3.12/site-packages/pip/_vendor/rich/_stack.py -> /home/matthieu/ros2_ws/install/web_control/share/web_control/web/stream/webrtc/.venv/lib/python3.12/site-packages/pip/_vendor/rich
[0.987s] copying web/stream/webrtc/.venv/lib/python3.12/site-packages/pip/_vendor/rich/measure.py -> /home/matthieu/ros2_ws/install/web_control/share/web_control/web/stream/webrtc/.venv/lib/python3.12/site-packages/pip/_vendor/rich
[0.987s] copying web/stream/webrtc/.venv/lib/python3.12/site-packages/pip/_vendor/rich/_null_file.py -> /home/matthieu/ros2_ws/install/web_control/share/web_control/web/stream/webrtc/.venv/lib/python3.12/site-packages/pip/_vendor/rich
[0.987s] copying web/stream/webrtc/.venv/lib/python3.12/site-packages/pip/_vendor/rich/syntax.py -> /home/matthieu/ros2_ws/install/web_control/share/web_control/web/stream/webrtc/.venv/lib/python3.12/site-packages/pip/_vendor/rich
[0.987s] copying web/stream/webrtc/.venv/lib/python3.12/site-packages/pip/_vendor/rich/color_triplet.py -> /home/matthieu/ros2_ws/install/web_control/share/web_control/web/stream/webrtc/.venv/lib/python3.12/site-packages/pip/_vendor/rich
[0.987s] copying web/stream/webrtc/.venv/lib/python3.12/site-packages/pip/_vendor/rich/bar.py -> /home/matthieu/ros2_ws/install/web_control/share/web_control/web/stream/webrtc/.venv/lib/python3.12/site-packages/pip/_vendor/rich
[0.987s] copying web/stream/webrtc/.venv/lib/python3.12/site-packages/pip/_vendor/rich/abc.py -> /home/matthieu/ros2_ws/install/web_control/share/web_control/web/stream/webrtc/.venv/lib/python3.12/site-packages/pip/_vendor/rich
[0.987s] copying web/stream/webrtc/.venv/lib/python3.12/site-packages/pip/_vendor/rich/_wrap.py -> /home/matthieu/ros2_ws/install/web_control/share/web_control/web/stream/webrtc/.venv/lib/python3.12/site-packages/pip/_vendor/rich
[0.987s] copying web/stream/webrtc/.venv/lib/python3.12/site-packages/pip/_vendor/rich/constrain.py -> /home/matthieu/ros2_ws/install/web_control/share/web_control/web/stream/webrtc/.venv/lib/python3.12/site-packages/pip/_vendor/rich
[0.988s] copying web/stream/webrtc/.venv/lib/python3.12/site-packages/pip/_vendor/rich/segment.py -> /home/matthieu/ros2_ws/install/web_control/share/web_control/web/stream/webrtc/.venv/lib/python3.12/site-packages/pip/_vendor/rich
[0.988s] copying web/stream/webrtc/.venv/lib/python3.12/site-packages/pip/_vendor/rich/_windows.py -> /home/matthieu/ros2_ws/install/web_control/share/web_control/web/stream/webrtc/.venv/lib/python3.12/site-packages/pip/_vendor/rich
[0.988s] copying web/stream/webrtc/.venv/lib/python3.12/site-packages/pip/_vendor/rich/protocol.py -> /home/matthieu/ros2_ws/install/web_control/share/web_control/web/stream/webrtc/.venv/lib/python3.12/site-packages/pip/_vendor/rich
[0.988s] copying web/stream/webrtc/.venv/lib/python3.12/site-packages/pip/_vendor/rich/rule.py -> /home/matthieu/ros2_ws/install/web_control/share/web_control/web/stream/webrtc/.venv/lib/python3.12/site-packages/pip/_vendor/rich
[0.988s] copying web/stream/webrtc/.venv/lib/python3.12/site-packages/pip/_vendor/rich/_timer.py -> /home/matthieu/ros2_ws/install/web_control/share/web_control/web/stream/webrtc/.venv/lib/python3.12/site-packages/pip/_vendor/rich
[0.988s] copying web/stream/webrtc/.venv/lib/python3.12/site-packages/pip/_vendor/rich/_win32_console.py -> /home/matthieu/ros2_ws/install/web_control/share/web_control/web/stream/webrtc/.venv/lib/python3.12/site-packages/pip/_vendor/rich
[0.988s] copying web/stream/webrtc/.venv/lib/python3.12/site-packages/pip/_vendor/rich/_emoji_replace.py -> /home/matthieu/ros2_ws/install/web_control/share/web_control/web/stream/webrtc/.venv/lib/python3.12/site-packages/pip/_vendor/rich
[0.988s] copying web/stream/webrtc/.venv/lib/python3.12/site-packages/pip/_vendor/rich/json.py -> /home/matthieu/ros2_ws/install/web_control/share/web_control/web/stream/webrtc/.venv/lib/python3.12/site-packages/pip/_vendor/rich
[0.988s] copying web/stream/webrtc/.venv/lib/python3.12/site-packages/pip/_vendor/rich/color.py -> /home/matthieu/ros2_ws/install/web_control/share/web_control/web/stream/webrtc/.venv/lib/python3.12/site-packages/pip/_vendor/rich
[0.988s] copying web/stream/webrtc/.venv/lib/python3.12/site-packages/pip/_vendor/rich/traceback.py -> /home/matthieu/ros2_ws/install/web_control/share/web_control/web/stream/webrtc/.venv/lib/python3.12/site-packages/pip/_vendor/rich
[0.988s] copying web/stream/webrtc/.venv/lib/python3.12/site-packages/pip/_vendor/rich/themes.py -> /home/matthieu/ros2_ws/install/web_control/share/web_control/web/stream/webrtc/.venv/lib/python3.12/site-packages/pip/_vendor/rich
[0.988s] copying web/stream/webrtc/.venv/lib/python3.12/site-packages/pip/_vendor/rich/pager.py -> /home/matthieu/ros2_ws/install/web_control/share/web_control/web/stream/webrtc/.venv/lib/python3.12/site-packages/pip/_vendor/rich
[0.988s] copying web/stream/webrtc/.venv/lib/python3.12/site-packages/pip/_vendor/rich/tree.py -> /home/matthieu/ros2_ws/install/web_control/share/web_control/web/stream/webrtc/.venv/lib/python3.12/site-packages/pip/_vendor/rich
[0.988s] copying web/stream/webrtc/.venv/lib/python3.12/site-packages/pip/_vendor/rich/_windows_renderer.py -> /home/matthieu/ros2_ws/install/web_control/share/web_control/web/stream/webrtc/.venv/lib/python3.12/site-packages/pip/_vendor/rich
[0.988s] copying web/stream/webrtc/.venv/lib/python3.12/site-packages/pip/_vendor/rich/__init__.py -> /home/matthieu/ros2_ws/install/web_control/share/web_control/web/stream/webrtc/.venv/lib/python3.12/site-packages/pip/_vendor/rich
[0.988s] copying web/stream/webrtc/.venv/lib/python3.12/site-packages/pip/_vendor/rich/markup.py -> /home/matthieu/ros2_ws/install/web_control/share/web_control/web/stream/webrtc/.venv/lib/python3.12/site-packages/pip/_vendor/rich
[0.989s] creating /home/matthieu/ros2_ws/install/web_control/share/web_control/web/stream/webrtc/.venv/lib/python3.12/site-packages/pip/_vendor/rich/__pycache__
[0.989s] copying web/stream/webrtc/.venv/lib/python3.12/site-packages/pip/_vendor/rich/__pycache__/layout.cpython-312.pyc -> /home/matthieu/ros2_ws/install/web_control/share/web_control/web/stream/webrtc/.venv/lib/python3.12/site-packages/pip/_vendor/rich/__pycache__
[0.989s] copying web/stream/webrtc/.venv/lib/python3.12/site-packages/pip/_vendor/rich/__pycache__/_ratio.cpython-312.pyc -> /home/matthieu/ros2_ws/install/web_control/share/web_control/web/stream/webrtc/.venv/lib/python3.12/site-packages/pip/_vendor/rich/__pycache__
[0.989s] copying web/stream/webrtc/.venv/lib/python3.12/site-packages/pip/_vendor/rich/__pycache__/markup.cpython-312.pyc -> /home/matthieu/ros2_ws/install/web_control/share/web_control/web/stream/webrtc/.venv/lib/python3.12/site-packages/pip/_vendor/rich/__pycache__
[0.989s] copying web/stream/webrtc/.venv/lib/python3.12/site-packages/pip/_vendor/rich/__pycache__/_extension.cpython-312.pyc -> /home/matthieu/ros2_ws/install/web_control/share/web_control/web/stream/webrtc/.venv/lib/python3.12/site-packages/pip/_vendor/rich/__pycache__
[0.989s] copying web/stream/webrtc/.venv/lib/python3.12/site-packages/pip/_vendor/rich/__pycache__/bar.cpython-312.pyc -> /home/matthieu/ros2_ws/install/web_control/share/web_control/web/stream/webrtc/.venv/lib/python3.12/site-packages/pip/_vendor/rich/__pycache__
[0.989s] copying web/stream/webrtc/.venv/lib/python3.12/site-packages/pip/_vendor/rich/__pycache__/measure.cpython-312.pyc -> /home/matthieu/ros2_ws/install/web_control/share/web_control/web/stream/webrtc/.venv/lib/python3.12/site-packages/pip/_vendor/rich/__pycache__
[0.989s] copying web/stream/webrtc/.venv/lib/python3.12/site-packages/pip/_vendor/rich/__pycache__/_cell_widths.cpython-312.pyc -> /home/matthieu/ros2_ws/install/web_control/share/web_control/web/stream/webrtc/.venv/lib/python3.12/site-packages/pip/_vendor/rich/__pycache__
[0.989s] copying web/stream/webrtc/.venv/lib/python3.12/site-packages/pip/_vendor/rich/__pycache__/errors.cpython-312.pyc -> /home/matthieu/ros2_ws/install/web_control/share/web_control/web/stream/webrtc/.venv/lib/python3.12/site-packages/pip/_vendor/rich/__pycache__
[0.989s] copying web/stream/webrtc/.venv/lib/python3.12/site-packages/pip/_vendor/rich/__pycache__/_inspect.cpython-312.pyc -> /home/matthieu/ros2_ws/install/web_control/share/web_control/web/stream/webrtc/.venv/lib/python3.12/site-packages/pip/_vendor/rich/__pycache__
[0.989s] copying web/stream/webrtc/.venv/lib/python3.12/site-packages/pip/_vendor/rich/__pycache__/themes.cpython-312.pyc -> /home/matthieu/ros2_ws/install/web_control/share/web_control/web/stream/webrtc/.venv/lib/python3.12/site-packages/pip/_vendor/rich/__pycache__
[0.989s] copying web/stream/webrtc/.venv/lib/python3.12/site-packages/pip/_vendor/rich/__pycache__/containers.cpython-312.pyc -> /home/matthieu/ros2_ws/install/web_control/share/web_control/web/stream/webrtc/.venv/lib/python3.12/site-packages/pip/_vendor/rich/__pycache__
[0.989s] copying web/stream/webrtc/.venv/lib/python3.12/site-packages/pip/_vendor/rich/__pycache__/_pick.cpython-312.pyc -> /home/matthieu/ros2_ws/install/web_control/share/web_control/web/stream/webrtc/.venv/lib/python3.12/site-packages/pip/_vendor/rich/__pycache__
[0.989s] copying web/stream/webrtc/.venv/lib/python3.12/site-packages/pip/_vendor/rich/__pycache__/region.cpython-312.pyc -> /home/matthieu/ros2_ws/install/web_control/share/web_control/web/stream/webrtc/.venv/lib/python3.12/site-packages/pip/_vendor/rich/__pycache__
[0.989s] copying web/stream/webrtc/.venv/lib/python3.12/site-packages/pip/_vendor/rich/__pycache__/_loop.cpython-312.pyc -> /home/matthieu/ros2_ws/install/web_control/share/web_control/web/stream/webrtc/.venv/lib/python3.12/site-packages/pip/_vendor/rich/__pycache__
[0.989s] copying web/stream/webrtc/.venv/lib/python3.12/site-packages/pip/_vendor/rich/__pycache__/_windows.cpython-312.pyc -> /home/matthieu/ros2_ws/install/web_control/share/web_control/web/stream/webrtc/.venv/lib/python3.12/site-packages/pip/_vendor/rich/__pycache__
[0.990s] copying web/stream/webrtc/.venv/lib/python3.12/site-packages/pip/_vendor/rich/__pycache__/progress_bar.cpython-312.pyc -> /home/matthieu/ros2_ws/install/web_control/share/web_control/web/stream/webrtc/.venv/lib/python3.12/site-packages/pip/_vendor/rich/__pycache__
[0.990s] copying web/stream/webrtc/.venv/lib/python3.12/site-packages/pip/_vendor/rich/__pycache__/repr.cpython-312.pyc -> /home/matthieu/ros2_ws/install/web_control/share/web_control/web/stream/webrtc/.venv/lib/python3.12/site-packages/pip/_vendor/rich/__pycache__
[0.990s] copying web/stream/webrtc/.venv/lib/python3.12/site-packages/pip/_vendor/rich/__pycache__/jupyter.cpython-312.pyc -> /home/matthieu/ros2_ws/install/web_control/share/web_control/web/stream/webrtc/.venv/lib/python3.12/site-packages/pip/_vendor/rich/__pycache__
[0.990s] copying web/stream/webrtc/.venv/lib/python3.12/site-packages/pip/_vendor/rich/__pycache__/rule.cpython-312.pyc -> /home/matthieu/ros2_ws/install/web_control/share/web_control/web/stream/webrtc/.venv/lib/python3.12/site-packages/pip/_vendor/rich/__pycache__
[0.990s] copying web/stream/webrtc/.venv/lib/python3.12/site-packages/pip/_vendor/rich/__pycache__/traceback.cpython-312.pyc -> /home/matthieu/ros2_ws/install/web_control/share/web_control/web/stream/webrtc/.venv/lib/python3.12/site-packages/pip/_vendor/rich/__pycache__
[0.990s] copying web/stream/webrtc/.venv/lib/python3.12/site-packages/pip/_vendor/rich/__pycache__/_export_format.cpython-312.pyc -> /home/matthieu/ros2_ws/install/web_control/share/web_control/web/stream/webrtc/.venv/lib/python3.12/site-packages/pip/_vendor/rich/__pycache__
[0.990s] copying web/stream/webrtc/.venv/lib/python3.12/site-packages/pip/_vendor/rich/__pycache__/constrain.cpython-312.pyc -> /home/matthieu/ros2_ws/install/web_control/share/web_control/web/stream/webrtc/.venv/lib/python3.12/site-packages/pip/_vendor/rich/__pycache__
[0.990s] copying web/stream/webrtc/.venv/lib/python3.12/site-packages/pip/_vendor/rich/__pycache__/_emoji_codes.cpython-312.pyc -> /home/matthieu/ros2_ws/install/web_control/share/web_control/web/stream/webrtc/.venv/lib/python3.12/site-packages/pip/_vendor/rich/__pycache__
[0.990s] copying web/stream/webrtc/.venv/lib/python3.12/site-packages/pip/_vendor/rich/__pycache__/_fileno.cpython-312.pyc -> /home/matthieu/ros2_ws/install/web_control/share/web_control/web/stream/webrtc/.venv/lib/python3.12/site-packages/pip/_vendor/rich/__pycache__
[0.990s] copying web/stream/webrtc/.venv/lib/python3.12/site-packages/pip/_vendor/rich/__pycache__/default_styles.cpython-312.pyc -> /home/matthieu/ros2_ws/install/web_control/share/web_control/web/stream/webrtc/.venv/lib/python3.12/site-packages/pip/_vendor/rich/__pycache__
[0.990s] copying web/stream/webrtc/.venv/lib/python3.12/site-packages/pip/_vendor/rich/__pycache__/segment.cpython-312.pyc -> /home/matthieu/ros2_ws/install/web_control/share/web_control/web/stream/webrtc/.venv/lib/python3.12/site-packages/pip/_vendor/rich/__pycache__
[0.990s] copying web/stream/webrtc/.venv/lib/python3.12/site-packages/pip/_vendor/rich/__pycache__/status.cpython-312.pyc -> /home/matthieu/ros2_ws/install/web_control/share/web_control/web/stream/webrtc/.venv/lib/python3.12/site-packages/pip/_vendor/rich/__pycache__
[0.990s] copying web/stream/webrtc/.venv/lib/python3.12/site-packages/pip/_vendor/rich/__pycache__/prompt.cpython-312.pyc -> /home/matthieu/ros2_ws/install/web_control/share/web_control/web/stream/webrtc/.venv/lib/python3.12/site-packages/pip/_vendor/rich/__pycache__
[0.991s] copying web/stream/webrtc/.venv/lib/python3.12/site-packages/pip/_vendor/rich/__pycache__/highlighter.cpython-312.pyc -> /home/matthieu/ros2_ws/install/web_control/share/web_control/web/stream/webrtc/.venv/lib/python3.12/site-packages/pip/_vendor/rich/__pycache__
[0.991s] copying web/stream/webrtc/.venv/lib/python3.12/site-packages/pip/_vendor/rich/__pycache__/abc.cpython-312.pyc -> /home/matthieu/ros2_ws/install/web_control/share/web_control/web/stream/webrtc/.venv/lib/python3.12/site-packages/pip/_vendor/rich/__pycache__
[0.991s] copying web/stream/webrtc/.venv/lib/python3.12/site-packages/pip/_vendor/rich/__pycache__/pager.cpython-312.pyc -> /home/matthieu/ros2_ws/install/web_control/share/web_control/web/stream/webrtc/.venv/lib/python3.12/site-packages/pip/_vendor/rich/__pycache__
[0.991s] copying web/stream/webrtc/.venv/lib/python3.12/site-packages/pip/_vendor/rich/__pycache__/box.cpython-312.pyc -> /home/matthieu/ros2_ws/install/web_control/share/web_control/web/stream/webrtc/.venv/lib/python3.12/site-packages/pip/_vendor/rich/__pycache__
[0.991s] copying web/stream/webrtc/.venv/lib/python3.12/site-packages/pip/_vendor/rich/__pycache__/control.cpython-312.pyc -> /home/matthieu/ros2_ws/install/web_control/share/web_control/web/stream/webrtc/.venv/lib/python3.12/site-packages/pip/_vendor/rich/__pycache__
[0.991s] copying web/stream/webrtc/.venv/lib/python3.12/site-packages/pip/_vendor/rich/__pycache__/_null_file.cpython-312.pyc -> /home/matthieu/ros2_ws/install/web_control/share/web_control/web/stream/webrtc/.venv/lib/python3.12/site-packages/pip/_vendor/rich/__pycache__
[0.991s] copying web/stream/webrtc/.venv/lib/python3.12/site-packages/pip/_vendor/rich/__pycache__/live.cpython-312.pyc -> /home/matthieu/ros2_ws/install/web_control/share/web_control/web/stream/webrtc/.venv/lib/python3.12/site-packages/pip/_vendor/rich/__pycache__
[0.991s] copying web/stream/webrtc/.venv/lib/python3.12/site-packages/pip/_vendor/rich/__pycache__/screen.cpython-312.pyc -> /home/matthieu/ros2_ws/install/web_control/share/web_control/web/stream/webrtc/.venv/lib/python3.12/site-packages/pip/_vendor/rich/__pycache__
[0.991s] copying web/stream/webrtc/.venv/lib/python3.12/site-packages/pip/_vendor/rich/__pycache__/columns.cpython-312.pyc -> /home/matthieu/ros2_ws/install/web_control/share/web_control/web/stream/webrtc/.venv/lib/python3.12/site-packages/pip/_vendor/rich/__pycache__
[0.991s] copying web/stream/webrtc/.venv/lib/python3.12/site-packages/pip/_vendor/rich/__pycache__/_palettes.cpython-312.pyc -> /home/matthieu/ros2_ws/install/web_control/share/web_control/web/stream/webrtc/.venv/lib/python3.12/site-packages/pip/_vendor/rich/__pycache__
[0.991s] copying web/stream/webrtc/.venv/lib/python3.12/site-packages/pip/_vendor/rich/__pycache__/color.cpython-312.pyc -> /home/matthieu/ros2_ws/install/web_control/share/web_control/web/stream/webrtc/.venv/lib/python3.12/site-packages/pip/_vendor/rich/__pycache__
[0.991s] copying web/stream/webrtc/.venv/lib/python3.12/site-packages/pip/_vendor/rich/__pycache__/_emoji_replace.cpython-312.pyc -> /home/matthieu/ros2_ws/install/web_control/share/web_control/web/stream/webrtc/.venv/lib/python3.12/site-packages/pip/_vendor/rich/__pycache__
[0.991s] copying web/stream/webrtc/.venv/lib/python3.12/site-packages/pip/_vendor/rich/__pycache__/_timer.cpython-312.pyc -> /home/matthieu/ros2_ws/install/web_control/share/web_control/web/stream/webrtc/.venv/lib/python3.12/site-packages/pip/_vendor/rich/__pycache__
[0.991s] copying web/stream/webrtc/.venv/lib/python3.12/site-packages/pip/_vendor/rich/__pycache__/_win32_console.cpython-312.pyc -> /home/matthieu/ros2_ws/install/web_control/share/web_control/web/stream/webrtc/.venv/lib/python3.12/site-packages/pip/_vendor/rich/__pycache__
[0.991s] copying web/stream/webrtc/.venv/lib/python3.12/site-packages/pip/_vendor/rich/__pycache__/terminal_theme.cpython-312.pyc -> /home/matthieu/ros2_ws/install/web_control/share/web_control/web/stream/webrtc/.venv/lib/python3.12/site-packages/pip/_vendor/rich/__pycache__
[0.992s] copying web/stream/webrtc/.venv/lib/python3.12/site-packages/pip/_vendor/rich/__pycache__/_log_render.cpython-312.pyc -> /home/matthieu/ros2_ws/install/web_control/share/web_control/web/stream/webrtc/.venv/lib/python3.12/site-packages/pip/_vendor/rich/__pycache__
[0.992s] copying web/stream/webrtc/.venv/lib/python3.12/site-packages/pip/_vendor/rich/__pycache__/style.cpython-312.pyc -> /home/matthieu/ros2_ws/install/web_control/share/web_control/web/stream/webrtc/.venv/lib/python3.12/site-packages/pip/_vendor/rich/__pycache__
[0.992s] copying web/stream/webrtc/.venv/lib/python3.12/site-packages/pip/_vendor/rich/__pycache__/logging.cpython-312.pyc -> /home/matthieu/ros2_ws/install/web_control/share/web_control/web/stream/webrtc/.venv/lib/python3.12/site-packages/pip/_vendor/rich/__pycache__
[0.992s] copying web/stream/webrtc/.venv/lib/python3.12/site-packages/pip/_vendor/rich/__pycache__/progress.cpython-312.pyc -> /home/matthieu/ros2_ws/install/web_control/share/web_control/web/stream/webrtc/.venv/lib/python3.12/site-packages/pip/_vendor/rich/__pycache__
[0.992s] copying web/stream/webrtc/.venv/lib/python3.12/site-packages/pip/_vendor/rich/__pycache__/diagnose.cpython-312.pyc -> /home/matthieu/ros2_ws/install/web_control/share/web_control/web/stream/webrtc/.venv/lib/python3.12/site-packages/pip/_vendor/rich/__pycache__
[0.992s] copying web/stream/webrtc/.venv/lib/python3.12/site-packages/pip/_vendor/rich/__pycache__/__main__.cpython-312.pyc -> /home/matthieu/ros2_ws/install/web_control/share/web_control/web/stream/webrtc/.venv/lib/python3.12/site-packages/pip/_vendor/rich/__pycache__
[0.992s] copying web/stream/webrtc/.venv/lib/python3.12/site-packages/pip/_vendor/rich/__pycache__/table.cpython-312.pyc -> /home/matthieu/ros2_ws/install/web_control/share/web_control/web/stream/webrtc/.venv/lib/python3.12/site-packages/pip/_vendor/rich/__pycache__
[0.992s] copying web/stream/webrtc/.venv/lib/python3.12/site-packages/pip/_vendor/rich/__pycache__/spinner.cpython-312.pyc -> /home/matthieu/ros2_ws/install/web_control/share/web_control/web/stream/webrtc/.venv/lib/python3.12/site-packages/pip/_vendor/rich/__pycache__
[0.992s] copying web/stream/webrtc/.venv/lib/python3.12/site-packages/pip/_vendor/rich/__pycache__/cells.cpython-312.pyc -> /home/matthieu/ros2_ws/install/web_control/share/web_control/web/stream/webrtc/.venv/lib/python3.12/site-packages/pip/_vendor/rich/__pycache__
[0.992s] copying web/stream/webrtc/.venv/lib/python3.12/site-packages/pip/_vendor/rich/__pycache__/protocol.cpython-312.pyc -> /home/matthieu/ros2_ws/install/web_control/share/web_control/web/stream/webrtc/.venv/lib/python3.12/site-packages/pip/_vendor/rich/__pycache__
[0.992s] copying web/stream/webrtc/.venv/lib/python3.12/site-packages/pip/_vendor/rich/__pycache__/syntax.cpython-312.pyc -> /home/matthieu/ros2_ws/install/web_control/share/web_control/web/stream/webrtc/.venv/lib/python3.12/site-packages/pip/_vendor/rich/__pycache__
[0.992s] copying web/stream/webrtc/.venv/lib/python3.12/site-packages/pip/_vendor/rich/__pycache__/filesize.cpython-312.pyc -> /home/matthieu/ros2_ws/install/web_control/share/web_control/web/stream/webrtc/.venv/lib/python3.12/site-packages/pip/_vendor/rich/__pycache__
[0.992s] copying web/stream/webrtc/.venv/lib/python3.12/site-packages/pip/_vendor/rich/__pycache__/console.cpython-312.pyc -> /home/matthieu/ros2_ws/install/web_control/share/web_control/web/stream/webrtc/.venv/lib/python3.12/site-packages/pip/_vendor/rich/__pycache__
[0.993s] copying web/stream/webrtc/.venv/lib/python3.12/site-packages/pip/_vendor/rich/__pycache__/text.cpython-312.pyc -> /home/matthieu/ros2_ws/install/web_control/share/web_control/web/stream/webrtc/.venv/lib/python3.12/site-packages/pip/_vendor/rich/__pycache__
[0.993s] copying web/stream/webrtc/.venv/lib/python3.12/site-packages/pip/_vendor/rich/__pycache__/tree.cpython-312.pyc -> /home/matthieu/ros2_ws/install/web_control/share/web_control/web/stream/webrtc/.venv/lib/python3.12/site-packages/pip/_vendor/rich/__pycache__
[0.993s] copying web/stream/webrtc/.venv/lib/python3.12/site-packages/pip/_vendor/rich/__pycache__/styled.cpython-312.pyc -> /home/matthieu/ros2_ws/install/web_control/share/web_control/web/stream/webrtc/.venv/lib/python3.12/site-packages/pip/_vendor/rich/__pycache__
[0.993s] copying web/stream/webrtc/.venv/lib/python3.12/site-packages/pip/_vendor/rich/__pycache__/live_render.cpython-312.pyc -> /home/matthieu/ros2_ws/install/web_control/share/web_control/web/stream/webrtc/.venv/lib/python3.12/site-packages/pip/_vendor/rich/__pycache__
[0.993s] copying web/stream/webrtc/.venv/lib/python3.12/site-packages/pip/_vendor/rich/__pycache__/__init__.cpython-312.pyc -> /home/matthieu/ros2_ws/install/web_control/share/web_control/web/stream/webrtc/.venv/lib/python3.12/site-packages/pip/_vendor/rich/__pycache__
[0.993s] copying web/stream/webrtc/.venv/lib/python3.12/site-packages/pip/_vendor/rich/__pycache__/theme.cpython-312.pyc -> /home/matthieu/ros2_ws/install/web_control/share/web_control/web/stream/webrtc/.venv/lib/python3.12/site-packages/pip/_vendor/rich/__pycache__
[0.993s] copying web/stream/webrtc/.venv/lib/python3.12/site-packages/pip/_vendor/rich/__pycache__/ansi.cpython-312.pyc -> /home/matthieu/ros2_ws/install/web_control/share/web_control/web/stream/webrtc/.venv/lib/python3.12/site-packages/pip/_vendor/rich/__pycache__
[0.993s] copying web/stream/webrtc/.venv/lib/python3.12/site-packages/pip/_vendor/rich/__pycache__/file_proxy.cpython-312.pyc -> /home/matthieu/ros2_ws/install/web_control/share/web_control/web/stream/webrtc/.venv/lib/python3.12/site-packages/pip/_vendor/rich/__pycache__
[0.993s] copying web/stream/webrtc/.venv/lib/python3.12/site-packages/pip/_vendor/rich/__pycache__/_stack.cpython-312.pyc -> /home/matthieu/ros2_ws/install/web_control/share/web_control/web/stream/webrtc/.venv/lib/python3.12/site-packages/pip/_vendor/rich/__pycache__
[0.993s] copying web/stream/webrtc/.venv/lib/python3.12/site-packages/pip/_vendor/rich/__pycache__/scope.cpython-312.pyc -> /home/matthieu/ros2_ws/install/web_control/share/web_control/web/stream/webrtc/.venv/lib/python3.12/site-packages/pip/_vendor/rich/__pycache__
[0.993s] copying web/stream/webrtc/.venv/lib/python3.12/site-packages/pip/_vendor/rich/__pycache__/color_triplet.cpython-312.pyc -> /home/matthieu/ros2_ws/install/web_control/share/web_control/web/stream/webrtc/.venv/lib/python3.12/site-packages/pip/_vendor/rich/__pycache__
[0.994s] copying web/stream/webrtc/.venv/lib/python3.12/site-packages/pip/_vendor/rich/__pycache__/emoji.cpython-312.pyc -> /home/matthieu/ros2_ws/install/web_control/share/web_control/web/stream/webrtc/.venv/lib/python3.12/site-packages/pip/_vendor/rich/__pycache__
[0.994s] copying web/stream/webrtc/.venv/lib/python3.12/site-packages/pip/_vendor/rich/__pycache__/json.cpython-312.pyc -> /home/matthieu/ros2_ws/install/web_control/share/web_control/web/stream/webrtc/.venv/lib/python3.12/site-packages/pip/_vendor/rich/__pycache__
[0.994s] copying web/stream/webrtc/.venv/lib/python3.12/site-packages/pip/_vendor/rich/__pycache__/panel.cpython-312.pyc -> /home/matthieu/ros2_ws/install/web_control/share/web_control/web/stream/webrtc/.venv/lib/python3.12/site-packages/pip/_vendor/rich/__pycache__
[0.994s] copying web/stream/webrtc/.venv/lib/python3.12/site-packages/pip/_vendor/rich/__pycache__/_wrap.cpython-312.pyc -> /home/matthieu/ros2_ws/install/web_control/share/web_control/web/stream/webrtc/.venv/lib/python3.12/site-packages/pip/_vendor/rich/__pycache__
[0.994s] copying web/stream/webrtc/.venv/lib/python3.12/site-packages/pip/_vendor/rich/__pycache__/_spinners.cpython-312.pyc -> /home/matthieu/ros2_ws/install/web_control/share/web_control/web/stream/webrtc/.venv/lib/python3.12/site-packages/pip/_vendor/rich/__pycache__
[0.994s] copying web/stream/webrtc/.venv/lib/python3.12/site-packages/pip/_vendor/rich/__pycache__/_windows_renderer.cpython-312.pyc -> /home/matthieu/ros2_ws/install/web_control/share/web_control/web/stream/webrtc/.venv/lib/python3.12/site-packages/pip/_vendor/rich/__pycache__
[0.994s] copying web/stream/webrtc/.venv/lib/python3.12/site-packages/pip/_vendor/rich/__pycache__/align.cpython-312.pyc -> /home/matthieu/ros2_ws/install/web_control/share/web_control/web/stream/webrtc/.venv/lib/python3.12/site-packages/pip/_vendor/rich/__pycache__
[0.994s] copying web/stream/webrtc/.venv/lib/python3.12/site-packages/pip/_vendor/rich/__pycache__/pretty.cpython-312.pyc -> /home/matthieu/ros2_ws/install/web_control/share/web_control/web/stream/webrtc/.venv/lib/python3.12/site-packages/pip/_vendor/rich/__pycache__
[0.994s] copying web/stream/webrtc/.venv/lib/python3.12/site-packages/pip/_vendor/rich/__pycache__/palette.cpython-312.pyc -> /home/matthieu/ros2_ws/install/web_control/share/web_control/web/stream/webrtc/.venv/lib/python3.12/site-packages/pip/_vendor/rich/__pycache__
[0.994s] copying web/stream/webrtc/.venv/lib/python3.12/site-packages/pip/_vendor/rich/__pycache__/padding.cpython-312.pyc -> /home/matthieu/ros2_ws/install/web_control/share/web_control/web/stream/webrtc/.venv/lib/python3.12/site-packages/pip/_vendor/rich/__pycache__
[0.994s] creating /home/matthieu/ros2_ws/install/web_control/share/web_control/web/stream/webrtc/.venv/lib/python3.12/site-packages/pip/_vendor/resolvelib
[0.994s] copying web/stream/webrtc/.venv/lib/python3.12/site-packages/pip/_vendor/resolvelib/resolvers.py -> /home/matthieu/ros2_ws/install/web_control/share/web_control/web/stream/webrtc/.venv/lib/python3.12/site-packages/pip/_vendor/resolvelib
[0.994s] copying web/stream/webrtc/.venv/lib/python3.12/site-packages/pip/_vendor/resolvelib/reporters.py -> /home/matthieu/ros2_ws/install/web_control/share/web_control/web/stream/webrtc/.venv/lib/python3.12/site-packages/pip/_vendor/resolvelib
[0.994s] copying web/stream/webrtc/.venv/lib/python3.12/site-packages/pip/_vendor/resolvelib/structs.py -> /home/matthieu/ros2_ws/install/web_control/share/web_control/web/stream/webrtc/.venv/lib/python3.12/site-packages/pip/_vendor/resolvelib
[0.995s] copying web/stream/webrtc/.venv/lib/python3.12/site-packages/pip/_vendor/resolvelib/providers.py -> /home/matthieu/ros2_ws/install/web_control/share/web_control/web/stream/webrtc/.venv/lib/python3.12/site-packages/pip/_vendor/resolvelib
[0.995s] copying web/stream/webrtc/.venv/lib/python3.12/site-packages/pip/_vendor/resolvelib/__init__.py -> /home/matthieu/ros2_ws/install/web_control/share/web_control/web/stream/webrtc/.venv/lib/python3.12/site-packages/pip/_vendor/resolvelib
[0.995s] creating /home/matthieu/ros2_ws/install/web_control/share/web_control/web/stream/webrtc/.venv/lib/python3.12/site-packages/pip/_vendor/resolvelib/__pycache__
[0.995s] copying web/stream/webrtc/.venv/lib/python3.12/site-packages/pip/_vendor/resolvelib/__pycache__/resolvers.cpython-312.pyc -> /home/matthieu/ros2_ws/install/web_control/share/web_control/web/stream/webrtc/.venv/lib/python3.12/site-packages/pip/_vendor/resolvelib/__pycache__
[0.995s] copying web/stream/webrtc/.venv/lib/python3.12/site-packages/pip/_vendor/resolvelib/__pycache__/reporters.cpython-312.pyc -> /home/matthieu/ros2_ws/install/web_control/share/web_control/web/stream/webrtc/.venv/lib/python3.12/site-packages/pip/_vendor/resolvelib/__pycache__
[0.995s] copying web/stream/webrtc/.venv/lib/python3.12/site-packages/pip/_vendor/resolvelib/__pycache__/structs.cpython-312.pyc -> /home/matthieu/ros2_ws/install/web_control/share/web_control/web/stream/webrtc/.venv/lib/python3.12/site-packages/pip/_vendor/resolvelib/__pycache__
[0.995s] copying web/stream/webrtc/.venv/lib/python3.12/site-packages/pip/_vendor/resolvelib/__pycache__/__init__.cpython-312.pyc -> /home/matthieu/ros2_ws/install/web_control/share/web_control/web/stream/webrtc/.venv/lib/python3.12/site-packages/pip/_vendor/resolvelib/__pycache__
[0.995s] copying web/stream/webrtc/.venv/lib/python3.12/site-packages/pip/_vendor/resolvelib/__pycache__/providers.cpython-312.pyc -> /home/matthieu/ros2_ws/install/web_control/share/web_control/web/stream/webrtc/.venv/lib/python3.12/site-packages/pip/_vendor/resolvelib/__pycache__
[0.995s] creating /home/matthieu/ros2_ws/install/web_control/share/web_control/web/stream/webrtc/.venv/lib/python3.12/site-packages/pip/_vendor/resolvelib/compat
[0.995s] copying web/stream/webrtc/.venv/lib/python3.12/site-packages/pip/_vendor/resolvelib/compat/collections_abc.py -> /home/matthieu/ros2_ws/install/web_control/share/web_control/web/stream/webrtc/.venv/lib/python3.12/site-packages/pip/_vendor/resolvelib/compat
[0.995s] copying web/stream/webrtc/.venv/lib/python3.12/site-packages/pip/_vendor/resolvelib/compat/__init__.py -> /home/matthieu/ros2_ws/install/web_control/share/web_control/web/stream/webrtc/.venv/lib/python3.12/site-packages/pip/_vendor/resolvelib/compat
[0.995s] creating /home/matthieu/ros2_ws/install/web_control/share/web_control/web/stream/webrtc/.venv/lib/python3.12/site-packages/pip/_vendor/resolvelib/compat/__pycache__
[0.995s] copying web/stream/webrtc/.venv/lib/python3.12/site-packages/pip/_vendor/resolvelib/compat/__pycache__/collections_abc.cpython-312.pyc -> /home/matthieu/ros2_ws/install/web_control/share/web_control/web/stream/webrtc/.venv/lib/python3.12/site-packages/pip/_vendor/resolvelib/compat/__pycache__
[0.995s] copying web/stream/webrtc/.venv/lib/python3.12/site-packages/pip/_vendor/resolvelib/compat/__pycache__/__init__.cpython-312.pyc -> /home/matthieu/ros2_ws/install/web_control/share/web_control/web/stream/webrtc/.venv/lib/python3.12/site-packages/pip/_vendor/resolvelib/compat/__pycache__
[0.995s] creating /home/matthieu/ros2_ws/install/web_control/share/web_control/web/stream/webrtc/.venv/lib/python3.12/site-packages/pip/_vendor/msgpack
[0.995s] copying web/stream/webrtc/.venv/lib/python3.12/site-packages/pip/_vendor/msgpack/fallback.py -> /home/matthieu/ros2_ws/install/web_control/share/web_control/web/stream/webrtc/.venv/lib/python3.12/site-packages/pip/_vendor/msgpack
[0.996s] copying web/stream/webrtc/.venv/lib/python3.12/site-packages/pip/_vendor/msgpack/ext.py -> /home/matthieu/ros2_ws/install/web_control/share/web_control/web/stream/webrtc/.venv/lib/python3.12/site-packages/pip/_vendor/msgpack
[0.996s] copying web/stream/webrtc/.venv/lib/python3.12/site-packages/pip/_vendor/msgpack/exceptions.py -> /home/matthieu/ros2_ws/install/web_control/share/web_control/web/stream/webrtc/.venv/lib/python3.12/site-packages/pip/_vendor/msgpack
[0.996s] copying web/stream/webrtc/.venv/lib/python3.12/site-packages/pip/_vendor/msgpack/__init__.py -> /home/matthieu/ros2_ws/install/web_control/share/web_control/web/stream/webrtc/.venv/lib/python3.12/site-packages/pip/_vendor/msgpack
[0.996s] creating /home/matthieu/ros2_ws/install/web_control/share/web_control/web/stream/webrtc/.venv/lib/python3.12/site-packages/pip/_vendor/msgpack/__pycache__
[0.996s] copying web/stream/webrtc/.venv/lib/python3.12/site-packages/pip/_vendor/msgpack/__pycache__/ext.cpython-312.pyc -> /home/matthieu/ros2_ws/install/web_control/share/web_control/web/stream/webrtc/.venv/lib/python3.12/site-packages/pip/_vendor/msgpack/__pycache__
[0.996s] copying web/stream/webrtc/.venv/lib/python3.12/site-packages/pip/_vendor/msgpack/__pycache__/exceptions.cpython-312.pyc -> /home/matthieu/ros2_ws/install/web_control/share/web_control/web/stream/webrtc/.venv/lib/python3.12/site-packages/pip/_vendor/msgpack/__pycache__
[0.996s] copying web/stream/webrtc/.venv/lib/python3.12/site-packages/pip/_vendor/msgpack/__pycache__/__init__.cpython-312.pyc -> /home/matthieu/ros2_ws/install/web_control/share/web_control/web/stream/webrtc/.venv/lib/python3.12/site-packages/pip/_vendor/msgpack/__pycache__
[0.996s] copying web/stream/webrtc/.venv/lib/python3.12/site-packages/pip/_vendor/msgpack/__pycache__/fallback.cpython-312.pyc -> /home/matthieu/ros2_ws/install/web_control/share/web_control/web/stream/webrtc/.venv/lib/python3.12/site-packages/pip/_vendor/msgpack/__pycache__
[0.996s] creating /home/matthieu/ros2_ws/install/web_control/share/web_control/web/stream/webrtc/.venv/lib/python3.12/site-packages/pip/_vendor/pyparsing
[0.996s] copying web/stream/webrtc/.venv/lib/python3.12/site-packages/pip/_vendor/pyparsing/util.py -> /home/matthieu/ros2_ws/install/web_control/share/web_control/web/stream/webrtc/.venv/lib/python3.12/site-packages/pip/_vendor/pyparsing
[0.996s] copying web/stream/webrtc/.venv/lib/python3.12/site-packages/pip/_vendor/pyparsing/unicode.py -> /home/matthieu/ros2_ws/install/web_control/share/web_control/web/stream/webrtc/.venv/lib/python3.12/site-packages/pip/_vendor/pyparsing
[0.996s] copying web/stream/webrtc/.venv/lib/python3.12/site-packages/pip/_vendor/pyparsing/testing.py -> /home/matthieu/ros2_ws/install/web_control/share/web_control/web/stream/webrtc/.venv/lib/python3.12/site-packages/pip/_vendor/pyparsing
[0.996s] copying web/stream/webrtc/.venv/lib/python3.12/site-packages/pip/_vendor/pyparsing/actions.py -> /home/matthieu/ros2_ws/install/web_control/share/web_control/web/stream/webrtc/.venv/lib/python3.12/site-packages/pip/_vendor/pyparsing
[0.996s] copying web/stream/webrtc/.venv/lib/python3.12/site-packages/pip/_vendor/pyparsing/core.py -> /home/matthieu/ros2_ws/install/web_control/share/web_control/web/stream/webrtc/.venv/lib/python3.12/site-packages/pip/_vendor/pyparsing
[0.996s] copying web/stream/webrtc/.venv/lib/python3.12/site-packages/pip/_vendor/pyparsing/results.py -> /home/matthieu/ros2_ws/install/web_control/share/web_control/web/stream/webrtc/.venv/lib/python3.12/site-packages/pip/_vendor/pyparsing
[0.996s] copying web/stream/webrtc/.venv/lib/python3.12/site-packages/pip/_vendor/pyparsing/common.py -> /home/matthieu/ros2_ws/install/web_control/share/web_control/web/stream/webrtc/.venv/lib/python3.12/site-packages/pip/_vendor/pyparsing
[0.997s] copying web/stream/webrtc/.venv/lib/python3.12/site-packages/pip/_vendor/pyparsing/helpers.py -> /home/matthieu/ros2_ws/install/web_control/share/web_control/web/stream/webrtc/.venv/lib/python3.12/site-packages/pip/_vendor/pyparsing
[0.997s] copying web/stream/webrtc/.venv/lib/python3.12/site-packages/pip/_vendor/pyparsing/exceptions.py -> /home/matthieu/ros2_ws/install/web_control/share/web_control/web/stream/webrtc/.venv/lib/python3.12/site-packages/pip/_vendor/pyparsing
[0.997s] copying web/stream/webrtc/.venv/lib/python3.12/site-packages/pip/_vendor/pyparsing/__init__.py -> /home/matthieu/ros2_ws/install/web_control/share/web_control/web/stream/webrtc/.venv/lib/python3.12/site-packages/pip/_vendor/pyparsing
[0.997s] creating /home/matthieu/ros2_ws/install/web_control/share/web_control/web/stream/webrtc/.venv/lib/python3.12/site-packages/pip/_vendor/pyparsing/__pycache__
[0.997s] copying web/stream/webrtc/.venv/lib/python3.12/site-packages/pip/_vendor/pyparsing/__pycache__/common.cpython-312.pyc -> /home/matthieu/ros2_ws/install/web_control/share/web_control/web/stream/webrtc/.venv/lib/python3.12/site-packages/pip/_vendor/pyparsing/__pycache__
[0.997s] copying web/stream/webrtc/.venv/lib/python3.12/site-packages/pip/_vendor/pyparsing/__pycache__/helpers.cpython-312.pyc -> /home/matthieu/ros2_ws/install/web_control/share/web_control/web/stream/webrtc/.venv/lib/python3.12/site-packages/pip/_vendor/pyparsing/__pycache__
[0.997s] copying web/stream/webrtc/.venv/lib/python3.12/site-packages/pip/_vendor/pyparsing/__pycache__/unicode.cpython-312.pyc -> /home/matthieu/ros2_ws/install/web_control/share/web_control/web/stream/webrtc/.venv/lib/python3.12/site-packages/pip/_vendor/pyparsing/__pycache__
[0.997s] copying web/stream/webrtc/.venv/lib/python3.12/site-packages/pip/_vendor/pyparsing/__pycache__/results.cpython-312.pyc -> /home/matthieu/ros2_ws/install/web_control/share/web_control/web/stream/webrtc/.venv/lib/python3.12/site-packages/pip/_vendor/pyparsing/__pycache__
[0.997s] copying web/stream/webrtc/.venv/lib/python3.12/site-packages/pip/_vendor/pyparsing/__pycache__/core.cpython-312.pyc -> /home/matthieu/ros2_ws/install/web_control/share/web_control/web/stream/webrtc/.venv/lib/python3.12/site-packages/pip/_vendor/pyparsing/__pycache__
[0.997s] copying web/stream/webrtc/.venv/lib/python3.12/site-packages/pip/_vendor/pyparsing/__pycache__/exceptions.cpython-312.pyc -> /home/matthieu/ros2_ws/install/web_control/share/web_control/web/stream/webrtc/.venv/lib/python3.12/site-packages/pip/_vendor/pyparsing/__pycache__
[0.997s] copying web/stream/webrtc/.venv/lib/python3.12/site-packages/pip/_vendor/pyparsing/__pycache__/util.cpython-312.pyc -> /home/matthieu/ros2_ws/install/web_control/share/web_control/web/stream/webrtc/.venv/lib/python3.12/site-packages/pip/_vendor/pyparsing/__pycache__
[0.997s] copying web/stream/webrtc/.venv/lib/python3.12/site-packages/pip/_vendor/pyparsing/__pycache__/__init__.cpython-312.pyc -> /home/matthieu/ros2_ws/install/web_control/share/web_control/web/stream/webrtc/.venv/lib/python3.12/site-packages/pip/_vendor/pyparsing/__pycache__
[0.997s] copying web/stream/webrtc/.venv/lib/python3.12/site-packages/pip/_vendor/pyparsing/__pycache__/actions.cpython-312.pyc -> /home/matthieu/ros2_ws/install/web_control/share/web_control/web/stream/webrtc/.venv/lib/python3.12/site-packages/pip/_vendor/pyparsing/__pycache__
[0.997s] copying web/stream/webrtc/.venv/lib/python3.12/site-packages/pip/_vendor/pyparsing/__pycache__/testing.cpython-312.pyc -> /home/matthieu/ros2_ws/install/web_control/share/web_control/web/stream/webrtc/.venv/lib/python3.12/site-packages/pip/_vendor/pyparsing/__pycache__
[0.997s] creating /home/matthieu/ros2_ws/install/web_control/share/web_control/web/stream/webrtc/.venv/lib/python3.12/site-packages/pip/_vendor/pyparsing/diagram
[0.998s] copying web/stream/webrtc/.venv/lib/python3.12/site-packages/pip/_vendor/pyparsing/diagram/__init__.py -> /home/matthieu/ros2_ws/install/web_control/share/web_control/web/stream/webrtc/.venv/lib/python3.12/site-packages/pip/_vendor/pyparsing/diagram
[0.998s] creating /home/matthieu/ros2_ws/install/web_control/share/web_control/web/stream/webrtc/.venv/lib/python3.12/site-packages/pip/_vendor/pyparsing/diagram/__pycache__
[0.998s] copying web/stream/webrtc/.venv/lib/python3.12/site-packages/pip/_vendor/pyparsing/diagram/__pycache__/__init__.cpython-312.pyc -> /home/matthieu/ros2_ws/install/web_control/share/web_control/web/stream/webrtc/.venv/lib/python3.12/site-packages/pip/_vendor/pyparsing/diagram/__pycache__
[0.998s] creating /home/matthieu/ros2_ws/install/web_control/share/web_control/web/stream/webrtc/.venv/lib/python3.12/site-packages/pip/_vendor/distro
[0.998s] copying web/stream/webrtc/.venv/lib/python3.12/site-packages/pip/_vendor/distro/distro.py -> /home/matthieu/ros2_ws/install/web_control/share/web_control/web/stream/webrtc/.venv/lib/python3.12/site-packages/pip/_vendor/distro
[0.998s] copying web/stream/webrtc/.venv/lib/python3.12/site-packages/pip/_vendor/distro/__main__.py -> /home/matthieu/ros2_ws/install/web_control/share/web_control/web/stream/webrtc/.venv/lib/python3.12/site-packages/pip/_vendor/distro
[0.998s] copying web/stream/webrtc/.venv/lib/python3.12/site-packages/pip/_vendor/distro/__init__.py -> /home/matthieu/ros2_ws/install/web_control/share/web_control/web/stream/webrtc/.venv/lib/python3.12/site-packages/pip/_vendor/distro
[0.998s] creating /home/matthieu/ros2_ws/install/web_control/share/web_control/web/stream/webrtc/.venv/lib/python3.12/site-packages/pip/_vendor/distro/__pycache__
[0.998s] copying web/stream/webrtc/.venv/lib/python3.12/site-packages/pip/_vendor/distro/__pycache__/distro.cpython-312.pyc -> /home/matthieu/ros2_ws/install/web_control/share/web_control/web/stream/webrtc/.venv/lib/python3.12/site-packages/pip/_vendor/distro/__pycache__
[0.998s] copying web/stream/webrtc/.venv/lib/python3.12/site-packages/pip/_vendor/distro/__pycache__/__main__.cpython-312.pyc -> /home/matthieu/ros2_ws/install/web_control/share/web_control/web/stream/webrtc/.venv/lib/python3.12/site-packages/pip/_vendor/distro/__pycache__
[0.998s] copying web/stream/webrtc/.venv/lib/python3.12/site-packages/pip/_vendor/distro/__pycache__/__init__.cpython-312.pyc -> /home/matthieu/ros2_ws/install/web_control/share/web_control/web/stream/webrtc/.venv/lib/python3.12/site-packages/pip/_vendor/distro/__pycache__
[0.998s] creating /home/matthieu/ros2_ws/install/web_control/share/web_control/web/stream/webrtc/.venv/lib/python3.12/site-packages/pip/_vendor/platformdirs
[0.998s] copying web/stream/webrtc/.venv/lib/python3.12/site-packages/pip/_vendor/platformdirs/macos.py -> /home/matthieu/ros2_ws/install/web_control/share/web_control/web/stream/webrtc/.venv/lib/python3.12/site-packages/pip/_vendor/platformdirs
[0.998s] copying web/stream/webrtc/.venv/lib/python3.12/site-packages/pip/_vendor/platformdirs/unix.py -> /home/matthieu/ros2_ws/install/web_control/share/web_control/web/stream/webrtc/.venv/lib/python3.12/site-packages/pip/_vendor/platformdirs
[0.998s] copying web/stream/webrtc/.venv/lib/python3.12/site-packages/pip/_vendor/platformdirs/windows.py -> /home/matthieu/ros2_ws/install/web_control/share/web_control/web/stream/webrtc/.venv/lib/python3.12/site-packages/pip/_vendor/platformdirs
[0.998s] copying web/stream/webrtc/.venv/lib/python3.12/site-packages/pip/_vendor/platformdirs/__main__.py -> /home/matthieu/ros2_ws/install/web_control/share/web_control/web/stream/webrtc/.venv/lib/python3.12/site-packages/pip/_vendor/platformdirs
[0.999s] copying web/stream/webrtc/.venv/lib/python3.12/site-packages/pip/_vendor/platformdirs/android.py -> /home/matthieu/ros2_ws/install/web_control/share/web_control/web/stream/webrtc/.venv/lib/python3.12/site-packages/pip/_vendor/platformdirs
[0.999s] copying web/stream/webrtc/.venv/lib/python3.12/site-packages/pip/_vendor/platformdirs/api.py -> /home/matthieu/ros2_ws/install/web_control/share/web_control/web/stream/webrtc/.venv/lib/python3.12/site-packages/pip/_vendor/platformdirs
[0.999s] copying web/stream/webrtc/.venv/lib/python3.12/site-packages/pip/_vendor/platformdirs/version.py -> /home/matthieu/ros2_ws/install/web_control/share/web_control/web/stream/webrtc/.venv/lib/python3.12/site-packages/pip/_vendor/platformdirs
[0.999s] copying web/stream/webrtc/.venv/lib/python3.12/site-packages/pip/_vendor/platformdirs/__init__.py -> /home/matthieu/ros2_ws/install/web_control/share/web_control/web/stream/webrtc/.venv/lib/python3.12/site-packages/pip/_vendor/platformdirs
[0.999s] creating /home/matthieu/ros2_ws/install/web_control/share/web_control/web/stream/webrtc/.venv/lib/python3.12/site-packages/pip/_vendor/platformdirs/__pycache__
[0.999s] copying web/stream/webrtc/.venv/lib/python3.12/site-packages/pip/_vendor/platformdirs/__pycache__/api.cpython-312.pyc -> /home/matthieu/ros2_ws/install/web_control/share/web_control/web/stream/webrtc/.venv/lib/python3.12/site-packages/pip/_vendor/platformdirs/__pycache__
[0.999s] copying web/stream/webrtc/.venv/lib/python3.12/site-packages/pip/_vendor/platformdirs/__pycache__/version.cpython-312.pyc -> /home/matthieu/ros2_ws/install/web_control/share/web_control/web/stream/webrtc/.venv/lib/python3.12/site-packages/pip/_vendor/platformdirs/__pycache__
[0.999s] copying web/stream/webrtc/.venv/lib/python3.12/site-packages/pip/_vendor/platformdirs/__pycache__/android.cpython-312.pyc -> /home/matthieu/ros2_ws/install/web_control/share/web_control/web/stream/webrtc/.venv/lib/python3.12/site-packages/pip/_vendor/platformdirs/__pycache__
[0.999s] copying web/stream/webrtc/.venv/lib/python3.12/site-packages/pip/_vendor/platformdirs/__pycache__/__main__.cpython-312.pyc -> /home/matthieu/ros2_ws/install/web_control/share/web_control/web/stream/webrtc/.venv/lib/python3.12/site-packages/pip/_vendor/platformdirs/__pycache__
[0.999s] copying web/stream/webrtc/.venv/lib/python3.12/site-packages/pip/_vendor/platformdirs/__pycache__/macos.cpython-312.pyc -> /home/matthieu/ros2_ws/install/web_control/share/web_control/web/stream/webrtc/.venv/lib/python3.12/site-packages/pip/_vendor/platformdirs/__pycache__
[0.999s] copying web/stream/webrtc/.venv/lib/python3.12/site-packages/pip/_vendor/platformdirs/__pycache__/__init__.cpython-312.pyc -> /home/matthieu/ros2_ws/install/web_control/share/web_control/web/stream/webrtc/.venv/lib/python3.12/site-packages/pip/_vendor/platformdirs/__pycache__
[0.999s] copying web/stream/webrtc/.venv/lib/python3.12/site-packages/pip/_vendor/platformdirs/__pycache__/unix.cpython-312.pyc -> /home/matthieu/ros2_ws/install/web_control/share/web_control/web/stream/webrtc/.venv/lib/python3.12/site-packages/pip/_vendor/platformdirs/__pycache__
[0.999s] copying web/stream/webrtc/.venv/lib/python3.12/site-packages/pip/_vendor/platformdirs/__pycache__/windows.cpython-312.pyc -> /home/matthieu/ros2_ws/install/web_control/share/web_control/web/stream/webrtc/.venv/lib/python3.12/site-packages/pip/_vendor/platformdirs/__pycache__
[0.999s] creating /home/matthieu/ros2_ws/install/web_control/share/web_control/web/stream/webrtc/.venv/lib/python3.12/site-packages/pip/_vendor/packaging
[0.999s] copying web/stream/webrtc/.venv/lib/python3.12/site-packages/pip/_vendor/packaging/_musllinux.py -> /home/matthieu/ros2_ws/install/web_control/share/web_control/web/stream/webrtc/.venv/lib/python3.12/site-packages/pip/_vendor/packaging
[0.999s] copying web/stream/webrtc/.venv/lib/python3.12/site-packages/pip/_vendor/packaging/requirements.py -> /home/matthieu/ros2_ws/install/web_control/share/web_control/web/stream/webrtc/.venv/lib/python3.12/site-packages/pip/_vendor/packaging
[0.999s] copying web/stream/webrtc/.venv/lib/python3.12/site-packages/pip/_vendor/packaging/specifiers.py -> /home/matthieu/ros2_ws/install/web_control/share/web_control/web/stream/webrtc/.venv/lib/python3.12/site-packages/pip/_vendor/packaging
[1.000s] copying web/stream/webrtc/.venv/lib/python3.12/site-packages/pip/_vendor/packaging/__about__.py -> /home/matthieu/ros2_ws/install/web_control/share/web_control/web/stream/webrtc/.venv/lib/python3.12/site-packages/pip/_vendor/packaging
[1.000s] copying web/stream/webrtc/.venv/lib/python3.12/site-packages/pip/_vendor/packaging/_manylinux.py -> /home/matthieu/ros2_ws/install/web_control/share/web_control/web/stream/webrtc/.venv/lib/python3.12/site-packages/pip/_vendor/packaging
[1.000s] copying web/stream/webrtc/.venv/lib/python3.12/site-packages/pip/_vendor/packaging/markers.py -> /home/matthieu/ros2_ws/install/web_control/share/web_control/web/stream/webrtc/.venv/lib/python3.12/site-packages/pip/_vendor/packaging
[1.000s] copying web/stream/webrtc/.venv/lib/python3.12/site-packages/pip/_vendor/packaging/_structures.py -> /home/matthieu/ros2_ws/install/web_control/share/web_control/web/stream/webrtc/.venv/lib/python3.12/site-packages/pip/_vendor/packaging
[1.000s] copying web/stream/webrtc/.venv/lib/python3.12/site-packages/pip/_vendor/packaging/tags.py -> /home/matthieu/ros2_ws/install/web_control/share/web_control/web/stream/webrtc/.venv/lib/python3.12/site-packages/pip/_vendor/packaging
[1.000s] copying web/stream/webrtc/.venv/lib/python3.12/site-packages/pip/_vendor/packaging/utils.py -> /home/matthieu/ros2_ws/install/web_control/share/web_control/web/stream/webrtc/.venv/lib/python3.12/site-packages/pip/_vendor/packaging
[1.000s] copying web/stream/webrtc/.venv/lib/python3.12/site-packages/pip/_vendor/packaging/version.py -> /home/matthieu/ros2_ws/install/web_control/share/web_control/web/stream/webrtc/.venv/lib/python3.12/site-packages/pip/_vendor/packaging
[1.000s] copying web/stream/webrtc/.venv/lib/python3.12/site-packages/pip/_vendor/packaging/__init__.py -> /home/matthieu/ros2_ws/install/web_control/share/web_control/web/stream/webrtc/.venv/lib/python3.12/site-packages/pip/_vendor/packaging
[1.000s] creating /home/matthieu/ros2_ws/install/web_control/share/web_control/web/stream/webrtc/.venv/lib/python3.12/site-packages/pip/_vendor/packaging/__pycache__
[1.000s] copying web/stream/webrtc/.venv/lib/python3.12/site-packages/pip/_vendor/packaging/__pycache__/_manylinux.cpython-312.pyc -> /home/matthieu/ros2_ws/install/web_control/share/web_control/web/stream/webrtc/.venv/lib/python3.12/site-packages/pip/_vendor/packaging/__pycache__
[1.000s] copying web/stream/webrtc/.venv/lib/python3.12/site-packages/pip/_vendor/packaging/__pycache__/__about__.cpython-312.pyc -> /home/matthieu/ros2_ws/install/web_control/share/web_control/web/stream/webrtc/.venv/lib/python3.12/site-packages/pip/_vendor/packaging/__pycache__
[1.000s] copying web/stream/webrtc/.venv/lib/python3.12/site-packages/pip/_vendor/packaging/__pycache__/_musllinux.cpython-312.pyc -> /home/matthieu/ros2_ws/install/web_control/share/web_control/web/stream/webrtc/.venv/lib/python3.12/site-packages/pip/_vendor/packaging/__pycache__
[1.000s] copying web/stream/webrtc/.venv/lib/python3.12/site-packages/pip/_vendor/packaging/__pycache__/version.cpython-312.pyc -> /home/matthieu/ros2_ws/install/web_control/share/web_control/web/stream/webrtc/.venv/lib/python3.12/site-packages/pip/_vendor/packaging/__pycache__
[1.000s] copying web/stream/webrtc/.venv/lib/python3.12/site-packages/pip/_vendor/packaging/__pycache__/_structures.cpython-312.pyc -> /home/matthieu/ros2_ws/install/web_control/share/web_control/web/stream/webrtc/.venv/lib/python3.12/site-packages/pip/_vendor/packaging/__pycache__
[1.000s] copying web/stream/webrtc/.venv/lib/python3.12/site-packages/pip/_vendor/packaging/__pycache__/requirements.cpython-312.pyc -> /home/matthieu/ros2_ws/install/web_control/share/web_control/web/stream/webrtc/.venv/lib/python3.12/site-packages/pip/_vendor/packaging/__pycache__
[1.000s] copying web/stream/webrtc/.venv/lib/python3.12/site-packages/pip/_vendor/packaging/__pycache__/tags.cpython-312.pyc -> /home/matthieu/ros2_ws/install/web_control/share/web_control/web/stream/webrtc/.venv/lib/python3.12/site-packages/pip/_vendor/packaging/__pycache__
[1.001s] copying web/stream/webrtc/.venv/lib/python3.12/site-packages/pip/_vendor/packaging/__pycache__/__init__.cpython-312.pyc -> /home/matthieu/ros2_ws/install/web_control/share/web_control/web/stream/webrtc/.venv/lib/python3.12/site-packages/pip/_vendor/packaging/__pycache__
[1.001s] copying web/stream/webrtc/.venv/lib/python3.12/site-packages/pip/_vendor/packaging/__pycache__/specifiers.cpython-312.pyc -> /home/matthieu/ros2_ws/install/web_control/share/web_control/web/stream/webrtc/.venv/lib/python3.12/site-packages/pip/_vendor/packaging/__pycache__
[1.001s] copying web/stream/webrtc/.venv/lib/python3.12/site-packages/pip/_vendor/packaging/__pycache__/markers.cpython-312.pyc -> /home/matthieu/ros2_ws/install/web_control/share/web_control/web/stream/webrtc/.venv/lib/python3.12/site-packages/pip/_vendor/packaging/__pycache__
[1.001s] copying web/stream/webrtc/.venv/lib/python3.12/site-packages/pip/_vendor/packaging/__pycache__/utils.cpython-312.pyc -> /home/matthieu/ros2_ws/install/web_control/share/web_control/web/stream/webrtc/.venv/lib/python3.12/site-packages/pip/_vendor/packaging/__pycache__
[1.001s] creating /home/matthieu/ros2_ws/install/web_control/share/web_control/web/stream/webrtc/.venv/lib/python3.12/site-packages/pip/_vendor/colorama
[1.001s] copying web/stream/webrtc/.venv/lib/python3.12/site-packages/pip/_vendor/colorama/ansi.py -> /home/matthieu/ros2_ws/install/web_control/share/web_control/web/stream/webrtc/.venv/lib/python3.12/site-packages/pip/_vendor/colorama
[1.001s] copying web/stream/webrtc/.venv/lib/python3.12/site-packages/pip/_vendor/colorama/winterm.py -> /home/matthieu/ros2_ws/install/web_control/share/web_control/web/stream/webrtc/.venv/lib/python3.12/site-packages/pip/_vendor/colorama
[1.001s] copying web/stream/webrtc/.venv/lib/python3.12/site-packages/pip/_vendor/colorama/win32.py -> /home/matthieu/ros2_ws/install/web_control/share/web_control/web/stream/webrtc/.venv/lib/python3.12/site-packages/pip/_vendor/colorama
[1.001s] copying web/stream/webrtc/.venv/lib/python3.12/site-packages/pip/_vendor/colorama/initialise.py -> /home/matthieu/ros2_ws/install/web_control/share/web_control/web/stream/webrtc/.venv/lib/python3.12/site-packages/pip/_vendor/colorama
[1.001s] copying web/stream/webrtc/.venv/lib/python3.12/site-packages/pip/_vendor/colorama/ansitowin32.py -> /home/matthieu/ros2_ws/install/web_control/share/web_control/web/stream/webrtc/.venv/lib/python3.12/site-packages/pip/_vendor/colorama
[1.001s] copying web/stream/webrtc/.venv/lib/python3.12/site-packages/pip/_vendor/colorama/__init__.py -> /home/matthieu/ros2_ws/install/web_control/share/web_control/web/stream/webrtc/.venv/lib/python3.12/site-packages/pip/_vendor/colorama
[1.001s] creating /home/matthieu/ros2_ws/install/web_control/share/web_control/web/stream/webrtc/.venv/lib/python3.12/site-packages/pip/_vendor/colorama/__pycache__
[1.001s] copying web/stream/webrtc/.venv/lib/python3.12/site-packages/pip/_vendor/colorama/__pycache__/winterm.cpython-312.pyc -> /home/matthieu/ros2_ws/install/web_control/share/web_control/web/stream/webrtc/.venv/lib/python3.12/site-packages/pip/_vendor/colorama/__pycache__
[1.001s] copying web/stream/webrtc/.venv/lib/python3.12/site-packages/pip/_vendor/colorama/__pycache__/win32.cpython-312.pyc -> /home/matthieu/ros2_ws/install/web_control/share/web_control/web/stream/webrtc/.venv/lib/python3.12/site-packages/pip/_vendor/colorama/__pycache__
[1.002s] copying web/stream/webrtc/.venv/lib/python3.12/site-packages/pip/_vendor/colorama/__pycache__/ansitowin32.cpython-312.pyc -> /home/matthieu/ros2_ws/install/web_control/share/web_control/web/stream/webrtc/.venv/lib/python3.12/site-packages/pip/_vendor/colorama/__pycache__
[1.002s] copying web/stream/webrtc/.venv/lib/python3.12/site-packages/pip/_vendor/colorama/__pycache__/__init__.cpython-312.pyc -> /home/matthieu/ros2_ws/install/web_control/share/web_control/web/stream/webrtc/.venv/lib/python3.12/site-packages/pip/_vendor/colorama/__pycache__
[1.002s] copying web/stream/webrtc/.venv/lib/python3.12/site-packages/pip/_vendor/colorama/__pycache__/ansi.cpython-312.pyc -> /home/matthieu/ros2_ws/install/web_control/share/web_control/web/stream/webrtc/.venv/lib/python3.12/site-packages/pip/_vendor/colorama/__pycache__
[1.002s] copying web/stream/webrtc/.venv/lib/python3.12/site-packages/pip/_vendor/colorama/__pycache__/initialise.cpython-312.pyc -> /home/matthieu/ros2_ws/install/web_control/share/web_control/web/stream/webrtc/.venv/lib/python3.12/site-packages/pip/_vendor/colorama/__pycache__
[1.002s] creating /home/matthieu/ros2_ws/install/web_control/share/web_control/web/stream/webrtc/.venv/lib/python3.12/site-packages/pip/_vendor/colorama/tests
[1.002s] copying web/stream/webrtc/.venv/lib/python3.12/site-packages/pip/_vendor/colorama/tests/ansi_test.py -> /home/matthieu/ros2_ws/install/web_control/share/web_control/web/stream/webrtc/.venv/lib/python3.12/site-packages/pip/_vendor/colorama/tests
[1.002s] copying web/stream/webrtc/.venv/lib/python3.12/site-packages/pip/_vendor/colorama/tests/winterm_test.py -> /home/matthieu/ros2_ws/install/web_control/share/web_control/web/stream/webrtc/.venv/lib/python3.12/site-packages/pip/_vendor/colorama/tests
[1.002s] copying web/stream/webrtc/.venv/lib/python3.12/site-packages/pip/_vendor/colorama/tests/isatty_test.py -> /home/matthieu/ros2_ws/install/web_control/share/web_control/web/stream/webrtc/.venv/lib/python3.12/site-packages/pip/_vendor/colorama/tests
[1.002s] copying web/stream/webrtc/.venv/lib/python3.12/site-packages/pip/_vendor/colorama/tests/ansitowin32_test.py -> /home/matthieu/ros2_ws/install/web_control/share/web_control/web/stream/webrtc/.venv/lib/python3.12/site-packages/pip/_vendor/colorama/tests
[1.002s] copying web/stream/webrtc/.venv/lib/python3.12/site-packages/pip/_vendor/colorama/tests/initialise_test.py -> /home/matthieu/ros2_ws/install/web_control/share/web_control/web/stream/webrtc/.venv/lib/python3.12/site-packages/pip/_vendor/colorama/tests
[1.002s] copying web/stream/webrtc/.venv/lib/python3.12/site-packages/pip/_vendor/colorama/tests/utils.py -> /home/matthieu/ros2_ws/install/web_control/share/web_control/web/stream/webrtc/.venv/lib/python3.12/site-packages/pip/_vendor/colorama/tests
[1.002s] copying web/stream/webrtc/.venv/lib/python3.12/site-packages/pip/_vendor/colorama/tests/__init__.py -> /home/matthieu/ros2_ws/install/web_control/share/web_control/web/stream/webrtc/.venv/lib/python3.12/site-packages/pip/_vendor/colorama/tests
[1.002s] creating /home/matthieu/ros2_ws/install/web_control/share/web_control/web/stream/webrtc/.venv/lib/python3.12/site-packages/pip/_vendor/colorama/tests/__pycache__
[1.002s] copying web/stream/webrtc/.venv/lib/python3.12/site-packages/pip/_vendor/colorama/tests/__pycache__/ansi_test.cpython-312.pyc -> /home/matthieu/ros2_ws/install/web_control/share/web_control/web/stream/webrtc/.venv/lib/python3.12/site-packages/pip/_vendor/colorama/tests/__pycache__
[1.002s] copying web/stream/webrtc/.venv/lib/python3.12/site-packages/pip/_vendor/colorama/tests/__pycache__/winterm_test.cpython-312.pyc -> /home/matthieu/ros2_ws/install/web_control/share/web_control/web/stream/webrtc/.venv/lib/python3.12/site-packages/pip/_vendor/colorama/tests/__pycache__
[1.003s] copying web/stream/webrtc/.venv/lib/python3.12/site-packages/pip/_vendor/colorama/tests/__pycache__/ansitowin32_test.cpython-312.pyc -> /home/matthieu/ros2_ws/install/web_control/share/web_control/web/stream/webrtc/.venv/lib/python3.12/site-packages/pip/_vendor/colorama/tests/__pycache__
[1.003s] copying web/stream/webrtc/.venv/lib/python3.12/site-packages/pip/_vendor/colorama/tests/__pycache__/isatty_test.cpython-312.pyc -> /home/matthieu/ros2_ws/install/web_control/share/web_control/web/stream/webrtc/.venv/lib/python3.12/site-packages/pip/_vendor/colorama/tests/__pycache__
[1.003s] copying web/stream/webrtc/.venv/lib/python3.12/site-packages/pip/_vendor/colorama/tests/__pycache__/__init__.cpython-312.pyc -> /home/matthieu/ros2_ws/install/web_control/share/web_control/web/stream/webrtc/.venv/lib/python3.12/site-packages/pip/_vendor/colorama/tests/__pycache__
[1.003s] copying web/stream/webrtc/.venv/lib/python3.12/site-packages/pip/_vendor/colorama/tests/__pycache__/utils.cpython-312.pyc -> /home/matthieu/ros2_ws/install/web_control/share/web_control/web/stream/webrtc/.venv/lib/python3.12/site-packages/pip/_vendor/colorama/tests/__pycache__
[1.003s] copying web/stream/webrtc/.venv/lib/python3.12/site-packages/pip/_vendor/colorama/tests/__pycache__/initialise_test.cpython-312.pyc -> /home/matthieu/ros2_ws/install/web_control/share/web_control/web/stream/webrtc/.venv/lib/python3.12/site-packages/pip/_vendor/colorama/tests/__pycache__
[1.003s] creating /home/matthieu/ros2_ws/install/web_control/share/web_control/web/stream/webrtc/.venv/lib/python3.12/site-packages/pip/_vendor/tomli
[1.003s] copying web/stream/webrtc/.venv/lib/python3.12/site-packages/pip/_vendor/tomli/_parser.py -> /home/matthieu/ros2_ws/install/web_control/share/web_control/web/stream/webrtc/.venv/lib/python3.12/site-packages/pip/_vendor/tomli
[1.003s] copying web/stream/webrtc/.venv/lib/python3.12/site-packages/pip/_vendor/tomli/_re.py -> /home/matthieu/ros2_ws/install/web_control/share/web_control/web/stream/webrtc/.venv/lib/python3.12/site-packages/pip/_vendor/tomli
[1.003s] copying web/stream/webrtc/.venv/lib/python3.12/site-packages/pip/_vendor/tomli/_types.py -> /home/matthieu/ros2_ws/install/web_control/share/web_control/web/stream/webrtc/.venv/lib/python3.12/site-packages/pip/_vendor/tomli
[1.003s] copying web/stream/webrtc/.venv/lib/python3.12/site-packages/pip/_vendor/tomli/__init__.py -> /home/matthieu/ros2_ws/install/web_control/share/web_control/web/stream/webrtc/.venv/lib/python3.12/site-packages/pip/_vendor/tomli
[1.003s] creating /home/matthieu/ros2_ws/install/web_control/share/web_control/web/stream/webrtc/.venv/lib/python3.12/site-packages/pip/_vendor/tomli/__pycache__
[1.003s] copying web/stream/webrtc/.venv/lib/python3.12/site-packages/pip/_vendor/tomli/__pycache__/_re.cpython-312.pyc -> /home/matthieu/ros2_ws/install/web_control/share/web_control/web/stream/webrtc/.venv/lib/python3.12/site-packages/pip/_vendor/tomli/__pycache__
[1.003s] copying web/stream/webrtc/.venv/lib/python3.12/site-packages/pip/_vendor/tomli/__pycache__/_types.cpython-312.pyc -> /home/matthieu/ros2_ws/install/web_control/share/web_control/web/stream/webrtc/.venv/lib/python3.12/site-packages/pip/_vendor/tomli/__pycache__
[1.003s] copying web/stream/webrtc/.venv/lib/python3.12/site-packages/pip/_vendor/tomli/__pycache__/__init__.cpython-312.pyc -> /home/matthieu/ros2_ws/install/web_control/share/web_control/web/stream/webrtc/.venv/lib/python3.12/site-packages/pip/_vendor/tomli/__pycache__
[1.003s] copying web/stream/webrtc/.venv/lib/python3.12/site-packages/pip/_vendor/tomli/__pycache__/_parser.cpython-312.pyc -> /home/matthieu/ros2_ws/install/web_control/share/web_control/web/stream/webrtc/.venv/lib/python3.12/site-packages/pip/_vendor/tomli/__pycache__
[1.003s] creating /home/matthieu/ros2_ws/install/web_control/share/web_control/web/stream/webrtc/.venv/lib/python3.12/site-packages/pip/_vendor/truststore
[1.004s] copying web/stream/webrtc/.venv/lib/python3.12/site-packages/pip/_vendor/truststore/_api.py -> /home/matthieu/ros2_ws/install/web_control/share/web_control/web/stream/webrtc/.venv/lib/python3.12/site-packages/pip/_vendor/truststore
[1.004s] copying web/stream/webrtc/.venv/lib/python3.12/site-packages/pip/_vendor/truststore/_ssl_constants.py -> /home/matthieu/ros2_ws/install/web_control/share/web_control/web/stream/webrtc/.venv/lib/python3.12/site-packages/pip/_vendor/truststore
[1.004s] copying web/stream/webrtc/.venv/lib/python3.12/site-packages/pip/_vendor/truststore/_macos.py -> /home/matthieu/ros2_ws/install/web_control/share/web_control/web/stream/webrtc/.venv/lib/python3.12/site-packages/pip/_vendor/truststore
[1.004s] copying web/stream/webrtc/.venv/lib/python3.12/site-packages/pip/_vendor/truststore/_windows.py -> /home/matthieu/ros2_ws/install/web_control/share/web_control/web/stream/webrtc/.venv/lib/python3.12/site-packages/pip/_vendor/truststore
[1.004s] copying web/stream/webrtc/.venv/lib/python3.12/site-packages/pip/_vendor/truststore/_openssl.py -> /home/matthieu/ros2_ws/install/web_control/share/web_control/web/stream/webrtc/.venv/lib/python3.12/site-packages/pip/_vendor/truststore
[1.004s] copying web/stream/webrtc/.venv/lib/python3.12/site-packages/pip/_vendor/truststore/__init__.py -> /home/matthieu/ros2_ws/install/web_control/share/web_control/web/stream/webrtc/.venv/lib/python3.12/site-packages/pip/_vendor/truststore
[1.004s] creating /home/matthieu/ros2_ws/install/web_control/share/web_control/web/stream/webrtc/.venv/lib/python3.12/site-packages/pip/_vendor/truststore/__pycache__
[1.004s] copying web/stream/webrtc/.venv/lib/python3.12/site-packages/pip/_vendor/truststore/__pycache__/_macos.cpython-312.pyc -> /home/matthieu/ros2_ws/install/web_control/share/web_control/web/stream/webrtc/.venv/lib/python3.12/site-packages/pip/_vendor/truststore/__pycache__
[1.004s] copying web/stream/webrtc/.venv/lib/python3.12/site-packages/pip/_vendor/truststore/__pycache__/_api.cpython-312.pyc -> /home/matthieu/ros2_ws/install/web_control/share/web_control/web/stream/webrtc/.venv/lib/python3.12/site-packages/pip/_vendor/truststore/__pycache__
[1.004s] copying web/stream/webrtc/.venv/lib/python3.12/site-packages/pip/_vendor/truststore/__pycache__/_windows.cpython-312.pyc -> /home/matthieu/ros2_ws/install/web_control/share/web_control/web/stream/webrtc/.venv/lib/python3.12/site-packages/pip/_vendor/truststore/__pycache__
[1.004s] copying web/stream/webrtc/.venv/lib/python3.12/site-packages/pip/_vendor/truststore/__pycache__/_ssl_constants.cpython-312.pyc -> /home/matthieu/ros2_ws/install/web_control/share/web_control/web/stream/webrtc/.venv/lib/python3.12/site-packages/pip/_vendor/truststore/__pycache__
[1.004s] copying web/stream/webrtc/.venv/lib/python3.12/site-packages/pip/_vendor/truststore/__pycache__/__init__.cpython-312.pyc -> /home/matthieu/ros2_ws/install/web_control/share/web_control/web/stream/webrtc/.venv/lib/python3.12/site-packages/pip/_vendor/truststore/__pycache__
[1.004s] copying web/stream/webrtc/.venv/lib/python3.12/site-packages/pip/_vendor/truststore/__pycache__/_openssl.cpython-312.pyc -> /home/matthieu/ros2_ws/install/web_control/share/web_control/web/stream/webrtc/.venv/lib/python3.12/site-packages/pip/_vendor/truststore/__pycache__
[1.004s] creating /home/matthieu/ros2_ws/install/web_control/share/web_control/web/stream/webrtc/.venv/lib/python3.12/site-packages/pip/_vendor/urllib3
[1.004s] copying web/stream/webrtc/.venv/lib/python3.12/site-packages/pip/_vendor/urllib3/request.py -> /home/matthieu/ros2_ws/install/web_control/share/web_control/web/stream/webrtc/.venv/lib/python3.12/site-packages/pip/_vendor/urllib3
[1.004s] copying web/stream/webrtc/.venv/lib/python3.12/site-packages/pip/_vendor/urllib3/response.py -> /home/matthieu/ros2_ws/install/web_control/share/web_control/web/stream/webrtc/.venv/lib/python3.12/site-packages/pip/_vendor/urllib3
[1.005s] copying web/stream/webrtc/.venv/lib/python3.12/site-packages/pip/_vendor/urllib3/poolmanager.py -> /home/matthieu/ros2_ws/install/web_control/share/web_control/web/stream/webrtc/.venv/lib/python3.12/site-packages/pip/_vendor/urllib3
[1.005s] copying web/stream/webrtc/.venv/lib/python3.12/site-packages/pip/_vendor/urllib3/_version.py -> /home/matthieu/ros2_ws/install/web_control/share/web_control/web/stream/webrtc/.venv/lib/python3.12/site-packages/pip/_vendor/urllib3
[1.005s] copying web/stream/webrtc/.venv/lib/python3.12/site-packages/pip/_vendor/urllib3/connection.py -> /home/matthieu/ros2_ws/install/web_control/share/web_control/web/stream/webrtc/.venv/lib/python3.12/site-packages/pip/_vendor/urllib3
[1.005s] copying web/stream/webrtc/.venv/lib/python3.12/site-packages/pip/_vendor/urllib3/filepost.py -> /home/matthieu/ros2_ws/install/web_control/share/web_control/web/stream/webrtc/.venv/lib/python3.12/site-packages/pip/_vendor/urllib3
[1.005s] copying web/stream/webrtc/.venv/lib/python3.12/site-packages/pip/_vendor/urllib3/fields.py -> /home/matthieu/ros2_ws/install/web_control/share/web_control/web/stream/webrtc/.venv/lib/python3.12/site-packages/pip/_vendor/urllib3
[1.005s] copying web/stream/webrtc/.venv/lib/python3.12/site-packages/pip/_vendor/urllib3/exceptions.py -> /home/matthieu/ros2_ws/install/web_control/share/web_control/web/stream/webrtc/.venv/lib/python3.12/site-packages/pip/_vendor/urllib3
[1.005s] copying web/stream/webrtc/.venv/lib/python3.12/site-packages/pip/_vendor/urllib3/_collections.py -> /home/matthieu/ros2_ws/install/web_control/share/web_control/web/stream/webrtc/.venv/lib/python3.12/site-packages/pip/_vendor/urllib3
[1.005s] copying web/stream/webrtc/.venv/lib/python3.12/site-packages/pip/_vendor/urllib3/connectionpool.py -> /home/matthieu/ros2_ws/install/web_control/share/web_control/web/stream/webrtc/.venv/lib/python3.12/site-packages/pip/_vendor/urllib3
[1.005s] copying web/stream/webrtc/.venv/lib/python3.12/site-packages/pip/_vendor/urllib3/__init__.py -> /home/matthieu/ros2_ws/install/web_control/share/web_control/web/stream/webrtc/.venv/lib/python3.12/site-packages/pip/_vendor/urllib3
[1.005s] creating /home/matthieu/ros2_ws/install/web_control/share/web_control/web/stream/webrtc/.venv/lib/python3.12/site-packages/pip/_vendor/urllib3/util
[1.005s] copying web/stream/webrtc/.venv/lib/python3.12/site-packages/pip/_vendor/urllib3/util/request.py -> /home/matthieu/ros2_ws/install/web_control/share/web_control/web/stream/webrtc/.venv/lib/python3.12/site-packages/pip/_vendor/urllib3/util
[1.005s] copying web/stream/webrtc/.venv/lib/python3.12/site-packages/pip/_vendor/urllib3/util/ssl_.py -> /home/matthieu/ros2_ws/install/web_control/share/web_control/web/stream/webrtc/.venv/lib/python3.12/site-packages/pip/_vendor/urllib3/util
[1.005s] copying web/stream/webrtc/.venv/lib/python3.12/site-packages/pip/_vendor/urllib3/util/response.py -> /home/matthieu/ros2_ws/install/web_control/share/web_control/web/stream/webrtc/.venv/lib/python3.12/site-packages/pip/_vendor/urllib3/util
[1.005s] copying web/stream/webrtc/.venv/lib/python3.12/site-packages/pip/_vendor/urllib3/util/ssltransport.py -> /home/matthieu/ros2_ws/install/web_control/share/web_control/web/stream/webrtc/.venv/lib/python3.12/site-packages/pip/_vendor/urllib3/util
[1.005s] copying web/stream/webrtc/.venv/lib/python3.12/site-packages/pip/_vendor/urllib3/util/timeout.py -> /home/matthieu/ros2_ws/install/web_control/share/web_control/web/stream/webrtc/.venv/lib/python3.12/site-packages/pip/_vendor/urllib3/util
[1.005s] copying web/stream/webrtc/.venv/lib/python3.12/site-packages/pip/_vendor/urllib3/util/wait.py -> /home/matthieu/ros2_ws/install/web_control/share/web_control/web/stream/webrtc/.venv/lib/python3.12/site-packages/pip/_vendor/urllib3/util
[1.006s] copying web/stream/webrtc/.venv/lib/python3.12/site-packages/pip/_vendor/urllib3/util/connection.py -> /home/matthieu/ros2_ws/install/web_control/share/web_control/web/stream/webrtc/.venv/lib/python3.12/site-packages/pip/_vendor/urllib3/util
[1.006s] copying web/stream/webrtc/.venv/lib/python3.12/site-packages/pip/_vendor/urllib3/util/queue.py -> /home/matthieu/ros2_ws/install/web_control/share/web_control/web/stream/webrtc/.venv/lib/python3.12/site-packages/pip/_vendor/urllib3/util
[1.006s] copying web/stream/webrtc/.venv/lib/python3.12/site-packages/pip/_vendor/urllib3/util/ssl_match_hostname.py -> /home/matthieu/ros2_ws/install/web_control/share/web_control/web/stream/webrtc/.venv/lib/python3.12/site-packages/pip/_vendor/urllib3/util
[1.006s] copying web/stream/webrtc/.venv/lib/python3.12/site-packages/pip/_vendor/urllib3/util/proxy.py -> /home/matthieu/ros2_ws/install/web_control/share/web_control/web/stream/webrtc/.venv/lib/python3.12/site-packages/pip/_vendor/urllib3/util
[1.006s] copying web/stream/webrtc/.venv/lib/python3.12/site-packages/pip/_vendor/urllib3/util/retry.py -> /home/matthieu/ros2_ws/install/web_control/share/web_control/web/stream/webrtc/.venv/lib/python3.12/site-packages/pip/_vendor/urllib3/util
[1.006s] copying web/stream/webrtc/.venv/lib/python3.12/site-packages/pip/_vendor/urllib3/util/url.py -> /home/matthieu/ros2_ws/install/web_control/share/web_control/web/stream/webrtc/.venv/lib/python3.12/site-packages/pip/_vendor/urllib3/util
[1.006s] copying web/stream/webrtc/.venv/lib/python3.12/site-packages/pip/_vendor/urllib3/util/__init__.py -> /home/matthieu/ros2_ws/install/web_control/share/web_control/web/stream/webrtc/.venv/lib/python3.12/site-packages/pip/_vendor/urllib3/util
[1.006s] creating /home/matthieu/ros2_ws/install/web_control/share/web_control/web/stream/webrtc/.venv/lib/python3.12/site-packages/pip/_vendor/urllib3/util/__pycache__
[1.006s] copying web/stream/webrtc/.venv/lib/python3.12/site-packages/pip/_vendor/urllib3/util/__pycache__/timeout.cpython-312.pyc -> /home/matthieu/ros2_ws/install/web_control/share/web_control/web/stream/webrtc/.venv/lib/python3.12/site-packages/pip/_vendor/urllib3/util/__pycache__
[1.006s] copying web/stream/webrtc/.venv/lib/python3.12/site-packages/pip/_vendor/urllib3/util/__pycache__/response.cpython-312.pyc -> /home/matthieu/ros2_ws/install/web_control/share/web_control/web/stream/webrtc/.venv/lib/python3.12/site-packages/pip/_vendor/urllib3/util/__pycache__
[1.006s] copying web/stream/webrtc/.venv/lib/python3.12/site-packages/pip/_vendor/urllib3/util/__pycache__/ssl_.cpython-312.pyc -> /home/matthieu/ros2_ws/install/web_control/share/web_control/web/stream/webrtc/.venv/lib/python3.12/site-packages/pip/_vendor/urllib3/util/__pycache__
[1.006s] copying web/stream/webrtc/.venv/lib/python3.12/site-packages/pip/_vendor/urllib3/util/__pycache__/request.cpython-312.pyc -> /home/matthieu/ros2_ws/install/web_control/share/web_control/web/stream/webrtc/.venv/lib/python3.12/site-packages/pip/_vendor/urllib3/util/__pycache__
[1.006s] copying web/stream/webrtc/.venv/lib/python3.12/site-packages/pip/_vendor/urllib3/util/__pycache__/url.cpython-312.pyc -> /home/matthieu/ros2_ws/install/web_control/share/web_control/web/stream/webrtc/.venv/lib/python3.12/site-packages/pip/_vendor/urllib3/util/__pycache__
[1.006s] copying web/stream/webrtc/.venv/lib/python3.12/site-packages/pip/_vendor/urllib3/util/__pycache__/connection.cpython-312.pyc -> /home/matthieu/ros2_ws/install/web_control/share/web_control/web/stream/webrtc/.venv/lib/python3.12/site-packages/pip/_vendor/urllib3/util/__pycache__
[1.006s] copying web/stream/webrtc/.venv/lib/python3.12/site-packages/pip/_vendor/urllib3/util/__pycache__/proxy.cpython-312.pyc -> /home/matthieu/ros2_ws/install/web_control/share/web_control/web/stream/webrtc/.venv/lib/python3.12/site-packages/pip/_vendor/urllib3/util/__pycache__
[1.007s] copying web/stream/webrtc/.venv/lib/python3.12/site-packages/pip/_vendor/urllib3/util/__pycache__/ssltransport.cpython-312.pyc -> /home/matthieu/ros2_ws/install/web_control/share/web_control/web/stream/webrtc/.venv/lib/python3.12/site-packages/pip/_vendor/urllib3/util/__pycache__
[1.007s] copying web/stream/webrtc/.venv/lib/python3.12/site-packages/pip/_vendor/urllib3/util/__pycache__/ssl_match_hostname.cpython-312.pyc -> /home/matthieu/ros2_ws/install/web_control/share/web_control/web/stream/webrtc/.venv/lib/python3.12/site-packages/pip/_vendor/urllib3/util/__pycache__
[1.007s] copying web/stream/webrtc/.venv/lib/python3.12/site-packages/pip/_vendor/urllib3/util/__pycache__/queue.cpython-312.pyc -> /home/matthieu/ros2_ws/install/web_control/share/web_control/web/stream/webrtc/.venv/lib/python3.12/site-packages/pip/_vendor/urllib3/util/__pycache__
[1.007s] copying web/stream/webrtc/.venv/lib/python3.12/site-packages/pip/_vendor/urllib3/util/__pycache__/wait.cpython-312.pyc -> /home/matthieu/ros2_ws/install/web_control/share/web_control/web/stream/webrtc/.venv/lib/python3.12/site-packages/pip/_vendor/urllib3/util/__pycache__
[1.007s] copying web/stream/webrtc/.venv/lib/python3.12/site-packages/pip/_vendor/urllib3/util/__pycache__/retry.cpython-312.pyc -> /home/matthieu/ros2_ws/install/web_control/share/web_control/web/stream/webrtc/.venv/lib/python3.12/site-packages/pip/_vendor/urllib3/util/__pycache__
[1.007s] copying web/stream/webrtc/.venv/lib/python3.12/site-packages/pip/_vendor/urllib3/util/__pycache__/__init__.cpython-312.pyc -> /home/matthieu/ros2_ws/install/web_control/share/web_control/web/stream/webrtc/.venv/lib/python3.12/site-packages/pip/_vendor/urllib3/util/__pycache__
[1.007s] creating /home/matthieu/ros2_ws/install/web_control/share/web_control/web/stream/webrtc/.venv/lib/python3.12/site-packages/pip/_vendor/urllib3/__pycache__
[1.007s] copying web/stream/webrtc/.venv/lib/python3.12/site-packages/pip/_vendor/urllib3/__pycache__/response.cpython-312.pyc -> /home/matthieu/ros2_ws/install/web_control/share/web_control/web/stream/webrtc/.venv/lib/python3.12/site-packages/pip/_vendor/urllib3/__pycache__
[1.007s] copying web/stream/webrtc/.venv/lib/python3.12/site-packages/pip/_vendor/urllib3/__pycache__/_collections.cpython-312.pyc -> /home/matthieu/ros2_ws/install/web_control/share/web_control/web/stream/webrtc/.venv/lib/python3.12/site-packages/pip/_vendor/urllib3/__pycache__
[1.007s] copying web/stream/webrtc/.venv/lib/python3.12/site-packages/pip/_vendor/urllib3/__pycache__/request.cpython-312.pyc -> /home/matthieu/ros2_ws/install/web_control/share/web_control/web/stream/webrtc/.venv/lib/python3.12/site-packages/pip/_vendor/urllib3/__pycache__
[1.007s] copying web/stream/webrtc/.venv/lib/python3.12/site-packages/pip/_vendor/urllib3/__pycache__/connection.cpython-312.pyc -> /home/matthieu/ros2_ws/install/web_control/share/web_control/web/stream/webrtc/.venv/lib/python3.12/site-packages/pip/_vendor/urllib3/__pycache__
[1.007s] copying web/stream/webrtc/.venv/lib/python3.12/site-packages/pip/_vendor/urllib3/__pycache__/_version.cpython-312.pyc -> /home/matthieu/ros2_ws/install/web_control/share/web_control/web/stream/webrtc/.venv/lib/python3.12/site-packages/pip/_vendor/urllib3/__pycache__
[1.007s] copying web/stream/webrtc/.venv/lib/python3.12/site-packages/pip/_vendor/urllib3/__pycache__/connectionpool.cpython-312.pyc -> /home/matthieu/ros2_ws/install/web_control/share/web_control/web/stream/webrtc/.venv/lib/python3.12/site-packages/pip/_vendor/urllib3/__pycache__
[1.007s] copying web/stream/webrtc/.venv/lib/python3.12/site-packages/pip/_vendor/urllib3/__pycache__/poolmanager.cpython-312.pyc -> /home/matthieu/ros2_ws/install/web_control/share/web_control/web/stream/webrtc/.venv/lib/python3.12/site-packages/pip/_vendor/urllib3/__pycache__
[1.007s] copying web/stream/webrtc/.venv/lib/python3.12/site-packages/pip/_vendor/urllib3/__pycache__/exceptions.cpython-312.pyc -> /home/matthieu/ros2_ws/install/web_control/share/web_control/web/stream/webrtc/.venv/lib/python3.12/site-packages/pip/_vendor/urllib3/__pycache__
[1.007s] copying web/stream/webrtc/.venv/lib/python3.12/site-packages/pip/_vendor/urllib3/__pycache__/filepost.cpython-312.pyc -> /home/matthieu/ros2_ws/install/web_control/share/web_control/web/stream/webrtc/.venv/lib/python3.12/site-packages/pip/_vendor/urllib3/__pycache__
[1.007s] copying web/stream/webrtc/.venv/lib/python3.12/site-packages/pip/_vendor/urllib3/__pycache__/__init__.cpython-312.pyc -> /home/matthieu/ros2_ws/install/web_control/share/web_control/web/stream/webrtc/.venv/lib/python3.12/site-packages/pip/_vendor/urllib3/__pycache__
[1.007s] copying web/stream/webrtc/.venv/lib/python3.12/site-packages/pip/_vendor/urllib3/__pycache__/fields.cpython-312.pyc -> /home/matthieu/ros2_ws/install/web_control/share/web_control/web/stream/webrtc/.venv/lib/python3.12/site-packages/pip/_vendor/urllib3/__pycache__
[1.007s] creating /home/matthieu/ros2_ws/install/web_control/share/web_control/web/stream/webrtc/.venv/lib/python3.12/site-packages/pip/_vendor/urllib3/contrib
[1.008s] copying web/stream/webrtc/.venv/lib/python3.12/site-packages/pip/_vendor/urllib3/contrib/pyopenssl.py -> /home/matthieu/ros2_ws/install/web_control/share/web_control/web/stream/webrtc/.venv/lib/python3.12/site-packages/pip/_vendor/urllib3/contrib
[1.008s] copying web/stream/webrtc/.venv/lib/python3.12/site-packages/pip/_vendor/urllib3/contrib/_appengine_environ.py -> /home/matthieu/ros2_ws/install/web_control/share/web_control/web/stream/webrtc/.venv/lib/python3.12/site-packages/pip/_vendor/urllib3/contrib
[1.008s] copying web/stream/webrtc/.venv/lib/python3.12/site-packages/pip/_vendor/urllib3/contrib/appengine.py -> /home/matthieu/ros2_ws/install/web_control/share/web_control/web/stream/webrtc/.venv/lib/python3.12/site-packages/pip/_vendor/urllib3/contrib
[1.008s] copying web/stream/webrtc/.venv/lib/python3.12/site-packages/pip/_vendor/urllib3/contrib/socks.py -> /home/matthieu/ros2_ws/install/web_control/share/web_control/web/stream/webrtc/.venv/lib/python3.12/site-packages/pip/_vendor/urllib3/contrib
[1.008s] copying web/stream/webrtc/.venv/lib/python3.12/site-packages/pip/_vendor/urllib3/contrib/securetransport.py -> /home/matthieu/ros2_ws/install/web_control/share/web_control/web/stream/webrtc/.venv/lib/python3.12/site-packages/pip/_vendor/urllib3/contrib
[1.008s] copying web/stream/webrtc/.venv/lib/python3.12/site-packages/pip/_vendor/urllib3/contrib/ntlmpool.py -> /home/matthieu/ros2_ws/install/web_control/share/web_control/web/stream/webrtc/.venv/lib/python3.12/site-packages/pip/_vendor/urllib3/contrib
[1.008s] copying web/stream/webrtc/.venv/lib/python3.12/site-packages/pip/_vendor/urllib3/contrib/__init__.py -> /home/matthieu/ros2_ws/install/web_control/share/web_control/web/stream/webrtc/.venv/lib/python3.12/site-packages/pip/_vendor/urllib3/contrib
[1.008s] creating /home/matthieu/ros2_ws/install/web_control/share/web_control/web/stream/webrtc/.venv/lib/python3.12/site-packages/pip/_vendor/urllib3/contrib/__pycache__
[1.008s] copying web/stream/webrtc/.venv/lib/python3.12/site-packages/pip/_vendor/urllib3/contrib/__pycache__/ntlmpool.cpython-312.pyc -> /home/matthieu/ros2_ws/install/web_control/share/web_control/web/stream/webrtc/.venv/lib/python3.12/site-packages/pip/_vendor/urllib3/contrib/__pycache__
[1.008s] copying web/stream/webrtc/.venv/lib/python3.12/site-packages/pip/_vendor/urllib3/contrib/__pycache__/socks.cpython-312.pyc -> /home/matthieu/ros2_ws/install/web_control/share/web_control/web/stream/webrtc/.venv/lib/python3.12/site-packages/pip/_vendor/urllib3/contrib/__pycache__
[1.008s] copying web/stream/webrtc/.venv/lib/python3.12/site-packages/pip/_vendor/urllib3/contrib/__pycache__/securetransport.cpython-312.pyc -> /home/matthieu/ros2_ws/install/web_control/share/web_control/web/stream/webrtc/.venv/lib/python3.12/site-packages/pip/_vendor/urllib3/contrib/__pycache__
[1.008s] copying web/stream/webrtc/.venv/lib/python3.12/site-packages/pip/_vendor/urllib3/contrib/__pycache__/_appengine_environ.cpython-312.pyc -> /home/matthieu/ros2_ws/install/web_control/share/web_control/web/stream/webrtc/.venv/lib/python3.12/site-packages/pip/_vendor/urllib3/contrib/__pycache__
[1.008s] copying web/stream/webrtc/.venv/lib/python3.12/site-packages/pip/_vendor/urllib3/contrib/__pycache__/pyopenssl.cpython-312.pyc -> /home/matthieu/ros2_ws/install/web_control/share/web_control/web/stream/webrtc/.venv/lib/python3.12/site-packages/pip/_vendor/urllib3/contrib/__pycache__
[1.008s] copying web/stream/webrtc/.venv/lib/python3.12/site-packages/pip/_vendor/urllib3/contrib/__pycache__/appengine.cpython-312.pyc -> /home/matthieu/ros2_ws/install/web_control/share/web_control/web/stream/webrtc/.venv/lib/python3.12/site-packages/pip/_vendor/urllib3/contrib/__pycache__
[1.008s] copying web/stream/webrtc/.venv/lib/python3.12/site-packages/pip/_vendor/urllib3/contrib/__pycache__/__init__.cpython-312.pyc -> /home/matthieu/ros2_ws/install/web_control/share/web_control/web/stream/webrtc/.venv/lib/python3.12/site-packages/pip/_vendor/urllib3/contrib/__pycache__
[1.008s] creating /home/matthieu/ros2_ws/install/web_control/share/web_control/web/stream/webrtc/.venv/lib/python3.12/site-packages/pip/_vendor/urllib3/contrib/_securetransport
[1.008s] copying web/stream/webrtc/.venv/lib/python3.12/site-packages/pip/_vendor/urllib3/contrib/_securetransport/bindings.py -> /home/matthieu/ros2_ws/install/web_control/share/web_control/web/stream/webrtc/.venv/lib/python3.12/site-packages/pip/_vendor/urllib3/contrib/_securetransport
[1.008s] copying web/stream/webrtc/.venv/lib/python3.12/site-packages/pip/_vendor/urllib3/contrib/_securetransport/low_level.py -> /home/matthieu/ros2_ws/install/web_control/share/web_control/web/stream/webrtc/.venv/lib/python3.12/site-packages/pip/_vendor/urllib3/contrib/_securetransport
[1.008s] copying web/stream/webrtc/.venv/lib/python3.12/site-packages/pip/_vendor/urllib3/contrib/_securetransport/__init__.py -> /home/matthieu/ros2_ws/install/web_control/share/web_control/web/stream/webrtc/.venv/lib/python3.12/site-packages/pip/_vendor/urllib3/contrib/_securetransport
[1.009s] creating /home/matthieu/ros2_ws/install/web_control/share/web_control/web/stream/webrtc/.venv/lib/python3.12/site-packages/pip/_vendor/urllib3/contrib/_securetransport/__pycache__
[1.009s] copying web/stream/webrtc/.venv/lib/python3.12/site-packages/pip/_vendor/urllib3/contrib/_securetransport/__pycache__/low_level.cpython-312.pyc -> /home/matthieu/ros2_ws/install/web_control/share/web_control/web/stream/webrtc/.venv/lib/python3.12/site-packages/pip/_vendor/urllib3/contrib/_securetransport/__pycache__
[1.009s] copying web/stream/webrtc/.venv/lib/python3.12/site-packages/pip/_vendor/urllib3/contrib/_securetransport/__pycache__/bindings.cpython-312.pyc -> /home/matthieu/ros2_ws/install/web_control/share/web_control/web/stream/webrtc/.venv/lib/python3.12/site-packages/pip/_vendor/urllib3/contrib/_securetransport/__pycache__
[1.009s] copying web/stream/webrtc/.venv/lib/python3.12/site-packages/pip/_vendor/urllib3/contrib/_securetransport/__pycache__/__init__.cpython-312.pyc -> /home/matthieu/ros2_ws/install/web_control/share/web_control/web/stream/webrtc/.venv/lib/python3.12/site-packages/pip/_vendor/urllib3/contrib/_securetransport/__pycache__
[1.009s] creating /home/matthieu/ros2_ws/install/web_control/share/web_control/web/stream/webrtc/.venv/lib/python3.12/site-packages/pip/_vendor/urllib3/packages
[1.009s] copying web/stream/webrtc/.venv/lib/python3.12/site-packages/pip/_vendor/urllib3/packages/six.py -> /home/matthieu/ros2_ws/install/web_control/share/web_control/web/stream/webrtc/.venv/lib/python3.12/site-packages/pip/_vendor/urllib3/packages
[1.009s] copying web/stream/webrtc/.venv/lib/python3.12/site-packages/pip/_vendor/urllib3/packages/__init__.py -> /home/matthieu/ros2_ws/install/web_control/share/web_control/web/stream/webrtc/.venv/lib/python3.12/site-packages/pip/_vendor/urllib3/packages
[1.009s] creating /home/matthieu/ros2_ws/install/web_control/share/web_control/web/stream/webrtc/.venv/lib/python3.12/site-packages/pip/_vendor/urllib3/packages/backports
[1.009s] copying web/stream/webrtc/.venv/lib/python3.12/site-packages/pip/_vendor/urllib3/packages/backports/weakref_finalize.py -> /home/matthieu/ros2_ws/install/web_control/share/web_control/web/stream/webrtc/.venv/lib/python3.12/site-packages/pip/_vendor/urllib3/packages/backports
[1.009s] copying web/stream/webrtc/.venv/lib/python3.12/site-packages/pip/_vendor/urllib3/packages/backports/makefile.py -> /home/matthieu/ros2_ws/install/web_control/share/web_control/web/stream/webrtc/.venv/lib/python3.12/site-packages/pip/_vendor/urllib3/packages/backports
[1.009s] copying web/stream/webrtc/.venv/lib/python3.12/site-packages/pip/_vendor/urllib3/packages/backports/__init__.py -> /home/matthieu/ros2_ws/install/web_control/share/web_control/web/stream/webrtc/.venv/lib/python3.12/site-packages/pip/_vendor/urllib3/packages/backports
[1.009s] creating /home/matthieu/ros2_ws/install/web_control/share/web_control/web/stream/webrtc/.venv/lib/python3.12/site-packages/pip/_vendor/urllib3/packages/backports/__pycache__
[1.009s] copying web/stream/webrtc/.venv/lib/python3.12/site-packages/pip/_vendor/urllib3/packages/backports/__pycache__/makefile.cpython-312.pyc -> /home/matthieu/ros2_ws/install/web_control/share/web_control/web/stream/webrtc/.venv/lib/python3.12/site-packages/pip/_vendor/urllib3/packages/backports/__pycache__
[1.009s] copying web/stream/webrtc/.venv/lib/python3.12/site-packages/pip/_vendor/urllib3/packages/backports/__pycache__/weakref_finalize.cpython-312.pyc -> /home/matthieu/ros2_ws/install/web_control/share/web_control/web/stream/webrtc/.venv/lib/python3.12/site-packages/pip/_vendor/urllib3/packages/backports/__pycache__
[1.009s] copying web/stream/webrtc/.venv/lib/python3.12/site-packages/pip/_vendor/urllib3/packages/backports/__pycache__/__init__.cpython-312.pyc -> /home/matthieu/ros2_ws/install/web_control/share/web_control/web/stream/webrtc/.venv/lib/python3.12/site-packages/pip/_vendor/urllib3/packages/backports/__pycache__
[1.009s] creating /home/matthieu/ros2_ws/install/web_control/share/web_control/web/stream/webrtc/.venv/lib/python3.12/site-packages/pip/_vendor/urllib3/packages/__pycache__
[1.009s] copying web/stream/webrtc/.venv/lib/python3.12/site-packages/pip/_vendor/urllib3/packages/__pycache__/six.cpython-312.pyc -> /home/matthieu/ros2_ws/install/web_control/share/web_control/web/stream/webrtc/.venv/lib/python3.12/site-packages/pip/_vendor/urllib3/packages/__pycache__
[1.009s] copying web/stream/webrtc/.venv/lib/python3.12/site-packages/pip/_vendor/urllib3/packages/__pycache__/__init__.cpython-312.pyc -> /home/matthieu/ros2_ws/install/web_control/share/web_control/web/stream/webrtc/.venv/lib/python3.12/site-packages/pip/_vendor/urllib3/packages/__pycache__
[1.009s] creating /home/matthieu/ros2_ws/install/web_control/share/web_control/web/stream/webrtc/.venv/lib/python3.12/site-packages/pip/_internal
[1.009s] copying web/stream/webrtc/.venv/lib/python3.12/site-packages/pip/_internal/configuration.py -> /home/matthieu/ros2_ws/install/web_control/share/web_control/web/stream/webrtc/.venv/lib/python3.12/site-packages/pip/_internal
[1.010s] copying web/stream/webrtc/.venv/lib/python3.12/site-packages/pip/_internal/main.py -> /home/matthieu/ros2_ws/install/web_control/share/web_control/web/stream/webrtc/.venv/lib/python3.12/site-packages/pip/_internal
[1.010s] copying web/stream/webrtc/.venv/lib/python3.12/site-packages/pip/_internal/wheel_builder.py -> /home/matthieu/ros2_ws/install/web_control/share/web_control/web/stream/webrtc/.venv/lib/python3.12/site-packages/pip/_internal
[1.010s] copying web/stream/webrtc/.venv/lib/python3.12/site-packages/pip/_internal/cache.py -> /home/matthieu/ros2_ws/install/web_control/share/web_control/web/stream/webrtc/.venv/lib/python3.12/site-packages/pip/_internal
[1.010s] copying web/stream/webrtc/.venv/lib/python3.12/site-packages/pip/_internal/pyproject.py -> /home/matthieu/ros2_ws/install/web_control/share/web_control/web/stream/webrtc/.venv/lib/python3.12/site-packages/pip/_internal
[1.010s] copying web/stream/webrtc/.venv/lib/python3.12/site-packages/pip/_internal/build_env.py -> /home/matthieu/ros2_ws/install/web_control/share/web_control/web/stream/webrtc/.venv/lib/python3.12/site-packages/pip/_internal
[1.010s] copying web/stream/webrtc/.venv/lib/python3.12/site-packages/pip/_internal/self_outdated_check.py -> /home/matthieu/ros2_ws/install/web_control/share/web_control/web/stream/webrtc/.venv/lib/python3.12/site-packages/pip/_internal
[1.010s] copying web/stream/webrtc/.venv/lib/python3.12/site-packages/pip/_internal/exceptions.py -> /home/matthieu/ros2_ws/install/web_control/share/web_control/web/stream/webrtc/.venv/lib/python3.12/site-packages/pip/_internal
[1.010s] copying web/stream/webrtc/.venv/lib/python3.12/site-packages/pip/_internal/__init__.py -> /home/matthieu/ros2_ws/install/web_control/share/web_control/web/stream/webrtc/.venv/lib/python3.12/site-packages/pip/_internal
[1.010s] creating /home/matthieu/ros2_ws/install/web_control/share/web_control/web/stream/webrtc/.venv/lib/python3.12/site-packages/pip/_internal/resolution
[1.010s] copying web/stream/webrtc/.venv/lib/python3.12/site-packages/pip/_internal/resolution/base.py -> /home/matthieu/ros2_ws/install/web_control/share/web_control/web/stream/webrtc/.venv/lib/python3.12/site-packages/pip/_internal/resolution
[1.010s] copying web/stream/webrtc/.venv/lib/python3.12/site-packages/pip/_internal/resolution/__init__.py -> /home/matthieu/ros2_ws/install/web_control/share/web_control/web/stream/webrtc/.venv/lib/python3.12/site-packages/pip/_internal/resolution
[1.010s] creating /home/matthieu/ros2_ws/install/web_control/share/web_control/web/stream/webrtc/.venv/lib/python3.12/site-packages/pip/_internal/resolution/__pycache__
[1.010s] copying web/stream/webrtc/.venv/lib/python3.12/site-packages/pip/_internal/resolution/__pycache__/base.cpython-312.pyc -> /home/matthieu/ros2_ws/install/web_control/share/web_control/web/stream/webrtc/.venv/lib/python3.12/site-packages/pip/_internal/resolution/__pycache__
[1.010s] copying web/stream/webrtc/.venv/lib/python3.12/site-packages/pip/_internal/resolution/__pycache__/__init__.cpython-312.pyc -> /home/matthieu/ros2_ws/install/web_control/share/web_control/web/stream/webrtc/.venv/lib/python3.12/site-packages/pip/_internal/resolution/__pycache__
[1.010s] creating /home/matthieu/ros2_ws/install/web_control/share/web_control/web/stream/webrtc/.venv/lib/python3.12/site-packages/pip/_internal/resolution/legacy
[1.010s] copying web/stream/webrtc/.venv/lib/python3.12/site-packages/pip/_internal/resolution/legacy/resolver.py -> /home/matthieu/ros2_ws/install/web_control/share/web_control/web/stream/webrtc/.venv/lib/python3.12/site-packages/pip/_internal/resolution/legacy
[1.010s] copying web/stream/webrtc/.venv/lib/python3.12/site-packages/pip/_internal/resolution/legacy/__init__.py -> /home/matthieu/ros2_ws/install/web_control/share/web_control/web/stream/webrtc/.venv/lib/python3.12/site-packages/pip/_internal/resolution/legacy
[1.010s] creating /home/matthieu/ros2_ws/install/web_control/share/web_control/web/stream/webrtc/.venv/lib/python3.12/site-packages/pip/_internal/resolution/legacy/__pycache__
[1.011s] copying web/stream/webrtc/.venv/lib/python3.12/site-packages/pip/_internal/resolution/legacy/__pycache__/resolver.cpython-312.pyc -> /home/matthieu/ros2_ws/install/web_control/share/web_control/web/stream/webrtc/.venv/lib/python3.12/site-packages/pip/_internal/resolution/legacy/__pycache__
[1.011s] copying web/stream/webrtc/.venv/lib/python3.12/site-packages/pip/_internal/resolution/legacy/__pycache__/__init__.cpython-312.pyc -> /home/matthieu/ros2_ws/install/web_control/share/web_control/web/stream/webrtc/.venv/lib/python3.12/site-packages/pip/_internal/resolution/legacy/__pycache__
[1.011s] creating /home/matthieu/ros2_ws/install/web_control/share/web_control/web/stream/webrtc/.venv/lib/python3.12/site-packages/pip/_internal/resolution/resolvelib
[1.011s] copying web/stream/webrtc/.venv/lib/python3.12/site-packages/pip/_internal/resolution/resolvelib/base.py -> /home/matthieu/ros2_ws/install/web_control/share/web_control/web/stream/webrtc/.venv/lib/python3.12/site-packages/pip/_internal/resolution/resolvelib
[1.011s] copying web/stream/webrtc/.venv/lib/python3.12/site-packages/pip/_internal/resolution/resolvelib/provider.py -> /home/matthieu/ros2_ws/install/web_control/share/web_control/web/stream/webrtc/.venv/lib/python3.12/site-packages/pip/_internal/resolution/resolvelib
[1.011s] copying web/stream/webrtc/.venv/lib/python3.12/site-packages/pip/_internal/resolution/resolvelib/requirements.py -> /home/matthieu/ros2_ws/install/web_control/share/web_control/web/stream/webrtc/.venv/lib/python3.12/site-packages/pip/_internal/resolution/resolvelib
[1.011s] copying web/stream/webrtc/.venv/lib/python3.12/site-packages/pip/_internal/resolution/resolvelib/candidates.py -> /home/matthieu/ros2_ws/install/web_control/share/web_control/web/stream/webrtc/.venv/lib/python3.12/site-packages/pip/_internal/resolution/resolvelib
[1.011s] copying web/stream/webrtc/.venv/lib/python3.12/site-packages/pip/_internal/resolution/resolvelib/resolver.py -> /home/matthieu/ros2_ws/install/web_control/share/web_control/web/stream/webrtc/.venv/lib/python3.12/site-packages/pip/_internal/resolution/resolvelib
[1.011s] copying web/stream/webrtc/.venv/lib/python3.12/site-packages/pip/_internal/resolution/resolvelib/reporter.py -> /home/matthieu/ros2_ws/install/web_control/share/web_control/web/stream/webrtc/.venv/lib/python3.12/site-packages/pip/_internal/resolution/resolvelib
[1.011s] copying web/stream/webrtc/.venv/lib/python3.12/site-packages/pip/_internal/resolution/resolvelib/found_candidates.py -> /home/matthieu/ros2_ws/install/web_control/share/web_control/web/stream/webrtc/.venv/lib/python3.12/site-packages/pip/_internal/resolution/resolvelib
[1.011s] copying web/stream/webrtc/.venv/lib/python3.12/site-packages/pip/_internal/resolution/resolvelib/factory.py -> /home/matthieu/ros2_ws/install/web_control/share/web_control/web/stream/webrtc/.venv/lib/python3.12/site-packages/pip/_internal/resolution/resolvelib
[1.011s] copying web/stream/webrtc/.venv/lib/python3.12/site-packages/pip/_internal/resolution/resolvelib/__init__.py -> /home/matthieu/ros2_ws/install/web_control/share/web_control/web/stream/webrtc/.venv/lib/python3.12/site-packages/pip/_internal/resolution/resolvelib
[1.011s] creating /home/matthieu/ros2_ws/install/web_control/share/web_control/web/stream/webrtc/.venv/lib/python3.12/site-packages/pip/_internal/resolution/resolvelib/__pycache__
[1.011s] copying web/stream/webrtc/.venv/lib/python3.12/site-packages/pip/_internal/resolution/resolvelib/__pycache__/candidates.cpython-312.pyc -> /home/matthieu/ros2_ws/install/web_control/share/web_control/web/stream/webrtc/.venv/lib/python3.12/site-packages/pip/_internal/resolution/resolvelib/__pycache__
[1.011s] copying web/stream/webrtc/.venv/lib/python3.12/site-packages/pip/_internal/resolution/resolvelib/__pycache__/resolver.cpython-312.pyc -> /home/matthieu/ros2_ws/install/web_control/share/web_control/web/stream/webrtc/.venv/lib/python3.12/site-packages/pip/_internal/resolution/resolvelib/__pycache__
[1.011s] copying web/stream/webrtc/.venv/lib/python3.12/site-packages/pip/_internal/resolution/resolvelib/__pycache__/base.cpython-312.pyc -> /home/matthieu/ros2_ws/install/web_control/share/web_control/web/stream/webrtc/.venv/lib/python3.12/site-packages/pip/_internal/resolution/resolvelib/__pycache__
[1.011s] copying web/stream/webrtc/.venv/lib/python3.12/site-packages/pip/_internal/resolution/resolvelib/__pycache__/reporter.cpython-312.pyc -> /home/matthieu/ros2_ws/install/web_control/share/web_control/web/stream/webrtc/.venv/lib/python3.12/site-packages/pip/_internal/resolution/resolvelib/__pycache__
[1.011s] copying web/stream/webrtc/.venv/lib/python3.12/site-packages/pip/_internal/resolution/resolvelib/__pycache__/provider.cpython-312.pyc -> /home/matthieu/ros2_ws/install/web_control/share/web_control/web/stream/webrtc/.venv/lib/python3.12/site-packages/pip/_internal/resolution/resolvelib/__pycache__
[1.011s] copying web/stream/webrtc/.venv/lib/python3.12/site-packages/pip/_internal/resolution/resolvelib/__pycache__/requirements.cpython-312.pyc -> /home/matthieu/ros2_ws/install/web_control/share/web_control/web/stream/webrtc/.venv/lib/python3.12/site-packages/pip/_internal/resolution/resolvelib/__pycache__
[1.012s] copying web/stream/webrtc/.venv/lib/python3.12/site-packages/pip/_internal/resolution/resolvelib/__pycache__/factory.cpython-312.pyc -> /home/matthieu/ros2_ws/install/web_control/share/web_control/web/stream/webrtc/.venv/lib/python3.12/site-packages/pip/_internal/resolution/resolvelib/__pycache__
[1.012s] copying web/stream/webrtc/.venv/lib/python3.12/site-packages/pip/_internal/resolution/resolvelib/__pycache__/found_candidates.cpython-312.pyc -> /home/matthieu/ros2_ws/install/web_control/share/web_control/web/stream/webrtc/.venv/lib/python3.12/site-packages/pip/_internal/resolution/resolvelib/__pycache__
[1.012s] copying web/stream/webrtc/.venv/lib/python3.12/site-packages/pip/_internal/resolution/resolvelib/__pycache__/__init__.cpython-312.pyc -> /home/matthieu/ros2_ws/install/web_control/share/web_control/web/stream/webrtc/.venv/lib/python3.12/site-packages/pip/_internal/resolution/resolvelib/__pycache__
[1.012s] creating /home/matthieu/ros2_ws/install/web_control/share/web_control/web/stream/webrtc/.venv/lib/python3.12/site-packages/pip/_internal/operations
[1.012s] copying web/stream/webrtc/.venv/lib/python3.12/site-packages/pip/_internal/operations/prepare.py -> /home/matthieu/ros2_ws/install/web_control/share/web_control/web/stream/webrtc/.venv/lib/python3.12/site-packages/pip/_internal/operations
[1.012s] copying web/stream/webrtc/.venv/lib/python3.12/site-packages/pip/_internal/operations/freeze.py -> /home/matthieu/ros2_ws/install/web_control/share/web_control/web/stream/webrtc/.venv/lib/python3.12/site-packages/pip/_internal/operations
[1.012s] copying web/stream/webrtc/.venv/lib/python3.12/site-packages/pip/_internal/operations/check.py -> /home/matthieu/ros2_ws/install/web_control/share/web_control/web/stream/webrtc/.venv/lib/python3.12/site-packages/pip/_internal/operations
[1.012s] copying web/stream/webrtc/.venv/lib/python3.12/site-packages/pip/_internal/operations/__init__.py -> /home/matthieu/ros2_ws/install/web_control/share/web_control/web/stream/webrtc/.venv/lib/python3.12/site-packages/pip/_internal/operations
[1.012s] creating /home/matthieu/ros2_ws/install/web_control/share/web_control/web/stream/webrtc/.venv/lib/python3.12/site-packages/pip/_internal/operations/build
[1.012s] copying web/stream/webrtc/.venv/lib/python3.12/site-packages/pip/_internal/operations/build/wheel_legacy.py -> /home/matthieu/ros2_ws/install/web_control/share/web_control/web/stream/webrtc/.venv/lib/python3.12/site-packages/pip/_internal/operations/build
[1.012s] copying web/stream/webrtc/.venv/lib/python3.12/site-packages/pip/_internal/operations/build/build_tracker.py -> /home/matthieu/ros2_ws/install/web_control/share/web_control/web/stream/webrtc/.venv/lib/python3.12/site-packages/pip/_internal/operations/build
[1.012s] copying web/stream/webrtc/.venv/lib/python3.12/site-packages/pip/_internal/operations/build/metadata.py -> /home/matthieu/ros2_ws/install/web_control/share/web_control/web/stream/webrtc/.venv/lib/python3.12/site-packages/pip/_internal/operations/build
[1.012s] copying web/stream/webrtc/.venv/lib/python3.12/site-packages/pip/_internal/operations/build/wheel_editable.py -> /home/matthieu/ros2_ws/install/web_control/share/web_control/web/stream/webrtc/.venv/lib/python3.12/site-packages/pip/_internal/operations/build
[1.012s] copying web/stream/webrtc/.venv/lib/python3.12/site-packages/pip/_internal/operations/build/metadata_editable.py -> /home/matthieu/ros2_ws/install/web_control/share/web_control/web/stream/webrtc/.venv/lib/python3.12/site-packages/pip/_internal/operations/build
[1.012s] copying web/stream/webrtc/.venv/lib/python3.12/site-packages/pip/_internal/operations/build/wheel.py -> /home/matthieu/ros2_ws/install/web_control/share/web_control/web/stream/webrtc/.venv/lib/python3.12/site-packages/pip/_internal/operations/build
[1.012s] copying web/stream/webrtc/.venv/lib/python3.12/site-packages/pip/_internal/operations/build/metadata_legacy.py -> /home/matthieu/ros2_ws/install/web_control/share/web_control/web/stream/webrtc/.venv/lib/python3.12/site-packages/pip/_internal/operations/build
[1.012s] copying web/stream/webrtc/.venv/lib/python3.12/site-packages/pip/_internal/operations/build/__init__.py -> /home/matthieu/ros2_ws/install/web_control/share/web_control/web/stream/webrtc/.venv/lib/python3.12/site-packages/pip/_internal/operations/build
[1.012s] creating /home/matthieu/ros2_ws/install/web_control/share/web_control/web/stream/webrtc/.venv/lib/python3.12/site-packages/pip/_internal/operations/build/__pycache__
[1.012s] copying web/stream/webrtc/.venv/lib/python3.12/site-packages/pip/_internal/operations/build/__pycache__/metadata_legacy.cpython-312.pyc -> /home/matthieu/ros2_ws/install/web_control/share/web_control/web/stream/webrtc/.venv/lib/python3.12/site-packages/pip/_internal/operations/build/__pycache__
[1.012s] copying web/stream/webrtc/.venv/lib/python3.12/site-packages/pip/_internal/operations/build/__pycache__/wheel_legacy.cpython-312.pyc -> /home/matthieu/ros2_ws/install/web_control/share/web_control/web/stream/webrtc/.venv/lib/python3.12/site-packages/pip/_internal/operations/build/__pycache__
[1.013s] copying web/stream/webrtc/.venv/lib/python3.12/site-packages/pip/_internal/operations/build/__pycache__/wheel_editable.cpython-312.pyc -> /home/matthieu/ros2_ws/install/web_control/share/web_control/web/stream/webrtc/.venv/lib/python3.12/site-packages/pip/_internal/operations/build/__pycache__
[1.013s] copying web/stream/webrtc/.venv/lib/python3.12/site-packages/pip/_internal/operations/build/__pycache__/wheel.cpython-312.pyc -> /home/matthieu/ros2_ws/install/web_control/share/web_control/web/stream/webrtc/.venv/lib/python3.12/site-packages/pip/_internal/operations/build/__pycache__
[1.013s] copying web/stream/webrtc/.venv/lib/python3.12/site-packages/pip/_internal/operations/build/__pycache__/__init__.cpython-312.pyc -> /home/matthieu/ros2_ws/install/web_control/share/web_control/web/stream/webrtc/.venv/lib/python3.12/site-packages/pip/_internal/operations/build/__pycache__
[1.013s] copying web/stream/webrtc/.venv/lib/python3.12/site-packages/pip/_internal/operations/build/__pycache__/metadata.cpython-312.pyc -> /home/matthieu/ros2_ws/install/web_control/share/web_control/web/stream/webrtc/.venv/lib/python3.12/site-packages/pip/_internal/operations/build/__pycache__
[1.013s] copying web/stream/webrtc/.venv/lib/python3.12/site-packages/pip/_internal/operations/build/__pycache__/metadata_editable.cpython-312.pyc -> /home/matthieu/ros2_ws/install/web_control/share/web_control/web/stream/webrtc/.venv/lib/python3.12/site-packages/pip/_internal/operations/build/__pycache__
[1.013s] copying web/stream/webrtc/.venv/lib/python3.12/site-packages/pip/_internal/operations/build/__pycache__/build_tracker.cpython-312.pyc -> /home/matthieu/ros2_ws/install/web_control/share/web_control/web/stream/webrtc/.venv/lib/python3.12/site-packages/pip/_internal/operations/build/__pycache__
[1.013s] creating /home/matthieu/ros2_ws/install/web_control/share/web_control/web/stream/webrtc/.venv/lib/python3.12/site-packages/pip/_internal/operations/install
[1.013s] copying web/stream/webrtc/.venv/lib/python3.12/site-packages/pip/_internal/operations/install/wheel.py -> /home/matthieu/ros2_ws/install/web_control/share/web_control/web/stream/webrtc/.venv/lib/python3.12/site-packages/pip/_internal/operations/install
[1.013s] copying web/stream/webrtc/.venv/lib/python3.12/site-packages/pip/_internal/operations/install/editable_legacy.py -> /home/matthieu/ros2_ws/install/web_control/share/web_control/web/stream/webrtc/.venv/lib/python3.12/site-packages/pip/_internal/operations/install
[1.013s] copying web/stream/webrtc/.venv/lib/python3.12/site-packages/pip/_internal/operations/install/__init__.py -> /home/matthieu/ros2_ws/install/web_control/share/web_control/web/stream/webrtc/.venv/lib/python3.12/site-packages/pip/_internal/operations/install
[1.013s] creating /home/matthieu/ros2_ws/install/web_control/share/web_control/web/stream/webrtc/.venv/lib/python3.12/site-packages/pip/_internal/operations/install/__pycache__
[1.013s] copying web/stream/webrtc/.venv/lib/python3.12/site-packages/pip/_internal/operations/install/__pycache__/wheel.cpython-312.pyc -> /home/matthieu/ros2_ws/install/web_control/share/web_control/web/stream/webrtc/.venv/lib/python3.12/site-packages/pip/_internal/operations/install/__pycache__
[1.013s] copying web/stream/webrtc/.venv/lib/python3.12/site-packages/pip/_internal/operations/install/__pycache__/editable_legacy.cpython-312.pyc -> /home/matthieu/ros2_ws/install/web_control/share/web_control/web/stream/webrtc/.venv/lib/python3.12/site-packages/pip/_internal/operations/install/__pycache__
[1.013s] copying web/stream/webrtc/.venv/lib/python3.12/site-packages/pip/_internal/operations/install/__pycache__/__init__.cpython-312.pyc -> /home/matthieu/ros2_ws/install/web_control/share/web_control/web/stream/webrtc/.venv/lib/python3.12/site-packages/pip/_internal/operations/install/__pycache__
[1.013s] creating /home/matthieu/ros2_ws/install/web_control/share/web_control/web/stream/webrtc/.venv/lib/python3.12/site-packages/pip/_internal/operations/__pycache__
[1.013s] copying web/stream/webrtc/.venv/lib/python3.12/site-packages/pip/_internal/operations/__pycache__/prepare.cpython-312.pyc -> /home/matthieu/ros2_ws/install/web_control/share/web_control/web/stream/webrtc/.venv/lib/python3.12/site-packages/pip/_internal/operations/__pycache__
[1.013s] copying web/stream/webrtc/.venv/lib/python3.12/site-packages/pip/_internal/operations/__pycache__/check.cpython-312.pyc -> /home/matthieu/ros2_ws/install/web_control/share/web_control/web/stream/webrtc/.venv/lib/python3.12/site-packages/pip/_internal/operations/__pycache__
[1.013s] copying web/stream/webrtc/.venv/lib/python3.12/site-packages/pip/_internal/operations/__pycache__/__init__.cpython-312.pyc -> /home/matthieu/ros2_ws/install/web_control/share/web_control/web/stream/webrtc/.venv/lib/python3.12/site-packages/pip/_internal/operations/__pycache__
[1.013s] copying web/stream/webrtc/.venv/lib/python3.12/site-packages/pip/_internal/operations/__pycache__/freeze.cpython-312.pyc -> /home/matthieu/ros2_ws/install/web_control/share/web_control/web/stream/webrtc/.venv/lib/python3.12/site-packages/pip/_internal/operations/__pycache__
[1.014s] creating /home/matthieu/ros2_ws/install/web_control/share/web_control/web/stream/webrtc/.venv/lib/python3.12/site-packages/pip/_internal/models
[1.014s] copying web/stream/webrtc/.venv/lib/python3.12/site-packages/pip/_internal/models/target_python.py -> /home/matthieu/ros2_ws/install/web_control/share/web_control/web/stream/webrtc/.venv/lib/python3.12/site-packages/pip/_internal/models
[1.014s] copying web/stream/webrtc/.venv/lib/python3.12/site-packages/pip/_internal/models/scheme.py -> /home/matthieu/ros2_ws/install/web_control/share/web_control/web/stream/webrtc/.venv/lib/python3.12/site-packages/pip/_internal/models
[1.014s] copying web/stream/webrtc/.venv/lib/python3.12/site-packages/pip/_internal/models/index.py -> /home/matthieu/ros2_ws/install/web_control/share/web_control/web/stream/webrtc/.venv/lib/python3.12/site-packages/pip/_internal/models
[1.014s] copying web/stream/webrtc/.venv/lib/python3.12/site-packages/pip/_internal/models/search_scope.py -> /home/matthieu/ros2_ws/install/web_control/share/web_control/web/stream/webrtc/.venv/lib/python3.12/site-packages/pip/_internal/models
[1.014s] copying web/stream/webrtc/.venv/lib/python3.12/site-packages/pip/_internal/models/selection_prefs.py -> /home/matthieu/ros2_ws/install/web_control/share/web_control/web/stream/webrtc/.venv/lib/python3.12/site-packages/pip/_internal/models
[1.014s] copying web/stream/webrtc/.venv/lib/python3.12/site-packages/pip/_internal/models/link.py -> /home/matthieu/ros2_ws/install/web_control/share/web_control/web/stream/webrtc/.venv/lib/python3.12/site-packages/pip/_internal/models
[1.014s] copying web/stream/webrtc/.venv/lib/python3.12/site-packages/pip/_internal/models/candidate.py -> /home/matthieu/ros2_ws/install/web_control/share/web_control/web/stream/webrtc/.venv/lib/python3.12/site-packages/pip/_internal/models
[1.014s] copying web/stream/webrtc/.venv/lib/python3.12/site-packages/pip/_internal/models/installation_report.py -> /home/matthieu/ros2_ws/install/web_control/share/web_control/web/stream/webrtc/.venv/lib/python3.12/site-packages/pip/_internal/models
[1.014s] copying web/stream/webrtc/.venv/lib/python3.12/site-packages/pip/_internal/models/direct_url.py -> /home/matthieu/ros2_ws/install/web_control/share/web_control/web/stream/webrtc/.venv/lib/python3.12/site-packages/pip/_internal/models
[1.014s] copying web/stream/webrtc/.venv/lib/python3.12/site-packages/pip/_internal/models/wheel.py -> /home/matthieu/ros2_ws/install/web_control/share/web_control/web/stream/webrtc/.venv/lib/python3.12/site-packages/pip/_internal/models
[1.014s] copying web/stream/webrtc/.venv/lib/python3.12/site-packages/pip/_internal/models/__init__.py -> /home/matthieu/ros2_ws/install/web_control/share/web_control/web/stream/webrtc/.venv/lib/python3.12/site-packages/pip/_internal/models
[1.014s] copying web/stream/webrtc/.venv/lib/python3.12/site-packages/pip/_internal/models/format_control.py -> /home/matthieu/ros2_ws/install/web_control/share/web_control/web/stream/webrtc/.venv/lib/python3.12/site-packages/pip/_internal/models
[1.014s] creating /home/matthieu/ros2_ws/install/web_control/share/web_control/web/stream/webrtc/.venv/lib/python3.12/site-packages/pip/_internal/models/__pycache__
[1.014s] copying web/stream/webrtc/.venv/lib/python3.12/site-packages/pip/_internal/models/__pycache__/index.cpython-312.pyc -> /home/matthieu/ros2_ws/install/web_control/share/web_control/web/stream/webrtc/.venv/lib/python3.12/site-packages/pip/_internal/models/__pycache__
[1.014s] copying web/stream/webrtc/.venv/lib/python3.12/site-packages/pip/_internal/models/__pycache__/direct_url.cpython-312.pyc -> /home/matthieu/ros2_ws/install/web_control/share/web_control/web/stream/webrtc/.venv/lib/python3.12/site-packages/pip/_internal/models/__pycache__
[1.014s] copying web/stream/webrtc/.venv/lib/python3.12/site-packages/pip/_internal/models/__pycache__/search_scope.cpython-312.pyc -> /home/matthieu/ros2_ws/install/web_control/share/web_control/web/stream/webrtc/.venv/lib/python3.12/site-packages/pip/_internal/models/__pycache__
[1.014s] copying web/stream/webrtc/.venv/lib/python3.12/site-packages/pip/_internal/models/__pycache__/wheel.cpython-312.pyc -> /home/matthieu/ros2_ws/install/web_control/share/web_control/web/stream/webrtc/.venv/lib/python3.12/site-packages/pip/_internal/models/__pycache__
[1.014s] copying web/stream/webrtc/.venv/lib/python3.12/site-packages/pip/_internal/models/__pycache__/link.cpython-312.pyc -> /home/matthieu/ros2_ws/install/web_control/share/web_control/web/stream/webrtc/.venv/lib/python3.12/site-packages/pip/_internal/models/__pycache__
[1.015s] copying web/stream/webrtc/.venv/lib/python3.12/site-packages/pip/_internal/models/__pycache__/target_python.cpython-312.pyc -> /home/matthieu/ros2_ws/install/web_control/share/web_control/web/stream/webrtc/.venv/lib/python3.12/site-packages/pip/_internal/models/__pycache__
[1.015s] copying web/stream/webrtc/.venv/lib/python3.12/site-packages/pip/_internal/models/__pycache__/scheme.cpython-312.pyc -> /home/matthieu/ros2_ws/install/web_control/share/web_control/web/stream/webrtc/.venv/lib/python3.12/site-packages/pip/_internal/models/__pycache__
[1.015s] copying web/stream/webrtc/.venv/lib/python3.12/site-packages/pip/_internal/models/__pycache__/selection_prefs.cpython-312.pyc -> /home/matthieu/ros2_ws/install/web_control/share/web_control/web/stream/webrtc/.venv/lib/python3.12/site-packages/pip/_internal/models/__pycache__
[1.015s] copying web/stream/webrtc/.venv/lib/python3.12/site-packages/pip/_internal/models/__pycache__/installation_report.cpython-312.pyc -> /home/matthieu/ros2_ws/install/web_control/share/web_control/web/stream/webrtc/.venv/lib/python3.12/site-packages/pip/_internal/models/__pycache__
[1.015s] copying web/stream/webrtc/.venv/lib/python3.12/site-packages/pip/_internal/models/__pycache__/candidate.cpython-312.pyc -> /home/matthieu/ros2_ws/install/web_control/share/web_control/web/stream/webrtc/.venv/lib/python3.12/site-packages/pip/_internal/models/__pycache__
[1.015s] copying web/stream/webrtc/.venv/lib/python3.12/site-packages/pip/_internal/models/__pycache__/format_control.cpython-312.pyc -> /home/matthieu/ros2_ws/install/web_control/share/web_control/web/stream/webrtc/.venv/lib/python3.12/site-packages/pip/_internal/models/__pycache__
[1.015s] copying web/stream/webrtc/.venv/lib/python3.12/site-packages/pip/_internal/models/__pycache__/__init__.cpython-312.pyc -> /home/matthieu/ros2_ws/install/web_control/share/web_control/web/stream/webrtc/.venv/lib/python3.12/site-packages/pip/_internal/models/__pycache__
[1.015s] creating /home/matthieu/ros2_ws/install/web_control/share/web_control/web/stream/webrtc/.venv/lib/python3.12/site-packages/pip/_internal/cli
[1.015s] copying web/stream/webrtc/.venv/lib/python3.12/site-packages/pip/_internal/cli/progress_bars.py -> /home/matthieu/ros2_ws/install/web_control/share/web_control/web/stream/webrtc/.venv/lib/python3.12/site-packages/pip/_internal/cli
[1.015s] copying web/stream/webrtc/.venv/lib/python3.12/site-packages/pip/_internal/cli/main.py -> /home/matthieu/ros2_ws/install/web_control/share/web_control/web/stream/webrtc/.venv/lib/python3.12/site-packages/pip/_internal/cli
[1.015s] copying web/stream/webrtc/.venv/lib/python3.12/site-packages/pip/_internal/cli/spinners.py -> /home/matthieu/ros2_ws/install/web_control/share/web_control/web/stream/webrtc/.venv/lib/python3.12/site-packages/pip/_internal/cli
[1.015s] copying web/stream/webrtc/.venv/lib/python3.12/site-packages/pip/_internal/cli/cmdoptions.py -> /home/matthieu/ros2_ws/install/web_control/share/web_control/web/stream/webrtc/.venv/lib/python3.12/site-packages/pip/_internal/cli
[1.015s] copying web/stream/webrtc/.venv/lib/python3.12/site-packages/pip/_internal/cli/command_context.py -> /home/matthieu/ros2_ws/install/web_control/share/web_control/web/stream/webrtc/.venv/lib/python3.12/site-packages/pip/_internal/cli
[1.015s] copying web/stream/webrtc/.venv/lib/python3.12/site-packages/pip/_internal/cli/base_command.py -> /home/matthieu/ros2_ws/install/web_control/share/web_control/web/stream/webrtc/.venv/lib/python3.12/site-packages/pip/_internal/cli
[1.015s] copying web/stream/webrtc/.venv/lib/python3.12/site-packages/pip/_internal/cli/parser.py -> /home/matthieu/ros2_ws/install/web_control/share/web_control/web/stream/webrtc/.venv/lib/python3.12/site-packages/pip/_internal/cli
[1.015s] copying web/stream/webrtc/.venv/lib/python3.12/site-packages/pip/_internal/cli/status_codes.py -> /home/matthieu/ros2_ws/install/web_control/share/web_control/web/stream/webrtc/.venv/lib/python3.12/site-packages/pip/_internal/cli
[1.015s] copying web/stream/webrtc/.venv/lib/python3.12/site-packages/pip/_internal/cli/req_command.py -> /home/matthieu/ros2_ws/install/web_control/share/web_control/web/stream/webrtc/.venv/lib/python3.12/site-packages/pip/_internal/cli
[1.015s] copying web/stream/webrtc/.venv/lib/python3.12/site-packages/pip/_internal/cli/autocompletion.py -> /home/matthieu/ros2_ws/install/web_control/share/web_control/web/stream/webrtc/.venv/lib/python3.12/site-packages/pip/_internal/cli
[1.015s] copying web/stream/webrtc/.venv/lib/python3.12/site-packages/pip/_internal/cli/main_parser.py -> /home/matthieu/ros2_ws/install/web_control/share/web_control/web/stream/webrtc/.venv/lib/python3.12/site-packages/pip/_internal/cli
[1.016s] copying web/stream/webrtc/.venv/lib/python3.12/site-packages/pip/_internal/cli/__init__.py -> /home/matthieu/ros2_ws/install/web_control/share/web_control/web/stream/webrtc/.venv/lib/python3.12/site-packages/pip/_internal/cli
[1.016s] creating /home/matthieu/ros2_ws/install/web_control/share/web_control/web/stream/webrtc/.venv/lib/python3.12/site-packages/pip/_internal/cli/__pycache__
[1.016s] copying web/stream/webrtc/.venv/lib/python3.12/site-packages/pip/_internal/cli/__pycache__/command_context.cpython-312.pyc -> /home/matthieu/ros2_ws/install/web_control/share/web_control/web/stream/webrtc/.venv/lib/python3.12/site-packages/pip/_internal/cli/__pycache__
[1.016s] copying web/stream/webrtc/.venv/lib/python3.12/site-packages/pip/_internal/cli/__pycache__/spinners.cpython-312.pyc -> /home/matthieu/ros2_ws/install/web_control/share/web_control/web/stream/webrtc/.venv/lib/python3.12/site-packages/pip/_internal/cli/__pycache__
[1.016s] copying web/stream/webrtc/.venv/lib/python3.12/site-packages/pip/_internal/cli/__pycache__/autocompletion.cpython-312.pyc -> /home/matthieu/ros2_ws/install/web_control/share/web_control/web/stream/webrtc/.venv/lib/python3.12/site-packages/pip/_internal/cli/__pycache__
[1.016s] copying web/stream/webrtc/.venv/lib/python3.12/site-packages/pip/_internal/cli/__pycache__/progress_bars.cpython-312.pyc -> /home/matthieu/ros2_ws/install/web_control/share/web_control/web/stream/webrtc/.venv/lib/python3.12/site-packages/pip/_internal/cli/__pycache__
[1.016s] copying web/stream/webrtc/.venv/lib/python3.12/site-packages/pip/_internal/cli/__pycache__/main.cpython-312.pyc -> /home/matthieu/ros2_ws/install/web_control/share/web_control/web/stream/webrtc/.venv/lib/python3.12/site-packages/pip/_internal/cli/__pycache__
[1.016s] copying web/stream/webrtc/.venv/lib/python3.12/site-packages/pip/_internal/cli/__pycache__/base_command.cpython-312.pyc -> /home/matthieu/ros2_ws/install/web_control/share/web_control/web/stream/webrtc/.venv/lib/python3.12/site-packages/pip/_internal/cli/__pycache__
[1.016s] copying web/stream/webrtc/.venv/lib/python3.12/site-packages/pip/_internal/cli/__pycache__/cmdoptions.cpython-312.pyc -> /home/matthieu/ros2_ws/install/web_control/share/web_control/web/stream/webrtc/.venv/lib/python3.12/site-packages/pip/_internal/cli/__pycache__
[1.016s] copying web/stream/webrtc/.venv/lib/python3.12/site-packages/pip/_internal/cli/__pycache__/main_parser.cpython-312.pyc -> /home/matthieu/ros2_ws/install/web_control/share/web_control/web/stream/webrtc/.venv/lib/python3.12/site-packages/pip/_internal/cli/__pycache__
[1.016s] copying web/stream/webrtc/.venv/lib/python3.12/site-packages/pip/_internal/cli/__pycache__/status_codes.cpython-312.pyc -> /home/matthieu/ros2_ws/install/web_control/share/web_control/web/stream/webrtc/.venv/lib/python3.12/site-packages/pip/_internal/cli/__pycache__
[1.016s] copying web/stream/webrtc/.venv/lib/python3.12/site-packages/pip/_internal/cli/__pycache__/__init__.cpython-312.pyc -> /home/matthieu/ros2_ws/install/web_control/share/web_control/web/stream/webrtc/.venv/lib/python3.12/site-packages/pip/_internal/cli/__pycache__
[1.016s] copying web/stream/webrtc/.venv/lib/python3.12/site-packages/pip/_internal/cli/__pycache__/req_command.cpython-312.pyc -> /home/matthieu/ros2_ws/install/web_control/share/web_control/web/stream/webrtc/.venv/lib/python3.12/site-packages/pip/_internal/cli/__pycache__
[1.016s] copying web/stream/webrtc/.venv/lib/python3.12/site-packages/pip/_internal/cli/__pycache__/parser.cpython-312.pyc -> /home/matthieu/ros2_ws/install/web_control/share/web_control/web/stream/webrtc/.venv/lib/python3.12/site-packages/pip/_internal/cli/__pycache__
[1.016s] creating /home/matthieu/ros2_ws/install/web_control/share/web_control/web/stream/webrtc/.venv/lib/python3.12/site-packages/pip/_internal/network
[1.016s] copying web/stream/webrtc/.venv/lib/python3.12/site-packages/pip/_internal/network/session.py -> /home/matthieu/ros2_ws/install/web_control/share/web_control/web/stream/webrtc/.venv/lib/python3.12/site-packages/pip/_internal/network
[1.016s] copying web/stream/webrtc/.venv/lib/python3.12/site-packages/pip/_internal/network/cache.py -> /home/matthieu/ros2_ws/install/web_control/share/web_control/web/stream/webrtc/.venv/lib/python3.12/site-packages/pip/_internal/network
[1.016s] copying web/stream/webrtc/.venv/lib/python3.12/site-packages/pip/_internal/network/auth.py -> /home/matthieu/ros2_ws/install/web_control/share/web_control/web/stream/webrtc/.venv/lib/python3.12/site-packages/pip/_internal/network
[1.017s] copying web/stream/webrtc/.venv/lib/python3.12/site-packages/pip/_internal/network/lazy_wheel.py -> /home/matthieu/ros2_ws/install/web_control/share/web_control/web/stream/webrtc/.venv/lib/python3.12/site-packages/pip/_internal/network
[1.017s] copying web/stream/webrtc/.venv/lib/python3.12/site-packages/pip/_internal/network/download.py -> /home/matthieu/ros2_ws/install/web_control/share/web_control/web/stream/webrtc/.venv/lib/python3.12/site-packages/pip/_internal/network
[1.017s] copying web/stream/webrtc/.venv/lib/python3.12/site-packages/pip/_internal/network/utils.py -> /home/matthieu/ros2_ws/install/web_control/share/web_control/web/stream/webrtc/.venv/lib/python3.12/site-packages/pip/_internal/network
[1.017s] copying web/stream/webrtc/.venv/lib/python3.12/site-packages/pip/_internal/network/xmlrpc.py -> /home/matthieu/ros2_ws/install/web_control/share/web_control/web/stream/webrtc/.venv/lib/python3.12/site-packages/pip/_internal/network
[1.017s] copying web/stream/webrtc/.venv/lib/python3.12/site-packages/pip/_internal/network/__init__.py -> /home/matthieu/ros2_ws/install/web_control/share/web_control/web/stream/webrtc/.venv/lib/python3.12/site-packages/pip/_internal/network
[1.017s] creating /home/matthieu/ros2_ws/install/web_control/share/web_control/web/stream/webrtc/.venv/lib/python3.12/site-packages/pip/_internal/network/__pycache__
[1.017s] copying web/stream/webrtc/.venv/lib/python3.12/site-packages/pip/_internal/network/__pycache__/auth.cpython-312.pyc -> /home/matthieu/ros2_ws/install/web_control/share/web_control/web/stream/webrtc/.venv/lib/python3.12/site-packages/pip/_internal/network/__pycache__
[1.017s] copying web/stream/webrtc/.venv/lib/python3.12/site-packages/pip/_internal/network/__pycache__/lazy_wheel.cpython-312.pyc -> /home/matthieu/ros2_ws/install/web_control/share/web_control/web/stream/webrtc/.venv/lib/python3.12/site-packages/pip/_internal/network/__pycache__
[1.017s] copying web/stream/webrtc/.venv/lib/python3.12/site-packages/pip/_internal/network/__pycache__/download.cpython-312.pyc -> /home/matthieu/ros2_ws/install/web_control/share/web_control/web/stream/webrtc/.venv/lib/python3.12/site-packages/pip/_internal/network/__pycache__
[1.017s] copying web/stream/webrtc/.venv/lib/python3.12/site-packages/pip/_internal/network/__pycache__/xmlrpc.cpython-312.pyc -> /home/matthieu/ros2_ws/install/web_control/share/web_control/web/stream/webrtc/.venv/lib/python3.12/site-packages/pip/_internal/network/__pycache__
[1.017s] copying web/stream/webrtc/.venv/lib/python3.12/site-packages/pip/_internal/network/__pycache__/session.cpython-312.pyc -> /home/matthieu/ros2_ws/install/web_control/share/web_control/web/stream/webrtc/.venv/lib/python3.12/site-packages/pip/_internal/network/__pycache__
[1.017s] copying web/stream/webrtc/.venv/lib/python3.12/site-packages/pip/_internal/network/__pycache__/cache.cpython-312.pyc -> /home/matthieu/ros2_ws/install/web_control/share/web_control/web/stream/webrtc/.venv/lib/python3.12/site-packages/pip/_internal/network/__pycache__
[1.017s] copying web/stream/webrtc/.venv/lib/python3.12/site-packages/pip/_internal/network/__pycache__/__init__.cpython-312.pyc -> /home/matthieu/ros2_ws/install/web_control/share/web_control/web/stream/webrtc/.venv/lib/python3.12/site-packages/pip/_internal/network/__pycache__
[1.017s] copying web/stream/webrtc/.venv/lib/python3.12/site-packages/pip/_internal/network/__pycache__/utils.cpython-312.pyc -> /home/matthieu/ros2_ws/install/web_control/share/web_control/web/stream/webrtc/.venv/lib/python3.12/site-packages/pip/_internal/network/__pycache__
[1.017s] creating /home/matthieu/ros2_ws/install/web_control/share/web_control/web/stream/webrtc/.venv/lib/python3.12/site-packages/pip/_internal/locations
[1.017s] copying web/stream/webrtc/.venv/lib/python3.12/site-packages/pip/_internal/locations/_distutils.py -> /home/matthieu/ros2_ws/install/web_control/share/web_control/web/stream/webrtc/.venv/lib/python3.12/site-packages/pip/_internal/locations
[1.017s] copying web/stream/webrtc/.venv/lib/python3.12/site-packages/pip/_internal/locations/base.py -> /home/matthieu/ros2_ws/install/web_control/share/web_control/web/stream/webrtc/.venv/lib/python3.12/site-packages/pip/_internal/locations
[1.017s] copying web/stream/webrtc/.venv/lib/python3.12/site-packages/pip/_internal/locations/_sysconfig.py -> /home/matthieu/ros2_ws/install/web_control/share/web_control/web/stream/webrtc/.venv/lib/python3.12/site-packages/pip/_internal/locations
[1.017s] copying web/stream/webrtc/.venv/lib/python3.12/site-packages/pip/_internal/locations/__init__.py -> /home/matthieu/ros2_ws/install/web_control/share/web_control/web/stream/webrtc/.venv/lib/python3.12/site-packages/pip/_internal/locations
[1.017s] creating /home/matthieu/ros2_ws/install/web_control/share/web_control/web/stream/webrtc/.venv/lib/python3.12/site-packages/pip/_internal/locations/__pycache__
[1.018s] copying web/stream/webrtc/.venv/lib/python3.12/site-packages/pip/_internal/locations/__pycache__/_distutils.cpython-312.pyc -> /home/matthieu/ros2_ws/install/web_control/share/web_control/web/stream/webrtc/.venv/lib/python3.12/site-packages/pip/_internal/locations/__pycache__
[1.018s] copying web/stream/webrtc/.venv/lib/python3.12/site-packages/pip/_internal/locations/__pycache__/_sysconfig.cpython-312.pyc -> /home/matthieu/ros2_ws/install/web_control/share/web_control/web/stream/webrtc/.venv/lib/python3.12/site-packages/pip/_internal/locations/__pycache__
[1.018s] copying web/stream/webrtc/.venv/lib/python3.12/site-packages/pip/_internal/locations/__pycache__/base.cpython-312.pyc -> /home/matthieu/ros2_ws/install/web_control/share/web_control/web/stream/webrtc/.venv/lib/python3.12/site-packages/pip/_internal/locations/__pycache__
[1.018s] copying web/stream/webrtc/.venv/lib/python3.12/site-packages/pip/_internal/locations/__pycache__/__init__.cpython-312.pyc -> /home/matthieu/ros2_ws/install/web_control/share/web_control/web/stream/webrtc/.venv/lib/python3.12/site-packages/pip/_internal/locations/__pycache__
[1.018s] creating /home/matthieu/ros2_ws/install/web_control/share/web_control/web/stream/webrtc/.venv/lib/python3.12/site-packages/pip/_internal/metadata
[1.018s] copying web/stream/webrtc/.venv/lib/python3.12/site-packages/pip/_internal/metadata/base.py -> /home/matthieu/ros2_ws/install/web_control/share/web_control/web/stream/webrtc/.venv/lib/python3.12/site-packages/pip/_internal/metadata
[1.018s] copying web/stream/webrtc/.venv/lib/python3.12/site-packages/pip/_internal/metadata/pkg_resources.py -> /home/matthieu/ros2_ws/install/web_control/share/web_control/web/stream/webrtc/.venv/lib/python3.12/site-packages/pip/_internal/metadata
[1.018s] copying web/stream/webrtc/.venv/lib/python3.12/site-packages/pip/_internal/metadata/_json.py -> /home/matthieu/ros2_ws/install/web_control/share/web_control/web/stream/webrtc/.venv/lib/python3.12/site-packages/pip/_internal/metadata
[1.018s] copying web/stream/webrtc/.venv/lib/python3.12/site-packages/pip/_internal/metadata/__init__.py -> /home/matthieu/ros2_ws/install/web_control/share/web_control/web/stream/webrtc/.venv/lib/python3.12/site-packages/pip/_internal/metadata
[1.018s] creating /home/matthieu/ros2_ws/install/web_control/share/web_control/web/stream/webrtc/.venv/lib/python3.12/site-packages/pip/_internal/metadata/__pycache__
[1.018s] copying web/stream/webrtc/.venv/lib/python3.12/site-packages/pip/_internal/metadata/__pycache__/_json.cpython-312.pyc -> /home/matthieu/ros2_ws/install/web_control/share/web_control/web/stream/webrtc/.venv/lib/python3.12/site-packages/pip/_internal/metadata/__pycache__
[1.018s] copying web/stream/webrtc/.venv/lib/python3.12/site-packages/pip/_internal/metadata/__pycache__/pkg_resources.cpython-312.pyc -> /home/matthieu/ros2_ws/install/web_control/share/web_control/web/stream/webrtc/.venv/lib/python3.12/site-packages/pip/_internal/metadata/__pycache__
[1.018s] copying web/stream/webrtc/.venv/lib/python3.12/site-packages/pip/_internal/metadata/__pycache__/base.cpython-312.pyc -> /home/matthieu/ros2_ws/install/web_control/share/web_control/web/stream/webrtc/.venv/lib/python3.12/site-packages/pip/_internal/metadata/__pycache__
[1.018s] copying web/stream/webrtc/.venv/lib/python3.12/site-packages/pip/_internal/metadata/__pycache__/__init__.cpython-312.pyc -> /home/matthieu/ros2_ws/install/web_control/share/web_control/web/stream/webrtc/.venv/lib/python3.12/site-packages/pip/_internal/metadata/__pycache__
[1.018s] creating /home/matthieu/ros2_ws/install/web_control/share/web_control/web/stream/webrtc/.venv/lib/python3.12/site-packages/pip/_internal/metadata/importlib
[1.018s] copying web/stream/webrtc/.venv/lib/python3.12/site-packages/pip/_internal/metadata/importlib/_envs.py -> /home/matthieu/ros2_ws/install/web_control/share/web_control/web/stream/webrtc/.venv/lib/python3.12/site-packages/pip/_internal/metadata/importlib
[1.018s] copying web/stream/webrtc/.venv/lib/python3.12/site-packages/pip/_internal/metadata/importlib/_dists.py -> /home/matthieu/ros2_ws/install/web_control/share/web_control/web/stream/webrtc/.venv/lib/python3.12/site-packages/pip/_internal/metadata/importlib
[1.018s] copying web/stream/webrtc/.venv/lib/python3.12/site-packages/pip/_internal/metadata/importlib/_compat.py -> /home/matthieu/ros2_ws/install/web_control/share/web_control/web/stream/webrtc/.venv/lib/python3.12/site-packages/pip/_internal/metadata/importlib
[1.019s] copying web/stream/webrtc/.venv/lib/python3.12/site-packages/pip/_internal/metadata/importlib/__init__.py -> /home/matthieu/ros2_ws/install/web_control/share/web_control/web/stream/webrtc/.venv/lib/python3.12/site-packages/pip/_internal/metadata/importlib
[1.019s] creating /home/matthieu/ros2_ws/install/web_control/share/web_control/web/stream/webrtc/.venv/lib/python3.12/site-packages/pip/_internal/metadata/importlib/__pycache__
[1.019s] copying web/stream/webrtc/.venv/lib/python3.12/site-packages/pip/_internal/metadata/importlib/__pycache__/_compat.cpython-312.pyc -> /home/matthieu/ros2_ws/install/web_control/share/web_control/web/stream/webrtc/.venv/lib/python3.12/site-packages/pip/_internal/metadata/importlib/__pycache__
[1.019s] copying web/stream/webrtc/.venv/lib/python3.12/site-packages/pip/_internal/metadata/importlib/__pycache__/_envs.cpython-312.pyc -> /home/matthieu/ros2_ws/install/web_control/share/web_control/web/stream/webrtc/.venv/lib/python3.12/site-packages/pip/_internal/metadata/importlib/__pycache__
[1.019s] copying web/stream/webrtc/.venv/lib/python3.12/site-packages/pip/_internal/metadata/importlib/__pycache__/_dists.cpython-312.pyc -> /home/matthieu/ros2_ws/install/web_control/share/web_control/web/stream/webrtc/.venv/lib/python3.12/site-packages/pip/_internal/metadata/importlib/__pycache__
[1.019s] copying web/stream/webrtc/.venv/lib/python3.12/site-packages/pip/_internal/metadata/importlib/__pycache__/__init__.cpython-312.pyc -> /home/matthieu/ros2_ws/install/web_control/share/web_control/web/stream/webrtc/.venv/lib/python3.12/site-packages/pip/_internal/metadata/importlib/__pycache__
[1.019s] creating /home/matthieu/ros2_ws/install/web_control/share/web_control/web/stream/webrtc/.venv/lib/python3.12/site-packages/pip/_internal/__pycache__
[1.019s] copying web/stream/webrtc/.venv/lib/python3.12/site-packages/pip/_internal/__pycache__/wheel_builder.cpython-312.pyc -> /home/matthieu/ros2_ws/install/web_control/share/web_control/web/stream/webrtc/.venv/lib/python3.12/site-packages/pip/_internal/__pycache__
[1.019s] copying web/stream/webrtc/.venv/lib/python3.12/site-packages/pip/_internal/__pycache__/self_outdated_check.cpython-312.pyc -> /home/matthieu/ros2_ws/install/web_control/share/web_control/web/stream/webrtc/.venv/lib/python3.12/site-packages/pip/_internal/__pycache__
[1.019s] copying web/stream/webrtc/.venv/lib/python3.12/site-packages/pip/_internal/__pycache__/main.cpython-312.pyc -> /home/matthieu/ros2_ws/install/web_control/share/web_control/web/stream/webrtc/.venv/lib/python3.12/site-packages/pip/_internal/__pycache__
[1.019s] copying web/stream/webrtc/.venv/lib/python3.12/site-packages/pip/_internal/__pycache__/pyproject.cpython-312.pyc -> /home/matthieu/ros2_ws/install/web_control/share/web_control/web/stream/webrtc/.venv/lib/python3.12/site-packages/pip/_internal/__pycache__
[1.019s] copying web/stream/webrtc/.venv/lib/python3.12/site-packages/pip/_internal/__pycache__/exceptions.cpython-312.pyc -> /home/matthieu/ros2_ws/install/web_control/share/web_control/web/stream/webrtc/.venv/lib/python3.12/site-packages/pip/_internal/__pycache__
[1.019s] copying web/stream/webrtc/.venv/lib/python3.12/site-packages/pip/_internal/__pycache__/build_env.cpython-312.pyc -> /home/matthieu/ros2_ws/install/web_control/share/web_control/web/stream/webrtc/.venv/lib/python3.12/site-packages/pip/_internal/__pycache__
[1.019s] copying web/stream/webrtc/.venv/lib/python3.12/site-packages/pip/_internal/__pycache__/configuration.cpython-312.pyc -> /home/matthieu/ros2_ws/install/web_control/share/web_control/web/stream/webrtc/.venv/lib/python3.12/site-packages/pip/_internal/__pycache__
[1.019s] copying web/stream/webrtc/.venv/lib/python3.12/site-packages/pip/_internal/__pycache__/cache.cpython-312.pyc -> /home/matthieu/ros2_ws/install/web_control/share/web_control/web/stream/webrtc/.venv/lib/python3.12/site-packages/pip/_internal/__pycache__
[1.019s] copying web/stream/webrtc/.venv/lib/python3.12/site-packages/pip/_internal/__pycache__/__init__.cpython-312.pyc -> /home/matthieu/ros2_ws/install/web_control/share/web_control/web/stream/webrtc/.venv/lib/python3.12/site-packages/pip/_internal/__pycache__
[1.019s] creating /home/matthieu/ros2_ws/install/web_control/share/web_control/web/stream/webrtc/.venv/lib/python3.12/site-packages/pip/_internal/distributions
[1.020s] copying web/stream/webrtc/.venv/lib/python3.12/site-packages/pip/_internal/distributions/installed.py -> /home/matthieu/ros2_ws/install/web_control/share/web_control/web/stream/webrtc/.venv/lib/python3.12/site-packages/pip/_internal/distributions
[1.020s] copying web/stream/webrtc/.venv/lib/python3.12/site-packages/pip/_internal/distributions/base.py -> /home/matthieu/ros2_ws/install/web_control/share/web_control/web/stream/webrtc/.venv/lib/python3.12/site-packages/pip/_internal/distributions
[1.020s] copying web/stream/webrtc/.venv/lib/python3.12/site-packages/pip/_internal/distributions/sdist.py -> /home/matthieu/ros2_ws/install/web_control/share/web_control/web/stream/webrtc/.venv/lib/python3.12/site-packages/pip/_internal/distributions
[1.020s] copying web/stream/webrtc/.venv/lib/python3.12/site-packages/pip/_internal/distributions/wheel.py -> /home/matthieu/ros2_ws/install/web_control/share/web_control/web/stream/webrtc/.venv/lib/python3.12/site-packages/pip/_internal/distributions
[1.020s] copying web/stream/webrtc/.venv/lib/python3.12/site-packages/pip/_internal/distributions/__init__.py -> /home/matthieu/ros2_ws/install/web_control/share/web_control/web/stream/webrtc/.venv/lib/python3.12/site-packages/pip/_internal/distributions
[1.020s] creating /home/matthieu/ros2_ws/install/web_control/share/web_control/web/stream/webrtc/.venv/lib/python3.12/site-packages/pip/_internal/distributions/__pycache__
[1.020s] copying web/stream/webrtc/.venv/lib/python3.12/site-packages/pip/_internal/distributions/__pycache__/base.cpython-312.pyc -> /home/matthieu/ros2_ws/install/web_control/share/web_control/web/stream/webrtc/.venv/lib/python3.12/site-packages/pip/_internal/distributions/__pycache__
[1.020s] copying web/stream/webrtc/.venv/lib/python3.12/site-packages/pip/_internal/distributions/__pycache__/wheel.cpython-312.pyc -> /home/matthieu/ros2_ws/install/web_control/share/web_control/web/stream/webrtc/.venv/lib/python3.12/site-packages/pip/_internal/distributions/__pycache__
[1.020s] copying web/stream/webrtc/.venv/lib/python3.12/site-packages/pip/_internal/distributions/__pycache__/installed.cpython-312.pyc -> /home/matthieu/ros2_ws/install/web_control/share/web_control/web/stream/webrtc/.venv/lib/python3.12/site-packages/pip/_internal/distributions/__pycache__
[1.020s] copying web/stream/webrtc/.venv/lib/python3.12/site-packages/pip/_internal/distributions/__pycache__/sdist.cpython-312.pyc -> /home/matthieu/ros2_ws/install/web_control/share/web_control/web/stream/webrtc/.venv/lib/python3.12/site-packages/pip/_internal/distributions/__pycache__
[1.020s] copying web/stream/webrtc/.venv/lib/python3.12/site-packages/pip/_internal/distributions/__pycache__/__init__.cpython-312.pyc -> /home/matthieu/ros2_ws/install/web_control/share/web_control/web/stream/webrtc/.venv/lib/python3.12/site-packages/pip/_internal/distributions/__pycache__
[1.020s] creating /home/matthieu/ros2_ws/install/web_control/share/web_control/web/stream/webrtc/.venv/lib/python3.12/site-packages/pip/_internal/req
[1.020s] copying web/stream/webrtc/.venv/lib/python3.12/site-packages/pip/_internal/req/req_file.py -> /home/matthieu/ros2_ws/install/web_control/share/web_control/web/stream/webrtc/.venv/lib/python3.12/site-packages/pip/_internal/req
[1.020s] copying web/stream/webrtc/.venv/lib/python3.12/site-packages/pip/_internal/req/constructors.py -> /home/matthieu/ros2_ws/install/web_control/share/web_control/web/stream/webrtc/.venv/lib/python3.12/site-packages/pip/_internal/req
[1.020s] copying web/stream/webrtc/.venv/lib/python3.12/site-packages/pip/_internal/req/req_set.py -> /home/matthieu/ros2_ws/install/web_control/share/web_control/web/stream/webrtc/.venv/lib/python3.12/site-packages/pip/_internal/req
[1.020s] copying web/stream/webrtc/.venv/lib/python3.12/site-packages/pip/_internal/req/req_install.py -> /home/matthieu/ros2_ws/install/web_control/share/web_control/web/stream/webrtc/.venv/lib/python3.12/site-packages/pip/_internal/req
[1.020s] copying web/stream/webrtc/.venv/lib/python3.12/site-packages/pip/_internal/req/req_uninstall.py -> /home/matthieu/ros2_ws/install/web_control/share/web_control/web/stream/webrtc/.venv/lib/python3.12/site-packages/pip/_internal/req
[1.020s] copying web/stream/webrtc/.venv/lib/python3.12/site-packages/pip/_internal/req/__init__.py -> /home/matthieu/ros2_ws/install/web_control/share/web_control/web/stream/webrtc/.venv/lib/python3.12/site-packages/pip/_internal/req
[1.021s] creating /home/matthieu/ros2_ws/install/web_control/share/web_control/web/stream/webrtc/.venv/lib/python3.12/site-packages/pip/_internal/req/__pycache__
[1.021s] copying web/stream/webrtc/.venv/lib/python3.12/site-packages/pip/_internal/req/__pycache__/req_install.cpython-312.pyc -> /home/matthieu/ros2_ws/install/web_control/share/web_control/web/stream/webrtc/.venv/lib/python3.12/site-packages/pip/_internal/req/__pycache__
[1.021s] copying web/stream/webrtc/.venv/lib/python3.12/site-packages/pip/_internal/req/__pycache__/req_file.cpython-312.pyc -> /home/matthieu/ros2_ws/install/web_control/share/web_control/web/stream/webrtc/.venv/lib/python3.12/site-packages/pip/_internal/req/__pycache__
[1.021s] copying web/stream/webrtc/.venv/lib/python3.12/site-packages/pip/_internal/req/__pycache__/req_uninstall.cpython-312.pyc -> /home/matthieu/ros2_ws/install/web_control/share/web_control/web/stream/webrtc/.venv/lib/python3.12/site-packages/pip/_internal/req/__pycache__
[1.021s] copying web/stream/webrtc/.venv/lib/python3.12/site-packages/pip/_internal/req/__pycache__/constructors.cpython-312.pyc -> /home/matthieu/ros2_ws/install/web_control/share/web_control/web/stream/webrtc/.venv/lib/python3.12/site-packages/pip/_internal/req/__pycache__
[1.021s] copying web/stream/webrtc/.venv/lib/python3.12/site-packages/pip/_internal/req/__pycache__/__init__.cpython-312.pyc -> /home/matthieu/ros2_ws/install/web_control/share/web_control/web/stream/webrtc/.venv/lib/python3.12/site-packages/pip/_internal/req/__pycache__
[1.021s] copying web/stream/webrtc/.venv/lib/python3.12/site-packages/pip/_internal/req/__pycache__/req_set.cpython-312.pyc -> /home/matthieu/ros2_ws/install/web_control/share/web_control/web/stream/webrtc/.venv/lib/python3.12/site-packages/pip/_internal/req/__pycache__
[1.021s] creating /home/matthieu/ros2_ws/install/web_control/share/web_control/web/stream/webrtc/.venv/lib/python3.12/site-packages/pip/_internal/utils
[1.021s] copying web/stream/webrtc/.venv/lib/python3.12/site-packages/pip/_internal/utils/encoding.py -> /home/matthieu/ros2_ws/install/web_control/share/web_control/web/stream/webrtc/.venv/lib/python3.12/site-packages/pip/_internal/utils
[1.021s] copying web/stream/webrtc/.venv/lib/python3.12/site-packages/pip/_internal/utils/appdirs.py -> /home/matthieu/ros2_ws/install/web_control/share/web_control/web/stream/webrtc/.venv/lib/python3.12/site-packages/pip/_internal/utils
[1.021s] copying web/stream/webrtc/.venv/lib/python3.12/site-packages/pip/_internal/utils/direct_url_helpers.py -> /home/matthieu/ros2_ws/install/web_control/share/web_control/web/stream/webrtc/.venv/lib/python3.12/site-packages/pip/_internal/utils
[1.021s] copying web/stream/webrtc/.venv/lib/python3.12/site-packages/pip/_internal/utils/filetypes.py -> /home/matthieu/ros2_ws/install/web_control/share/web_control/web/stream/webrtc/.venv/lib/python3.12/site-packages/pip/_internal/utils
[1.021s] copying web/stream/webrtc/.venv/lib/python3.12/site-packages/pip/_internal/utils/setuptools_build.py -> /home/matthieu/ros2_ws/install/web_control/share/web_control/web/stream/webrtc/.venv/lib/python3.12/site-packages/pip/_internal/utils
[1.021s] copying web/stream/webrtc/.venv/lib/python3.12/site-packages/pip/_internal/utils/temp_dir.py -> /home/matthieu/ros2_ws/install/web_control/share/web_control/web/stream/webrtc/.venv/lib/python3.12/site-packages/pip/_internal/utils
[1.021s] copying web/stream/webrtc/.venv/lib/python3.12/site-packages/pip/_internal/utils/glibc.py -> /home/matthieu/ros2_ws/install/web_control/share/web_control/web/stream/webrtc/.venv/lib/python3.12/site-packages/pip/_internal/utils
[1.021s] copying web/stream/webrtc/.venv/lib/python3.12/site-packages/pip/_internal/utils/unpacking.py -> /home/matthieu/ros2_ws/install/web_control/share/web_control/web/stream/webrtc/.venv/lib/python3.12/site-packages/pip/_internal/utils
[1.021s] copying web/stream/webrtc/.venv/lib/python3.12/site-packages/pip/_internal/utils/urls.py -> /home/matthieu/ros2_ws/install/web_control/share/web_control/web/stream/webrtc/.venv/lib/python3.12/site-packages/pip/_internal/utils
[1.021s] copying web/stream/webrtc/.venv/lib/python3.12/site-packages/pip/_internal/utils/datetime.py -> /home/matthieu/ros2_ws/install/web_control/share/web_control/web/stream/webrtc/.venv/lib/python3.12/site-packages/pip/_internal/utils
[1.022s] copying web/stream/webrtc/.venv/lib/python3.12/site-packages/pip/_internal/utils/hashes.py -> /home/matthieu/ros2_ws/install/web_control/share/web_control/web/stream/webrtc/.venv/lib/python3.12/site-packages/pip/_internal/utils
[1.022s] copying web/stream/webrtc/.venv/lib/python3.12/site-packages/pip/_internal/utils/subprocess.py -> /home/matthieu/ros2_ws/install/web_control/share/web_control/web/stream/webrtc/.venv/lib/python3.12/site-packages/pip/_internal/utils
[1.022s] copying web/stream/webrtc/.venv/lib/python3.12/site-packages/pip/_internal/utils/logging.py -> /home/matthieu/ros2_ws/install/web_control/share/web_control/web/stream/webrtc/.venv/lib/python3.12/site-packages/pip/_internal/utils
[1.022s] copying web/stream/webrtc/.venv/lib/python3.12/site-packages/pip/_internal/utils/entrypoints.py -> /home/matthieu/ros2_ws/install/web_control/share/web_control/web/stream/webrtc/.venv/lib/python3.12/site-packages/pip/_internal/utils
[1.022s] copying web/stream/webrtc/.venv/lib/python3.12/site-packages/pip/_internal/utils/misc.py -> /home/matthieu/ros2_ws/install/web_control/share/web_control/web/stream/webrtc/.venv/lib/python3.12/site-packages/pip/_internal/utils
[1.022s] copying web/stream/webrtc/.venv/lib/python3.12/site-packages/pip/_internal/utils/compatibility_tags.py -> /home/matthieu/ros2_ws/install/web_control/share/web_control/web/stream/webrtc/.venv/lib/python3.12/site-packages/pip/_internal/utils
[1.022s] copying web/stream/webrtc/.venv/lib/python3.12/site-packages/pip/_internal/utils/virtualenv.py -> /home/matthieu/ros2_ws/install/web_control/share/web_control/web/stream/webrtc/.venv/lib/python3.12/site-packages/pip/_internal/utils
[1.022s] copying web/stream/webrtc/.venv/lib/python3.12/site-packages/pip/_internal/utils/compat.py -> /home/matthieu/ros2_ws/install/web_control/share/web_control/web/stream/webrtc/.venv/lib/python3.12/site-packages/pip/_internal/utils
[1.022s] copying web/stream/webrtc/.venv/lib/python3.12/site-packages/pip/_internal/utils/models.py -> /home/matthieu/ros2_ws/install/web_control/share/web_control/web/stream/webrtc/.venv/lib/python3.12/site-packages/pip/_internal/utils
[1.022s] copying web/stream/webrtc/.venv/lib/python3.12/site-packages/pip/_internal/utils/filesystem.py -> /home/matthieu/ros2_ws/install/web_control/share/web_control/web/stream/webrtc/.venv/lib/python3.12/site-packages/pip/_internal/utils
[1.022s] copying web/stream/webrtc/.venv/lib/python3.12/site-packages/pip/_internal/utils/_jaraco_text.py -> /home/matthieu/ros2_ws/install/web_control/share/web_control/web/stream/webrtc/.venv/lib/python3.12/site-packages/pip/_internal/utils
[1.022s] copying web/stream/webrtc/.venv/lib/python3.12/site-packages/pip/_internal/utils/packaging.py -> /home/matthieu/ros2_ws/install/web_control/share/web_control/web/stream/webrtc/.venv/lib/python3.12/site-packages/pip/_internal/utils
[1.022s] copying web/stream/webrtc/.venv/lib/python3.12/site-packages/pip/_internal/utils/wheel.py -> /home/matthieu/ros2_ws/install/web_control/share/web_control/web/stream/webrtc/.venv/lib/python3.12/site-packages/pip/_internal/utils
[1.022s] copying web/stream/webrtc/.venv/lib/python3.12/site-packages/pip/_internal/utils/_log.py -> /home/matthieu/ros2_ws/install/web_control/share/web_control/web/stream/webrtc/.venv/lib/python3.12/site-packages/pip/_internal/utils
[1.022s] copying web/stream/webrtc/.venv/lib/python3.12/site-packages/pip/_internal/utils/egg_link.py -> /home/matthieu/ros2_ws/install/web_control/share/web_control/web/stream/webrtc/.venv/lib/python3.12/site-packages/pip/_internal/utils
[1.022s] copying web/stream/webrtc/.venv/lib/python3.12/site-packages/pip/_internal/utils/deprecation.py -> /home/matthieu/ros2_ws/install/web_control/share/web_control/web/stream/webrtc/.venv/lib/python3.12/site-packages/pip/_internal/utils
[1.022s] copying web/stream/webrtc/.venv/lib/python3.12/site-packages/pip/_internal/utils/__init__.py -> /home/matthieu/ros2_ws/install/web_control/share/web_control/web/stream/webrtc/.venv/lib/python3.12/site-packages/pip/_internal/utils
[1.023s] creating /home/matthieu/ros2_ws/install/web_control/share/web_control/web/stream/webrtc/.venv/lib/python3.12/site-packages/pip/_internal/utils/__pycache__
[1.023s] copying web/stream/webrtc/.venv/lib/python3.12/site-packages/pip/_internal/utils/__pycache__/entrypoints.cpython-312.pyc -> /home/matthieu/ros2_ws/install/web_control/share/web_control/web/stream/webrtc/.venv/lib/python3.12/site-packages/pip/_internal/utils/__pycache__
[1.023s] copying web/stream/webrtc/.venv/lib/python3.12/site-packages/pip/_internal/utils/__pycache__/misc.cpython-312.pyc -> /home/matthieu/ros2_ws/install/web_control/share/web_control/web/stream/webrtc/.venv/lib/python3.12/site-packages/pip/_internal/utils/__pycache__
[1.023s] copying web/stream/webrtc/.venv/lib/python3.12/site-packages/pip/_internal/utils/__pycache__/datetime.cpython-312.pyc -> /home/matthieu/ros2_ws/install/web_control/share/web_control/web/stream/webrtc/.venv/lib/python3.12/site-packages/pip/_internal/utils/__pycache__
[1.023s] copying web/stream/webrtc/.venv/lib/python3.12/site-packages/pip/_internal/utils/__pycache__/deprecation.cpython-312.pyc -> /home/matthieu/ros2_ws/install/web_control/share/web_control/web/stream/webrtc/.venv/lib/python3.12/site-packages/pip/_internal/utils/__pycache__
[1.023s] copying web/stream/webrtc/.venv/lib/python3.12/site-packages/pip/_internal/utils/__pycache__/temp_dir.cpython-312.pyc -> /home/matthieu/ros2_ws/install/web_control/share/web_control/web/stream/webrtc/.venv/lib/python3.12/site-packages/pip/_internal/utils/__pycache__
[1.023s] copying web/stream/webrtc/.venv/lib/python3.12/site-packages/pip/_internal/utils/__pycache__/virtualenv.cpython-312.pyc -> /home/matthieu/ros2_ws/install/web_control/share/web_control/web/stream/webrtc/.venv/lib/python3.12/site-packages/pip/_internal/utils/__pycache__
[1.023s] copying web/stream/webrtc/.venv/lib/python3.12/site-packages/pip/_internal/utils/__pycache__/glibc.cpython-312.pyc -> /home/matthieu/ros2_ws/install/web_control/share/web_control/web/stream/webrtc/.venv/lib/python3.12/site-packages/pip/_internal/utils/__pycache__
[1.023s] copying web/stream/webrtc/.venv/lib/python3.12/site-packages/pip/_internal/utils/__pycache__/direct_url_helpers.cpython-312.pyc -> /home/matthieu/ros2_ws/install/web_control/share/web_control/web/stream/webrtc/.venv/lib/python3.12/site-packages/pip/_internal/utils/__pycache__
[1.023s] copying web/stream/webrtc/.venv/lib/python3.12/site-packages/pip/_internal/utils/__pycache__/_log.cpython-312.pyc -> /home/matthieu/ros2_ws/install/web_control/share/web_control/web/stream/webrtc/.venv/lib/python3.12/site-packages/pip/_internal/utils/__pycache__
[1.023s] copying web/stream/webrtc/.venv/lib/python3.12/site-packages/pip/_internal/utils/__pycache__/models.cpython-312.pyc -> /home/matthieu/ros2_ws/install/web_control/share/web_control/web/stream/webrtc/.venv/lib/python3.12/site-packages/pip/_internal/utils/__pycache__
[1.023s] copying web/stream/webrtc/.venv/lib/python3.12/site-packages/pip/_internal/utils/__pycache__/setuptools_build.cpython-312.pyc -> /home/matthieu/ros2_ws/install/web_control/share/web_control/web/stream/webrtc/.venv/lib/python3.12/site-packages/pip/_internal/utils/__pycache__
[1.023s] copying web/stream/webrtc/.venv/lib/python3.12/site-packages/pip/_internal/utils/__pycache__/packaging.cpython-312.pyc -> /home/matthieu/ros2_ws/install/web_control/share/web_control/web/stream/webrtc/.venv/lib/python3.12/site-packages/pip/_internal/utils/__pycache__
[1.023s] copying web/stream/webrtc/.venv/lib/python3.12/site-packages/pip/_internal/utils/__pycache__/wheel.cpython-312.pyc -> /home/matthieu/ros2_ws/install/web_control/share/web_control/web/stream/webrtc/.venv/lib/python3.12/site-packages/pip/_internal/utils/__pycache__
[1.023s] copying web/stream/webrtc/.venv/lib/python3.12/site-packages/pip/_internal/utils/__pycache__/logging.cpython-312.pyc -> /home/matthieu/ros2_ws/install/web_control/share/web_control/web/stream/webrtc/.venv/lib/python3.12/site-packages/pip/_internal/utils/__pycache__
[1.023s] copying web/stream/webrtc/.venv/lib/python3.12/site-packages/pip/_internal/utils/__pycache__/encoding.cpython-312.pyc -> /home/matthieu/ros2_ws/install/web_control/share/web_control/web/stream/webrtc/.venv/lib/python3.12/site-packages/pip/_internal/utils/__pycache__
[1.023s] copying web/stream/webrtc/.venv/lib/python3.12/site-packages/pip/_internal/utils/__pycache__/hashes.cpython-312.pyc -> /home/matthieu/ros2_ws/install/web_control/share/web_control/web/stream/webrtc/.venv/lib/python3.12/site-packages/pip/_internal/utils/__pycache__
[1.023s] copying web/stream/webrtc/.venv/lib/python3.12/site-packages/pip/_internal/utils/__pycache__/urls.cpython-312.pyc -> /home/matthieu/ros2_ws/install/web_control/share/web_control/web/stream/webrtc/.venv/lib/python3.12/site-packages/pip/_internal/utils/__pycache__
[1.023s] copying web/stream/webrtc/.venv/lib/python3.12/site-packages/pip/_internal/utils/__pycache__/appdirs.cpython-312.pyc -> /home/matthieu/ros2_ws/install/web_control/share/web_control/web/stream/webrtc/.venv/lib/python3.12/site-packages/pip/_internal/utils/__pycache__
[1.024s] copying web/stream/webrtc/.venv/lib/python3.12/site-packages/pip/_internal/utils/__pycache__/__init__.cpython-312.pyc -> /home/matthieu/ros2_ws/install/web_control/share/web_control/web/stream/webrtc/.venv/lib/python3.12/site-packages/pip/_internal/utils/__pycache__
[1.024s] copying web/stream/webrtc/.venv/lib/python3.12/site-packages/pip/_internal/utils/__pycache__/unpacking.cpython-312.pyc -> /home/matthieu/ros2_ws/install/web_control/share/web_control/web/stream/webrtc/.venv/lib/python3.12/site-packages/pip/_internal/utils/__pycache__
[1.024s] copying web/stream/webrtc/.venv/lib/python3.12/site-packages/pip/_internal/utils/__pycache__/egg_link.cpython-312.pyc -> /home/matthieu/ros2_ws/install/web_control/share/web_control/web/stream/webrtc/.venv/lib/python3.12/site-packages/pip/_internal/utils/__pycache__
[1.024s] copying web/stream/webrtc/.venv/lib/python3.12/site-packages/pip/_internal/utils/__pycache__/subprocess.cpython-312.pyc -> /home/matthieu/ros2_ws/install/web_control/share/web_control/web/stream/webrtc/.venv/lib/python3.12/site-packages/pip/_internal/utils/__pycache__
[1.024s] copying web/stream/webrtc/.venv/lib/python3.12/site-packages/pip/_internal/utils/__pycache__/filetypes.cpython-312.pyc -> /home/matthieu/ros2_ws/install/web_control/share/web_control/web/stream/webrtc/.venv/lib/python3.12/site-packages/pip/_internal/utils/__pycache__
[1.024s] copying web/stream/webrtc/.venv/lib/python3.12/site-packages/pip/_internal/utils/__pycache__/compatibility_tags.cpython-312.pyc -> /home/matthieu/ros2_ws/install/web_control/share/web_control/web/stream/webrtc/.venv/lib/python3.12/site-packages/pip/_internal/utils/__pycache__
[1.024s] copying web/stream/webrtc/.venv/lib/python3.12/site-packages/pip/_internal/utils/__pycache__/compat.cpython-312.pyc -> /home/matthieu/ros2_ws/install/web_control/share/web_control/web/stream/webrtc/.venv/lib/python3.12/site-packages/pip/_internal/utils/__pycache__
[1.024s] copying web/stream/webrtc/.venv/lib/python3.12/site-packages/pip/_internal/utils/__pycache__/filesystem.cpython-312.pyc -> /home/matthieu/ros2_ws/install/web_control/share/web_control/web/stream/webrtc/.venv/lib/python3.12/site-packages/pip/_internal/utils/__pycache__
[1.024s] copying web/stream/webrtc/.venv/lib/python3.12/site-packages/pip/_internal/utils/__pycache__/_jaraco_text.cpython-312.pyc -> /home/matthieu/ros2_ws/install/web_control/share/web_control/web/stream/webrtc/.venv/lib/python3.12/site-packages/pip/_internal/utils/__pycache__
[1.024s] creating /home/matthieu/ros2_ws/install/web_control/share/web_control/web/stream/webrtc/.venv/lib/python3.12/site-packages/pip/_internal/index
[1.024s] copying web/stream/webrtc/.venv/lib/python3.12/site-packages/pip/_internal/index/collector.py -> /home/matthieu/ros2_ws/install/web_control/share/web_control/web/stream/webrtc/.venv/lib/python3.12/site-packages/pip/_internal/index
[1.024s] copying web/stream/webrtc/.venv/lib/python3.12/site-packages/pip/_internal/index/package_finder.py -> /home/matthieu/ros2_ws/install/web_control/share/web_control/web/stream/webrtc/.venv/lib/python3.12/site-packages/pip/_internal/index
[1.024s] copying web/stream/webrtc/.venv/lib/python3.12/site-packages/pip/_internal/index/sources.py -> /home/matthieu/ros2_ws/install/web_control/share/web_control/web/stream/webrtc/.venv/lib/python3.12/site-packages/pip/_internal/index
[1.024s] copying web/stream/webrtc/.venv/lib/python3.12/site-packages/pip/_internal/index/__init__.py -> /home/matthieu/ros2_ws/install/web_control/share/web_control/web/stream/webrtc/.venv/lib/python3.12/site-packages/pip/_internal/index
[1.024s] creating /home/matthieu/ros2_ws/install/web_control/share/web_control/web/stream/webrtc/.venv/lib/python3.12/site-packages/pip/_internal/index/__pycache__
[1.024s] copying web/stream/webrtc/.venv/lib/python3.12/site-packages/pip/_internal/index/__pycache__/sources.cpython-312.pyc -> /home/matthieu/ros2_ws/install/web_control/share/web_control/web/stream/webrtc/.venv/lib/python3.12/site-packages/pip/_internal/index/__pycache__
[1.024s] copying web/stream/webrtc/.venv/lib/python3.12/site-packages/pip/_internal/index/__pycache__/__init__.cpython-312.pyc -> /home/matthieu/ros2_ws/install/web_control/share/web_control/web/stream/webrtc/.venv/lib/python3.12/site-packages/pip/_internal/index/__pycache__
[1.024s] copying web/stream/webrtc/.venv/lib/python3.12/site-packages/pip/_internal/index/__pycache__/package_finder.cpython-312.pyc -> /home/matthieu/ros2_ws/install/web_control/share/web_control/web/stream/webrtc/.venv/lib/python3.12/site-packages/pip/_internal/index/__pycache__
[1.024s] copying web/stream/webrtc/.venv/lib/python3.12/site-packages/pip/_internal/index/__pycache__/collector.cpython-312.pyc -> /home/matthieu/ros2_ws/install/web_control/share/web_control/web/stream/webrtc/.venv/lib/python3.12/site-packages/pip/_internal/index/__pycache__
[1.025s] creating /home/matthieu/ros2_ws/install/web_control/share/web_control/web/stream/webrtc/.venv/lib/python3.12/site-packages/pip/_internal/vcs
[1.025s] copying web/stream/webrtc/.venv/lib/python3.12/site-packages/pip/_internal/vcs/git.py -> /home/matthieu/ros2_ws/install/web_control/share/web_control/web/stream/webrtc/.venv/lib/python3.12/site-packages/pip/_internal/vcs
[1.025s] copying web/stream/webrtc/.venv/lib/python3.12/site-packages/pip/_internal/vcs/versioncontrol.py -> /home/matthieu/ros2_ws/install/web_control/share/web_control/web/stream/webrtc/.venv/lib/python3.12/site-packages/pip/_internal/vcs
[1.025s] copying web/stream/webrtc/.venv/lib/python3.12/site-packages/pip/_internal/vcs/mercurial.py -> /home/matthieu/ros2_ws/install/web_control/share/web_control/web/stream/webrtc/.venv/lib/python3.12/site-packages/pip/_internal/vcs
[1.025s] copying web/stream/webrtc/.venv/lib/python3.12/site-packages/pip/_internal/vcs/bazaar.py -> /home/matthieu/ros2_ws/install/web_control/share/web_control/web/stream/webrtc/.venv/lib/python3.12/site-packages/pip/_internal/vcs
[1.025s] copying web/stream/webrtc/.venv/lib/python3.12/site-packages/pip/_internal/vcs/subversion.py -> /home/matthieu/ros2_ws/install/web_control/share/web_control/web/stream/webrtc/.venv/lib/python3.12/site-packages/pip/_internal/vcs
[1.025s] copying web/stream/webrtc/.venv/lib/python3.12/site-packages/pip/_internal/vcs/__init__.py -> /home/matthieu/ros2_ws/install/web_control/share/web_control/web/stream/webrtc/.venv/lib/python3.12/site-packages/pip/_internal/vcs
[1.025s] creating /home/matthieu/ros2_ws/install/web_control/share/web_control/web/stream/webrtc/.venv/lib/python3.12/site-packages/pip/_internal/vcs/__pycache__
[1.025s] copying web/stream/webrtc/.venv/lib/python3.12/site-packages/pip/_internal/vcs/__pycache__/mercurial.cpython-312.pyc -> /home/matthieu/ros2_ws/install/web_control/share/web_control/web/stream/webrtc/.venv/lib/python3.12/site-packages/pip/_internal/vcs/__pycache__
[1.025s] copying web/stream/webrtc/.venv/lib/python3.12/site-packages/pip/_internal/vcs/__pycache__/subversion.cpython-312.pyc -> /home/matthieu/ros2_ws/install/web_control/share/web_control/web/stream/webrtc/.venv/lib/python3.12/site-packages/pip/_internal/vcs/__pycache__
[1.025s] copying web/stream/webrtc/.venv/lib/python3.12/site-packages/pip/_internal/vcs/__pycache__/versioncontrol.cpython-312.pyc -> /home/matthieu/ros2_ws/install/web_control/share/web_control/web/stream/webrtc/.venv/lib/python3.12/site-packages/pip/_internal/vcs/__pycache__
[1.025s] copying web/stream/webrtc/.venv/lib/python3.12/site-packages/pip/_internal/vcs/__pycache__/__init__.cpython-312.pyc -> /home/matthieu/ros2_ws/install/web_control/share/web_control/web/stream/webrtc/.venv/lib/python3.12/site-packages/pip/_internal/vcs/__pycache__
[1.025s] copying web/stream/webrtc/.venv/lib/python3.12/site-packages/pip/_internal/vcs/__pycache__/git.cpython-312.pyc -> /home/matthieu/ros2_ws/install/web_control/share/web_control/web/stream/webrtc/.venv/lib/python3.12/site-packages/pip/_internal/vcs/__pycache__
[1.025s] copying web/stream/webrtc/.venv/lib/python3.12/site-packages/pip/_internal/vcs/__pycache__/bazaar.cpython-312.pyc -> /home/matthieu/ros2_ws/install/web_control/share/web_control/web/stream/webrtc/.venv/lib/python3.12/site-packages/pip/_internal/vcs/__pycache__
[1.025s] creating /home/matthieu/ros2_ws/install/web_control/share/web_control/web/stream/webrtc/.venv/lib/python3.12/site-packages/pip/_internal/commands
[1.025s] copying web/stream/webrtc/.venv/lib/python3.12/site-packages/pip/_internal/commands/configuration.py -> /home/matthieu/ros2_ws/install/web_control/share/web_control/web/stream/webrtc/.venv/lib/python3.12/site-packages/pip/_internal/commands
[1.025s] copying web/stream/webrtc/.venv/lib/python3.12/site-packages/pip/_internal/commands/install.py -> /home/matthieu/ros2_ws/install/web_control/share/web_control/web/stream/webrtc/.venv/lib/python3.12/site-packages/pip/_internal/commands
[1.026s] copying web/stream/webrtc/.venv/lib/python3.12/site-packages/pip/_internal/commands/inspect.py -> /home/matthieu/ros2_ws/install/web_control/share/web_control/web/stream/webrtc/.venv/lib/python3.12/site-packages/pip/_internal/commands
[1.026s] copying web/stream/webrtc/.venv/lib/python3.12/site-packages/pip/_internal/commands/debug.py -> /home/matthieu/ros2_ws/install/web_control/share/web_control/web/stream/webrtc/.venv/lib/python3.12/site-packages/pip/_internal/commands
[1.026s] copying web/stream/webrtc/.venv/lib/python3.12/site-packages/pip/_internal/commands/list.py -> /home/matthieu/ros2_ws/install/web_control/share/web_control/web/stream/webrtc/.venv/lib/python3.12/site-packages/pip/_internal/commands
[1.026s] copying web/stream/webrtc/.venv/lib/python3.12/site-packages/pip/_internal/commands/cache.py -> /home/matthieu/ros2_ws/install/web_control/share/web_control/web/stream/webrtc/.venv/lib/python3.12/site-packages/pip/_internal/commands
[1.026s] copying web/stream/webrtc/.venv/lib/python3.12/site-packages/pip/_internal/commands/freeze.py -> /home/matthieu/ros2_ws/install/web_control/share/web_control/web/stream/webrtc/.venv/lib/python3.12/site-packages/pip/_internal/commands
[1.026s] copying web/stream/webrtc/.venv/lib/python3.12/site-packages/pip/_internal/commands/index.py -> /home/matthieu/ros2_ws/install/web_control/share/web_control/web/stream/webrtc/.venv/lib/python3.12/site-packages/pip/_internal/commands
[1.026s] copying web/stream/webrtc/.venv/lib/python3.12/site-packages/pip/_internal/commands/uninstall.py -> /home/matthieu/ros2_ws/install/web_control/share/web_control/web/stream/webrtc/.venv/lib/python3.12/site-packages/pip/_internal/commands
[1.026s] copying web/stream/webrtc/.venv/lib/python3.12/site-packages/pip/_internal/commands/check.py -> /home/matthieu/ros2_ws/install/web_control/share/web_control/web/stream/webrtc/.venv/lib/python3.12/site-packages/pip/_internal/commands
[1.026s] copying web/stream/webrtc/.venv/lib/python3.12/site-packages/pip/_internal/commands/help.py -> /home/matthieu/ros2_ws/install/web_control/share/web_control/web/stream/webrtc/.venv/lib/python3.12/site-packages/pip/_internal/commands
[1.026s] copying web/stream/webrtc/.venv/lib/python3.12/site-packages/pip/_internal/commands/show.py -> /home/matthieu/ros2_ws/install/web_control/share/web_control/web/stream/webrtc/.venv/lib/python3.12/site-packages/pip/_internal/commands
[1.026s] copying web/stream/webrtc/.venv/lib/python3.12/site-packages/pip/_internal/commands/hash.py -> /home/matthieu/ros2_ws/install/web_control/share/web_control/web/stream/webrtc/.venv/lib/python3.12/site-packages/pip/_internal/commands
[1.026s] copying web/stream/webrtc/.venv/lib/python3.12/site-packages/pip/_internal/commands/wheel.py -> /home/matthieu/ros2_ws/install/web_control/share/web_control/web/stream/webrtc/.venv/lib/python3.12/site-packages/pip/_internal/commands
[1.026s] copying web/stream/webrtc/.venv/lib/python3.12/site-packages/pip/_internal/commands/completion.py -> /home/matthieu/ros2_ws/install/web_control/share/web_control/web/stream/webrtc/.venv/lib/python3.12/site-packages/pip/_internal/commands
[1.026s] copying web/stream/webrtc/.venv/lib/python3.12/site-packages/pip/_internal/commands/search.py -> /home/matthieu/ros2_ws/install/web_control/share/web_control/web/stream/webrtc/.venv/lib/python3.12/site-packages/pip/_internal/commands
[1.026s] copying web/stream/webrtc/.venv/lib/python3.12/site-packages/pip/_internal/commands/download.py -> /home/matthieu/ros2_ws/install/web_control/share/web_control/web/stream/webrtc/.venv/lib/python3.12/site-packages/pip/_internal/commands
[1.026s] copying web/stream/webrtc/.venv/lib/python3.12/site-packages/pip/_internal/commands/__init__.py -> /home/matthieu/ros2_ws/install/web_control/share/web_control/web/stream/webrtc/.venv/lib/python3.12/site-packages/pip/_internal/commands
[1.026s] creating /home/matthieu/ros2_ws/install/web_control/share/web_control/web/stream/webrtc/.venv/lib/python3.12/site-packages/pip/_internal/commands/__pycache__
[1.027s] copying web/stream/webrtc/.venv/lib/python3.12/site-packages/pip/_internal/commands/__pycache__/inspect.cpython-312.pyc -> /home/matthieu/ros2_ws/install/web_control/share/web_control/web/stream/webrtc/.venv/lib/python3.12/site-packages/pip/_internal/commands/__pycache__
[1.027s] copying web/stream/webrtc/.venv/lib/python3.12/site-packages/pip/_internal/commands/__pycache__/show.cpython-312.pyc -> /home/matthieu/ros2_ws/install/web_control/share/web_control/web/stream/webrtc/.venv/lib/python3.12/site-packages/pip/_internal/commands/__pycache__
[1.027s] copying web/stream/webrtc/.venv/lib/python3.12/site-packages/pip/_internal/commands/__pycache__/index.cpython-312.pyc -> /home/matthieu/ros2_ws/install/web_control/share/web_control/web/stream/webrtc/.venv/lib/python3.12/site-packages/pip/_internal/commands/__pycache__
[1.027s] copying web/stream/webrtc/.venv/lib/python3.12/site-packages/pip/_internal/commands/__pycache__/install.cpython-312.pyc -> /home/matthieu/ros2_ws/install/web_control/share/web_control/web/stream/webrtc/.venv/lib/python3.12/site-packages/pip/_internal/commands/__pycache__
[1.027s] copying web/stream/webrtc/.venv/lib/python3.12/site-packages/pip/_internal/commands/__pycache__/completion.cpython-312.pyc -> /home/matthieu/ros2_ws/install/web_control/share/web_control/web/stream/webrtc/.venv/lib/python3.12/site-packages/pip/_internal/commands/__pycache__
[1.027s] copying web/stream/webrtc/.venv/lib/python3.12/site-packages/pip/_internal/commands/__pycache__/download.cpython-312.pyc -> /home/matthieu/ros2_ws/install/web_control/share/web_control/web/stream/webrtc/.venv/lib/python3.12/site-packages/pip/_internal/commands/__pycache__
[1.027s] copying web/stream/webrtc/.venv/lib/python3.12/site-packages/pip/_internal/commands/__pycache__/hash.cpython-312.pyc -> /home/matthieu/ros2_ws/install/web_control/share/web_control/web/stream/webrtc/.venv/lib/python3.12/site-packages/pip/_internal/commands/__pycache__
[1.027s] copying web/stream/webrtc/.venv/lib/python3.12/site-packages/pip/_internal/commands/__pycache__/wheel.cpython-312.pyc -> /home/matthieu/ros2_ws/install/web_control/share/web_control/web/stream/webrtc/.venv/lib/python3.12/site-packages/pip/_internal/commands/__pycache__
[1.027s] copying web/stream/webrtc/.venv/lib/python3.12/site-packages/pip/_internal/commands/__pycache__/check.cpython-312.pyc -> /home/matthieu/ros2_ws/install/web_control/share/web_control/web/stream/webrtc/.venv/lib/python3.12/site-packages/pip/_internal/commands/__pycache__
[1.027s] copying web/stream/webrtc/.venv/lib/python3.12/site-packages/pip/_internal/commands/__pycache__/search.cpython-312.pyc -> /home/matthieu/ros2_ws/install/web_control/share/web_control/web/stream/webrtc/.venv/lib/python3.12/site-packages/pip/_internal/commands/__pycache__
[1.027s] copying web/stream/webrtc/.venv/lib/python3.12/site-packages/pip/_internal/commands/__pycache__/debug.cpython-312.pyc -> /home/matthieu/ros2_ws/install/web_control/share/web_control/web/stream/webrtc/.venv/lib/python3.12/site-packages/pip/_internal/commands/__pycache__
[1.027s] copying web/stream/webrtc/.venv/lib/python3.12/site-packages/pip/_internal/commands/__pycache__/help.cpython-312.pyc -> /home/matthieu/ros2_ws/install/web_control/share/web_control/web/stream/webrtc/.venv/lib/python3.12/site-packages/pip/_internal/commands/__pycache__
[1.027s] copying web/stream/webrtc/.venv/lib/python3.12/site-packages/pip/_internal/commands/__pycache__/uninstall.cpython-312.pyc -> /home/matthieu/ros2_ws/install/web_control/share/web_control/web/stream/webrtc/.venv/lib/python3.12/site-packages/pip/_internal/commands/__pycache__
[1.027s] copying web/stream/webrtc/.venv/lib/python3.12/site-packages/pip/_internal/commands/__pycache__/configuration.cpython-312.pyc -> /home/matthieu/ros2_ws/install/web_control/share/web_control/web/stream/webrtc/.venv/lib/python3.12/site-packages/pip/_internal/commands/__pycache__
[1.027s] copying web/stream/webrtc/.venv/lib/python3.12/site-packages/pip/_internal/commands/__pycache__/cache.cpython-312.pyc -> /home/matthieu/ros2_ws/install/web_control/share/web_control/web/stream/webrtc/.venv/lib/python3.12/site-packages/pip/_internal/commands/__pycache__
[1.027s] copying web/stream/webrtc/.venv/lib/python3.12/site-packages/pip/_internal/commands/__pycache__/__init__.cpython-312.pyc -> /home/matthieu/ros2_ws/install/web_control/share/web_control/web/stream/webrtc/.venv/lib/python3.12/site-packages/pip/_internal/commands/__pycache__
[1.027s] copying web/stream/webrtc/.venv/lib/python3.12/site-packages/pip/_internal/commands/__pycache__/list.cpython-312.pyc -> /home/matthieu/ros2_ws/install/web_control/share/web_control/web/stream/webrtc/.venv/lib/python3.12/site-packages/pip/_internal/commands/__pycache__
[1.027s] copying web/stream/webrtc/.venv/lib/python3.12/site-packages/pip/_internal/commands/__pycache__/freeze.cpython-312.pyc -> /home/matthieu/ros2_ws/install/web_control/share/web_control/web/stream/webrtc/.venv/lib/python3.12/site-packages/pip/_internal/commands/__pycache__
[1.027s] creating /home/matthieu/ros2_ws/install/web_control/share/web_control/web/stream/webrtc/.venv/lib/python3.12/site-packages/pip/__pycache__
[1.028s] copying web/stream/webrtc/.venv/lib/python3.12/site-packages/pip/__pycache__/__main__.cpython-312.pyc -> /home/matthieu/ros2_ws/install/web_control/share/web_control/web/stream/webrtc/.venv/lib/python3.12/site-packages/pip/__pycache__
[1.028s] copying web/stream/webrtc/.venv/lib/python3.12/site-packages/pip/__pycache__/__init__.cpython-312.pyc -> /home/matthieu/ros2_ws/install/web_control/share/web_control/web/stream/webrtc/.venv/lib/python3.12/site-packages/pip/__pycache__
[1.028s] copying web/stream/webrtc/.venv/lib/python3.12/site-packages/pip/__pycache__/__pip-runner__.cpython-312.pyc -> /home/matthieu/ros2_ws/install/web_control/share/web_control/web/stream/webrtc/.venv/lib/python3.12/site-packages/pip/__pycache__
[1.028s] creating /home/matthieu/ros2_ws/install/web_control/share/web_control/web/stream/webrtc/.venv/lib/python3.12/site-packages/ifaddr-0.2.0.dist-info
[1.028s] copying web/stream/webrtc/.venv/lib/python3.12/site-packages/ifaddr-0.2.0.dist-info/WHEEL -> /home/matthieu/ros2_ws/install/web_control/share/web_control/web/stream/webrtc/.venv/lib/python3.12/site-packages/ifaddr-0.2.0.dist-info
[1.028s] copying web/stream/webrtc/.venv/lib/python3.12/site-packages/ifaddr-0.2.0.dist-info/RECORD -> /home/matthieu/ros2_ws/install/web_control/share/web_control/web/stream/webrtc/.venv/lib/python3.12/site-packages/ifaddr-0.2.0.dist-info
[1.028s] copying web/stream/webrtc/.venv/lib/python3.12/site-packages/ifaddr-0.2.0.dist-info/INSTALLER -> /home/matthieu/ros2_ws/install/web_control/share/web_control/web/stream/webrtc/.venv/lib/python3.12/site-packages/ifaddr-0.2.0.dist-info
[1.028s] copying web/stream/webrtc/.venv/lib/python3.12/site-packages/ifaddr-0.2.0.dist-info/LICENSE.txt -> /home/matthieu/ros2_ws/install/web_control/share/web_control/web/stream/webrtc/.venv/lib/python3.12/site-packages/ifaddr-0.2.0.dist-info
[1.028s] copying web/stream/webrtc/.venv/lib/python3.12/site-packages/ifaddr-0.2.0.dist-info/top_level.txt -> /home/matthieu/ros2_ws/install/web_control/share/web_control/web/stream/webrtc/.venv/lib/python3.12/site-packages/ifaddr-0.2.0.dist-info
[1.028s] copying web/stream/webrtc/.venv/lib/python3.12/site-packages/ifaddr-0.2.0.dist-info/METADATA -> /home/matthieu/ros2_ws/install/web_control/share/web_control/web/stream/webrtc/.venv/lib/python3.12/site-packages/ifaddr-0.2.0.dist-info
[1.028s] creating /home/matthieu/ros2_ws/install/web_control/share/web_control/web/stream/webrtc/.venv/lib/python3.12/site-packages/aiortc
[1.028s] copying web/stream/webrtc/.venv/lib/python3.12/site-packages/aiortc/stats.py -> /home/matthieu/ros2_ws/install/web_control/share/web_control/web/stream/webrtc/.venv/lib/python3.12/site-packages/aiortc
[1.028s] copying web/stream/webrtc/.venv/lib/python3.12/site-packages/aiortc/rtcicetransport.py -> /home/matthieu/ros2_ws/install/web_control/share/web_control/web/stream/webrtc/.venv/lib/python3.12/site-packages/aiortc
[1.028s] copying web/stream/webrtc/.venv/lib/python3.12/site-packages/aiortc/rtcdtlstransport.py -> /home/matthieu/ros2_ws/install/web_control/share/web_control/web/stream/webrtc/.venv/lib/python3.12/site-packages/aiortc
[1.028s] copying web/stream/webrtc/.venv/lib/python3.12/site-packages/aiortc/rtcrtpparameters.py -> /home/matthieu/ros2_ws/install/web_control/share/web_control/web/stream/webrtc/.venv/lib/python3.12/site-packages/aiortc
[1.028s] copying web/stream/webrtc/.venv/lib/python3.12/site-packages/aiortc/rtcsessiondescription.py -> /home/matthieu/ros2_ws/install/web_control/share/web_control/web/stream/webrtc/.venv/lib/python3.12/site-packages/aiortc
[1.028s] copying web/stream/webrtc/.venv/lib/python3.12/site-packages/aiortc/rtcconfiguration.py -> /home/matthieu/ros2_ws/install/web_control/share/web_control/web/stream/webrtc/.venv/lib/python3.12/site-packages/aiortc
[1.028s] copying web/stream/webrtc/.venv/lib/python3.12/site-packages/aiortc/rtcrtptransceiver.py -> /home/matthieu/ros2_ws/install/web_control/share/web_control/web/stream/webrtc/.venv/lib/python3.12/site-packages/aiortc
[1.029s] copying web/stream/webrtc/.venv/lib/python3.12/site-packages/aiortc/rtcdatachannel.py -> /home/matthieu/ros2_ws/install/web_control/share/web_control/web/stream/webrtc/.venv/lib/python3.12/site-packages/aiortc
[1.029s] copying web/stream/webrtc/.venv/lib/python3.12/site-packages/aiortc/events.py -> /home/matthieu/ros2_ws/install/web_control/share/web_control/web/stream/webrtc/.venv/lib/python3.12/site-packages/aiortc
[1.029s] copying web/stream/webrtc/.venv/lib/python3.12/site-packages/aiortc/rtp.py -> /home/matthieu/ros2_ws/install/web_control/share/web_control/web/stream/webrtc/.venv/lib/python3.12/site-packages/aiortc
[1.029s] copying web/stream/webrtc/.venv/lib/python3.12/site-packages/aiortc/rtcsctptransport.py -> /home/matthieu/ros2_ws/install/web_control/share/web_control/web/stream/webrtc/.venv/lib/python3.12/site-packages/aiortc
[1.029s] copying web/stream/webrtc/.venv/lib/python3.12/site-packages/aiortc/mediastreams.py -> /home/matthieu/ros2_ws/install/web_control/share/web_control/web/stream/webrtc/.venv/lib/python3.12/site-packages/aiortc
[1.029s] copying web/stream/webrtc/.venv/lib/python3.12/site-packages/aiortc/clock.py -> /home/matthieu/ros2_ws/install/web_control/share/web_control/web/stream/webrtc/.venv/lib/python3.12/site-packages/aiortc
[1.029s] copying web/stream/webrtc/.venv/lib/python3.12/site-packages/aiortc/jitterbuffer.py -> /home/matthieu/ros2_ws/install/web_control/share/web_control/web/stream/webrtc/.venv/lib/python3.12/site-packages/aiortc
[1.029s] copying web/stream/webrtc/.venv/lib/python3.12/site-packages/aiortc/sdp.py -> /home/matthieu/ros2_ws/install/web_control/share/web_control/web/stream/webrtc/.venv/lib/python3.12/site-packages/aiortc
[1.029s] copying web/stream/webrtc/.venv/lib/python3.12/site-packages/aiortc/rtcpeerconnection.py -> /home/matthieu/ros2_ws/install/web_control/share/web_control/web/stream/webrtc/.venv/lib/python3.12/site-packages/aiortc
[1.029s] copying web/stream/webrtc/.venv/lib/python3.12/site-packages/aiortc/rate.py -> /home/matthieu/ros2_ws/install/web_control/share/web_control/web/stream/webrtc/.venv/lib/python3.12/site-packages/aiortc
[1.029s] copying web/stream/webrtc/.venv/lib/python3.12/site-packages/aiortc/exceptions.py -> /home/matthieu/ros2_ws/install/web_control/share/web_control/web/stream/webrtc/.venv/lib/python3.12/site-packages/aiortc
[1.029s] copying web/stream/webrtc/.venv/lib/python3.12/site-packages/aiortc/utils.py -> /home/matthieu/ros2_ws/install/web_control/share/web_control/web/stream/webrtc/.venv/lib/python3.12/site-packages/aiortc
[1.029s] copying web/stream/webrtc/.venv/lib/python3.12/site-packages/aiortc/rtcrtpreceiver.py -> /home/matthieu/ros2_ws/install/web_control/share/web_control/web/stream/webrtc/.venv/lib/python3.12/site-packages/aiortc
[1.029s] copying web/stream/webrtc/.venv/lib/python3.12/site-packages/aiortc/__init__.py -> /home/matthieu/ros2_ws/install/web_control/share/web_control/web/stream/webrtc/.venv/lib/python3.12/site-packages/aiortc
[1.029s] copying web/stream/webrtc/.venv/lib/python3.12/site-packages/aiortc/rtcrtpsender.py -> /home/matthieu/ros2_ws/install/web_control/share/web_control/web/stream/webrtc/.venv/lib/python3.12/site-packages/aiortc
[1.029s] creating /home/matthieu/ros2_ws/install/web_control/share/web_control/web/stream/webrtc/.venv/lib/python3.12/site-packages/aiortc/__pycache__
[1.029s] copying web/stream/webrtc/.venv/lib/python3.12/site-packages/aiortc/__pycache__/rtcrtpreceiver.cpython-312.pyc -> /home/matthieu/ros2_ws/install/web_control/share/web_control/web/stream/webrtc/.venv/lib/python3.12/site-packages/aiortc/__pycache__
[1.029s] copying web/stream/webrtc/.venv/lib/python3.12/site-packages/aiortc/__pycache__/rtcsctptransport.cpython-312.pyc -> /home/matthieu/ros2_ws/install/web_control/share/web_control/web/stream/webrtc/.venv/lib/python3.12/site-packages/aiortc/__pycache__
[1.030s] copying web/stream/webrtc/.venv/lib/python3.12/site-packages/aiortc/__pycache__/jitterbuffer.cpython-312.pyc -> /home/matthieu/ros2_ws/install/web_control/share/web_control/web/stream/webrtc/.venv/lib/python3.12/site-packages/aiortc/__pycache__
[1.030s] copying web/stream/webrtc/.venv/lib/python3.12/site-packages/aiortc/__pycache__/rtp.cpython-312.pyc -> /home/matthieu/ros2_ws/install/web_control/share/web_control/web/stream/webrtc/.venv/lib/python3.12/site-packages/aiortc/__pycache__
[1.030s] copying web/stream/webrtc/.venv/lib/python3.12/site-packages/aiortc/__pycache__/rtcrtptransceiver.cpython-312.pyc -> /home/matthieu/ros2_ws/install/web_control/share/web_control/web/stream/webrtc/.venv/lib/python3.12/site-packages/aiortc/__pycache__
[1.030s] copying web/stream/webrtc/.venv/lib/python3.12/site-packages/aiortc/__pycache__/mediastreams.cpython-312.pyc -> /home/matthieu/ros2_ws/install/web_control/share/web_control/web/stream/webrtc/.venv/lib/python3.12/site-packages/aiortc/__pycache__
[1.030s] copying web/stream/webrtc/.venv/lib/python3.12/site-packages/aiortc/__pycache__/rtcpeerconnection.cpython-312.pyc -> /home/matthieu/ros2_ws/install/web_control/share/web_control/web/stream/webrtc/.venv/lib/python3.12/site-packages/aiortc/__pycache__
[1.030s] copying web/stream/webrtc/.venv/lib/python3.12/site-packages/aiortc/__pycache__/rtcrtpsender.cpython-312.pyc -> /home/matthieu/ros2_ws/install/web_control/share/web_control/web/stream/webrtc/.venv/lib/python3.12/site-packages/aiortc/__pycache__
[1.030s] copying web/stream/webrtc/.venv/lib/python3.12/site-packages/aiortc/__pycache__/stats.cpython-312.pyc -> /home/matthieu/ros2_ws/install/web_control/share/web_control/web/stream/webrtc/.venv/lib/python3.12/site-packages/aiortc/__pycache__
[1.030s] copying web/stream/webrtc/.venv/lib/python3.12/site-packages/aiortc/__pycache__/sdp.cpython-312.pyc -> /home/matthieu/ros2_ws/install/web_control/share/web_control/web/stream/webrtc/.venv/lib/python3.12/site-packages/aiortc/__pycache__
[1.030s] copying web/stream/webrtc/.venv/lib/python3.12/site-packages/aiortc/__pycache__/rtcicetransport.cpython-312.pyc -> /home/matthieu/ros2_ws/install/web_control/share/web_control/web/stream/webrtc/.venv/lib/python3.12/site-packages/aiortc/__pycache__
[1.030s] copying web/stream/webrtc/.venv/lib/python3.12/site-packages/aiortc/__pycache__/rtcrtpparameters.cpython-312.pyc -> /home/matthieu/ros2_ws/install/web_control/share/web_control/web/stream/webrtc/.venv/lib/python3.12/site-packages/aiortc/__pycache__
[1.030s] copying web/stream/webrtc/.venv/lib/python3.12/site-packages/aiortc/__pycache__/rtcdtlstransport.cpython-312.pyc -> /home/matthieu/ros2_ws/install/web_control/share/web_control/web/stream/webrtc/.venv/lib/python3.12/site-packages/aiortc/__pycache__
[1.030s] copying web/stream/webrtc/.venv/lib/python3.12/site-packages/aiortc/__pycache__/exceptions.cpython-312.pyc -> /home/matthieu/ros2_ws/install/web_control/share/web_control/web/stream/webrtc/.venv/lib/python3.12/site-packages/aiortc/__pycache__
[1.030s] copying web/stream/webrtc/.venv/lib/python3.12/site-packages/aiortc/__pycache__/events.cpython-312.pyc -> /home/matthieu/ros2_ws/install/web_control/share/web_control/web/stream/webrtc/.venv/lib/python3.12/site-packages/aiortc/__pycache__
[1.031s] copying web/stream/webrtc/.venv/lib/python3.12/site-packages/aiortc/__pycache__/clock.cpython-312.pyc -> /home/matthieu/ros2_ws/install/web_control/share/web_control/web/stream/webrtc/.venv/lib/python3.12/site-packages/aiortc/__pycache__
[1.031s] copying web/stream/webrtc/.venv/lib/python3.12/site-packages/aiortc/__pycache__/rate.cpython-312.pyc -> /home/matthieu/ros2_ws/install/web_control/share/web_control/web/stream/webrtc/.venv/lib/python3.12/site-packages/aiortc/__pycache__
[1.031s] copying web/stream/webrtc/.venv/lib/python3.12/site-packages/aiortc/__pycache__/__init__.cpython-312.pyc -> /home/matthieu/ros2_ws/install/web_control/share/web_control/web/stream/webrtc/.venv/lib/python3.12/site-packages/aiortc/__pycache__
[1.031s] copying web/stream/webrtc/.venv/lib/python3.12/site-packages/aiortc/__pycache__/rtcdatachannel.cpython-312.pyc -> /home/matthieu/ros2_ws/install/web_control/share/web_control/web/stream/webrtc/.venv/lib/python3.12/site-packages/aiortc/__pycache__
[1.031s] copying web/stream/webrtc/.venv/lib/python3.12/site-packages/aiortc/__pycache__/rtcsessiondescription.cpython-312.pyc -> /home/matthieu/ros2_ws/install/web_control/share/web_control/web/stream/webrtc/.venv/lib/python3.12/site-packages/aiortc/__pycache__
[1.031s] copying web/stream/webrtc/.venv/lib/python3.12/site-packages/aiortc/__pycache__/utils.cpython-312.pyc -> /home/matthieu/ros2_ws/install/web_control/share/web_control/web/stream/webrtc/.venv/lib/python3.12/site-packages/aiortc/__pycache__
[1.031s] copying web/stream/webrtc/.venv/lib/python3.12/site-packages/aiortc/__pycache__/rtcconfiguration.cpython-312.pyc -> /home/matthieu/ros2_ws/install/web_control/share/web_control/web/stream/webrtc/.venv/lib/python3.12/site-packages/aiortc/__pycache__
[1.031s] creating /home/matthieu/ros2_ws/install/web_control/share/web_control/web/stream/webrtc/.venv/lib/python3.12/site-packages/aiortc/codecs
[1.031s] copying web/stream/webrtc/.venv/lib/python3.12/site-packages/aiortc/codecs/_opus.abi3.so -> /home/matthieu/ros2_ws/install/web_control/share/web_control/web/stream/webrtc/.venv/lib/python3.12/site-packages/aiortc/codecs
[1.032s] copying web/stream/webrtc/.venv/lib/python3.12/site-packages/aiortc/codecs/_vpx.abi3.so -> /home/matthieu/ros2_ws/install/web_control/share/web_control/web/stream/webrtc/.venv/lib/python3.12/site-packages/aiortc/codecs
[1.033s] copying web/stream/webrtc/.venv/lib/python3.12/site-packages/aiortc/codecs/base.py -> /home/matthieu/ros2_ws/install/web_control/share/web_control/web/stream/webrtc/.venv/lib/python3.12/site-packages/aiortc/codecs
[1.033s] copying web/stream/webrtc/.venv/lib/python3.12/site-packages/aiortc/codecs/_vpx.pyi -> /home/matthieu/ros2_ws/install/web_control/share/web_control/web/stream/webrtc/.venv/lib/python3.12/site-packages/aiortc/codecs
[1.033s] copying web/stream/webrtc/.venv/lib/python3.12/site-packages/aiortc/codecs/h264.py -> /home/matthieu/ros2_ws/install/web_control/share/web_control/web/stream/webrtc/.venv/lib/python3.12/site-packages/aiortc/codecs
[1.033s] copying web/stream/webrtc/.venv/lib/python3.12/site-packages/aiortc/codecs/g711.py -> /home/matthieu/ros2_ws/install/web_control/share/web_control/web/stream/webrtc/.venv/lib/python3.12/site-packages/aiortc/codecs
[1.033s] copying web/stream/webrtc/.venv/lib/python3.12/site-packages/aiortc/codecs/opus.py -> /home/matthieu/ros2_ws/install/web_control/share/web_control/web/stream/webrtc/.venv/lib/python3.12/site-packages/aiortc/codecs
[1.033s] copying web/stream/webrtc/.venv/lib/python3.12/site-packages/aiortc/codecs/vpx.py -> /home/matthieu/ros2_ws/install/web_control/share/web_control/web/stream/webrtc/.venv/lib/python3.12/site-packages/aiortc/codecs
[1.033s] copying web/stream/webrtc/.venv/lib/python3.12/site-packages/aiortc/codecs/_opus.pyi -> /home/matthieu/ros2_ws/install/web_control/share/web_control/web/stream/webrtc/.venv/lib/python3.12/site-packages/aiortc/codecs
[1.033s] copying web/stream/webrtc/.venv/lib/python3.12/site-packages/aiortc/codecs/__init__.py -> /home/matthieu/ros2_ws/install/web_control/share/web_control/web/stream/webrtc/.venv/lib/python3.12/site-packages/aiortc/codecs
[1.033s] creating /home/matthieu/ros2_ws/install/web_control/share/web_control/web/stream/webrtc/.venv/lib/python3.12/site-packages/aiortc/codecs/__pycache__
[1.034s] copying web/stream/webrtc/.venv/lib/python3.12/site-packages/aiortc/codecs/__pycache__/vpx.cpython-312.pyc -> /home/matthieu/ros2_ws/install/web_control/share/web_control/web/stream/webrtc/.venv/lib/python3.12/site-packages/aiortc/codecs/__pycache__
[1.034s] copying web/stream/webrtc/.venv/lib/python3.12/site-packages/aiortc/codecs/__pycache__/h264.cpython-312.pyc -> /home/matthieu/ros2_ws/install/web_control/share/web_control/web/stream/webrtc/.venv/lib/python3.12/site-packages/aiortc/codecs/__pycache__
[1.034s] copying web/stream/webrtc/.venv/lib/python3.12/site-packages/aiortc/codecs/__pycache__/g711.cpython-312.pyc -> /home/matthieu/ros2_ws/install/web_control/share/web_control/web/stream/webrtc/.venv/lib/python3.12/site-packages/aiortc/codecs/__pycache__
[1.034s] copying web/stream/webrtc/.venv/lib/python3.12/site-packages/aiortc/codecs/__pycache__/base.cpython-312.pyc -> /home/matthieu/ros2_ws/install/web_control/share/web_control/web/stream/webrtc/.venv/lib/python3.12/site-packages/aiortc/codecs/__pycache__
[1.034s] copying web/stream/webrtc/.venv/lib/python3.12/site-packages/aiortc/codecs/__pycache__/opus.cpython-312.pyc -> /home/matthieu/ros2_ws/install/web_control/share/web_control/web/stream/webrtc/.venv/lib/python3.12/site-packages/aiortc/codecs/__pycache__
[1.034s] copying web/stream/webrtc/.venv/lib/python3.12/site-packages/aiortc/codecs/__pycache__/__init__.cpython-312.pyc -> /home/matthieu/ros2_ws/install/web_control/share/web_control/web/stream/webrtc/.venv/lib/python3.12/site-packages/aiortc/codecs/__pycache__
[1.034s] creating /home/matthieu/ros2_ws/install/web_control/share/web_control/web/stream/webrtc/.venv/lib/python3.12/site-packages/aiortc/contrib
[1.034s] copying web/stream/webrtc/.venv/lib/python3.12/site-packages/aiortc/contrib/media.py -> /home/matthieu/ros2_ws/install/web_control/share/web_control/web/stream/webrtc/.venv/lib/python3.12/site-packages/aiortc/contrib
[1.034s] copying web/stream/webrtc/.venv/lib/python3.12/site-packages/aiortc/contrib/signaling.py -> /home/matthieu/ros2_ws/install/web_control/share/web_control/web/stream/webrtc/.venv/lib/python3.12/site-packages/aiortc/contrib
[1.034s] copying web/stream/webrtc/.venv/lib/python3.12/site-packages/aiortc/contrib/__init__.py -> /home/matthieu/ros2_ws/install/web_control/share/web_control/web/stream/webrtc/.venv/lib/python3.12/site-packages/aiortc/contrib
[1.034s] creating /home/matthieu/ros2_ws/install/web_control/share/web_control/web/stream/webrtc/.venv/lib/python3.12/site-packages/aiortc/contrib/__pycache__
[1.034s] copying web/stream/webrtc/.venv/lib/python3.12/site-packages/aiortc/contrib/__pycache__/media.cpython-312.pyc -> /home/matthieu/ros2_ws/install/web_control/share/web_control/web/stream/webrtc/.venv/lib/python3.12/site-packages/aiortc/contrib/__pycache__
[1.034s] copying web/stream/webrtc/.venv/lib/python3.12/site-packages/aiortc/contrib/__pycache__/signaling.cpython-312.pyc -> /home/matthieu/ros2_ws/install/web_control/share/web_control/web/stream/webrtc/.venv/lib/python3.12/site-packages/aiortc/contrib/__pycache__
[1.034s] copying web/stream/webrtc/.venv/lib/python3.12/site-packages/aiortc/contrib/__pycache__/__init__.cpython-312.pyc -> /home/matthieu/ros2_ws/install/web_control/share/web_control/web/stream/webrtc/.venv/lib/python3.12/site-packages/aiortc/contrib/__pycache__
[1.034s] creating /home/matthieu/ros2_ws/install/web_control/share/web_control/web/stream/webrtc/.venv/lib/python3.12/site-packages/aiosignal-1.4.0.dist-info
[1.034s] copying web/stream/webrtc/.venv/lib/python3.12/site-packages/aiosignal-1.4.0.dist-info/WHEEL -> /home/matthieu/ros2_ws/install/web_control/share/web_control/web/stream/webrtc/.venv/lib/python3.12/site-packages/aiosignal-1.4.0.dist-info
[1.034s] copying web/stream/webrtc/.venv/lib/python3.12/site-packages/aiosignal-1.4.0.dist-info/RECORD -> /home/matthieu/ros2_ws/install/web_control/share/web_control/web/stream/webrtc/.venv/lib/python3.12/site-packages/aiosignal-1.4.0.dist-info
[1.034s] copying web/stream/webrtc/.venv/lib/python3.12/site-packages/aiosignal-1.4.0.dist-info/INSTALLER -> /home/matthieu/ros2_ws/install/web_control/share/web_control/web/stream/webrtc/.venv/lib/python3.12/site-packages/aiosignal-1.4.0.dist-info
[1.035s] copying web/stream/webrtc/.venv/lib/python3.12/site-packages/aiosignal-1.4.0.dist-info/top_level.txt -> /home/matthieu/ros2_ws/install/web_control/share/web_control/web/stream/webrtc/.venv/lib/python3.12/site-packages/aiosignal-1.4.0.dist-info
[1.035s] copying web/stream/webrtc/.venv/lib/python3.12/site-packages/aiosignal-1.4.0.dist-info/METADATA -> /home/matthieu/ros2_ws/install/web_control/share/web_control/web/stream/webrtc/.venv/lib/python3.12/site-packages/aiosignal-1.4.0.dist-info
[1.035s] creating /home/matthieu/ros2_ws/install/web_control/share/web_control/web/stream/webrtc/.venv/lib/python3.12/site-packages/aiosignal-1.4.0.dist-info/licenses
[1.035s] copying web/stream/webrtc/.venv/lib/python3.12/site-packages/aiosignal-1.4.0.dist-info/licenses/LICENSE -> /home/matthieu/ros2_ws/install/web_control/share/web_control/web/stream/webrtc/.venv/lib/python3.12/site-packages/aiosignal-1.4.0.dist-info/licenses
[1.035s] creating /home/matthieu/ros2_ws/install/web_control/share/web_control/web/stream/webrtc/.venv/lib/python3.12/site-packages/aiohttp
[1.035s] copying web/stream/webrtc/.venv/lib/python3.12/site-packages/aiohttp/_helpers.pyx -> /home/matthieu/ros2_ws/install/web_control/share/web_control/web/stream/webrtc/.venv/lib/python3.12/site-packages/aiohttp
[1.035s] copying web/stream/webrtc/.venv/lib/python3.12/site-packages/aiohttp/_cparser.pxd -> /home/matthieu/ros2_ws/install/web_control/share/web_control/web/stream/webrtc/.venv/lib/python3.12/site-packages/aiohttp
[1.035s] copying web/stream/webrtc/.venv/lib/python3.12/site-packages/aiohttp/http_writer.py -> /home/matthieu/ros2_ws/install/web_control/share/web_control/web/stream/webrtc/.venv/lib/python3.12/site-packages/aiohttp
[1.035s] copying web/stream/webrtc/.venv/lib/python3.12/site-packages/aiohttp/_http_parser.pyx -> /home/matthieu/ros2_ws/install/web_control/share/web_control/web/stream/webrtc/.venv/lib/python3.12/site-packages/aiohttp
[1.035s] copying web/stream/webrtc/.venv/lib/python3.12/site-packages/aiohttp/web_app.py -> /home/matthieu/ros2_ws/install/web_control/share/web_control/web/stream/webrtc/.venv/lib/python3.12/site-packages/aiohttp
[1.035s] copying web/stream/webrtc/.venv/lib/python3.12/site-packages/aiohttp/multipart.py -> /home/matthieu/ros2_ws/install/web_control/share/web_control/web/stream/webrtc/.venv/lib/python3.12/site-packages/aiohttp
[1.035s] copying web/stream/webrtc/.venv/lib/python3.12/site-packages/aiohttp/http_exceptions.py -> /home/matthieu/ros2_ws/install/web_control/share/web_control/web/stream/webrtc/.venv/lib/python3.12/site-packages/aiohttp
[1.035s] copying web/stream/webrtc/.venv/lib/python3.12/site-packages/aiohttp/formdata.py -> /home/matthieu/ros2_ws/install/web_control/share/web_control/web/stream/webrtc/.venv/lib/python3.12/site-packages/aiohttp
[1.035s] copying web/stream/webrtc/.venv/lib/python3.12/site-packages/aiohttp/_find_header.pxd -> /home/matthieu/ros2_ws/install/web_control/share/web_control/web/stream/webrtc/.venv/lib/python3.12/site-packages/aiohttp
[1.035s] copying web/stream/webrtc/.venv/lib/python3.12/site-packages/aiohttp/web_ws.py -> /home/matthieu/ros2_ws/install/web_control/share/web_control/web/stream/webrtc/.venv/lib/python3.12/site-packages/aiohttp
[1.035s] copying web/stream/webrtc/.venv/lib/python3.12/site-packages/aiohttp/tracing.py -> /home/matthieu/ros2_ws/install/web_control/share/web_control/web/stream/webrtc/.venv/lib/python3.12/site-packages/aiohttp
[1.035s] copying web/stream/webrtc/.venv/lib/python3.12/site-packages/aiohttp/client_exceptions.py -> /home/matthieu/ros2_ws/install/web_control/share/web_control/web/stream/webrtc/.venv/lib/python3.12/site-packages/aiohttp
[1.035s] copying web/stream/webrtc/.venv/lib/python3.12/site-packages/aiohttp/_http_writer.cpython-312-x86_64-linux-gnu.so -> /home/matthieu/ros2_ws/install/web_control/share/web_control/web/stream/webrtc/.venv/lib/python3.12/site-packages/aiohttp
[1.036s] copying web/stream/webrtc/.venv/lib/python3.12/site-packages/aiohttp/connector.py -> /home/matthieu/ros2_ws/install/web_control/share/web_control/web/stream/webrtc/.venv/lib/python3.12/site-packages/aiohttp
[1.036s] copying web/stream/webrtc/.venv/lib/python3.12/site-packages/aiohttp/client_reqrep.py -> /home/matthieu/ros2_ws/install/web_control/share/web_control/web/stream/webrtc/.venv/lib/python3.12/site-packages/aiohttp
[1.036s] copying web/stream/webrtc/.venv/lib/python3.12/site-packages/aiohttp/_helpers.cpython-312-x86_64-linux-gnu.so -> /home/matthieu/ros2_ws/install/web_control/share/web_control/web/stream/webrtc/.venv/lib/python3.12/site-packages/aiohttp
[1.036s] copying web/stream/webrtc/.venv/lib/python3.12/site-packages/aiohttp/web_exceptions.py -> /home/matthieu/ros2_ws/install/web_control/share/web_control/web/stream/webrtc/.venv/lib/python3.12/site-packages/aiohttp
[1.036s] copying web/stream/webrtc/.venv/lib/python3.12/site-packages/aiohttp/web_middlewares.py -> /home/matthieu/ros2_ws/install/web_control/share/web_control/web/stream/webrtc/.venv/lib/python3.12/site-packages/aiohttp
[1.036s] copying web/stream/webrtc/.venv/lib/python3.12/site-packages/aiohttp/test_utils.py -> /home/matthieu/ros2_ws/install/web_control/share/web_control/web/stream/webrtc/.venv/lib/python3.12/site-packages/aiohttp
[1.036s] copying web/stream/webrtc/.venv/lib/python3.12/site-packages/aiohttp/_http_writer.pyx -> /home/matthieu/ros2_ws/install/web_control/share/web_control/web/stream/webrtc/.venv/lib/python3.12/site-packages/aiohttp
[1.036s] copying web/stream/webrtc/.venv/lib/python3.12/site-packages/aiohttp/typedefs.py -> /home/matthieu/ros2_ws/install/web_control/share/web_control/web/stream/webrtc/.venv/lib/python3.12/site-packages/aiohttp
[1.036s] copying web/stream/webrtc/.venv/lib/python3.12/site-packages/aiohttp/worker.py -> /home/matthieu/ros2_ws/install/web_control/share/web_control/web/stream/webrtc/.venv/lib/python3.12/site-packages/aiohttp
[1.036s] copying web/stream/webrtc/.venv/lib/python3.12/site-packages/aiohttp/web_runner.py -> /home/matthieu/ros2_ws/install/web_control/share/web_control/web/stream/webrtc/.venv/lib/python3.12/site-packages/aiohttp
[1.037s] copying web/stream/webrtc/.venv/lib/python3.12/site-packages/aiohttp/web_request.py -> /home/matthieu/ros2_ws/install/web_control/share/web_control/web/stream/webrtc/.venv/lib/python3.12/site-packages/aiohttp
[1.037s] copying web/stream/webrtc/.venv/lib/python3.12/site-packages/aiohttp/web_urldispatcher.py -> /home/matthieu/ros2_ws/install/web_control/share/web_control/web/stream/webrtc/.venv/lib/python3.12/site-packages/aiohttp
[1.037s] copying web/stream/webrtc/.venv/lib/python3.12/site-packages/aiohttp/client_ws.py -> /home/matthieu/ros2_ws/install/web_control/share/web_control/web/stream/webrtc/.venv/lib/python3.12/site-packages/aiohttp
[1.037s] copying web/stream/webrtc/.venv/lib/python3.12/site-packages/aiohttp/tcp_helpers.py -> /home/matthieu/ros2_ws/install/web_control/share/web_control/web/stream/webrtc/.venv/lib/python3.12/site-packages/aiohttp
[1.037s] copying web/stream/webrtc/.venv/lib/python3.12/site-packages/aiohttp/web_routedef.py -> /home/matthieu/ros2_ws/install/web_control/share/web_control/web/stream/webrtc/.venv/lib/python3.12/site-packages/aiohttp
[1.037s] copying web/stream/webrtc/.venv/lib/python3.12/site-packages/aiohttp/http_parser.py -> /home/matthieu/ros2_ws/install/web_control/share/web_control/web/stream/webrtc/.venv/lib/python3.12/site-packages/aiohttp
[1.037s] copying web/stream/webrtc/.venv/lib/python3.12/site-packages/aiohttp/pytest_plugin.py -> /home/matthieu/ros2_ws/install/web_control/share/web_control/web/stream/webrtc/.venv/lib/python3.12/site-packages/aiohttp
[1.037s] copying web/stream/webrtc/.venv/lib/python3.12/site-packages/aiohttp/locks.py -> /home/matthieu/ros2_ws/install/web_control/share/web_control/web/stream/webrtc/.venv/lib/python3.12/site-packages/aiohttp
[1.037s] copying web/stream/webrtc/.venv/lib/python3.12/site-packages/aiohttp/_http_parser.cpython-312-x86_64-linux-gnu.so -> /home/matthieu/ros2_ws/install/web_control/share/web_control/web/stream/webrtc/.venv/lib/python3.12/site-packages/aiohttp
[1.038s] copying web/stream/webrtc/.venv/lib/python3.12/site-packages/aiohttp/client_proto.py -> /home/matthieu/ros2_ws/install/web_control/share/web_control/web/stream/webrtc/.venv/lib/python3.12/site-packages/aiohttp
[1.038s] copying web/stream/webrtc/.venv/lib/python3.12/site-packages/aiohttp/web_log.py -> /home/matthieu/ros2_ws/install/web_control/share/web_control/web/stream/webrtc/.venv/lib/python3.12/site-packages/aiohttp
[1.038s] copying web/stream/webrtc/.venv/lib/python3.12/site-packages/aiohttp/payload_streamer.py -> /home/matthieu/ros2_ws/install/web_control/share/web_control/web/stream/webrtc/.venv/lib/python3.12/site-packages/aiohttp
[1.039s] copying web/stream/webrtc/.venv/lib/python3.12/site-packages/aiohttp/http.py -> /home/matthieu/ros2_ws/install/web_control/share/web_control/web/stream/webrtc/.venv/lib/python3.12/site-packages/aiohttp
[1.039s] copying web/stream/webrtc/.venv/lib/python3.12/site-packages/aiohttp/payload.py -> /home/matthieu/ros2_ws/install/web_control/share/web_control/web/stream/webrtc/.venv/lib/python3.12/site-packages/aiohttp
[1.039s] copying web/stream/webrtc/.venv/lib/python3.12/site-packages/aiohttp/log.py -> /home/matthieu/ros2_ws/install/web_control/share/web_control/web/stream/webrtc/.venv/lib/python3.12/site-packages/aiohttp
[1.039s] copying web/stream/webrtc/.venv/lib/python3.12/site-packages/aiohttp/_helpers.pyi -> /home/matthieu/ros2_ws/install/web_control/share/web_control/web/stream/webrtc/.venv/lib/python3.12/site-packages/aiohttp
[1.039s] copying web/stream/webrtc/.venv/lib/python3.12/site-packages/aiohttp/streams.py -> /home/matthieu/ros2_ws/install/web_control/share/web_control/web/stream/webrtc/.venv/lib/python3.12/site-packages/aiohttp
[1.039s] copying web/stream/webrtc/.venv/lib/python3.12/site-packages/aiohttp/abc.py -> /home/matthieu/ros2_ws/install/web_control/share/web_control/web/stream/webrtc/.venv/lib/python3.12/site-packages/aiohttp
[1.039s] copying web/stream/webrtc/.venv/lib/python3.12/site-packages/aiohttp/web_server.py -> /home/matthieu/ros2_ws/install/web_control/share/web_control/web/stream/webrtc/.venv/lib/python3.12/site-packages/aiohttp
[1.039s] copying web/stream/webrtc/.venv/lib/python3.12/site-packages/aiohttp/web_response.py -> /home/matthieu/ros2_ws/install/web_control/share/web_control/web/stream/webrtc/.venv/lib/python3.12/site-packages/aiohttp
[1.039s] copying web/stream/webrtc/.venv/lib/python3.12/site-packages/aiohttp/resolver.py -> /home/matthieu/ros2_ws/install/web_control/share/web_control/web/stream/webrtc/.venv/lib/python3.12/site-packages/aiohttp
[1.039s] copying web/stream/webrtc/.venv/lib/python3.12/site-packages/aiohttp/py.typed -> /home/matthieu/ros2_ws/install/web_control/share/web_control/web/stream/webrtc/.venv/lib/python3.12/site-packages/aiohttp
[1.039s] copying web/stream/webrtc/.venv/lib/python3.12/site-packages/aiohttp/_websocket.pyx -> /home/matthieu/ros2_ws/install/web_control/share/web_control/web/stream/webrtc/.venv/lib/python3.12/site-packages/aiohttp
[1.039s] copying web/stream/webrtc/.venv/lib/python3.12/site-packages/aiohttp/hdrs.py -> /home/matthieu/ros2_ws/install/web_control/share/web_control/web/stream/webrtc/.venv/lib/python3.12/site-packages/aiohttp
[1.039s] copying web/stream/webrtc/.venv/lib/python3.12/site-packages/aiohttp/web.py -> /home/matthieu/ros2_ws/install/web_control/share/web_control/web/stream/webrtc/.venv/lib/python3.12/site-packages/aiohttp
[1.039s] copying web/stream/webrtc/.venv/lib/python3.12/site-packages/aiohttp/base_protocol.py -> /home/matthieu/ros2_ws/install/web_control/share/web_control/web/stream/webrtc/.venv/lib/python3.12/site-packages/aiohttp
[1.039s] copying web/stream/webrtc/.venv/lib/python3.12/site-packages/aiohttp/web_protocol.py -> /home/matthieu/ros2_ws/install/web_control/share/web_control/web/stream/webrtc/.venv/lib/python3.12/site-packages/aiohttp
[1.039s] copying web/stream/webrtc/.venv/lib/python3.12/site-packages/aiohttp/client.py -> /home/matthieu/ros2_ws/install/web_control/share/web_control/web/stream/webrtc/.venv/lib/python3.12/site-packages/aiohttp
[1.039s] copying web/stream/webrtc/.venv/lib/python3.12/site-packages/aiohttp/web_fileresponse.py -> /home/matthieu/ros2_ws/install/web_control/share/web_control/web/stream/webrtc/.venv/lib/python3.12/site-packages/aiohttp
[1.039s] copying web/stream/webrtc/.venv/lib/python3.12/site-packages/aiohttp/compression_utils.py -> /home/matthieu/ros2_ws/install/web_control/share/web_control/web/stream/webrtc/.venv/lib/python3.12/site-packages/aiohttp
[1.040s] copying web/stream/webrtc/.venv/lib/python3.12/site-packages/aiohttp/helpers.py -> /home/matthieu/ros2_ws/install/web_control/share/web_control/web/stream/webrtc/.venv/lib/python3.12/site-packages/aiohttp
[1.040s] copying web/stream/webrtc/.venv/lib/python3.12/site-packages/aiohttp/http_websocket.py -> /home/matthieu/ros2_ws/install/web_control/share/web_control/web/stream/webrtc/.venv/lib/python3.12/site-packages/aiohttp
[1.040s] copying web/stream/webrtc/.venv/lib/python3.12/site-packages/aiohttp/_websocket.cpython-312-x86_64-linux-gnu.so -> /home/matthieu/ros2_ws/install/web_control/share/web_control/web/stream/webrtc/.venv/lib/python3.12/site-packages/aiohttp
[1.040s] copying web/stream/webrtc/.venv/lib/python3.12/site-packages/aiohttp/cookiejar.py -> /home/matthieu/ros2_ws/install/web_control/share/web_control/web/stream/webrtc/.venv/lib/python3.12/site-packages/aiohttp
[1.040s] copying web/stream/webrtc/.venv/lib/python3.12/site-packages/aiohttp/_headers.pxi -> /home/matthieu/ros2_ws/install/web_control/share/web_control/web/stream/webrtc/.venv/lib/python3.12/site-packages/aiohttp
[1.040s] copying web/stream/webrtc/.venv/lib/python3.12/site-packages/aiohttp/__init__.py -> /home/matthieu/ros2_ws/install/web_control/share/web_control/web/stream/webrtc/.venv/lib/python3.12/site-packages/aiohttp
[1.040s] creating /home/matthieu/ros2_ws/install/web_control/share/web_control/web/stream/webrtc/.venv/lib/python3.12/site-packages/aiohttp/__pycache__
[1.040s] copying web/stream/webrtc/.venv/lib/python3.12/site-packages/aiohttp/__pycache__/locks.cpython-312.pyc -> /home/matthieu/ros2_ws/install/web_control/share/web_control/web/stream/webrtc/.venv/lib/python3.12/site-packages/aiohttp/__pycache__
[1.040s] copying web/stream/webrtc/.venv/lib/python3.12/site-packages/aiohttp/__pycache__/helpers.cpython-312.pyc -> /home/matthieu/ros2_ws/install/web_control/share/web_control/web/stream/webrtc/.venv/lib/python3.12/site-packages/aiohttp/__pycache__
[1.040s] copying web/stream/webrtc/.venv/lib/python3.12/site-packages/aiohttp/__pycache__/hdrs.cpython-312.pyc -> /home/matthieu/ros2_ws/install/web_control/share/web_control/web/stream/webrtc/.venv/lib/python3.12/site-packages/aiohttp/__pycache__
[1.040s] copying web/stream/webrtc/.venv/lib/python3.12/site-packages/aiohttp/__pycache__/worker.cpython-312.pyc -> /home/matthieu/ros2_ws/install/web_control/share/web_control/web/stream/webrtc/.venv/lib/python3.12/site-packages/aiohttp/__pycache__
[1.040s] copying web/stream/webrtc/.venv/lib/python3.12/site-packages/aiohttp/__pycache__/base_protocol.cpython-312.pyc -> /home/matthieu/ros2_ws/install/web_control/share/web_control/web/stream/webrtc/.venv/lib/python3.12/site-packages/aiohttp/__pycache__
[1.040s] copying web/stream/webrtc/.venv/lib/python3.12/site-packages/aiohttp/__pycache__/web_fileresponse.cpython-312.pyc -> /home/matthieu/ros2_ws/install/web_control/share/web_control/web/stream/webrtc/.venv/lib/python3.12/site-packages/aiohttp/__pycache__
[1.040s] copying web/stream/webrtc/.venv/lib/python3.12/site-packages/aiohttp/__pycache__/formdata.cpython-312.pyc -> /home/matthieu/ros2_ws/install/web_control/share/web_control/web/stream/webrtc/.venv/lib/python3.12/site-packages/aiohttp/__pycache__
[1.040s] copying web/stream/webrtc/.venv/lib/python3.12/site-packages/aiohttp/__pycache__/http_parser.cpython-312.pyc -> /home/matthieu/ros2_ws/install/web_control/share/web_control/web/stream/webrtc/.venv/lib/python3.12/site-packages/aiohttp/__pycache__
[1.041s] copying web/stream/webrtc/.venv/lib/python3.12/site-packages/aiohttp/__pycache__/web_middlewares.cpython-312.pyc -> /home/matthieu/ros2_ws/install/web_control/share/web_control/web/stream/webrtc/.venv/lib/python3.12/site-packages/aiohttp/__pycache__
[1.041s] copying web/stream/webrtc/.venv/lib/python3.12/site-packages/aiohttp/__pycache__/web_routedef.cpython-312.pyc -> /home/matthieu/ros2_ws/install/web_control/share/web_control/web/stream/webrtc/.venv/lib/python3.12/site-packages/aiohttp/__pycache__
[1.041s] copying web/stream/webrtc/.venv/lib/python3.12/site-packages/aiohttp/__pycache__/web_log.cpython-312.pyc -> /home/matthieu/ros2_ws/install/web_control/share/web_control/web/stream/webrtc/.venv/lib/python3.12/site-packages/aiohttp/__pycache__
[1.041s] copying web/stream/webrtc/.venv/lib/python3.12/site-packages/aiohttp/__pycache__/typedefs.cpython-312.pyc -> /home/matthieu/ros2_ws/install/web_control/share/web_control/web/stream/webrtc/.venv/lib/python3.12/site-packages/aiohttp/__pycache__
[1.041s] copying web/stream/webrtc/.venv/lib/python3.12/site-packages/aiohttp/__pycache__/web_urldispatcher.cpython-312.pyc -> /home/matthieu/ros2_ws/install/web_control/share/web_control/web/stream/webrtc/.venv/lib/python3.12/site-packages/aiohttp/__pycache__
[1.041s] copying web/stream/webrtc/.venv/lib/python3.12/site-packages/aiohttp/__pycache__/client_proto.cpython-312.pyc -> /home/matthieu/ros2_ws/install/web_control/share/web_control/web/stream/webrtc/.venv/lib/python3.12/site-packages/aiohttp/__pycache__
[1.041s] copying web/stream/webrtc/.venv/lib/python3.12/site-packages/aiohttp/__pycache__/web.cpython-312.pyc -> /home/matthieu/ros2_ws/install/web_control/share/web_control/web/stream/webrtc/.venv/lib/python3.12/site-packages/aiohttp/__pycache__
[1.041s] copying web/stream/webrtc/.venv/lib/python3.12/site-packages/aiohttp/__pycache__/client_reqrep.cpython-312.pyc -> /home/matthieu/ros2_ws/install/web_control/share/web_control/web/stream/webrtc/.venv/lib/python3.12/site-packages/aiohttp/__pycache__
[1.041s] copying web/stream/webrtc/.venv/lib/python3.12/site-packages/aiohttp/__pycache__/http.cpython-312.pyc -> /home/matthieu/ros2_ws/install/web_control/share/web_control/web/stream/webrtc/.venv/lib/python3.12/site-packages/aiohttp/__pycache__
[1.041s] copying web/stream/webrtc/.venv/lib/python3.12/site-packages/aiohttp/__pycache__/web_exceptions.cpython-312.pyc -> /home/matthieu/ros2_ws/install/web_control/share/web_control/web/stream/webrtc/.venv/lib/python3.12/site-packages/aiohttp/__pycache__
[1.041s] copying web/stream/webrtc/.venv/lib/python3.12/site-packages/aiohttp/__pycache__/http_websocket.cpython-312.pyc -> /home/matthieu/ros2_ws/install/web_control/share/web_control/web/stream/webrtc/.venv/lib/python3.12/site-packages/aiohttp/__pycache__
[1.041s] copying web/stream/webrtc/.venv/lib/python3.12/site-packages/aiohttp/__pycache__/tcp_helpers.cpython-312.pyc -> /home/matthieu/ros2_ws/install/web_control/share/web_control/web/stream/webrtc/.venv/lib/python3.12/site-packages/aiohttp/__pycache__
[1.041s] copying web/stream/webrtc/.venv/lib/python3.12/site-packages/aiohttp/__pycache__/web_protocol.cpython-312.pyc -> /home/matthieu/ros2_ws/install/web_control/share/web_control/web/stream/webrtc/.venv/lib/python3.12/site-packages/aiohttp/__pycache__
[1.041s] copying web/stream/webrtc/.venv/lib/python3.12/site-packages/aiohttp/__pycache__/log.cpython-312.pyc -> /home/matthieu/ros2_ws/install/web_control/share/web_control/web/stream/webrtc/.venv/lib/python3.12/site-packages/aiohttp/__pycache__
[1.041s] copying web/stream/webrtc/.venv/lib/python3.12/site-packages/aiohttp/__pycache__/web_request.cpython-312.pyc -> /home/matthieu/ros2_ws/install/web_control/share/web_control/web/stream/webrtc/.venv/lib/python3.12/site-packages/aiohttp/__pycache__
[1.041s] copying web/stream/webrtc/.venv/lib/python3.12/site-packages/aiohttp/__pycache__/resolver.cpython-312.pyc -> /home/matthieu/ros2_ws/install/web_control/share/web_control/web/stream/webrtc/.venv/lib/python3.12/site-packages/aiohttp/__pycache__
[1.041s] copying web/stream/webrtc/.venv/lib/python3.12/site-packages/aiohttp/__pycache__/compression_utils.cpython-312.pyc -> /home/matthieu/ros2_ws/install/web_control/share/web_control/web/stream/webrtc/.venv/lib/python3.12/site-packages/aiohttp/__pycache__
[1.042s] copying web/stream/webrtc/.venv/lib/python3.12/site-packages/aiohttp/__pycache__/abc.cpython-312.pyc -> /home/matthieu/ros2_ws/install/web_control/share/web_control/web/stream/webrtc/.venv/lib/python3.12/site-packages/aiohttp/__pycache__
[1.042s] copying web/stream/webrtc/.venv/lib/python3.12/site-packages/aiohttp/__pycache__/client_exceptions.cpython-312.pyc -> /home/matthieu/ros2_ws/install/web_control/share/web_control/web/stream/webrtc/.venv/lib/python3.12/site-packages/aiohttp/__pycache__
[1.042s] copying web/stream/webrtc/.venv/lib/python3.12/site-packages/aiohttp/__pycache__/test_utils.cpython-312.pyc -> /home/matthieu/ros2_ws/install/web_control/share/web_control/web/stream/webrtc/.venv/lib/python3.12/site-packages/aiohttp/__pycache__
[1.042s] copying web/stream/webrtc/.venv/lib/python3.12/site-packages/aiohttp/__pycache__/tracing.cpython-312.pyc -> /home/matthieu/ros2_ws/install/web_control/share/web_control/web/stream/webrtc/.venv/lib/python3.12/site-packages/aiohttp/__pycache__
[1.042s] copying web/stream/webrtc/.venv/lib/python3.12/site-packages/aiohttp/__pycache__/http_writer.cpython-312.pyc -> /home/matthieu/ros2_ws/install/web_control/share/web_control/web/stream/webrtc/.venv/lib/python3.12/site-packages/aiohttp/__pycache__
[1.042s] copying web/stream/webrtc/.venv/lib/python3.12/site-packages/aiohttp/__pycache__/payload.cpython-312.pyc -> /home/matthieu/ros2_ws/install/web_control/share/web_control/web/stream/webrtc/.venv/lib/python3.12/site-packages/aiohttp/__pycache__
[1.042s] copying web/stream/webrtc/.venv/lib/python3.12/site-packages/aiohttp/__pycache__/cookiejar.cpython-312.pyc -> /home/matthieu/ros2_ws/install/web_control/share/web_control/web/stream/webrtc/.venv/lib/python3.12/site-packages/aiohttp/__pycache__
[1.042s] copying web/stream/webrtc/.venv/lib/python3.12/site-packages/aiohttp/__pycache__/web_app.cpython-312.pyc -> /home/matthieu/ros2_ws/install/web_control/share/web_control/web/stream/webrtc/.venv/lib/python3.12/site-packages/aiohttp/__pycache__
[1.042s] copying web/stream/webrtc/.venv/lib/python3.12/site-packages/aiohttp/__pycache__/web_server.cpython-312.pyc -> /home/matthieu/ros2_ws/install/web_control/share/web_control/web/stream/webrtc/.venv/lib/python3.12/site-packages/aiohttp/__pycache__
[1.042s] copying web/stream/webrtc/.venv/lib/python3.12/site-packages/aiohttp/__pycache__/web_ws.cpython-312.pyc -> /home/matthieu/ros2_ws/install/web_control/share/web_control/web/stream/webrtc/.venv/lib/python3.12/site-packages/aiohttp/__pycache__
[1.042s] copying web/stream/webrtc/.venv/lib/python3.12/site-packages/aiohttp/__pycache__/__init__.cpython-312.pyc -> /home/matthieu/ros2_ws/install/web_control/share/web_control/web/stream/webrtc/.venv/lib/python3.12/site-packages/aiohttp/__pycache__
[1.042s] copying web/stream/webrtc/.venv/lib/python3.12/site-packages/aiohttp/__pycache__/streams.cpython-312.pyc -> /home/matthieu/ros2_ws/install/web_control/share/web_control/web/stream/webrtc/.venv/lib/python3.12/site-packages/aiohttp/__pycache__
[1.042s] copying web/stream/webrtc/.venv/lib/python3.12/site-packages/aiohttp/__pycache__/web_runner.cpython-312.pyc -> /home/matthieu/ros2_ws/install/web_control/share/web_control/web/stream/webrtc/.venv/lib/python3.12/site-packages/aiohttp/__pycache__
[1.042s] copying web/stream/webrtc/.venv/lib/python3.12/site-packages/aiohttp/__pycache__/client_ws.cpython-312.pyc -> /home/matthieu/ros2_ws/install/web_control/share/web_control/web/stream/webrtc/.venv/lib/python3.12/site-packages/aiohttp/__pycache__
[1.042s] copying web/stream/webrtc/.venv/lib/python3.12/site-packages/aiohttp/__pycache__/web_response.cpython-312.pyc -> /home/matthieu/ros2_ws/install/web_control/share/web_control/web/stream/webrtc/.venv/lib/python3.12/site-packages/aiohttp/__pycache__
[1.042s] copying web/stream/webrtc/.venv/lib/python3.12/site-packages/aiohttp/__pycache__/multipart.cpython-312.pyc -> /home/matthieu/ros2_ws/install/web_control/share/web_control/web/stream/webrtc/.venv/lib/python3.12/site-packages/aiohttp/__pycache__
[1.043s] copying web/stream/webrtc/.venv/lib/python3.12/site-packages/aiohttp/__pycache__/http_exceptions.cpython-312.pyc -> /home/matthieu/ros2_ws/install/web_control/share/web_control/web/stream/webrtc/.venv/lib/python3.12/site-packages/aiohttp/__pycache__
[1.043s] copying web/stream/webrtc/.venv/lib/python3.12/site-packages/aiohttp/__pycache__/client.cpython-312.pyc -> /home/matthieu/ros2_ws/install/web_control/share/web_control/web/stream/webrtc/.venv/lib/python3.12/site-packages/aiohttp/__pycache__
[1.043s] copying web/stream/webrtc/.venv/lib/python3.12/site-packages/aiohttp/__pycache__/connector.cpython-312.pyc -> /home/matthieu/ros2_ws/install/web_control/share/web_control/web/stream/webrtc/.venv/lib/python3.12/site-packages/aiohttp/__pycache__
[1.043s] copying web/stream/webrtc/.venv/lib/python3.12/site-packages/aiohttp/__pycache__/pytest_plugin.cpython-312.pyc -> /home/matthieu/ros2_ws/install/web_control/share/web_control/web/stream/webrtc/.venv/lib/python3.12/site-packages/aiohttp/__pycache__
[1.043s] copying web/stream/webrtc/.venv/lib/python3.12/site-packages/aiohttp/__pycache__/payload_streamer.cpython-312.pyc -> /home/matthieu/ros2_ws/install/web_control/share/web_control/web/stream/webrtc/.venv/lib/python3.12/site-packages/aiohttp/__pycache__
[1.043s] creating /home/matthieu/ros2_ws/install/web_control/share/web_control/web/stream/webrtc/.venv/lib/python3.12/site-packages/aiohttp/.hash
[1.043s] copying web/stream/webrtc/.venv/lib/python3.12/site-packages/aiohttp/.hash/_http_writer.pyx.hash -> /home/matthieu/ros2_ws/install/web_control/share/web_control/web/stream/webrtc/.venv/lib/python3.12/site-packages/aiohttp/.hash
[1.043s] copying web/stream/webrtc/.venv/lib/python3.12/site-packages/aiohttp/.hash/_websocket.pyx.hash -> /home/matthieu/ros2_ws/install/web_control/share/web_control/web/stream/webrtc/.venv/lib/python3.12/site-packages/aiohttp/.hash
[1.043s] copying web/stream/webrtc/.venv/lib/python3.12/site-packages/aiohttp/.hash/_http_parser.pyx.hash -> /home/matthieu/ros2_ws/install/web_control/share/web_control/web/stream/webrtc/.venv/lib/python3.12/site-packages/aiohttp/.hash
[1.043s] copying web/stream/webrtc/.venv/lib/python3.12/site-packages/aiohttp/.hash/_helpers.pyx.hash -> /home/matthieu/ros2_ws/install/web_control/share/web_control/web/stream/webrtc/.venv/lib/python3.12/site-packages/aiohttp/.hash
[1.043s] copying web/stream/webrtc/.venv/lib/python3.12/site-packages/aiohttp/.hash/_cparser.pxd.hash -> /home/matthieu/ros2_ws/install/web_control/share/web_control/web/stream/webrtc/.venv/lib/python3.12/site-packages/aiohttp/.hash
[1.043s] copying web/stream/webrtc/.venv/lib/python3.12/site-packages/aiohttp/.hash/_helpers.pyi.hash -> /home/matthieu/ros2_ws/install/web_control/share/web_control/web/stream/webrtc/.venv/lib/python3.12/site-packages/aiohttp/.hash
[1.043s] copying web/stream/webrtc/.venv/lib/python3.12/site-packages/aiohttp/.hash/hdrs.py.hash -> /home/matthieu/ros2_ws/install/web_control/share/web_control/web/stream/webrtc/.venv/lib/python3.12/site-packages/aiohttp/.hash
[1.043s] copying web/stream/webrtc/.venv/lib/python3.12/site-packages/aiohttp/.hash/_find_header.pxd.hash -> /home/matthieu/ros2_ws/install/web_control/share/web_control/web/stream/webrtc/.venv/lib/python3.12/site-packages/aiohttp/.hash
[1.043s] creating /home/matthieu/ros2_ws/install/web_control/share/web_control/web/stream/webrtc/.venv/lib/python3.12/site-packages/av-11.0.0.dist-info
[1.043s] copying web/stream/webrtc/.venv/lib/python3.12/site-packages/av-11.0.0.dist-info/WHEEL -> /home/matthieu/ros2_ws/install/web_control/share/web_control/web/stream/webrtc/.venv/lib/python3.12/site-packages/av-11.0.0.dist-info
[1.043s] copying web/stream/webrtc/.venv/lib/python3.12/site-packages/av-11.0.0.dist-info/RECORD -> /home/matthieu/ros2_ws/install/web_control/share/web_control/web/stream/webrtc/.venv/lib/python3.12/site-packages/av-11.0.0.dist-info
[1.044s] copying web/stream/webrtc/.venv/lib/python3.12/site-packages/av-11.0.0.dist-info/INSTALLER -> /home/matthieu/ros2_ws/install/web_control/share/web_control/web/stream/webrtc/.venv/lib/python3.12/site-packages/av-11.0.0.dist-info
[1.044s] copying web/stream/webrtc/.venv/lib/python3.12/site-packages/av-11.0.0.dist-info/entry_points.txt -> /home/matthieu/ros2_ws/install/web_control/share/web_control/web/stream/webrtc/.venv/lib/python3.12/site-packages/av-11.0.0.dist-info
[1.044s] copying web/stream/webrtc/.venv/lib/python3.12/site-packages/av-11.0.0.dist-info/top_level.txt -> /home/matthieu/ros2_ws/install/web_control/share/web_control/web/stream/webrtc/.venv/lib/python3.12/site-packages/av-11.0.0.dist-info
[1.044s] copying web/stream/webrtc/.venv/lib/python3.12/site-packages/av-11.0.0.dist-info/METADATA -> /home/matthieu/ros2_ws/install/web_control/share/web_control/web/stream/webrtc/.venv/lib/python3.12/site-packages/av-11.0.0.dist-info
[1.044s] creating /home/matthieu/ros2_ws/install/web_control/share/web_control/web/stream/webrtc/.venv/lib/python3.12/site-packages/av-11.0.0.dist-info/licenses
[1.044s] copying web/stream/webrtc/.venv/lib/python3.12/site-packages/av-11.0.0.dist-info/licenses/AUTHORS.py -> /home/matthieu/ros2_ws/install/web_control/share/web_control/web/stream/webrtc/.venv/lib/python3.12/site-packages/av-11.0.0.dist-info/licenses
[1.044s] copying web/stream/webrtc/.venv/lib/python3.12/site-packages/av-11.0.0.dist-info/licenses/LICENSE.txt -> /home/matthieu/ros2_ws/install/web_control/share/web_control/web/stream/webrtc/.venv/lib/python3.12/site-packages/av-11.0.0.dist-info/licenses
[1.044s] copying web/stream/webrtc/.venv/lib/python3.12/site-packages/av-11.0.0.dist-info/licenses/AUTHORS.rst -> /home/matthieu/ros2_ws/install/web_control/share/web_control/web/stream/webrtc/.venv/lib/python3.12/site-packages/av-11.0.0.dist-info/licenses
[1.044s] creating /home/matthieu/ros2_ws/install/web_control/share/web_control/web/stream/webrtc/.venv/lib/python3.12/site-packages/av-11.0.0.dist-info/licenses/__pycache__
[1.044s] copying web/stream/webrtc/.venv/lib/python3.12/site-packages/av-11.0.0.dist-info/licenses/__pycache__/AUTHORS.cpython-312.pyc -> /home/matthieu/ros2_ws/install/web_control/share/web_control/web/stream/webrtc/.venv/lib/python3.12/site-packages/av-11.0.0.dist-info/licenses/__pycache__
[1.044s] creating /home/matthieu/ros2_ws/install/web_control/share/web_control/web/stream/webrtc/.venv/lib/python3.12/site-packages/frozenlist
[1.044s] copying web/stream/webrtc/.venv/lib/python3.12/site-packages/frozenlist/_frozenlist.cpython-312-x86_64-linux-gnu.so -> /home/matthieu/ros2_ws/install/web_control/share/web_control/web/stream/webrtc/.venv/lib/python3.12/site-packages/frozenlist
[1.044s] copying web/stream/webrtc/.venv/lib/python3.12/site-packages/frozenlist/_frozenlist.pyx -> /home/matthieu/ros2_ws/install/web_control/share/web_control/web/stream/webrtc/.venv/lib/python3.12/site-packages/frozenlist
[1.045s] copying web/stream/webrtc/.venv/lib/python3.12/site-packages/frozenlist/__init__.pyi -> /home/matthieu/ros2_ws/install/web_control/share/web_control/web/stream/webrtc/.venv/lib/python3.12/site-packages/frozenlist
[1.045s] copying web/stream/webrtc/.venv/lib/python3.12/site-packages/frozenlist/py.typed -> /home/matthieu/ros2_ws/install/web_control/share/web_control/web/stream/webrtc/.venv/lib/python3.12/site-packages/frozenlist
[1.045s] copying web/stream/webrtc/.venv/lib/python3.12/site-packages/frozenlist/__init__.py -> /home/matthieu/ros2_ws/install/web_control/share/web_control/web/stream/webrtc/.venv/lib/python3.12/site-packages/frozenlist
[1.045s] creating /home/matthieu/ros2_ws/install/web_control/share/web_control/web/stream/webrtc/.venv/lib/python3.12/site-packages/frozenlist/__pycache__
[1.045s] copying web/stream/webrtc/.venv/lib/python3.12/site-packages/frozenlist/__pycache__/__init__.cpython-312.pyc -> /home/matthieu/ros2_ws/install/web_control/share/web_control/web/stream/webrtc/.venv/lib/python3.12/site-packages/frozenlist/__pycache__
[1.045s] creating /home/matthieu/ros2_ws/install/web_control/share/web_control/web/stream/webrtc/.venv/lib/python3.12/site-packages/aioice
[1.045s] copying web/stream/webrtc/.venv/lib/python3.12/site-packages/aioice/mdns.py -> /home/matthieu/ros2_ws/install/web_control/share/web_control/web/stream/webrtc/.venv/lib/python3.12/site-packages/aioice
[1.045s] copying web/stream/webrtc/.venv/lib/python3.12/site-packages/aioice/stun.py -> /home/matthieu/ros2_ws/install/web_control/share/web_control/web/stream/webrtc/.venv/lib/python3.12/site-packages/aioice
[1.045s] copying web/stream/webrtc/.venv/lib/python3.12/site-packages/aioice/ice.py -> /home/matthieu/ros2_ws/install/web_control/share/web_control/web/stream/webrtc/.venv/lib/python3.12/site-packages/aioice
[1.045s] copying web/stream/webrtc/.venv/lib/python3.12/site-packages/aioice/candidate.py -> /home/matthieu/ros2_ws/install/web_control/share/web_control/web/stream/webrtc/.venv/lib/python3.12/site-packages/aioice
[1.045s] copying web/stream/webrtc/.venv/lib/python3.12/site-packages/aioice/turn.py -> /home/matthieu/ros2_ws/install/web_control/share/web_control/web/stream/webrtc/.venv/lib/python3.12/site-packages/aioice
[1.045s] copying web/stream/webrtc/.venv/lib/python3.12/site-packages/aioice/py.typed -> /home/matthieu/ros2_ws/install/web_control/share/web_control/web/stream/webrtc/.venv/lib/python3.12/site-packages/aioice
[1.045s] copying web/stream/webrtc/.venv/lib/python3.12/site-packages/aioice/utils.py -> /home/matthieu/ros2_ws/install/web_control/share/web_control/web/stream/webrtc/.venv/lib/python3.12/site-packages/aioice
[1.045s] copying web/stream/webrtc/.venv/lib/python3.12/site-packages/aioice/__init__.py -> /home/matthieu/ros2_ws/install/web_control/share/web_control/web/stream/webrtc/.venv/lib/python3.12/site-packages/aioice
[1.045s] creating /home/matthieu/ros2_ws/install/web_control/share/web_control/web/stream/webrtc/.venv/lib/python3.12/site-packages/aioice/__pycache__
[1.045s] copying web/stream/webrtc/.venv/lib/python3.12/site-packages/aioice/__pycache__/turn.cpython-312.pyc -> /home/matthieu/ros2_ws/install/web_control/share/web_control/web/stream/webrtc/.venv/lib/python3.12/site-packages/aioice/__pycache__
[1.045s] copying web/stream/webrtc/.venv/lib/python3.12/site-packages/aioice/__pycache__/stun.cpython-312.pyc -> /home/matthieu/ros2_ws/install/web_control/share/web_control/web/stream/webrtc/.venv/lib/python3.12/site-packages/aioice/__pycache__
[1.045s] copying web/stream/webrtc/.venv/lib/python3.12/site-packages/aioice/__pycache__/candidate.cpython-312.pyc -> /home/matthieu/ros2_ws/install/web_control/share/web_control/web/stream/webrtc/.venv/lib/python3.12/site-packages/aioice/__pycache__
[1.046s] copying web/stream/webrtc/.venv/lib/python3.12/site-packages/aioice/__pycache__/ice.cpython-312.pyc -> /home/matthieu/ros2_ws/install/web_control/share/web_control/web/stream/webrtc/.venv/lib/python3.12/site-packages/aioice/__pycache__
[1.046s] copying web/stream/webrtc/.venv/lib/python3.12/site-packages/aioice/__pycache__/__init__.cpython-312.pyc -> /home/matthieu/ros2_ws/install/web_control/share/web_control/web/stream/webrtc/.venv/lib/python3.12/site-packages/aioice/__pycache__
[1.046s] copying web/stream/webrtc/.venv/lib/python3.12/site-packages/aioice/__pycache__/mdns.cpython-312.pyc -> /home/matthieu/ros2_ws/install/web_control/share/web_control/web/stream/webrtc/.venv/lib/python3.12/site-packages/aioice/__pycache__
[1.046s] copying web/stream/webrtc/.venv/lib/python3.12/site-packages/aioice/__pycache__/utils.cpython-312.pyc -> /home/matthieu/ros2_ws/install/web_control/share/web_control/web/stream/webrtc/.venv/lib/python3.12/site-packages/aioice/__pycache__
[1.046s] creating /home/matthieu/ros2_ws/install/web_control/share/web_control/web/stream/webrtc/.venv/lib/python3.12/site-packages/av
[1.046s] copying web/stream/webrtc/.venv/lib/python3.12/site-packages/av/frame.cpython-312-x86_64-linux-gnu.so -> /home/matthieu/ros2_ws/install/web_control/share/web_control/web/stream/webrtc/.venv/lib/python3.12/site-packages/av
[1.046s] copying web/stream/webrtc/.venv/lib/python3.12/site-packages/av/buffer.cpython-312-x86_64-linux-gnu.so -> /home/matthieu/ros2_ws/install/web_control/share/web_control/web/stream/webrtc/.venv/lib/python3.12/site-packages/av
[1.046s] copying web/stream/webrtc/.venv/lib/python3.12/site-packages/av/packet.cpython-312-x86_64-linux-gnu.so -> /home/matthieu/ros2_ws/install/web_control/share/web_control/web/stream/webrtc/.venv/lib/python3.12/site-packages/av
[1.046s] copying web/stream/webrtc/.venv/lib/python3.12/site-packages/av/frame.pxd -> /home/matthieu/ros2_ws/install/web_control/share/web_control/web/stream/webrtc/.venv/lib/python3.12/site-packages/av
[1.046s] copying web/stream/webrtc/.venv/lib/python3.12/site-packages/av/format.pxd -> /home/matthieu/ros2_ws/install/web_control/share/web_control/web/stream/webrtc/.venv/lib/python3.12/site-packages/av
[1.047s] copying web/stream/webrtc/.venv/lib/python3.12/site-packages/av/utils.pxd -> /home/matthieu/ros2_ws/install/web_control/share/web_control/web/stream/webrtc/.venv/lib/python3.12/site-packages/av
[1.047s] copying web/stream/webrtc/.venv/lib/python3.12/site-packages/av/option.pxd -> /home/matthieu/ros2_ws/install/web_control/share/web_control/web/stream/webrtc/.venv/lib/python3.12/site-packages/av
[1.047s] copying web/stream/webrtc/.venv/lib/python3.12/site-packages/av/utils.cpython-312-x86_64-linux-gnu.so -> /home/matthieu/ros2_ws/install/web_control/share/web_control/web/stream/webrtc/.venv/lib/python3.12/site-packages/av
[1.047s] copying web/stream/webrtc/.venv/lib/python3.12/site-packages/av/_core.cpython-312-x86_64-linux-gnu.so -> /home/matthieu/ros2_ws/install/web_control/share/web_control/web/stream/webrtc/.venv/lib/python3.12/site-packages/av
[1.047s] copying web/stream/webrtc/.venv/lib/python3.12/site-packages/av/stream.cpython-312-x86_64-linux-gnu.so -> /home/matthieu/ros2_ws/install/web_control/share/web_control/web/stream/webrtc/.venv/lib/python3.12/site-packages/av
[1.047s] copying web/stream/webrtc/.venv/lib/python3.12/site-packages/av/logging.pxd -> /home/matthieu/ros2_ws/install/web_control/share/web_control/web/stream/webrtc/.venv/lib/python3.12/site-packages/av
[1.047s] copying web/stream/webrtc/.venv/lib/python3.12/site-packages/av/descriptor.pxd -> /home/matthieu/ros2_ws/install/web_control/share/web_control/web/stream/webrtc/.venv/lib/python3.12/site-packages/av
[1.047s] copying web/stream/webrtc/.venv/lib/python3.12/site-packages/av/descriptor.cpython-312-x86_64-linux-gnu.so -> /home/matthieu/ros2_ws/install/web_control/share/web_control/web/stream/webrtc/.venv/lib/python3.12/site-packages/av
[1.047s] copying web/stream/webrtc/.venv/lib/python3.12/site-packages/av/plane.pxd -> /home/matthieu/ros2_ws/install/web_control/share/web_control/web/stream/webrtc/.venv/lib/python3.12/site-packages/av
[1.048s] copying web/stream/webrtc/.venv/lib/python3.12/site-packages/av/dictionary.pxd -> /home/matthieu/ros2_ws/install/web_control/share/web_control/web/stream/webrtc/.venv/lib/python3.12/site-packages/av
[1.048s] copying web/stream/webrtc/.venv/lib/python3.12/site-packages/av/option.cpython-312-x86_64-linux-gnu.so -> /home/matthieu/ros2_ws/install/web_control/share/web_control/web/stream/webrtc/.venv/lib/python3.12/site-packages/av
[1.048s] copying web/stream/webrtc/.venv/lib/python3.12/site-packages/av/packet.pxd -> /home/matthieu/ros2_ws/install/web_control/share/web_control/web/stream/webrtc/.venv/lib/python3.12/site-packages/av
[1.048s] copying web/stream/webrtc/.venv/lib/python3.12/site-packages/av/bytesource.pxd -> /home/matthieu/ros2_ws/install/web_control/share/web_control/web/stream/webrtc/.venv/lib/python3.12/site-packages/av
[1.048s] copying web/stream/webrtc/.venv/lib/python3.12/site-packages/av/bytesource.cpython-312-x86_64-linux-gnu.so -> /home/matthieu/ros2_ws/install/web_control/share/web_control/web/stream/webrtc/.venv/lib/python3.12/site-packages/av
[1.048s] copying web/stream/webrtc/.venv/lib/python3.12/site-packages/av/__main__.py -> /home/matthieu/ros2_ws/install/web_control/share/web_control/web/stream/webrtc/.venv/lib/python3.12/site-packages/av
[1.048s] copying web/stream/webrtc/.venv/lib/python3.12/site-packages/av/dictionary.cpython-312-x86_64-linux-gnu.so -> /home/matthieu/ros2_ws/install/web_control/share/web_control/web/stream/webrtc/.venv/lib/python3.12/site-packages/av
[1.049s] copying web/stream/webrtc/.venv/lib/python3.12/site-packages/av/buffer.pxd -> /home/matthieu/ros2_ws/install/web_control/share/web_control/web/stream/webrtc/.venv/lib/python3.12/site-packages/av
[1.049s] copying web/stream/webrtc/.venv/lib/python3.12/site-packages/av/datasets.py -> /home/matthieu/ros2_ws/install/web_control/share/web_control/web/stream/webrtc/.venv/lib/python3.12/site-packages/av
[1.049s] copying web/stream/webrtc/.venv/lib/python3.12/site-packages/av/__init__.pxd -> /home/matthieu/ros2_ws/install/web_control/share/web_control/web/stream/webrtc/.venv/lib/python3.12/site-packages/av
[1.049s] copying web/stream/webrtc/.venv/lib/python3.12/site-packages/av/error.pxd -> /home/matthieu/ros2_ws/install/web_control/share/web_control/web/stream/webrtc/.venv/lib/python3.12/site-packages/av
[1.049s] copying web/stream/webrtc/.venv/lib/python3.12/site-packages/av/plane.cpython-312-x86_64-linux-gnu.so -> /home/matthieu/ros2_ws/install/web_control/share/web_control/web/stream/webrtc/.venv/lib/python3.12/site-packages/av
[1.049s] copying web/stream/webrtc/.venv/lib/python3.12/site-packages/av/about.py -> /home/matthieu/ros2_ws/install/web_control/share/web_control/web/stream/webrtc/.venv/lib/python3.12/site-packages/av
[1.049s] copying web/stream/webrtc/.venv/lib/python3.12/site-packages/av/enum.pxd -> /home/matthieu/ros2_ws/install/web_control/share/web_control/web/stream/webrtc/.venv/lib/python3.12/site-packages/av
[1.049s] copying web/stream/webrtc/.venv/lib/python3.12/site-packages/av/deprecation.py -> /home/matthieu/ros2_ws/install/web_control/share/web_control/web/stream/webrtc/.venv/lib/python3.12/site-packages/av
[1.049s] copying web/stream/webrtc/.venv/lib/python3.12/site-packages/av/enum.cpython-312-x86_64-linux-gnu.so -> /home/matthieu/ros2_ws/install/web_control/share/web_control/web/stream/webrtc/.venv/lib/python3.12/site-packages/av
[1.050s] copying web/stream/webrtc/.venv/lib/python3.12/site-packages/av/logging.cpython-312-x86_64-linux-gnu.so -> /home/matthieu/ros2_ws/install/web_control/share/web_control/web/stream/webrtc/.venv/lib/python3.12/site-packages/av
[1.050s] copying web/stream/webrtc/.venv/lib/python3.12/site-packages/av/error.cpython-312-x86_64-linux-gnu.so -> /home/matthieu/ros2_ws/install/web_control/share/web_control/web/stream/webrtc/.venv/lib/python3.12/site-packages/av
[1.050s] copying web/stream/webrtc/.venv/lib/python3.12/site-packages/av/stream.pxd -> /home/matthieu/ros2_ws/install/web_control/share/web_control/web/stream/webrtc/.venv/lib/python3.12/site-packages/av
[1.050s] copying web/stream/webrtc/.venv/lib/python3.12/site-packages/av/format.cpython-312-x86_64-linux-gnu.so -> /home/matthieu/ros2_ws/install/web_control/share/web_control/web/stream/webrtc/.venv/lib/python3.12/site-packages/av
[1.051s] copying web/stream/webrtc/.venv/lib/python3.12/site-packages/av/__init__.py -> /home/matthieu/ros2_ws/install/web_control/share/web_control/web/stream/webrtc/.venv/lib/python3.12/site-packages/av
[1.051s] creating /home/matthieu/ros2_ws/install/web_control/share/web_control/web/stream/webrtc/.venv/lib/python3.12/site-packages/av/sidedata
[1.051s] copying web/stream/webrtc/.venv/lib/python3.12/site-packages/av/sidedata/motionvectors.pxd -> /home/matthieu/ros2_ws/install/web_control/share/web_control/web/stream/webrtc/.venv/lib/python3.12/site-packages/av/sidedata
[1.051s] copying web/stream/webrtc/.venv/lib/python3.12/site-packages/av/sidedata/motionvectors.cpython-312-x86_64-linux-gnu.so -> /home/matthieu/ros2_ws/install/web_control/share/web_control/web/stream/webrtc/.venv/lib/python3.12/site-packages/av/sidedata
[1.051s] copying web/stream/webrtc/.venv/lib/python3.12/site-packages/av/sidedata/sidedata.cpython-312-x86_64-linux-gnu.so -> /home/matthieu/ros2_ws/install/web_control/share/web_control/web/stream/webrtc/.venv/lib/python3.12/site-packages/av/sidedata
[1.051s] copying web/stream/webrtc/.venv/lib/python3.12/site-packages/av/sidedata/__init__.pxd -> /home/matthieu/ros2_ws/install/web_control/share/web_control/web/stream/webrtc/.venv/lib/python3.12/site-packages/av/sidedata
[1.051s] copying web/stream/webrtc/.venv/lib/python3.12/site-packages/av/sidedata/sidedata.pxd -> /home/matthieu/ros2_ws/install/web_control/share/web_control/web/stream/webrtc/.venv/lib/python3.12/site-packages/av/sidedata
[1.052s] copying web/stream/webrtc/.venv/lib/python3.12/site-packages/av/sidedata/__init__.py -> /home/matthieu/ros2_ws/install/web_control/share/web_control/web/stream/webrtc/.venv/lib/python3.12/site-packages/av/sidedata
[1.052s] creating /home/matthieu/ros2_ws/install/web_control/share/web_control/web/stream/webrtc/.venv/lib/python3.12/site-packages/av/sidedata/__pycache__
[1.052s] copying web/stream/webrtc/.venv/lib/python3.12/site-packages/av/sidedata/__pycache__/__init__.cpython-312.pyc -> /home/matthieu/ros2_ws/install/web_control/share/web_control/web/stream/webrtc/.venv/lib/python3.12/site-packages/av/sidedata/__pycache__
[1.052s] creating /home/matthieu/ros2_ws/install/web_control/share/web_control/web/stream/webrtc/.venv/lib/python3.12/site-packages/av/container
[1.052s] copying web/stream/webrtc/.venv/lib/python3.12/site-packages/av/container/input.cpython-312-x86_64-linux-gnu.so -> /home/matthieu/ros2_ws/install/web_control/share/web_control/web/stream/webrtc/.venv/lib/python3.12/site-packages/av/container
[1.052s] copying web/stream/webrtc/.venv/lib/python3.12/site-packages/av/container/pyio.cpython-312-x86_64-linux-gnu.so -> /home/matthieu/ros2_ws/install/web_control/share/web_control/web/stream/webrtc/.venv/lib/python3.12/site-packages/av/container
[1.052s] copying web/stream/webrtc/.venv/lib/python3.12/site-packages/av/container/streams.pxd -> /home/matthieu/ros2_ws/install/web_control/share/web_control/web/stream/webrtc/.venv/lib/python3.12/site-packages/av/container
[1.052s] copying web/stream/webrtc/.venv/lib/python3.12/site-packages/av/container/core.cpython-312-x86_64-linux-gnu.so -> /home/matthieu/ros2_ws/install/web_control/share/web_control/web/stream/webrtc/.venv/lib/python3.12/site-packages/av/container
[1.053s] copying web/stream/webrtc/.venv/lib/python3.12/site-packages/av/container/__init__.pxd -> /home/matthieu/ros2_ws/install/web_control/share/web_control/web/stream/webrtc/.venv/lib/python3.12/site-packages/av/container
[1.053s] copying web/stream/webrtc/.venv/lib/python3.12/site-packages/av/container/streams.cpython-312-x86_64-linux-gnu.so -> /home/matthieu/ros2_ws/install/web_control/share/web_control/web/stream/webrtc/.venv/lib/python3.12/site-packages/av/container
[1.053s] copying web/stream/webrtc/.venv/lib/python3.12/site-packages/av/container/output.cpython-312-x86_64-linux-gnu.so -> /home/matthieu/ros2_ws/install/web_control/share/web_control/web/stream/webrtc/.venv/lib/python3.12/site-packages/av/container
[1.054s] copying web/stream/webrtc/.venv/lib/python3.12/site-packages/av/container/input.pxd -> /home/matthieu/ros2_ws/install/web_control/share/web_control/web/stream/webrtc/.venv/lib/python3.12/site-packages/av/container
[1.054s] copying web/stream/webrtc/.venv/lib/python3.12/site-packages/av/container/pyio.pxd -> /home/matthieu/ros2_ws/install/web_control/share/web_control/web/stream/webrtc/.venv/lib/python3.12/site-packages/av/container
[1.054s] copying web/stream/webrtc/.venv/lib/python3.12/site-packages/av/container/output.pxd -> /home/matthieu/ros2_ws/install/web_control/share/web_control/web/stream/webrtc/.venv/lib/python3.12/site-packages/av/container
[1.054s] copying web/stream/webrtc/.venv/lib/python3.12/site-packages/av/container/core.pxd -> /home/matthieu/ros2_ws/install/web_control/share/web_control/web/stream/webrtc/.venv/lib/python3.12/site-packages/av/container
[1.054s] copying web/stream/webrtc/.venv/lib/python3.12/site-packages/av/container/__init__.py -> /home/matthieu/ros2_ws/install/web_control/share/web_control/web/stream/webrtc/.venv/lib/python3.12/site-packages/av/container
[1.054s] creating /home/matthieu/ros2_ws/install/web_control/share/web_control/web/stream/webrtc/.venv/lib/python3.12/site-packages/av/container/__pycache__
[1.054s] copying web/stream/webrtc/.venv/lib/python3.12/site-packages/av/container/__pycache__/__init__.cpython-312.pyc -> /home/matthieu/ros2_ws/install/web_control/share/web_control/web/stream/webrtc/.venv/lib/python3.12/site-packages/av/container/__pycache__
[1.054s] creating /home/matthieu/ros2_ws/install/web_control/share/web_control/web/stream/webrtc/.venv/lib/python3.12/site-packages/av/video
[1.054s] copying web/stream/webrtc/.venv/lib/python3.12/site-packages/av/video/frame.cpython-312-x86_64-linux-gnu.so -> /home/matthieu/ros2_ws/install/web_control/share/web_control/web/stream/webrtc/.venv/lib/python3.12/site-packages/av/video
[1.055s] copying web/stream/webrtc/.venv/lib/python3.12/site-packages/av/video/frame.pxd -> /home/matthieu/ros2_ws/install/web_control/share/web_control/web/stream/webrtc/.venv/lib/python3.12/site-packages/av/video
[1.055s] copying web/stream/webrtc/.venv/lib/python3.12/site-packages/av/video/format.pxd -> /home/matthieu/ros2_ws/install/web_control/share/web_control/web/stream/webrtc/.venv/lib/python3.12/site-packages/av/video
[1.055s] copying web/stream/webrtc/.venv/lib/python3.12/site-packages/av/video/reformatter.cpython-312-x86_64-linux-gnu.so -> /home/matthieu/ros2_ws/install/web_control/share/web_control/web/stream/webrtc/.venv/lib/python3.12/site-packages/av/video
[1.055s] copying web/stream/webrtc/.venv/lib/python3.12/site-packages/av/video/stream.cpython-312-x86_64-linux-gnu.so -> /home/matthieu/ros2_ws/install/web_control/share/web_control/web/stream/webrtc/.venv/lib/python3.12/site-packages/av/video
[1.055s] copying web/stream/webrtc/.venv/lib/python3.12/site-packages/av/video/plane.pxd -> /home/matthieu/ros2_ws/install/web_control/share/web_control/web/stream/webrtc/.venv/lib/python3.12/site-packages/av/video
[1.056s] copying web/stream/webrtc/.venv/lib/python3.12/site-packages/av/video/reformatter.pxd -> /home/matthieu/ros2_ws/install/web_control/share/web_control/web/stream/webrtc/.venv/lib/python3.12/site-packages/av/video
[1.056s] copying web/stream/webrtc/.venv/lib/python3.12/site-packages/av/video/__init__.pxd -> /home/matthieu/ros2_ws/install/web_control/share/web_control/web/stream/webrtc/.venv/lib/python3.12/site-packages/av/video
[1.056s] copying web/stream/webrtc/.venv/lib/python3.12/site-packages/av/video/plane.cpython-312-x86_64-linux-gnu.so -> /home/matthieu/ros2_ws/install/web_control/share/web_control/web/stream/webrtc/.venv/lib/python3.12/site-packages/av/video
[1.056s] copying web/stream/webrtc/.venv/lib/python3.12/site-packages/av/video/codeccontext.cpython-312-x86_64-linux-gnu.so -> /home/matthieu/ros2_ws/install/web_control/share/web_control/web/stream/webrtc/.venv/lib/python3.12/site-packages/av/video
[1.056s] copying web/stream/webrtc/.venv/lib/python3.12/site-packages/av/video/stream.pxd -> /home/matthieu/ros2_ws/install/web_control/share/web_control/web/stream/webrtc/.venv/lib/python3.12/site-packages/av/video
[1.056s] copying web/stream/webrtc/.venv/lib/python3.12/site-packages/av/video/codeccontext.pxd -> /home/matthieu/ros2_ws/install/web_control/share/web_control/web/stream/webrtc/.venv/lib/python3.12/site-packages/av/video
[1.056s] copying web/stream/webrtc/.venv/lib/python3.12/site-packages/av/video/format.cpython-312-x86_64-linux-gnu.so -> /home/matthieu/ros2_ws/install/web_control/share/web_control/web/stream/webrtc/.venv/lib/python3.12/site-packages/av/video
[1.057s] copying web/stream/webrtc/.venv/lib/python3.12/site-packages/av/video/__init__.py -> /home/matthieu/ros2_ws/install/web_control/share/web_control/web/stream/webrtc/.venv/lib/python3.12/site-packages/av/video
[1.057s] creating /home/matthieu/ros2_ws/install/web_control/share/web_control/web/stream/webrtc/.venv/lib/python3.12/site-packages/av/video/__pycache__
[1.057s] copying web/stream/webrtc/.venv/lib/python3.12/site-packages/av/video/__pycache__/__init__.cpython-312.pyc -> /home/matthieu/ros2_ws/install/web_control/share/web_control/web/stream/webrtc/.venv/lib/python3.12/site-packages/av/video/__pycache__
[1.057s] creating /home/matthieu/ros2_ws/install/web_control/share/web_control/web/stream/webrtc/.venv/lib/python3.12/site-packages/av/codec
[1.057s] copying web/stream/webrtc/.venv/lib/python3.12/site-packages/av/codec/codec.cpython-312-x86_64-linux-gnu.so -> /home/matthieu/ros2_ws/install/web_control/share/web_control/web/stream/webrtc/.venv/lib/python3.12/site-packages/av/codec
[1.057s] copying web/stream/webrtc/.venv/lib/python3.12/site-packages/av/codec/context.cpython-312-x86_64-linux-gnu.so -> /home/matthieu/ros2_ws/install/web_control/share/web_control/web/stream/webrtc/.venv/lib/python3.12/site-packages/av/codec
[1.058s] copying web/stream/webrtc/.venv/lib/python3.12/site-packages/av/codec/codec.pxd -> /home/matthieu/ros2_ws/install/web_control/share/web_control/web/stream/webrtc/.venv/lib/python3.12/site-packages/av/codec
[1.058s] copying web/stream/webrtc/.venv/lib/python3.12/site-packages/av/codec/__init__.pxd -> /home/matthieu/ros2_ws/install/web_control/share/web_control/web/stream/webrtc/.venv/lib/python3.12/site-packages/av/codec
[1.058s] copying web/stream/webrtc/.venv/lib/python3.12/site-packages/av/codec/context.pxd -> /home/matthieu/ros2_ws/install/web_control/share/web_control/web/stream/webrtc/.venv/lib/python3.12/site-packages/av/codec
[1.058s] copying web/stream/webrtc/.venv/lib/python3.12/site-packages/av/codec/__init__.py -> /home/matthieu/ros2_ws/install/web_control/share/web_control/web/stream/webrtc/.venv/lib/python3.12/site-packages/av/codec
[1.058s] creating /home/matthieu/ros2_ws/install/web_control/share/web_control/web/stream/webrtc/.venv/lib/python3.12/site-packages/av/codec/__pycache__
[1.058s] copying web/stream/webrtc/.venv/lib/python3.12/site-packages/av/codec/__pycache__/__init__.cpython-312.pyc -> /home/matthieu/ros2_ws/install/web_control/share/web_control/web/stream/webrtc/.venv/lib/python3.12/site-packages/av/codec/__pycache__
[1.058s] creating /home/matthieu/ros2_ws/install/web_control/share/web_control/web/stream/webrtc/.venv/lib/python3.12/site-packages/av/__pycache__
[1.058s] copying web/stream/webrtc/.venv/lib/python3.12/site-packages/av/__pycache__/deprecation.cpython-312.pyc -> /home/matthieu/ros2_ws/install/web_control/share/web_control/web/stream/webrtc/.venv/lib/python3.12/site-packages/av/__pycache__
[1.058s] copying web/stream/webrtc/.venv/lib/python3.12/site-packages/av/__pycache__/about.cpython-312.pyc -> /home/matthieu/ros2_ws/install/web_control/share/web_control/web/stream/webrtc/.venv/lib/python3.12/site-packages/av/__pycache__
[1.058s] copying web/stream/webrtc/.venv/lib/python3.12/site-packages/av/__pycache__/__main__.cpython-312.pyc -> /home/matthieu/ros2_ws/install/web_control/share/web_control/web/stream/webrtc/.venv/lib/python3.12/site-packages/av/__pycache__
[1.058s] copying web/stream/webrtc/.venv/lib/python3.12/site-packages/av/__pycache__/__init__.cpython-312.pyc -> /home/matthieu/ros2_ws/install/web_control/share/web_control/web/stream/webrtc/.venv/lib/python3.12/site-packages/av/__pycache__
[1.058s] copying web/stream/webrtc/.venv/lib/python3.12/site-packages/av/__pycache__/datasets.cpython-312.pyc -> /home/matthieu/ros2_ws/install/web_control/share/web_control/web/stream/webrtc/.venv/lib/python3.12/site-packages/av/__pycache__
[1.058s] creating /home/matthieu/ros2_ws/install/web_control/share/web_control/web/stream/webrtc/.venv/lib/python3.12/site-packages/av/subtitles
[1.058s] copying web/stream/webrtc/.venv/lib/python3.12/site-packages/av/subtitles/subtitle.pxd -> /home/matthieu/ros2_ws/install/web_control/share/web_control/web/stream/webrtc/.venv/lib/python3.12/site-packages/av/subtitles
[1.058s] copying web/stream/webrtc/.venv/lib/python3.12/site-packages/av/subtitles/stream.cpython-312-x86_64-linux-gnu.so -> /home/matthieu/ros2_ws/install/web_control/share/web_control/web/stream/webrtc/.venv/lib/python3.12/site-packages/av/subtitles
[1.059s] copying web/stream/webrtc/.venv/lib/python3.12/site-packages/av/subtitles/__init__.pxd -> /home/matthieu/ros2_ws/install/web_control/share/web_control/web/stream/webrtc/.venv/lib/python3.12/site-packages/av/subtitles
[1.059s] copying web/stream/webrtc/.venv/lib/python3.12/site-packages/av/subtitles/subtitle.cpython-312-x86_64-linux-gnu.so -> /home/matthieu/ros2_ws/install/web_control/share/web_control/web/stream/webrtc/.venv/lib/python3.12/site-packages/av/subtitles
[1.059s] copying web/stream/webrtc/.venv/lib/python3.12/site-packages/av/subtitles/codeccontext.cpython-312-x86_64-linux-gnu.so -> /home/matthieu/ros2_ws/install/web_control/share/web_control/web/stream/webrtc/.venv/lib/python3.12/site-packages/av/subtitles
[1.059s] copying web/stream/webrtc/.venv/lib/python3.12/site-packages/av/subtitles/stream.pxd -> /home/matthieu/ros2_ws/install/web_control/share/web_control/web/stream/webrtc/.venv/lib/python3.12/site-packages/av/subtitles
[1.059s] copying web/stream/webrtc/.venv/lib/python3.12/site-packages/av/subtitles/codeccontext.pxd -> /home/matthieu/ros2_ws/install/web_control/share/web_control/web/stream/webrtc/.venv/lib/python3.12/site-packages/av/subtitles
[1.059s] copying web/stream/webrtc/.venv/lib/python3.12/site-packages/av/subtitles/__init__.py -> /home/matthieu/ros2_ws/install/web_control/share/web_control/web/stream/webrtc/.venv/lib/python3.12/site-packages/av/subtitles
[1.059s] creating /home/matthieu/ros2_ws/install/web_control/share/web_control/web/stream/webrtc/.venv/lib/python3.12/site-packages/av/subtitles/__pycache__
[1.059s] copying web/stream/webrtc/.venv/lib/python3.12/site-packages/av/subtitles/__pycache__/__init__.cpython-312.pyc -> /home/matthieu/ros2_ws/install/web_control/share/web_control/web/stream/webrtc/.venv/lib/python3.12/site-packages/av/subtitles/__pycache__
[1.060s] creating /home/matthieu/ros2_ws/install/web_control/share/web_control/web/stream/webrtc/.venv/lib/python3.12/site-packages/av/filter
[1.060s] copying web/stream/webrtc/.venv/lib/python3.12/site-packages/av/filter/context.cpython-312-x86_64-linux-gnu.so -> /home/matthieu/ros2_ws/install/web_control/share/web_control/web/stream/webrtc/.venv/lib/python3.12/site-packages/av/filter
[1.060s] copying web/stream/webrtc/.venv/lib/python3.12/site-packages/av/filter/pad.cpython-312-x86_64-linux-gnu.so -> /home/matthieu/ros2_ws/install/web_control/share/web_control/web/stream/webrtc/.venv/lib/python3.12/site-packages/av/filter
[1.060s] copying web/stream/webrtc/.venv/lib/python3.12/site-packages/av/filter/graph.pxd -> /home/matthieu/ros2_ws/install/web_control/share/web_control/web/stream/webrtc/.venv/lib/python3.12/site-packages/av/filter
[1.060s] copying web/stream/webrtc/.venv/lib/python3.12/site-packages/av/filter/link.pxd -> /home/matthieu/ros2_ws/install/web_control/share/web_control/web/stream/webrtc/.venv/lib/python3.12/site-packages/av/filter
[1.060s] copying web/stream/webrtc/.venv/lib/python3.12/site-packages/av/filter/__init__.pxd -> /home/matthieu/ros2_ws/install/web_control/share/web_control/web/stream/webrtc/.venv/lib/python3.12/site-packages/av/filter
[1.060s] copying web/stream/webrtc/.venv/lib/python3.12/site-packages/av/filter/pad.pxd -> /home/matthieu/ros2_ws/install/web_control/share/web_control/web/stream/webrtc/.venv/lib/python3.12/site-packages/av/filter
[1.060s] copying web/stream/webrtc/.venv/lib/python3.12/site-packages/av/filter/graph.cpython-312-x86_64-linux-gnu.so -> /home/matthieu/ros2_ws/install/web_control/share/web_control/web/stream/webrtc/.venv/lib/python3.12/site-packages/av/filter
[1.061s] copying web/stream/webrtc/.venv/lib/python3.12/site-packages/av/filter/link.cpython-312-x86_64-linux-gnu.so -> /home/matthieu/ros2_ws/install/web_control/share/web_control/web/stream/webrtc/.venv/lib/python3.12/site-packages/av/filter
[1.061s] copying web/stream/webrtc/.venv/lib/python3.12/site-packages/av/filter/context.pxd -> /home/matthieu/ros2_ws/install/web_control/share/web_control/web/stream/webrtc/.venv/lib/python3.12/site-packages/av/filter
[1.061s] copying web/stream/webrtc/.venv/lib/python3.12/site-packages/av/filter/filter.cpython-312-x86_64-linux-gnu.so -> /home/matthieu/ros2_ws/install/web_control/share/web_control/web/stream/webrtc/.venv/lib/python3.12/site-packages/av/filter
[1.062s] copying web/stream/webrtc/.venv/lib/python3.12/site-packages/av/filter/filter.pxd -> /home/matthieu/ros2_ws/install/web_control/share/web_control/web/stream/webrtc/.venv/lib/python3.12/site-packages/av/filter
[1.062s] copying web/stream/webrtc/.venv/lib/python3.12/site-packages/av/filter/__init__.py -> /home/matthieu/ros2_ws/install/web_control/share/web_control/web/stream/webrtc/.venv/lib/python3.12/site-packages/av/filter
[1.062s] creating /home/matthieu/ros2_ws/install/web_control/share/web_control/web/stream/webrtc/.venv/lib/python3.12/site-packages/av/filter/__pycache__
[1.062s] copying web/stream/webrtc/.venv/lib/python3.12/site-packages/av/filter/__pycache__/__init__.cpython-312.pyc -> /home/matthieu/ros2_ws/install/web_control/share/web_control/web/stream/webrtc/.venv/lib/python3.12/site-packages/av/filter/__pycache__
[1.062s] creating /home/matthieu/ros2_ws/install/web_control/share/web_control/web/stream/webrtc/.venv/lib/python3.12/site-packages/av/data
[1.062s] copying web/stream/webrtc/.venv/lib/python3.12/site-packages/av/data/stream.cpython-312-x86_64-linux-gnu.so -> /home/matthieu/ros2_ws/install/web_control/share/web_control/web/stream/webrtc/.venv/lib/python3.12/site-packages/av/data
[1.063s] copying web/stream/webrtc/.venv/lib/python3.12/site-packages/av/data/__init__.pxd -> /home/matthieu/ros2_ws/install/web_control/share/web_control/web/stream/webrtc/.venv/lib/python3.12/site-packages/av/data
[1.063s] copying web/stream/webrtc/.venv/lib/python3.12/site-packages/av/data/stream.pxd -> /home/matthieu/ros2_ws/install/web_control/share/web_control/web/stream/webrtc/.venv/lib/python3.12/site-packages/av/data
[1.063s] copying web/stream/webrtc/.venv/lib/python3.12/site-packages/av/data/__init__.py -> /home/matthieu/ros2_ws/install/web_control/share/web_control/web/stream/webrtc/.venv/lib/python3.12/site-packages/av/data
[1.063s] creating /home/matthieu/ros2_ws/install/web_control/share/web_control/web/stream/webrtc/.venv/lib/python3.12/site-packages/av/data/__pycache__
[1.063s] copying web/stream/webrtc/.venv/lib/python3.12/site-packages/av/data/__pycache__/__init__.cpython-312.pyc -> /home/matthieu/ros2_ws/install/web_control/share/web_control/web/stream/webrtc/.venv/lib/python3.12/site-packages/av/data/__pycache__
[1.063s] creating /home/matthieu/ros2_ws/install/web_control/share/web_control/web/stream/webrtc/.venv/lib/python3.12/site-packages/av/audio
[1.063s] copying web/stream/webrtc/.venv/lib/python3.12/site-packages/av/audio/frame.cpython-312-x86_64-linux-gnu.so -> /home/matthieu/ros2_ws/install/web_control/share/web_control/web/stream/webrtc/.venv/lib/python3.12/site-packages/av/audio
[1.064s] copying web/stream/webrtc/.venv/lib/python3.12/site-packages/av/audio/frame.pxd -> /home/matthieu/ros2_ws/install/web_control/share/web_control/web/stream/webrtc/.venv/lib/python3.12/site-packages/av/audio
[1.064s] copying web/stream/webrtc/.venv/lib/python3.12/site-packages/av/audio/resampler.cpython-312-x86_64-linux-gnu.so -> /home/matthieu/ros2_ws/install/web_control/share/web_control/web/stream/webrtc/.venv/lib/python3.12/site-packages/av/audio
[1.064s] copying web/stream/webrtc/.venv/lib/python3.12/site-packages/av/audio/format.pxd -> /home/matthieu/ros2_ws/install/web_control/share/web_control/web/stream/webrtc/.venv/lib/python3.12/site-packages/av/audio
[1.064s] copying web/stream/webrtc/.venv/lib/python3.12/site-packages/av/audio/stream.cpython-312-x86_64-linux-gnu.so -> /home/matthieu/ros2_ws/install/web_control/share/web_control/web/stream/webrtc/.venv/lib/python3.12/site-packages/av/audio
[1.065s] copying web/stream/webrtc/.venv/lib/python3.12/site-packages/av/audio/fifo.cpython-312-x86_64-linux-gnu.so -> /home/matthieu/ros2_ws/install/web_control/share/web_control/web/stream/webrtc/.venv/lib/python3.12/site-packages/av/audio
[1.065s] copying web/stream/webrtc/.venv/lib/python3.12/site-packages/av/audio/layout.pxd -> /home/matthieu/ros2_ws/install/web_control/share/web_control/web/stream/webrtc/.venv/lib/python3.12/site-packages/av/audio
[1.065s] copying web/stream/webrtc/.venv/lib/python3.12/site-packages/av/audio/resampler.pxd -> /home/matthieu/ros2_ws/install/web_control/share/web_control/web/stream/webrtc/.venv/lib/python3.12/site-packages/av/audio
[1.065s] copying web/stream/webrtc/.venv/lib/python3.12/site-packages/av/audio/plane.pxd -> /home/matthieu/ros2_ws/install/web_control/share/web_control/web/stream/webrtc/.venv/lib/python3.12/site-packages/av/audio
[1.065s] copying web/stream/webrtc/.venv/lib/python3.12/site-packages/av/audio/__init__.pxd -> /home/matthieu/ros2_ws/install/web_control/share/web_control/web/stream/webrtc/.venv/lib/python3.12/site-packages/av/audio
[1.065s] copying web/stream/webrtc/.venv/lib/python3.12/site-packages/av/audio/plane.cpython-312-x86_64-linux-gnu.so -> /home/matthieu/ros2_ws/install/web_control/share/web_control/web/stream/webrtc/.venv/lib/python3.12/site-packages/av/audio
[1.065s] copying web/stream/webrtc/.venv/lib/python3.12/site-packages/av/audio/codeccontext.cpython-312-x86_64-linux-gnu.so -> /home/matthieu/ros2_ws/install/web_control/share/web_control/web/stream/webrtc/.venv/lib/python3.12/site-packages/av/audio
[1.066s] copying web/stream/webrtc/.venv/lib/python3.12/site-packages/av/audio/fifo.pxd -> /home/matthieu/ros2_ws/install/web_control/share/web_control/web/stream/webrtc/.venv/lib/python3.12/site-packages/av/audio
[1.066s] copying web/stream/webrtc/.venv/lib/python3.12/site-packages/av/audio/stream.pxd -> /home/matthieu/ros2_ws/install/web_control/share/web_control/web/stream/webrtc/.venv/lib/python3.12/site-packages/av/audio
[1.066s] copying web/stream/webrtc/.venv/lib/python3.12/site-packages/av/audio/layout.cpython-312-x86_64-linux-gnu.so -> /home/matthieu/ros2_ws/install/web_control/share/web_control/web/stream/webrtc/.venv/lib/python3.12/site-packages/av/audio
[1.066s] copying web/stream/webrtc/.venv/lib/python3.12/site-packages/av/audio/codeccontext.pxd -> /home/matthieu/ros2_ws/install/web_control/share/web_control/web/stream/webrtc/.venv/lib/python3.12/site-packages/av/audio
[1.066s] copying web/stream/webrtc/.venv/lib/python3.12/site-packages/av/audio/format.cpython-312-x86_64-linux-gnu.so -> /home/matthieu/ros2_ws/install/web_control/share/web_control/web/stream/webrtc/.venv/lib/python3.12/site-packages/av/audio
[1.066s] copying web/stream/webrtc/.venv/lib/python3.12/site-packages/av/audio/__init__.py -> /home/matthieu/ros2_ws/install/web_control/share/web_control/web/stream/webrtc/.venv/lib/python3.12/site-packages/av/audio
[1.066s] creating /home/matthieu/ros2_ws/install/web_control/share/web_control/web/stream/webrtc/.venv/lib/python3.12/site-packages/av/audio/__pycache__
[1.066s] copying web/stream/webrtc/.venv/lib/python3.12/site-packages/av/audio/__pycache__/__init__.cpython-312.pyc -> /home/matthieu/ros2_ws/install/web_control/share/web_control/web/stream/webrtc/.venv/lib/python3.12/site-packages/av/audio/__pycache__
[1.066s] creating /home/matthieu/ros2_ws/install/web_control/share/web_control/web/stream/webrtc/.venv/lib/python3.12/site-packages/attr
[1.066s] copying web/stream/webrtc/.venv/lib/python3.12/site-packages/attr/_cmp.pyi -> /home/matthieu/ros2_ws/install/web_control/share/web_control/web/stream/webrtc/.venv/lib/python3.12/site-packages/attr
[1.067s] copying web/stream/webrtc/.venv/lib/python3.12/site-packages/attr/validators.pyi -> /home/matthieu/ros2_ws/install/web_control/share/web_control/web/stream/webrtc/.venv/lib/python3.12/site-packages/attr
[1.067s] copying web/stream/webrtc/.venv/lib/python3.12/site-packages/attr/setters.py -> /home/matthieu/ros2_ws/install/web_control/share/web_control/web/stream/webrtc/.venv/lib/python3.12/site-packages/attr
[1.067s] copying web/stream/webrtc/.venv/lib/python3.12/site-packages/attr/filters.py -> /home/matthieu/ros2_ws/install/web_control/share/web_control/web/stream/webrtc/.venv/lib/python3.12/site-packages/attr
[1.067s] copying web/stream/webrtc/.venv/lib/python3.12/site-packages/attr/__init__.pyi -> /home/matthieu/ros2_ws/install/web_control/share/web_control/web/stream/webrtc/.venv/lib/python3.12/site-packages/attr
[1.067s] copying web/stream/webrtc/.venv/lib/python3.12/site-packages/attr/_config.py -> /home/matthieu/ros2_ws/install/web_control/share/web_control/web/stream/webrtc/.venv/lib/python3.12/site-packages/attr
[1.067s] copying web/stream/webrtc/.venv/lib/python3.12/site-packages/attr/_make.py -> /home/matthieu/ros2_ws/install/web_control/share/web_control/web/stream/webrtc/.venv/lib/python3.12/site-packages/attr
[1.067s] copying web/stream/webrtc/.venv/lib/python3.12/site-packages/attr/converters.pyi -> /home/matthieu/ros2_ws/install/web_control/share/web_control/web/stream/webrtc/.venv/lib/python3.12/site-packages/attr
[1.067s] copying web/stream/webrtc/.venv/lib/python3.12/site-packages/attr/_next_gen.py -> /home/matthieu/ros2_ws/install/web_control/share/web_control/web/stream/webrtc/.venv/lib/python3.12/site-packages/attr
[1.067s] copying web/stream/webrtc/.venv/lib/python3.12/site-packages/attr/_version_info.pyi -> /home/matthieu/ros2_ws/install/web_control/share/web_control/web/stream/webrtc/.venv/lib/python3.12/site-packages/attr
[1.067s] copying web/stream/webrtc/.venv/lib/python3.12/site-packages/attr/_cmp.py -> /home/matthieu/ros2_ws/install/web_control/share/web_control/web/stream/webrtc/.venv/lib/python3.12/site-packages/attr
[1.067s] copying web/stream/webrtc/.venv/lib/python3.12/site-packages/attr/_compat.py -> /home/matthieu/ros2_ws/install/web_control/share/web_control/web/stream/webrtc/.venv/lib/python3.12/site-packages/attr
[1.067s] copying web/stream/webrtc/.venv/lib/python3.12/site-packages/attr/filters.pyi -> /home/matthieu/ros2_ws/install/web_control/share/web_control/web/stream/webrtc/.venv/lib/python3.12/site-packages/attr
[1.067s] copying web/stream/webrtc/.venv/lib/python3.12/site-packages/attr/_funcs.py -> /home/matthieu/ros2_ws/install/web_control/share/web_control/web/stream/webrtc/.venv/lib/python3.12/site-packages/attr
[1.067s] copying web/stream/webrtc/.venv/lib/python3.12/site-packages/attr/py.typed -> /home/matthieu/ros2_ws/install/web_control/share/web_control/web/stream/webrtc/.venv/lib/python3.12/site-packages/attr
[1.067s] copying web/stream/webrtc/.venv/lib/python3.12/site-packages/attr/converters.py -> /home/matthieu/ros2_ws/install/web_control/share/web_control/web/stream/webrtc/.venv/lib/python3.12/site-packages/attr
[1.067s] copying web/stream/webrtc/.venv/lib/python3.12/site-packages/attr/_version_info.py -> /home/matthieu/ros2_ws/install/web_control/share/web_control/web/stream/webrtc/.venv/lib/python3.12/site-packages/attr
[1.068s] copying web/stream/webrtc/.venv/lib/python3.12/site-packages/attr/exceptions.pyi -> /home/matthieu/ros2_ws/install/web_control/share/web_control/web/stream/webrtc/.venv/lib/python3.12/site-packages/attr
[1.068s] copying web/stream/webrtc/.venv/lib/python3.12/site-packages/attr/validators.py -> /home/matthieu/ros2_ws/install/web_control/share/web_control/web/stream/webrtc/.venv/lib/python3.12/site-packages/attr
[1.068s] copying web/stream/webrtc/.venv/lib/python3.12/site-packages/attr/exceptions.py -> /home/matthieu/ros2_ws/install/web_control/share/web_control/web/stream/webrtc/.venv/lib/python3.12/site-packages/attr
[1.068s] copying web/stream/webrtc/.venv/lib/python3.12/site-packages/attr/_typing_compat.pyi -> /home/matthieu/ros2_ws/install/web_control/share/web_control/web/stream/webrtc/.venv/lib/python3.12/site-packages/attr
[1.068s] copying web/stream/webrtc/.venv/lib/python3.12/site-packages/attr/__init__.py -> /home/matthieu/ros2_ws/install/web_control/share/web_control/web/stream/webrtc/.venv/lib/python3.12/site-packages/attr
[1.068s] copying web/stream/webrtc/.venv/lib/python3.12/site-packages/attr/setters.pyi -> /home/matthieu/ros2_ws/install/web_control/share/web_control/web/stream/webrtc/.venv/lib/python3.12/site-packages/attr
[1.068s] creating /home/matthieu/ros2_ws/install/web_control/share/web_control/web/stream/webrtc/.venv/lib/python3.12/site-packages/attr/__pycache__
[1.068s] copying web/stream/webrtc/.venv/lib/python3.12/site-packages/attr/__pycache__/validators.cpython-312.pyc -> /home/matthieu/ros2_ws/install/web_control/share/web_control/web/stream/webrtc/.venv/lib/python3.12/site-packages/attr/__pycache__
[1.068s] copying web/stream/webrtc/.venv/lib/python3.12/site-packages/attr/__pycache__/_next_gen.cpython-312.pyc -> /home/matthieu/ros2_ws/install/web_control/share/web_control/web/stream/webrtc/.venv/lib/python3.12/site-packages/attr/__pycache__
[1.068s] copying web/stream/webrtc/.venv/lib/python3.12/site-packages/attr/__pycache__/_funcs.cpython-312.pyc -> /home/matthieu/ros2_ws/install/web_control/share/web_control/web/stream/webrtc/.venv/lib/python3.12/site-packages/attr/__pycache__
[1.068s] copying web/stream/webrtc/.venv/lib/python3.12/site-packages/attr/__pycache__/setters.cpython-312.pyc -> /home/matthieu/ros2_ws/install/web_control/share/web_control/web/stream/webrtc/.venv/lib/python3.12/site-packages/attr/__pycache__
[1.068s] copying web/stream/webrtc/.venv/lib/python3.12/site-packages/attr/__pycache__/filters.cpython-312.pyc -> /home/matthieu/ros2_ws/install/web_control/share/web_control/web/stream/webrtc/.venv/lib/python3.12/site-packages/attr/__pycache__
[1.068s] copying web/stream/webrtc/.venv/lib/python3.12/site-packages/attr/__pycache__/_compat.cpython-312.pyc -> /home/matthieu/ros2_ws/install/web_control/share/web_control/web/stream/webrtc/.venv/lib/python3.12/site-packages/attr/__pycache__
[1.068s] copying web/stream/webrtc/.venv/lib/python3.12/site-packages/attr/__pycache__/_cmp.cpython-312.pyc -> /home/matthieu/ros2_ws/install/web_control/share/web_control/web/stream/webrtc/.venv/lib/python3.12/site-packages/attr/__pycache__
[1.069s] copying web/stream/webrtc/.venv/lib/python3.12/site-packages/attr/__pycache__/_version_info.cpython-312.pyc -> /home/matthieu/ros2_ws/install/web_control/share/web_control/web/stream/webrtc/.venv/lib/python3.12/site-packages/attr/__pycache__
[1.069s] copying web/stream/webrtc/.venv/lib/python3.12/site-packages/attr/__pycache__/exceptions.cpython-312.pyc -> /home/matthieu/ros2_ws/install/web_control/share/web_control/web/stream/webrtc/.venv/lib/python3.12/site-packages/attr/__pycache__
[1.069s] copying web/stream/webrtc/.venv/lib/python3.12/site-packages/attr/__pycache__/_config.cpython-312.pyc -> /home/matthieu/ros2_ws/install/web_control/share/web_control/web/stream/webrtc/.venv/lib/python3.12/site-packages/attr/__pycache__
[1.069s] copying web/stream/webrtc/.venv/lib/python3.12/site-packages/attr/__pycache__/converters.cpython-312.pyc -> /home/matthieu/ros2_ws/install/web_control/share/web_control/web/stream/webrtc/.venv/lib/python3.12/site-packages/attr/__pycache__
[1.069s] copying web/stream/webrtc/.venv/lib/python3.12/site-packages/attr/__pycache__/_make.cpython-312.pyc -> /home/matthieu/ros2_ws/install/web_control/share/web_control/web/stream/webrtc/.venv/lib/python3.12/site-packages/attr/__pycache__
[1.069s] copying web/stream/webrtc/.venv/lib/python3.12/site-packages/attr/__pycache__/__init__.cpython-312.pyc -> /home/matthieu/ros2_ws/install/web_control/share/web_control/web/stream/webrtc/.venv/lib/python3.12/site-packages/attr/__pycache__
[1.069s] creating /home/matthieu/ros2_ws/install/web_control/share/web_control/web/stream/webrtc/.venv/lib/python3.12/site-packages/aiortc-1.6.0.dist-info
[1.069s] copying web/stream/webrtc/.venv/lib/python3.12/site-packages/aiortc-1.6.0.dist-info/LICENSE -> /home/matthieu/ros2_ws/install/web_control/share/web_control/web/stream/webrtc/.venv/lib/python3.12/site-packages/aiortc-1.6.0.dist-info
[1.069s] copying web/stream/webrtc/.venv/lib/python3.12/site-packages/aiortc-1.6.0.dist-info/WHEEL -> /home/matthieu/ros2_ws/install/web_control/share/web_control/web/stream/webrtc/.venv/lib/python3.12/site-packages/aiortc-1.6.0.dist-info
[1.069s] copying web/stream/webrtc/.venv/lib/python3.12/site-packages/aiortc-1.6.0.dist-info/RECORD -> /home/matthieu/ros2_ws/install/web_control/share/web_control/web/stream/webrtc/.venv/lib/python3.12/site-packages/aiortc-1.6.0.dist-info
[1.069s] copying web/stream/webrtc/.venv/lib/python3.12/site-packages/aiortc-1.6.0.dist-info/REQUESTED -> /home/matthieu/ros2_ws/install/web_control/share/web_control/web/stream/webrtc/.venv/lib/python3.12/site-packages/aiortc-1.6.0.dist-info
[1.069s] copying web/stream/webrtc/.venv/lib/python3.12/site-packages/aiortc-1.6.0.dist-info/INSTALLER -> /home/matthieu/ros2_ws/install/web_control/share/web_control/web/stream/webrtc/.venv/lib/python3.12/site-packages/aiortc-1.6.0.dist-info
[1.069s] copying web/stream/webrtc/.venv/lib/python3.12/site-packages/aiortc-1.6.0.dist-info/top_level.txt -> /home/matthieu/ros2_ws/install/web_control/share/web_control/web/stream/webrtc/.venv/lib/python3.12/site-packages/aiortc-1.6.0.dist-info
[1.069s] copying web/stream/webrtc/.venv/lib/python3.12/site-packages/aiortc-1.6.0.dist-info/METADATA -> /home/matthieu/ros2_ws/install/web_control/share/web_control/web/stream/webrtc/.venv/lib/python3.12/site-packages/aiortc-1.6.0.dist-info
[1.069s] creating /home/matthieu/ros2_ws/install/web_control/share/web_control/web/stream/webrtc/.venv/lib/python3.12/site-packages/attrs-25.4.0.dist-info
[1.069s] copying web/stream/webrtc/.venv/lib/python3.12/site-packages/attrs-25.4.0.dist-info/WHEEL -> /home/matthieu/ros2_ws/install/web_control/share/web_control/web/stream/webrtc/.venv/lib/python3.12/site-packages/attrs-25.4.0.dist-info
[1.069s] copying web/stream/webrtc/.venv/lib/python3.12/site-packages/attrs-25.4.0.dist-info/RECORD -> /home/matthieu/ros2_ws/install/web_control/share/web_control/web/stream/webrtc/.venv/lib/python3.12/site-packages/attrs-25.4.0.dist-info
[1.069s] copying web/stream/webrtc/.venv/lib/python3.12/site-packages/attrs-25.4.0.dist-info/INSTALLER -> /home/matthieu/ros2_ws/install/web_control/share/web_control/web/stream/webrtc/.venv/lib/python3.12/site-packages/attrs-25.4.0.dist-info
[1.070s] copying web/stream/webrtc/.venv/lib/python3.12/site-packages/attrs-25.4.0.dist-info/METADATA -> /home/matthieu/ros2_ws/install/web_control/share/web_control/web/stream/webrtc/.venv/lib/python3.12/site-packages/attrs-25.4.0.dist-info
[1.070s] creating /home/matthieu/ros2_ws/install/web_control/share/web_control/web/stream/webrtc/.venv/lib/python3.12/site-packages/attrs-25.4.0.dist-info/licenses
[1.070s] copying web/stream/webrtc/.venv/lib/python3.12/site-packages/attrs-25.4.0.dist-info/licenses/LICENSE -> /home/matthieu/ros2_ws/install/web_control/share/web_control/web/stream/webrtc/.venv/lib/python3.12/site-packages/attrs-25.4.0.dist-info/licenses
[1.070s] creating /home/matthieu/ros2_ws/install/web_control/share/web_control/web/stream/webrtc/.venv/lib/python3.12/site-packages/dnspython-2.8.0.dist-info
[1.070s] copying web/stream/webrtc/.venv/lib/python3.12/site-packages/dnspython-2.8.0.dist-info/WHEEL -> /home/matthieu/ros2_ws/install/web_control/share/web_control/web/stream/webrtc/.venv/lib/python3.12/site-packages/dnspython-2.8.0.dist-info
[1.070s] copying web/stream/webrtc/.venv/lib/python3.12/site-packages/dnspython-2.8.0.dist-info/RECORD -> /home/matthieu/ros2_ws/install/web_control/share/web_control/web/stream/webrtc/.venv/lib/python3.12/site-packages/dnspython-2.8.0.dist-info
[1.070s] copying web/stream/webrtc/.venv/lib/python3.12/site-packages/dnspython-2.8.0.dist-info/INSTALLER -> /home/matthieu/ros2_ws/install/web_control/share/web_control/web/stream/webrtc/.venv/lib/python3.12/site-packages/dnspython-2.8.0.dist-info
[1.070s] copying web/stream/webrtc/.venv/lib/python3.12/site-packages/dnspython-2.8.0.dist-info/METADATA -> /home/matthieu/ros2_ws/install/web_control/share/web_control/web/stream/webrtc/.venv/lib/python3.12/site-packages/dnspython-2.8.0.dist-info
[1.070s] creating /home/matthieu/ros2_ws/install/web_control/share/web_control/web/stream/webrtc/.venv/lib/python3.12/site-packages/dnspython-2.8.0.dist-info/licenses
[1.070s] copying web/stream/webrtc/.venv/lib/python3.12/site-packages/dnspython-2.8.0.dist-info/licenses/LICENSE -> /home/matthieu/ros2_ws/install/web_control/share/web_control/web/stream/webrtc/.venv/lib/python3.12/site-packages/dnspython-2.8.0.dist-info/licenses
[1.070s] creating /home/matthieu/ros2_ws/install/web_control/share/web_control/web/stream/webrtc/.venv/lib/python3.12/site-packages/idna-3.11.dist-info
[1.070s] copying web/stream/webrtc/.venv/lib/python3.12/site-packages/idna-3.11.dist-info/WHEEL -> /home/matthieu/ros2_ws/install/web_control/share/web_control/web/stream/webrtc/.venv/lib/python3.12/site-packages/idna-3.11.dist-info
[1.070s] copying web/stream/webrtc/.venv/lib/python3.12/site-packages/idna-3.11.dist-info/RECORD -> /home/matthieu/ros2_ws/install/web_control/share/web_control/web/stream/webrtc/.venv/lib/python3.12/site-packages/idna-3.11.dist-info
[1.070s] copying web/stream/webrtc/.venv/lib/python3.12/site-packages/idna-3.11.dist-info/INSTALLER -> /home/matthieu/ros2_ws/install/web_control/share/web_control/web/stream/webrtc/.venv/lib/python3.12/site-packages/idna-3.11.dist-info
[1.070s] copying web/stream/webrtc/.venv/lib/python3.12/site-packages/idna-3.11.dist-info/METADATA -> /home/matthieu/ros2_ws/install/web_control/share/web_control/web/stream/webrtc/.venv/lib/python3.12/site-packages/idna-3.11.dist-info
[1.070s] creating /home/matthieu/ros2_ws/install/web_control/share/web_control/web/stream/webrtc/.venv/lib/python3.12/site-packages/idna-3.11.dist-info/licenses
[1.070s] copying web/stream/webrtc/.venv/lib/python3.12/site-packages/idna-3.11.dist-info/licenses/LICENSE.md -> /home/matthieu/ros2_ws/install/web_control/share/web_control/web/stream/webrtc/.venv/lib/python3.12/site-packages/idna-3.11.dist-info/licenses
[1.070s] creating /home/matthieu/ros2_ws/install/web_control/share/web_control/web/stream/webrtc/.venv/lib/python3.12/site-packages/google_crc32c-1.8.0.dist-info
[1.071s] copying web/stream/webrtc/.venv/lib/python3.12/site-packages/google_crc32c-1.8.0.dist-info/WHEEL -> /home/matthieu/ros2_ws/install/web_control/share/web_control/web/stream/webrtc/.venv/lib/python3.12/site-packages/google_crc32c-1.8.0.dist-info
[1.071s] copying web/stream/webrtc/.venv/lib/python3.12/site-packages/google_crc32c-1.8.0.dist-info/RECORD -> /home/matthieu/ros2_ws/install/web_control/share/web_control/web/stream/webrtc/.venv/lib/python3.12/site-packages/google_crc32c-1.8.0.dist-info
[1.071s] copying web/stream/webrtc/.venv/lib/python3.12/site-packages/google_crc32c-1.8.0.dist-info/zip-safe -> /home/matthieu/ros2_ws/install/web_control/share/web_control/web/stream/webrtc/.venv/lib/python3.12/site-packages/google_crc32c-1.8.0.dist-info
[1.071s] copying web/stream/webrtc/.venv/lib/python3.12/site-packages/google_crc32c-1.8.0.dist-info/INSTALLER -> /home/matthieu/ros2_ws/install/web_control/share/web_control/web/stream/webrtc/.venv/lib/python3.12/site-packages/google_crc32c-1.8.0.dist-info
[1.071s] copying web/stream/webrtc/.venv/lib/python3.12/site-packages/google_crc32c-1.8.0.dist-info/top_level.txt -> /home/matthieu/ros2_ws/install/web_control/share/web_control/web/stream/webrtc/.venv/lib/python3.12/site-packages/google_crc32c-1.8.0.dist-info
[1.071s] copying web/stream/webrtc/.venv/lib/python3.12/site-packages/google_crc32c-1.8.0.dist-info/METADATA -> /home/matthieu/ros2_ws/install/web_control/share/web_control/web/stream/webrtc/.venv/lib/python3.12/site-packages/google_crc32c-1.8.0.dist-info
[1.071s] creating /home/matthieu/ros2_ws/install/web_control/share/web_control/web/stream/webrtc/.venv/lib/python3.12/site-packages/google_crc32c-1.8.0.dist-info/licenses
[1.071s] copying web/stream/webrtc/.venv/lib/python3.12/site-packages/google_crc32c-1.8.0.dist-info/licenses/LICENSE -> /home/matthieu/ros2_ws/install/web_control/share/web_control/web/stream/webrtc/.venv/lib/python3.12/site-packages/google_crc32c-1.8.0.dist-info/licenses
[1.071s] creating /home/matthieu/ros2_ws/install/web_control/share/web_control/web/stream/webrtc/.venv/lib/python3.12/site-packages/idna
[1.071s] copying web/stream/webrtc/.venv/lib/python3.12/site-packages/idna/idnadata.py -> /home/matthieu/ros2_ws/install/web_control/share/web_control/web/stream/webrtc/.venv/lib/python3.12/site-packages/idna
[1.071s] copying web/stream/webrtc/.venv/lib/python3.12/site-packages/idna/codec.py -> /home/matthieu/ros2_ws/install/web_control/share/web_control/web/stream/webrtc/.venv/lib/python3.12/site-packages/idna
[1.071s] copying web/stream/webrtc/.venv/lib/python3.12/site-packages/idna/core.py -> /home/matthieu/ros2_ws/install/web_control/share/web_control/web/stream/webrtc/.venv/lib/python3.12/site-packages/idna
[1.071s] copying web/stream/webrtc/.venv/lib/python3.12/site-packages/idna/uts46data.py -> /home/matthieu/ros2_ws/install/web_control/share/web_control/web/stream/webrtc/.venv/lib/python3.12/site-packages/idna
[1.071s] copying web/stream/webrtc/.venv/lib/python3.12/site-packages/idna/compat.py -> /home/matthieu/ros2_ws/install/web_control/share/web_control/web/stream/webrtc/.venv/lib/python3.12/site-packages/idna
[1.071s] copying web/stream/webrtc/.venv/lib/python3.12/site-packages/idna/package_data.py -> /home/matthieu/ros2_ws/install/web_control/share/web_control/web/stream/webrtc/.venv/lib/python3.12/site-packages/idna
[1.071s] copying web/stream/webrtc/.venv/lib/python3.12/site-packages/idna/intranges.py -> /home/matthieu/ros2_ws/install/web_control/share/web_control/web/stream/webrtc/.venv/lib/python3.12/site-packages/idna
[1.071s] copying web/stream/webrtc/.venv/lib/python3.12/site-packages/idna/py.typed -> /home/matthieu/ros2_ws/install/web_control/share/web_control/web/stream/webrtc/.venv/lib/python3.12/site-packages/idna
[1.071s] copying web/stream/webrtc/.venv/lib/python3.12/site-packages/idna/__init__.py -> /home/matthieu/ros2_ws/install/web_control/share/web_control/web/stream/webrtc/.venv/lib/python3.12/site-packages/idna
[1.071s] creating /home/matthieu/ros2_ws/install/web_control/share/web_control/web/stream/webrtc/.venv/lib/python3.12/site-packages/idna/__pycache__
[1.072s] copying web/stream/webrtc/.venv/lib/python3.12/site-packages/idna/__pycache__/package_data.cpython-312.pyc -> /home/matthieu/ros2_ws/install/web_control/share/web_control/web/stream/webrtc/.venv/lib/python3.12/site-packages/idna/__pycache__
[1.072s] copying web/stream/webrtc/.venv/lib/python3.12/site-packages/idna/__pycache__/codec.cpython-312.pyc -> /home/matthieu/ros2_ws/install/web_control/share/web_control/web/stream/webrtc/.venv/lib/python3.12/site-packages/idna/__pycache__
[1.072s] copying web/stream/webrtc/.venv/lib/python3.12/site-packages/idna/__pycache__/idnadata.cpython-312.pyc -> /home/matthieu/ros2_ws/install/web_control/share/web_control/web/stream/webrtc/.venv/lib/python3.12/site-packages/idna/__pycache__
[1.072s] copying web/stream/webrtc/.venv/lib/python3.12/site-packages/idna/__pycache__/intranges.cpython-312.pyc -> /home/matthieu/ros2_ws/install/web_control/share/web_control/web/stream/webrtc/.venv/lib/python3.12/site-packages/idna/__pycache__
[1.072s] copying web/stream/webrtc/.venv/lib/python3.12/site-packages/idna/__pycache__/core.cpython-312.pyc -> /home/matthieu/ros2_ws/install/web_control/share/web_control/web/stream/webrtc/.venv/lib/python3.12/site-packages/idna/__pycache__
[1.072s] copying web/stream/webrtc/.venv/lib/python3.12/site-packages/idna/__pycache__/uts46data.cpython-312.pyc -> /home/matthieu/ros2_ws/install/web_control/share/web_control/web/stream/webrtc/.venv/lib/python3.12/site-packages/idna/__pycache__
[1.072s] copying web/stream/webrtc/.venv/lib/python3.12/site-packages/idna/__pycache__/__init__.cpython-312.pyc -> /home/matthieu/ros2_ws/install/web_control/share/web_control/web/stream/webrtc/.venv/lib/python3.12/site-packages/idna/__pycache__
[1.072s] copying web/stream/webrtc/.venv/lib/python3.12/site-packages/idna/__pycache__/compat.cpython-312.pyc -> /home/matthieu/ros2_ws/install/web_control/share/web_control/web/stream/webrtc/.venv/lib/python3.12/site-packages/idna/__pycache__
[1.072s] creating /home/matthieu/ros2_ws/install/web_control/share/web_control/web/stream/webrtc/.venv/lib/python3.12/site-packages/frozenlist-1.8.0.dist-info
[1.072s] copying web/stream/webrtc/.venv/lib/python3.12/site-packages/frozenlist-1.8.0.dist-info/WHEEL -> /home/matthieu/ros2_ws/install/web_control/share/web_control/web/stream/webrtc/.venv/lib/python3.12/site-packages/frozenlist-1.8.0.dist-info
[1.072s] copying web/stream/webrtc/.venv/lib/python3.12/site-packages/frozenlist-1.8.0.dist-info/RECORD -> /home/matthieu/ros2_ws/install/web_control/share/web_control/web/stream/webrtc/.venv/lib/python3.12/site-packages/frozenlist-1.8.0.dist-info
[1.072s] copying web/stream/webrtc/.venv/lib/python3.12/site-packages/frozenlist-1.8.0.dist-info/INSTALLER -> /home/matthieu/ros2_ws/install/web_control/share/web_control/web/stream/webrtc/.venv/lib/python3.12/site-packages/frozenlist-1.8.0.dist-info
[1.072s] copying web/stream/webrtc/.venv/lib/python3.12/site-packages/frozenlist-1.8.0.dist-info/top_level.txt -> /home/matthieu/ros2_ws/install/web_control/share/web_control/web/stream/webrtc/.venv/lib/python3.12/site-packages/frozenlist-1.8.0.dist-info
[1.072s] copying web/stream/webrtc/.venv/lib/python3.12/site-packages/frozenlist-1.8.0.dist-info/METADATA -> /home/matthieu/ros2_ws/install/web_control/share/web_control/web/stream/webrtc/.venv/lib/python3.12/site-packages/frozenlist-1.8.0.dist-info
[1.072s] creating /home/matthieu/ros2_ws/install/web_control/share/web_control/web/stream/webrtc/.venv/lib/python3.12/site-packages/frozenlist-1.8.0.dist-info/licenses
[1.072s] copying web/stream/webrtc/.venv/lib/python3.12/site-packages/frozenlist-1.8.0.dist-info/licenses/LICENSE -> /home/matthieu/ros2_ws/install/web_control/share/web_control/web/stream/webrtc/.venv/lib/python3.12/site-packages/frozenlist-1.8.0.dist-info/licenses
[1.073s] creating /home/matthieu/ros2_ws/install/web_control/share/web_control/web/stream/webrtc/.venv/lib/python3.12/site-packages/pip-24.0.dist-info
[1.073s] copying web/stream/webrtc/.venv/lib/python3.12/site-packages/pip-24.0.dist-info/WHEEL -> /home/matthieu/ros2_ws/install/web_control/share/web_control/web/stream/webrtc/.venv/lib/python3.12/site-packages/pip-24.0.dist-info
[1.073s] copying web/stream/webrtc/.venv/lib/python3.12/site-packages/pip-24.0.dist-info/RECORD -> /home/matthieu/ros2_ws/install/web_control/share/web_control/web/stream/webrtc/.venv/lib/python3.12/site-packages/pip-24.0.dist-info
[1.073s] copying web/stream/webrtc/.venv/lib/python3.12/site-packages/pip-24.0.dist-info/REQUESTED -> /home/matthieu/ros2_ws/install/web_control/share/web_control/web/stream/webrtc/.venv/lib/python3.12/site-packages/pip-24.0.dist-info
[1.073s] copying web/stream/webrtc/.venv/lib/python3.12/site-packages/pip-24.0.dist-info/INSTALLER -> /home/matthieu/ros2_ws/install/web_control/share/web_control/web/stream/webrtc/.venv/lib/python3.12/site-packages/pip-24.0.dist-info
[1.073s] copying web/stream/webrtc/.venv/lib/python3.12/site-packages/pip-24.0.dist-info/LICENSE.txt -> /home/matthieu/ros2_ws/install/web_control/share/web_control/web/stream/webrtc/.venv/lib/python3.12/site-packages/pip-24.0.dist-info
[1.073s] copying web/stream/webrtc/.venv/lib/python3.12/site-packages/pip-24.0.dist-info/AUTHORS.txt -> /home/matthieu/ros2_ws/install/web_control/share/web_control/web/stream/webrtc/.venv/lib/python3.12/site-packages/pip-24.0.dist-info
[1.073s] copying web/stream/webrtc/.venv/lib/python3.12/site-packages/pip-24.0.dist-info/entry_points.txt -> /home/matthieu/ros2_ws/install/web_control/share/web_control/web/stream/webrtc/.venv/lib/python3.12/site-packages/pip-24.0.dist-info
[1.073s] copying web/stream/webrtc/.venv/lib/python3.12/site-packages/pip-24.0.dist-info/top_level.txt -> /home/matthieu/ros2_ws/install/web_control/share/web_control/web/stream/webrtc/.venv/lib/python3.12/site-packages/pip-24.0.dist-info
[1.073s] copying web/stream/webrtc/.venv/lib/python3.12/site-packages/pip-24.0.dist-info/METADATA -> /home/matthieu/ros2_ws/install/web_control/share/web_control/web/stream/webrtc/.venv/lib/python3.12/site-packages/pip-24.0.dist-info
[1.073s] creating /home/matthieu/ros2_ws/install/web_control/share/web_control/web/stream/webrtc/.venv/lib/python3.12/site-packages/pylibsrtp-1.0.0.dist-info
[1.073s] copying web/stream/webrtc/.venv/lib/python3.12/site-packages/pylibsrtp-1.0.0.dist-info/WHEEL -> /home/matthieu/ros2_ws/install/web_control/share/web_control/web/stream/webrtc/.venv/lib/python3.12/site-packages/pylibsrtp-1.0.0.dist-info
[1.073s] copying web/stream/webrtc/.venv/lib/python3.12/site-packages/pylibsrtp-1.0.0.dist-info/RECORD -> /home/matthieu/ros2_ws/install/web_control/share/web_control/web/stream/webrtc/.venv/lib/python3.12/site-packages/pylibsrtp-1.0.0.dist-info
[1.073s] copying web/stream/webrtc/.venv/lib/python3.12/site-packages/pylibsrtp-1.0.0.dist-info/INSTALLER -> /home/matthieu/ros2_ws/install/web_control/share/web_control/web/stream/webrtc/.venv/lib/python3.12/site-packages/pylibsrtp-1.0.0.dist-info
[1.073s] copying web/stream/webrtc/.venv/lib/python3.12/site-packages/pylibsrtp-1.0.0.dist-info/top_level.txt -> /home/matthieu/ros2_ws/install/web_control/share/web_control/web/stream/webrtc/.venv/lib/python3.12/site-packages/pylibsrtp-1.0.0.dist-info
[1.073s] copying web/stream/webrtc/.venv/lib/python3.12/site-packages/pylibsrtp-1.0.0.dist-info/METADATA -> /home/matthieu/ros2_ws/install/web_control/share/web_control/web/stream/webrtc/.venv/lib/python3.12/site-packages/pylibsrtp-1.0.0.dist-info
[1.073s] creating /home/matthieu/ros2_ws/install/web_control/share/web_control/web/stream/webrtc/.venv/lib/python3.12/site-packages/pylibsrtp-1.0.0.dist-info/licenses
[1.074s] copying web/stream/webrtc/.venv/lib/python3.12/site-packages/pylibsrtp-1.0.0.dist-info/licenses/LICENSE -> /home/matthieu/ros2_ws/install/web_control/share/web_control/web/stream/webrtc/.venv/lib/python3.12/site-packages/pylibsrtp-1.0.0.dist-info/licenses
[1.074s] creating /home/matthieu/ros2_ws/install/web_control/share/web_control/web/stream/webrtc/.venv/lib/python3.12/site-packages/OpenSSL
[1.074s] copying web/stream/webrtc/.venv/lib/python3.12/site-packages/OpenSSL/debug.py -> /home/matthieu/ros2_ws/install/web_control/share/web_control/web/stream/webrtc/.venv/lib/python3.12/site-packages/OpenSSL
[1.074s] copying web/stream/webrtc/.venv/lib/python3.12/site-packages/OpenSSL/SSL.py -> /home/matthieu/ros2_ws/install/web_control/share/web_control/web/stream/webrtc/.venv/lib/python3.12/site-packages/OpenSSL
[1.074s] copying web/stream/webrtc/.venv/lib/python3.12/site-packages/OpenSSL/rand.py -> /home/matthieu/ros2_ws/install/web_control/share/web_control/web/stream/webrtc/.venv/lib/python3.12/site-packages/OpenSSL
[1.074s] copying web/stream/webrtc/.venv/lib/python3.12/site-packages/OpenSSL/_util.py -> /home/matthieu/ros2_ws/install/web_control/share/web_control/web/stream/webrtc/.venv/lib/python3.12/site-packages/OpenSSL
[1.074s] copying web/stream/webrtc/.venv/lib/python3.12/site-packages/OpenSSL/py.typed -> /home/matthieu/ros2_ws/install/web_control/share/web_control/web/stream/webrtc/.venv/lib/python3.12/site-packages/OpenSSL
[1.074s] copying web/stream/webrtc/.venv/lib/python3.12/site-packages/OpenSSL/crypto.py -> /home/matthieu/ros2_ws/install/web_control/share/web_control/web/stream/webrtc/.venv/lib/python3.12/site-packages/OpenSSL
[1.074s] copying web/stream/webrtc/.venv/lib/python3.12/site-packages/OpenSSL/version.py -> /home/matthieu/ros2_ws/install/web_control/share/web_control/web/stream/webrtc/.venv/lib/python3.12/site-packages/OpenSSL
[1.074s] copying web/stream/webrtc/.venv/lib/python3.12/site-packages/OpenSSL/__init__.py -> /home/matthieu/ros2_ws/install/web_control/share/web_control/web/stream/webrtc/.venv/lib/python3.12/site-packages/OpenSSL
[1.074s] creating /home/matthieu/ros2_ws/install/web_control/share/web_control/web/stream/webrtc/.venv/lib/python3.12/site-packages/OpenSSL/__pycache__
[1.074s] copying web/stream/webrtc/.venv/lib/python3.12/site-packages/OpenSSL/__pycache__/rand.cpython-312.pyc -> /home/matthieu/ros2_ws/install/web_control/share/web_control/web/stream/webrtc/.venv/lib/python3.12/site-packages/OpenSSL/__pycache__
[1.074s] copying web/stream/webrtc/.venv/lib/python3.12/site-packages/OpenSSL/__pycache__/crypto.cpython-312.pyc -> /home/matthieu/ros2_ws/install/web_control/share/web_control/web/stream/webrtc/.venv/lib/python3.12/site-packages/OpenSSL/__pycache__
[1.074s] copying web/stream/webrtc/.venv/lib/python3.12/site-packages/OpenSSL/__pycache__/version.cpython-312.pyc -> /home/matthieu/ros2_ws/install/web_control/share/web_control/web/stream/webrtc/.venv/lib/python3.12/site-packages/OpenSSL/__pycache__
[1.074s] copying web/stream/webrtc/.venv/lib/python3.12/site-packages/OpenSSL/__pycache__/debug.cpython-312.pyc -> /home/matthieu/ros2_ws/install/web_control/share/web_control/web/stream/webrtc/.venv/lib/python3.12/site-packages/OpenSSL/__pycache__
[1.074s] copying web/stream/webrtc/.venv/lib/python3.12/site-packages/OpenSSL/__pycache__/__init__.cpython-312.pyc -> /home/matthieu/ros2_ws/install/web_control/share/web_control/web/stream/webrtc/.venv/lib/python3.12/site-packages/OpenSSL/__pycache__
[1.074s] copying web/stream/webrtc/.venv/lib/python3.12/site-packages/OpenSSL/__pycache__/_util.cpython-312.pyc -> /home/matthieu/ros2_ws/install/web_control/share/web_control/web/stream/webrtc/.venv/lib/python3.12/site-packages/OpenSSL/__pycache__
[1.074s] copying web/stream/webrtc/.venv/lib/python3.12/site-packages/OpenSSL/__pycache__/SSL.cpython-312.pyc -> /home/matthieu/ros2_ws/install/web_control/share/web_control/web/stream/webrtc/.venv/lib/python3.12/site-packages/OpenSSL/__pycache__
[1.075s] creating /home/matthieu/ros2_ws/install/web_control/share/web_control/web/stream/webrtc/.venv/lib/python3.12/site-packages/google_crc32c
[1.075s] copying web/stream/webrtc/.venv/lib/python3.12/site-packages/google_crc32c/_checksum.py -> /home/matthieu/ros2_ws/install/web_control/share/web_control/web/stream/webrtc/.venv/lib/python3.12/site-packages/google_crc32c
[1.075s] copying web/stream/webrtc/.venv/lib/python3.12/site-packages/google_crc32c/python.py -> /home/matthieu/ros2_ws/install/web_control/share/web_control/web/stream/webrtc/.venv/lib/python3.12/site-packages/google_crc32c
[1.075s] copying web/stream/webrtc/.venv/lib/python3.12/site-packages/google_crc32c/_crc32c.cpython-312-x86_64-linux-gnu.so -> /home/matthieu/ros2_ws/install/web_control/share/web_control/web/stream/webrtc/.venv/lib/python3.12/site-packages/google_crc32c
[1.075s] copying web/stream/webrtc/.venv/lib/python3.12/site-packages/google_crc32c/_crc32c.c -> /home/matthieu/ros2_ws/install/web_control/share/web_control/web/stream/webrtc/.venv/lib/python3.12/site-packages/google_crc32c
[1.075s] copying web/stream/webrtc/.venv/lib/python3.12/site-packages/google_crc32c/cext.py -> /home/matthieu/ros2_ws/install/web_control/share/web_control/web/stream/webrtc/.venv/lib/python3.12/site-packages/google_crc32c
[1.075s] copying web/stream/webrtc/.venv/lib/python3.12/site-packages/google_crc32c/py.typed -> /home/matthieu/ros2_ws/install/web_control/share/web_control/web/stream/webrtc/.venv/lib/python3.12/site-packages/google_crc32c
[1.075s] copying web/stream/webrtc/.venv/lib/python3.12/site-packages/google_crc32c/__config__.py -> /home/matthieu/ros2_ws/install/web_control/share/web_control/web/stream/webrtc/.venv/lib/python3.12/site-packages/google_crc32c
[1.075s] copying web/stream/webrtc/.venv/lib/python3.12/site-packages/google_crc32c/__init__.py -> /home/matthieu/ros2_ws/install/web_control/share/web_control/web/stream/webrtc/.venv/lib/python3.12/site-packages/google_crc32c
[1.075s] creating /home/matthieu/ros2_ws/install/web_control/share/web_control/web/stream/webrtc/.venv/lib/python3.12/site-packages/google_crc32c/__pycache__
[1.075s] copying web/stream/webrtc/.venv/lib/python3.12/site-packages/google_crc32c/__pycache__/__config__.cpython-312.pyc -> /home/matthieu/ros2_ws/install/web_control/share/web_control/web/stream/webrtc/.venv/lib/python3.12/site-packages/google_crc32c/__pycache__
[1.075s] copying web/stream/webrtc/.venv/lib/python3.12/site-packages/google_crc32c/__pycache__/python.cpython-312.pyc -> /home/matthieu/ros2_ws/install/web_control/share/web_control/web/stream/webrtc/.venv/lib/python3.12/site-packages/google_crc32c/__pycache__
[1.075s] copying web/stream/webrtc/.venv/lib/python3.12/site-packages/google_crc32c/__pycache__/cext.cpython-312.pyc -> /home/matthieu/ros2_ws/install/web_control/share/web_control/web/stream/webrtc/.venv/lib/python3.12/site-packages/google_crc32c/__pycache__
[1.075s] copying web/stream/webrtc/.venv/lib/python3.12/site-packages/google_crc32c/__pycache__/_checksum.cpython-312.pyc -> /home/matthieu/ros2_ws/install/web_control/share/web_control/web/stream/webrtc/.venv/lib/python3.12/site-packages/google_crc32c/__pycache__
[1.075s] copying web/stream/webrtc/.venv/lib/python3.12/site-packages/google_crc32c/__pycache__/__init__.cpython-312.pyc -> /home/matthieu/ros2_ws/install/web_control/share/web_control/web/stream/webrtc/.venv/lib/python3.12/site-packages/google_crc32c/__pycache__
[1.075s] creating /home/matthieu/ros2_ws/install/web_control/share/web_control/web/stream/webrtc/.venv/lib/python3.12/site-packages/attrs
[1.075s] copying web/stream/webrtc/.venv/lib/python3.12/site-packages/attrs/setters.py -> /home/matthieu/ros2_ws/install/web_control/share/web_control/web/stream/webrtc/.venv/lib/python3.12/site-packages/attrs
[1.076s] copying web/stream/webrtc/.venv/lib/python3.12/site-packages/attrs/filters.py -> /home/matthieu/ros2_ws/install/web_control/share/web_control/web/stream/webrtc/.venv/lib/python3.12/site-packages/attrs
[1.076s] copying web/stream/webrtc/.venv/lib/python3.12/site-packages/attrs/__init__.pyi -> /home/matthieu/ros2_ws/install/web_control/share/web_control/web/stream/webrtc/.venv/lib/python3.12/site-packages/attrs
[1.076s] copying web/stream/webrtc/.venv/lib/python3.12/site-packages/attrs/py.typed -> /home/matthieu/ros2_ws/install/web_control/share/web_control/web/stream/webrtc/.venv/lib/python3.12/site-packages/attrs
[1.076s] copying web/stream/webrtc/.venv/lib/python3.12/site-packages/attrs/converters.py -> /home/matthieu/ros2_ws/install/web_control/share/web_control/web/stream/webrtc/.venv/lib/python3.12/site-packages/attrs
[1.076s] copying web/stream/webrtc/.venv/lib/python3.12/site-packages/attrs/validators.py -> /home/matthieu/ros2_ws/install/web_control/share/web_control/web/stream/webrtc/.venv/lib/python3.12/site-packages/attrs
[1.076s] copying web/stream/webrtc/.venv/lib/python3.12/site-packages/attrs/exceptions.py -> /home/matthieu/ros2_ws/install/web_control/share/web_control/web/stream/webrtc/.venv/lib/python3.12/site-packages/attrs
[1.076s] copying web/stream/webrtc/.venv/lib/python3.12/site-packages/attrs/__init__.py -> /home/matthieu/ros2_ws/install/web_control/share/web_control/web/stream/webrtc/.venv/lib/python3.12/site-packages/attrs
[1.076s] creating /home/matthieu/ros2_ws/install/web_control/share/web_control/web/stream/webrtc/.venv/lib/python3.12/site-packages/attrs/__pycache__
[1.076s] copying web/stream/webrtc/.venv/lib/python3.12/site-packages/attrs/__pycache__/validators.cpython-312.pyc -> /home/matthieu/ros2_ws/install/web_control/share/web_control/web/stream/webrtc/.venv/lib/python3.12/site-packages/attrs/__pycache__
[1.076s] copying web/stream/webrtc/.venv/lib/python3.12/site-packages/attrs/__pycache__/setters.cpython-312.pyc -> /home/matthieu/ros2_ws/install/web_control/share/web_control/web/stream/webrtc/.venv/lib/python3.12/site-packages/attrs/__pycache__
[1.076s] copying web/stream/webrtc/.venv/lib/python3.12/site-packages/attrs/__pycache__/filters.cpython-312.pyc -> /home/matthieu/ros2_ws/install/web_control/share/web_control/web/stream/webrtc/.venv/lib/python3.12/site-packages/attrs/__pycache__
[1.076s] copying web/stream/webrtc/.venv/lib/python3.12/site-packages/attrs/__pycache__/exceptions.cpython-312.pyc -> /home/matthieu/ros2_ws/install/web_control/share/web_control/web/stream/webrtc/.venv/lib/python3.12/site-packages/attrs/__pycache__
[1.076s] copying web/stream/webrtc/.venv/lib/python3.12/site-packages/attrs/__pycache__/converters.cpython-312.pyc -> /home/matthieu/ros2_ws/install/web_control/share/web_control/web/stream/webrtc/.venv/lib/python3.12/site-packages/attrs/__pycache__
[1.076s] copying web/stream/webrtc/.venv/lib/python3.12/site-packages/attrs/__pycache__/__init__.cpython-312.pyc -> /home/matthieu/ros2_ws/install/web_control/share/web_control/web/stream/webrtc/.venv/lib/python3.12/site-packages/attrs/__pycache__
[1.076s] creating /home/matthieu/ros2_ws/install/web_control/share/web_control/web/stream/webrtc/.venv/lib/python3.12/site-packages/__pycache__
[1.076s] copying web/stream/webrtc/.venv/lib/python3.12/site-packages/__pycache__/typing_extensions.cpython-312.pyc -> /home/matthieu/ros2_ws/install/web_control/share/web_control/web/stream/webrtc/.venv/lib/python3.12/site-packages/__pycache__
[1.076s] creating /home/matthieu/ros2_ws/install/web_control/share/web_control/web/stream/webrtc/.venv/lib/python3.12/site-packages/cffi
[1.076s] copying web/stream/webrtc/.venv/lib/python3.12/site-packages/cffi/ffiplatform.py -> /home/matthieu/ros2_ws/install/web_control/share/web_control/web/stream/webrtc/.venv/lib/python3.12/site-packages/cffi
[1.077s] copying web/stream/webrtc/.venv/lib/python3.12/site-packages/cffi/_cffi_include.h -> /home/matthieu/ros2_ws/install/web_control/share/web_control/web/stream/webrtc/.venv/lib/python3.12/site-packages/cffi
[1.077s] copying web/stream/webrtc/.venv/lib/python3.12/site-packages/cffi/_embedding.h -> /home/matthieu/ros2_ws/install/web_control/share/web_control/web/stream/webrtc/.venv/lib/python3.12/site-packages/cffi
[1.077s] copying web/stream/webrtc/.venv/lib/python3.12/site-packages/cffi/model.py -> /home/matthieu/ros2_ws/install/web_control/share/web_control/web/stream/webrtc/.venv/lib/python3.12/site-packages/cffi
[1.077s] copying web/stream/webrtc/.venv/lib/python3.12/site-packages/cffi/backend_ctypes.py -> /home/matthieu/ros2_ws/install/web_control/share/web_control/web/stream/webrtc/.venv/lib/python3.12/site-packages/cffi
[1.077s] copying web/stream/webrtc/.venv/lib/python3.12/site-packages/cffi/vengine_gen.py -> /home/matthieu/ros2_ws/install/web_control/share/web_control/web/stream/webrtc/.venv/lib/python3.12/site-packages/cffi
[1.077s] copying web/stream/webrtc/.venv/lib/python3.12/site-packages/cffi/_shimmed_dist_utils.py -> /home/matthieu/ros2_ws/install/web_control/share/web_control/web/stream/webrtc/.venv/lib/python3.12/site-packages/cffi
[1.077s] copying web/stream/webrtc/.venv/lib/python3.12/site-packages/cffi/vengine_cpy.py -> /home/matthieu/ros2_ws/install/web_control/share/web_control/web/stream/webrtc/.venv/lib/python3.12/site-packages/cffi
[1.077s] copying web/stream/webrtc/.venv/lib/python3.12/site-packages/cffi/cffi_opcode.py -> /home/matthieu/ros2_ws/install/web_control/share/web_control/web/stream/webrtc/.venv/lib/python3.12/site-packages/cffi
[1.077s] copying web/stream/webrtc/.venv/lib/python3.12/site-packages/cffi/lock.py -> /home/matthieu/ros2_ws/install/web_control/share/web_control/web/stream/webrtc/.venv/lib/python3.12/site-packages/cffi
[1.077s] copying web/stream/webrtc/.venv/lib/python3.12/site-packages/cffi/_cffi_errors.h -> /home/matthieu/ros2_ws/install/web_control/share/web_control/web/stream/webrtc/.venv/lib/python3.12/site-packages/cffi
[1.077s] copying web/stream/webrtc/.venv/lib/python3.12/site-packages/cffi/_imp_emulation.py -> /home/matthieu/ros2_ws/install/web_control/share/web_control/web/stream/webrtc/.venv/lib/python3.12/site-packages/cffi
[1.077s] copying web/stream/webrtc/.venv/lib/python3.12/site-packages/cffi/verifier.py -> /home/matthieu/ros2_ws/install/web_control/share/web_control/web/stream/webrtc/.venv/lib/python3.12/site-packages/cffi
[1.077s] copying web/stream/webrtc/.venv/lib/python3.12/site-packages/cffi/commontypes.py -> /home/matthieu/ros2_ws/install/web_control/share/web_control/web/stream/webrtc/.venv/lib/python3.12/site-packages/cffi
[1.077s] copying web/stream/webrtc/.venv/lib/python3.12/site-packages/cffi/parse_c_type.h -> /home/matthieu/ros2_ws/install/web_control/share/web_control/web/stream/webrtc/.venv/lib/python3.12/site-packages/cffi
[1.077s] copying web/stream/webrtc/.venv/lib/python3.12/site-packages/cffi/recompiler.py -> /home/matthieu/ros2_ws/install/web_control/share/web_control/web/stream/webrtc/.venv/lib/python3.12/site-packages/cffi
[1.077s] copying web/stream/webrtc/.venv/lib/python3.12/site-packages/cffi/cparser.py -> /home/matthieu/ros2_ws/install/web_control/share/web_control/web/stream/webrtc/.venv/lib/python3.12/site-packages/cffi
[1.077s] copying web/stream/webrtc/.venv/lib/python3.12/site-packages/cffi/setuptools_ext.py -> /home/matthieu/ros2_ws/install/web_control/share/web_control/web/stream/webrtc/.venv/lib/python3.12/site-packages/cffi
[1.078s] copying web/stream/webrtc/.venv/lib/python3.12/site-packages/cffi/error.py -> /home/matthieu/ros2_ws/install/web_control/share/web_control/web/stream/webrtc/.venv/lib/python3.12/site-packages/cffi
[1.078s] copying web/stream/webrtc/.venv/lib/python3.12/site-packages/cffi/api.py -> /home/matthieu/ros2_ws/install/web_control/share/web_control/web/stream/webrtc/.venv/lib/python3.12/site-packages/cffi
[1.078s] copying web/stream/webrtc/.venv/lib/python3.12/site-packages/cffi/__init__.py -> /home/matthieu/ros2_ws/install/web_control/share/web_control/web/stream/webrtc/.venv/lib/python3.12/site-packages/cffi
[1.078s] copying web/stream/webrtc/.venv/lib/python3.12/site-packages/cffi/pkgconfig.py -> /home/matthieu/ros2_ws/install/web_control/share/web_control/web/stream/webrtc/.venv/lib/python3.12/site-packages/cffi
[1.078s] creating /home/matthieu/ros2_ws/install/web_control/share/web_control/web/stream/webrtc/.venv/lib/python3.12/site-packages/cffi/__pycache__
[1.078s] copying web/stream/webrtc/.venv/lib/python3.12/site-packages/cffi/__pycache__/model.cpython-312.pyc -> /home/matthieu/ros2_ws/install/web_control/share/web_control/web/stream/webrtc/.venv/lib/python3.12/site-packages/cffi/__pycache__
[1.078s] copying web/stream/webrtc/.venv/lib/python3.12/site-packages/cffi/__pycache__/_imp_emulation.cpython-312.pyc -> /home/matthieu/ros2_ws/install/web_control/share/web_control/web/stream/webrtc/.venv/lib/python3.12/site-packages/cffi/__pycache__
[1.078s] copying web/stream/webrtc/.venv/lib/python3.12/site-packages/cffi/__pycache__/ffiplatform.cpython-312.pyc -> /home/matthieu/ros2_ws/install/web_control/share/web_control/web/stream/webrtc/.venv/lib/python3.12/site-packages/cffi/__pycache__
[1.078s] copying web/stream/webrtc/.venv/lib/python3.12/site-packages/cffi/__pycache__/backend_ctypes.cpython-312.pyc -> /home/matthieu/ros2_ws/install/web_control/share/web_control/web/stream/webrtc/.venv/lib/python3.12/site-packages/cffi/__pycache__
[1.078s] copying web/stream/webrtc/.venv/lib/python3.12/site-packages/cffi/__pycache__/setuptools_ext.cpython-312.pyc -> /home/matthieu/ros2_ws/install/web_control/share/web_control/web/stream/webrtc/.venv/lib/python3.12/site-packages/cffi/__pycache__
[1.078s] copying web/stream/webrtc/.venv/lib/python3.12/site-packages/cffi/__pycache__/pkgconfig.cpython-312.pyc -> /home/matthieu/ros2_ws/install/web_control/share/web_control/web/stream/webrtc/.venv/lib/python3.12/site-packages/cffi/__pycache__
[1.078s] copying web/stream/webrtc/.venv/lib/python3.12/site-packages/cffi/__pycache__/api.cpython-312.pyc -> /home/matthieu/ros2_ws/install/web_control/share/web_control/web/stream/webrtc/.venv/lib/python3.12/site-packages/cffi/__pycache__
[1.078s] copying web/stream/webrtc/.venv/lib/python3.12/site-packages/cffi/__pycache__/lock.cpython-312.pyc -> /home/matthieu/ros2_ws/install/web_control/share/web_control/web/stream/webrtc/.venv/lib/python3.12/site-packages/cffi/__pycache__
[1.078s] copying web/stream/webrtc/.venv/lib/python3.12/site-packages/cffi/__pycache__/verifier.cpython-312.pyc -> /home/matthieu/ros2_ws/install/web_control/share/web_control/web/stream/webrtc/.venv/lib/python3.12/site-packages/cffi/__pycache__
[1.078s] copying web/stream/webrtc/.venv/lib/python3.12/site-packages/cffi/__pycache__/cparser.cpython-312.pyc -> /home/matthieu/ros2_ws/install/web_control/share/web_control/web/stream/webrtc/.venv/lib/python3.12/site-packages/cffi/__pycache__
[1.078s] copying web/stream/webrtc/.venv/lib/python3.12/site-packages/cffi/__pycache__/vengine_cpy.cpython-312.pyc -> /home/matthieu/ros2_ws/install/web_control/share/web_control/web/stream/webrtc/.venv/lib/python3.12/site-packages/cffi/__pycache__
[1.078s] copying web/stream/webrtc/.venv/lib/python3.12/site-packages/cffi/__pycache__/error.cpython-312.pyc -> /home/matthieu/ros2_ws/install/web_control/share/web_control/web/stream/webrtc/.venv/lib/python3.12/site-packages/cffi/__pycache__
[1.079s] copying web/stream/webrtc/.venv/lib/python3.12/site-packages/cffi/__pycache__/commontypes.cpython-312.pyc -> /home/matthieu/ros2_ws/install/web_control/share/web_control/web/stream/webrtc/.venv/lib/python3.12/site-packages/cffi/__pycache__
[1.079s] copying web/stream/webrtc/.venv/lib/python3.12/site-packages/cffi/__pycache__/__init__.cpython-312.pyc -> /home/matthieu/ros2_ws/install/web_control/share/web_control/web/stream/webrtc/.venv/lib/python3.12/site-packages/cffi/__pycache__
[1.079s] copying web/stream/webrtc/.venv/lib/python3.12/site-packages/cffi/__pycache__/vengine_gen.cpython-312.pyc -> /home/matthieu/ros2_ws/install/web_control/share/web_control/web/stream/webrtc/.venv/lib/python3.12/site-packages/cffi/__pycache__
[1.079s] copying web/stream/webrtc/.venv/lib/python3.12/site-packages/cffi/__pycache__/recompiler.cpython-312.pyc -> /home/matthieu/ros2_ws/install/web_control/share/web_control/web/stream/webrtc/.venv/lib/python3.12/site-packages/cffi/__pycache__
[1.079s] copying web/stream/webrtc/.venv/lib/python3.12/site-packages/cffi/__pycache__/cffi_opcode.cpython-312.pyc -> /home/matthieu/ros2_ws/install/web_control/share/web_control/web/stream/webrtc/.venv/lib/python3.12/site-packages/cffi/__pycache__
[1.079s] copying web/stream/webrtc/.venv/lib/python3.12/site-packages/cffi/__pycache__/_shimmed_dist_utils.cpython-312.pyc -> /home/matthieu/ros2_ws/install/web_control/share/web_control/web/stream/webrtc/.venv/lib/python3.12/site-packages/cffi/__pycache__
[1.079s] creating /home/matthieu/ros2_ws/install/web_control/share/web_control/web/stream/webrtc/.venv/lib/python3.12/site-packages/propcache
[1.079s] copying web/stream/webrtc/.venv/lib/python3.12/site-packages/propcache/_helpers.py -> /home/matthieu/ros2_ws/install/web_control/share/web_control/web/stream/webrtc/.venv/lib/python3.12/site-packages/propcache
[1.079s] copying web/stream/webrtc/.venv/lib/python3.12/site-packages/propcache/_helpers_py.py -> /home/matthieu/ros2_ws/install/web_control/share/web_control/web/stream/webrtc/.venv/lib/python3.12/site-packages/propcache
[1.079s] copying web/stream/webrtc/.venv/lib/python3.12/site-packages/propcache/_helpers_c.cpython-312-x86_64-linux-gnu.so -> /home/matthieu/ros2_ws/install/web_control/share/web_control/web/stream/webrtc/.venv/lib/python3.12/site-packages/propcache
[1.079s] copying web/stream/webrtc/.venv/lib/python3.12/site-packages/propcache/py.typed -> /home/matthieu/ros2_ws/install/web_control/share/web_control/web/stream/webrtc/.venv/lib/python3.12/site-packages/propcache
[1.080s] copying web/stream/webrtc/.venv/lib/python3.12/site-packages/propcache/_helpers_c.pyx -> /home/matthieu/ros2_ws/install/web_control/share/web_control/web/stream/webrtc/.venv/lib/python3.12/site-packages/propcache
[1.080s] copying web/stream/webrtc/.venv/lib/python3.12/site-packages/propcache/api.py -> /home/matthieu/ros2_ws/install/web_control/share/web_control/web/stream/webrtc/.venv/lib/python3.12/site-packages/propcache
[1.080s] copying web/stream/webrtc/.venv/lib/python3.12/site-packages/propcache/__init__.py -> /home/matthieu/ros2_ws/install/web_control/share/web_control/web/stream/webrtc/.venv/lib/python3.12/site-packages/propcache
[1.080s] creating /home/matthieu/ros2_ws/install/web_control/share/web_control/web/stream/webrtc/.venv/lib/python3.12/site-packages/propcache/__pycache__
[1.080s] copying web/stream/webrtc/.venv/lib/python3.12/site-packages/propcache/__pycache__/api.cpython-312.pyc -> /home/matthieu/ros2_ws/install/web_control/share/web_control/web/stream/webrtc/.venv/lib/python3.12/site-packages/propcache/__pycache__
[1.080s] copying web/stream/webrtc/.venv/lib/python3.12/site-packages/propcache/__pycache__/_helpers_py.cpython-312.pyc -> /home/matthieu/ros2_ws/install/web_control/share/web_control/web/stream/webrtc/.venv/lib/python3.12/site-packages/propcache/__pycache__
[1.080s] copying web/stream/webrtc/.venv/lib/python3.12/site-packages/propcache/__pycache__/_helpers.cpython-312.pyc -> /home/matthieu/ros2_ws/install/web_control/share/web_control/web/stream/webrtc/.venv/lib/python3.12/site-packages/propcache/__pycache__
[1.080s] copying web/stream/webrtc/.venv/lib/python3.12/site-packages/propcache/__pycache__/__init__.cpython-312.pyc -> /home/matthieu/ros2_ws/install/web_control/share/web_control/web/stream/webrtc/.venv/lib/python3.12/site-packages/propcache/__pycache__
[1.080s] creating /home/matthieu/ros2_ws/install/web_control/share/web_control/web/stream/webrtc/.venv/lib/python3.12/site-packages/multidict
[1.080s] copying web/stream/webrtc/.venv/lib/python3.12/site-packages/multidict/_multidict.cpython-312-x86_64-linux-gnu.so -> /home/matthieu/ros2_ws/install/web_control/share/web_control/web/stream/webrtc/.venv/lib/python3.12/site-packages/multidict
[1.080s] copying web/stream/webrtc/.venv/lib/python3.12/site-packages/multidict/_abc.py -> /home/matthieu/ros2_ws/install/web_control/share/web_control/web/stream/webrtc/.venv/lib/python3.12/site-packages/multidict
[1.080s] copying web/stream/webrtc/.venv/lib/python3.12/site-packages/multidict/_compat.py -> /home/matthieu/ros2_ws/install/web_control/share/web_control/web/stream/webrtc/.venv/lib/python3.12/site-packages/multidict
[1.081s] copying web/stream/webrtc/.venv/lib/python3.12/site-packages/multidict/py.typed -> /home/matthieu/ros2_ws/install/web_control/share/web_control/web/stream/webrtc/.venv/lib/python3.12/site-packages/multidict
[1.081s] copying web/stream/webrtc/.venv/lib/python3.12/site-packages/multidict/_multidict_py.py -> /home/matthieu/ros2_ws/install/web_control/share/web_control/web/stream/webrtc/.venv/lib/python3.12/site-packages/multidict
[1.081s] copying web/stream/webrtc/.venv/lib/python3.12/site-packages/multidict/__init__.py -> /home/matthieu/ros2_ws/install/web_control/share/web_control/web/stream/webrtc/.venv/lib/python3.12/site-packages/multidict
[1.081s] creating /home/matthieu/ros2_ws/install/web_control/share/web_control/web/stream/webrtc/.venv/lib/python3.12/site-packages/multidict/__pycache__
[1.081s] copying web/stream/webrtc/.venv/lib/python3.12/site-packages/multidict/__pycache__/_abc.cpython-312.pyc -> /home/matthieu/ros2_ws/install/web_control/share/web_control/web/stream/webrtc/.venv/lib/python3.12/site-packages/multidict/__pycache__
[1.081s] copying web/stream/webrtc/.venv/lib/python3.12/site-packages/multidict/__pycache__/_compat.cpython-312.pyc -> /home/matthieu/ros2_ws/install/web_control/share/web_control/web/stream/webrtc/.venv/lib/python3.12/site-packages/multidict/__pycache__
[1.081s] copying web/stream/webrtc/.venv/lib/python3.12/site-packages/multidict/__pycache__/__init__.cpython-312.pyc -> /home/matthieu/ros2_ws/install/web_control/share/web_control/web/stream/webrtc/.venv/lib/python3.12/site-packages/multidict/__pycache__
[1.081s] copying web/stream/webrtc/.venv/lib/python3.12/site-packages/multidict/__pycache__/_multidict_py.cpython-312.pyc -> /home/matthieu/ros2_ws/install/web_control/share/web_control/web/stream/webrtc/.venv/lib/python3.12/site-packages/multidict/__pycache__
[1.081s] creating /home/matthieu/ros2_ws/install/web_control/share/web_control/web/stream/webrtc/.venv/lib/python3.12/site-packages/pyee
[1.081s] copying web/stream/webrtc/.venv/lib/python3.12/site-packages/pyee/asyncio.py -> /home/matthieu/ros2_ws/install/web_control/share/web_control/web/stream/webrtc/.venv/lib/python3.12/site-packages/pyee
[1.081s] copying web/stream/webrtc/.venv/lib/python3.12/site-packages/pyee/executor.py -> /home/matthieu/ros2_ws/install/web_control/share/web_control/web/stream/webrtc/.venv/lib/python3.12/site-packages/pyee
[1.081s] copying web/stream/webrtc/.venv/lib/python3.12/site-packages/pyee/base.py -> /home/matthieu/ros2_ws/install/web_control/share/web_control/web/stream/webrtc/.venv/lib/python3.12/site-packages/pyee
[1.081s] copying web/stream/webrtc/.venv/lib/python3.12/site-packages/pyee/twisted.py -> /home/matthieu/ros2_ws/install/web_control/share/web_control/web/stream/webrtc/.venv/lib/python3.12/site-packages/pyee
[1.081s] copying web/stream/webrtc/.venv/lib/python3.12/site-packages/pyee/trio.py -> /home/matthieu/ros2_ws/install/web_control/share/web_control/web/stream/webrtc/.venv/lib/python3.12/site-packages/pyee
[1.081s] copying web/stream/webrtc/.venv/lib/python3.12/site-packages/pyee/py.typed -> /home/matthieu/ros2_ws/install/web_control/share/web_control/web/stream/webrtc/.venv/lib/python3.12/site-packages/pyee
[1.081s] copying web/stream/webrtc/.venv/lib/python3.12/site-packages/pyee/__init__.py -> /home/matthieu/ros2_ws/install/web_control/share/web_control/web/stream/webrtc/.venv/lib/python3.12/site-packages/pyee
[1.081s] copying web/stream/webrtc/.venv/lib/python3.12/site-packages/pyee/cls.py -> /home/matthieu/ros2_ws/install/web_control/share/web_control/web/stream/webrtc/.venv/lib/python3.12/site-packages/pyee
[1.082s] copying web/stream/webrtc/.venv/lib/python3.12/site-packages/pyee/uplift.py -> /home/matthieu/ros2_ws/install/web_control/share/web_control/web/stream/webrtc/.venv/lib/python3.12/site-packages/pyee
[1.082s] creating /home/matthieu/ros2_ws/install/web_control/share/web_control/web/stream/webrtc/.venv/lib/python3.12/site-packages/pyee/__pycache__
[1.082s] copying web/stream/webrtc/.venv/lib/python3.12/site-packages/pyee/__pycache__/executor.cpython-312.pyc -> /home/matthieu/ros2_ws/install/web_control/share/web_control/web/stream/webrtc/.venv/lib/python3.12/site-packages/pyee/__pycache__
[1.082s] copying web/stream/webrtc/.venv/lib/python3.12/site-packages/pyee/__pycache__/asyncio.cpython-312.pyc -> /home/matthieu/ros2_ws/install/web_control/share/web_control/web/stream/webrtc/.venv/lib/python3.12/site-packages/pyee/__pycache__
[1.082s] copying web/stream/webrtc/.venv/lib/python3.12/site-packages/pyee/__pycache__/base.cpython-312.pyc -> /home/matthieu/ros2_ws/install/web_control/share/web_control/web/stream/webrtc/.venv/lib/python3.12/site-packages/pyee/__pycache__
[1.082s] copying web/stream/webrtc/.venv/lib/python3.12/site-packages/pyee/__pycache__/cls.cpython-312.pyc -> /home/matthieu/ros2_ws/install/web_control/share/web_control/web/stream/webrtc/.venv/lib/python3.12/site-packages/pyee/__pycache__
[1.082s] copying web/stream/webrtc/.venv/lib/python3.12/site-packages/pyee/__pycache__/uplift.cpython-312.pyc -> /home/matthieu/ros2_ws/install/web_control/share/web_control/web/stream/webrtc/.venv/lib/python3.12/site-packages/pyee/__pycache__
[1.082s] copying web/stream/webrtc/.venv/lib/python3.12/site-packages/pyee/__pycache__/twisted.cpython-312.pyc -> /home/matthieu/ros2_ws/install/web_control/share/web_control/web/stream/webrtc/.venv/lib/python3.12/site-packages/pyee/__pycache__
[1.082s] copying web/stream/webrtc/.venv/lib/python3.12/site-packages/pyee/__pycache__/__init__.cpython-312.pyc -> /home/matthieu/ros2_ws/install/web_control/share/web_control/web/stream/webrtc/.venv/lib/python3.12/site-packages/pyee/__pycache__
[1.082s] copying web/stream/webrtc/.venv/lib/python3.12/site-packages/pyee/__pycache__/trio.cpython-312.pyc -> /home/matthieu/ros2_ws/install/web_control/share/web_control/web/stream/webrtc/.venv/lib/python3.12/site-packages/pyee/__pycache__
[1.082s] creating /home/matthieu/ros2_ws/install/web_control/share/web_control/web/stream/webrtc/.venv/lib/python3.12/site-packages/pyee-13.0.0.dist-info
[1.082s] copying web/stream/webrtc/.venv/lib/python3.12/site-packages/pyee-13.0.0.dist-info/LICENSE -> /home/matthieu/ros2_ws/install/web_control/share/web_control/web/stream/webrtc/.venv/lib/python3.12/site-packages/pyee-13.0.0.dist-info
[1.082s] copying web/stream/webrtc/.venv/lib/python3.12/site-packages/pyee-13.0.0.dist-info/WHEEL -> /home/matthieu/ros2_ws/install/web_control/share/web_control/web/stream/webrtc/.venv/lib/python3.12/site-packages/pyee-13.0.0.dist-info
[1.082s] copying web/stream/webrtc/.venv/lib/python3.12/site-packages/pyee-13.0.0.dist-info/RECORD -> /home/matthieu/ros2_ws/install/web_control/share/web_control/web/stream/webrtc/.venv/lib/python3.12/site-packages/pyee-13.0.0.dist-info
[1.082s] copying web/stream/webrtc/.venv/lib/python3.12/site-packages/pyee-13.0.0.dist-info/INSTALLER -> /home/matthieu/ros2_ws/install/web_control/share/web_control/web/stream/webrtc/.venv/lib/python3.12/site-packages/pyee-13.0.0.dist-info
[1.082s] copying web/stream/webrtc/.venv/lib/python3.12/site-packages/pyee-13.0.0.dist-info/top_level.txt -> /home/matthieu/ros2_ws/install/web_control/share/web_control/web/stream/webrtc/.venv/lib/python3.12/site-packages/pyee-13.0.0.dist-info
[1.083s] copying web/stream/webrtc/.venv/lib/python3.12/site-packages/pyee-13.0.0.dist-info/METADATA -> /home/matthieu/ros2_ws/install/web_control/share/web_control/web/stream/webrtc/.venv/lib/python3.12/site-packages/pyee-13.0.0.dist-info
[1.083s] creating /home/matthieu/ros2_ws/install/web_control/share/web_control/web/stream/webrtc/.venv/lib/python3.12/site-packages/pyopenssl-25.3.0.dist-info
[1.083s] copying web/stream/webrtc/.venv/lib/python3.12/site-packages/pyopenssl-25.3.0.dist-info/WHEEL -> /home/matthieu/ros2_ws/install/web_control/share/web_control/web/stream/webrtc/.venv/lib/python3.12/site-packages/pyopenssl-25.3.0.dist-info
[1.083s] copying web/stream/webrtc/.venv/lib/python3.12/site-packages/pyopenssl-25.3.0.dist-info/RECORD -> /home/matthieu/ros2_ws/install/web_control/share/web_control/web/stream/webrtc/.venv/lib/python3.12/site-packages/pyopenssl-25.3.0.dist-info
[1.083s] copying web/stream/webrtc/.venv/lib/python3.12/site-packages/pyopenssl-25.3.0.dist-info/INSTALLER -> /home/matthieu/ros2_ws/install/web_control/share/web_control/web/stream/webrtc/.venv/lib/python3.12/site-packages/pyopenssl-25.3.0.dist-info
[1.083s] copying web/stream/webrtc/.venv/lib/python3.12/site-packages/pyopenssl-25.3.0.dist-info/top_level.txt -> /home/matthieu/ros2_ws/install/web_control/share/web_control/web/stream/webrtc/.venv/lib/python3.12/site-packages/pyopenssl-25.3.0.dist-info
[1.083s] copying web/stream/webrtc/.venv/lib/python3.12/site-packages/pyopenssl-25.3.0.dist-info/METADATA -> /home/matthieu/ros2_ws/install/web_control/share/web_control/web/stream/webrtc/.venv/lib/python3.12/site-packages/pyopenssl-25.3.0.dist-info
[1.083s] creating /home/matthieu/ros2_ws/install/web_control/share/web_control/web/stream/webrtc/.venv/lib/python3.12/site-packages/pyopenssl-25.3.0.dist-info/licenses
[1.083s] copying web/stream/webrtc/.venv/lib/python3.12/site-packages/pyopenssl-25.3.0.dist-info/licenses/LICENSE -> /home/matthieu/ros2_ws/install/web_control/share/web_control/web/stream/webrtc/.venv/lib/python3.12/site-packages/pyopenssl-25.3.0.dist-info/licenses
[1.083s] creating /home/matthieu/ros2_ws/install/web_control/share/web_control/web/stream/webrtc/.venv/lib/python3.12/site-packages/aioice-0.10.2.dist-info
[1.083s] copying web/stream/webrtc/.venv/lib/python3.12/site-packages/aioice-0.10.2.dist-info/WHEEL -> /home/matthieu/ros2_ws/install/web_control/share/web_control/web/stream/webrtc/.venv/lib/python3.12/site-packages/aioice-0.10.2.dist-info
[1.083s] copying web/stream/webrtc/.venv/lib/python3.12/site-packages/aioice-0.10.2.dist-info/RECORD -> /home/matthieu/ros2_ws/install/web_control/share/web_control/web/stream/webrtc/.venv/lib/python3.12/site-packages/aioice-0.10.2.dist-info
[1.083s] copying web/stream/webrtc/.venv/lib/python3.12/site-packages/aioice-0.10.2.dist-info/INSTALLER -> /home/matthieu/ros2_ws/install/web_control/share/web_control/web/stream/webrtc/.venv/lib/python3.12/site-packages/aioice-0.10.2.dist-info
[1.083s] copying web/stream/webrtc/.venv/lib/python3.12/site-packages/aioice-0.10.2.dist-info/top_level.txt -> /home/matthieu/ros2_ws/install/web_control/share/web_control/web/stream/webrtc/.venv/lib/python3.12/site-packages/aioice-0.10.2.dist-info
[1.084s] copying web/stream/webrtc/.venv/lib/python3.12/site-packages/aioice-0.10.2.dist-info/METADATA -> /home/matthieu/ros2_ws/install/web_control/share/web_control/web/stream/webrtc/.venv/lib/python3.12/site-packages/aioice-0.10.2.dist-info
[1.084s] creating /home/matthieu/ros2_ws/install/web_control/share/web_control/web/stream/webrtc/.venv/lib/python3.12/site-packages/aioice-0.10.2.dist-info/licenses
[1.084s] copying web/stream/webrtc/.venv/lib/python3.12/site-packages/aioice-0.10.2.dist-info/licenses/LICENSE -> /home/matthieu/ros2_ws/install/web_control/share/web_control/web/stream/webrtc/.venv/lib/python3.12/site-packages/aioice-0.10.2.dist-info/licenses
[1.084s] creating /home/matthieu/ros2_ws/install/web_control/share/web_control/web/stream/webrtc/.venv/lib/python3.12/site-packages/pylibsrtp
[1.084s] copying web/stream/webrtc/.venv/lib/python3.12/site-packages/pylibsrtp/py.typed -> /home/matthieu/ros2_ws/install/web_control/share/web_control/web/stream/webrtc/.venv/lib/python3.12/site-packages/pylibsrtp
[1.084s] copying web/stream/webrtc/.venv/lib/python3.12/site-packages/pylibsrtp/_binding.abi3.so -> /home/matthieu/ros2_ws/install/web_control/share/web_control/web/stream/webrtc/.venv/lib/python3.12/site-packages/pylibsrtp
[1.087s] copying web/stream/webrtc/.venv/lib/python3.12/site-packages/pylibsrtp/__init__.py -> /home/matthieu/ros2_ws/install/web_control/share/web_control/web/stream/webrtc/.venv/lib/python3.12/site-packages/pylibsrtp
[1.087s] creating /home/matthieu/ros2_ws/install/web_control/share/web_control/web/stream/webrtc/.venv/lib/python3.12/site-packages/pylibsrtp/__pycache__
[1.087s] copying web/stream/webrtc/.venv/lib/python3.12/site-packages/pylibsrtp/__pycache__/__init__.cpython-312.pyc -> /home/matthieu/ros2_ws/install/web_control/share/web_control/web/stream/webrtc/.venv/lib/python3.12/site-packages/pylibsrtp/__pycache__
[1.087s] creating /home/matthieu/ros2_ws/install/web_control/share/web_control/web/stream/webrtc/.venv/lib/python3.12/site-packages/pycparser
[1.087s] copying web/stream/webrtc/.venv/lib/python3.12/site-packages/pycparser/ast_transforms.py -> /home/matthieu/ros2_ws/install/web_control/share/web_control/web/stream/webrtc/.venv/lib/python3.12/site-packages/pycparser
[1.087s] copying web/stream/webrtc/.venv/lib/python3.12/site-packages/pycparser/c_generator.py -> /home/matthieu/ros2_ws/install/web_control/share/web_control/web/stream/webrtc/.venv/lib/python3.12/site-packages/pycparser
[1.088s] copying web/stream/webrtc/.venv/lib/python3.12/site-packages/pycparser/_ast_gen.py -> /home/matthieu/ros2_ws/install/web_control/share/web_control/web/stream/webrtc/.venv/lib/python3.12/site-packages/pycparser
[1.088s] copying web/stream/webrtc/.venv/lib/python3.12/site-packages/pycparser/c_lexer.py -> /home/matthieu/ros2_ws/install/web_control/share/web_control/web/stream/webrtc/.venv/lib/python3.12/site-packages/pycparser
[1.088s] copying web/stream/webrtc/.venv/lib/python3.12/site-packages/pycparser/_c_ast.cfg -> /home/matthieu/ros2_ws/install/web_control/share/web_control/web/stream/webrtc/.venv/lib/python3.12/site-packages/pycparser
[1.088s] copying web/stream/webrtc/.venv/lib/python3.12/site-packages/pycparser/c_ast.py -> /home/matthieu/ros2_ws/install/web_control/share/web_control/web/stream/webrtc/.venv/lib/python3.12/site-packages/pycparser
[1.088s] copying web/stream/webrtc/.venv/lib/python3.12/site-packages/pycparser/c_parser.py -> /home/matthieu/ros2_ws/install/web_control/share/web_control/web/stream/webrtc/.venv/lib/python3.12/site-packages/pycparser
[1.088s] copying web/stream/webrtc/.venv/lib/python3.12/site-packages/pycparser/__init__.py -> /home/matthieu/ros2_ws/install/web_control/share/web_control/web/stream/webrtc/.venv/lib/python3.12/site-packages/pycparser
[1.088s] creating /home/matthieu/ros2_ws/install/web_control/share/web_control/web/stream/webrtc/.venv/lib/python3.12/site-packages/pycparser/__pycache__
[1.088s] copying web/stream/webrtc/.venv/lib/python3.12/site-packages/pycparser/__pycache__/c_parser.cpython-312.pyc -> /home/matthieu/ros2_ws/install/web_control/share/web_control/web/stream/webrtc/.venv/lib/python3.12/site-packages/pycparser/__pycache__
[1.088s] copying web/stream/webrtc/.venv/lib/python3.12/site-packages/pycparser/__pycache__/c_ast.cpython-312.pyc -> /home/matthieu/ros2_ws/install/web_control/share/web_control/web/stream/webrtc/.venv/lib/python3.12/site-packages/pycparser/__pycache__
[1.088s] copying web/stream/webrtc/.venv/lib/python3.12/site-packages/pycparser/__pycache__/c_generator.cpython-312.pyc -> /home/matthieu/ros2_ws/install/web_control/share/web_control/web/stream/webrtc/.venv/lib/python3.12/site-packages/pycparser/__pycache__
[1.088s] copying web/stream/webrtc/.venv/lib/python3.12/site-packages/pycparser/__pycache__/ast_transforms.cpython-312.pyc -> /home/matthieu/ros2_ws/install/web_control/share/web_control/web/stream/webrtc/.venv/lib/python3.12/site-packages/pycparser/__pycache__
[1.088s] copying web/stream/webrtc/.venv/lib/python3.12/site-packages/pycparser/__pycache__/c_lexer.cpython-312.pyc -> /home/matthieu/ros2_ws/install/web_control/share/web_control/web/stream/webrtc/.venv/lib/python3.12/site-packages/pycparser/__pycache__
[1.088s] copying web/stream/webrtc/.venv/lib/python3.12/site-packages/pycparser/__pycache__/__init__.cpython-312.pyc -> /home/matthieu/ros2_ws/install/web_control/share/web_control/web/stream/webrtc/.venv/lib/python3.12/site-packages/pycparser/__pycache__
[1.088s] copying web/stream/webrtc/.venv/lib/python3.12/site-packages/pycparser/__pycache__/_ast_gen.cpython-312.pyc -> /home/matthieu/ros2_ws/install/web_control/share/web_control/web/stream/webrtc/.venv/lib/python3.12/site-packages/pycparser/__pycache__
[1.088s] creating /home/matthieu/ros2_ws/install/web_control/share/web_control/web/stream/webrtc/.venv/lib/python3.12/site-packages/pycparser-3.0.dist-info
[1.088s] copying web/stream/webrtc/.venv/lib/python3.12/site-packages/pycparser-3.0.dist-info/WHEEL -> /home/matthieu/ros2_ws/install/web_control/share/web_control/web/stream/webrtc/.venv/lib/python3.12/site-packages/pycparser-3.0.dist-info
[1.088s] copying web/stream/webrtc/.venv/lib/python3.12/site-packages/pycparser-3.0.dist-info/RECORD -> /home/matthieu/ros2_ws/install/web_control/share/web_control/web/stream/webrtc/.venv/lib/python3.12/site-packages/pycparser-3.0.dist-info
[1.088s] copying web/stream/webrtc/.venv/lib/python3.12/site-packages/pycparser-3.0.dist-info/INSTALLER -> /home/matthieu/ros2_ws/install/web_control/share/web_control/web/stream/webrtc/.venv/lib/python3.12/site-packages/pycparser-3.0.dist-info
[1.089s] copying web/stream/webrtc/.venv/lib/python3.12/site-packages/pycparser-3.0.dist-info/top_level.txt -> /home/matthieu/ros2_ws/install/web_control/share/web_control/web/stream/webrtc/.venv/lib/python3.12/site-packages/pycparser-3.0.dist-info
[1.089s] copying web/stream/webrtc/.venv/lib/python3.12/site-packages/pycparser-3.0.dist-info/METADATA -> /home/matthieu/ros2_ws/install/web_control/share/web_control/web/stream/webrtc/.venv/lib/python3.12/site-packages/pycparser-3.0.dist-info
[1.089s] creating /home/matthieu/ros2_ws/install/web_control/share/web_control/web/stream/webrtc/.venv/lib/python3.12/site-packages/pycparser-3.0.dist-info/licenses
[1.089s] copying web/stream/webrtc/.venv/lib/python3.12/site-packages/pycparser-3.0.dist-info/licenses/LICENSE -> /home/matthieu/ros2_ws/install/web_control/share/web_control/web/stream/webrtc/.venv/lib/python3.12/site-packages/pycparser-3.0.dist-info/licenses
[1.089s] creating /home/matthieu/ros2_ws/install/web_control/share/web_control/web/stream/webrtc/.venv/lib/python3.12/site-packages/aiohttp-3.9.5.dist-info
[1.089s] copying web/stream/webrtc/.venv/lib/python3.12/site-packages/aiohttp-3.9.5.dist-info/WHEEL -> /home/matthieu/ros2_ws/install/web_control/share/web_control/web/stream/webrtc/.venv/lib/python3.12/site-packages/aiohttp-3.9.5.dist-info
[1.089s] copying web/stream/webrtc/.venv/lib/python3.12/site-packages/aiohttp-3.9.5.dist-info/RECORD -> /home/matthieu/ros2_ws/install/web_control/share/web_control/web/stream/webrtc/.venv/lib/python3.12/site-packages/aiohttp-3.9.5.dist-info
[1.089s] copying web/stream/webrtc/.venv/lib/python3.12/site-packages/aiohttp-3.9.5.dist-info/REQUESTED -> /home/matthieu/ros2_ws/install/web_control/share/web_control/web/stream/webrtc/.venv/lib/python3.12/site-packages/aiohttp-3.9.5.dist-info
[1.089s] copying web/stream/webrtc/.venv/lib/python3.12/site-packages/aiohttp-3.9.5.dist-info/INSTALLER -> /home/matthieu/ros2_ws/install/web_control/share/web_control/web/stream/webrtc/.venv/lib/python3.12/site-packages/aiohttp-3.9.5.dist-info
[1.089s] copying web/stream/webrtc/.venv/lib/python3.12/site-packages/aiohttp-3.9.5.dist-info/LICENSE.txt -> /home/matthieu/ros2_ws/install/web_control/share/web_control/web/stream/webrtc/.venv/lib/python3.12/site-packages/aiohttp-3.9.5.dist-info
[1.089s] copying web/stream/webrtc/.venv/lib/python3.12/site-packages/aiohttp-3.9.5.dist-info/top_level.txt -> /home/matthieu/ros2_ws/install/web_control/share/web_control/web/stream/webrtc/.venv/lib/python3.12/site-packages/aiohttp-3.9.5.dist-info
[1.089s] copying web/stream/webrtc/.venv/lib/python3.12/site-packages/aiohttp-3.9.5.dist-info/METADATA -> /home/matthieu/ros2_ws/install/web_control/share/web_control/web/stream/webrtc/.venv/lib/python3.12/site-packages/aiohttp-3.9.5.dist-info
[1.089s] creating /home/matthieu/ros2_ws/install/web_control/share/web_control/web/stream/webrtc/.venv/lib/python3.12/site-packages/multidict-6.7.1.dist-info
[1.089s] copying web/stream/webrtc/.venv/lib/python3.12/site-packages/multidict-6.7.1.dist-info/WHEEL -> /home/matthieu/ros2_ws/install/web_control/share/web_control/web/stream/webrtc/.venv/lib/python3.12/site-packages/multidict-6.7.1.dist-info
[1.089s] copying web/stream/webrtc/.venv/lib/python3.12/site-packages/multidict-6.7.1.dist-info/RECORD -> /home/matthieu/ros2_ws/install/web_control/share/web_control/web/stream/webrtc/.venv/lib/python3.12/site-packages/multidict-6.7.1.dist-info
[1.089s] copying web/stream/webrtc/.venv/lib/python3.12/site-packages/multidict-6.7.1.dist-info/INSTALLER -> /home/matthieu/ros2_ws/install/web_control/share/web_control/web/stream/webrtc/.venv/lib/python3.12/site-packages/multidict-6.7.1.dist-info
[1.089s] copying web/stream/webrtc/.venv/lib/python3.12/site-packages/multidict-6.7.1.dist-info/top_level.txt -> /home/matthieu/ros2_ws/install/web_control/share/web_control/web/stream/webrtc/.venv/lib/python3.12/site-packages/multidict-6.7.1.dist-info
[1.089s] copying web/stream/webrtc/.venv/lib/python3.12/site-packages/multidict-6.7.1.dist-info/METADATA -> /home/matthieu/ros2_ws/install/web_control/share/web_control/web/stream/webrtc/.venv/lib/python3.12/site-packages/multidict-6.7.1.dist-info
[1.090s] creating /home/matthieu/ros2_ws/install/web_control/share/web_control/web/stream/webrtc/.venv/lib/python3.12/site-packages/multidict-6.7.1.dist-info/licenses
[1.090s] copying web/stream/webrtc/.venv/lib/python3.12/site-packages/multidict-6.7.1.dist-info/licenses/LICENSE -> /home/matthieu/ros2_ws/install/web_control/share/web_control/web/stream/webrtc/.venv/lib/python3.12/site-packages/multidict-6.7.1.dist-info/licenses
[1.090s] creating /home/matthieu/ros2_ws/install/web_control/share/web_control/web/stream/webrtc/.venv/lib/python3.12/site-packages/ifaddr
[1.090s] copying web/stream/webrtc/.venv/lib/python3.12/site-packages/ifaddr/netifaces.py -> /home/matthieu/ros2_ws/install/web_control/share/web_control/web/stream/webrtc/.venv/lib/python3.12/site-packages/ifaddr
[1.090s] copying web/stream/webrtc/.venv/lib/python3.12/site-packages/ifaddr/_shared.py -> /home/matthieu/ros2_ws/install/web_control/share/web_control/web/stream/webrtc/.venv/lib/python3.12/site-packages/ifaddr
[1.090s] copying web/stream/webrtc/.venv/lib/python3.12/site-packages/ifaddr/test_ifaddr.py -> /home/matthieu/ros2_ws/install/web_control/share/web_control/web/stream/webrtc/.venv/lib/python3.12/site-packages/ifaddr
[1.090s] copying web/stream/webrtc/.venv/lib/python3.12/site-packages/ifaddr/py.typed -> /home/matthieu/ros2_ws/install/web_control/share/web_control/web/stream/webrtc/.venv/lib/python3.12/site-packages/ifaddr
[1.090s] copying web/stream/webrtc/.venv/lib/python3.12/site-packages/ifaddr/_win32.py -> /home/matthieu/ros2_ws/install/web_control/share/web_control/web/stream/webrtc/.venv/lib/python3.12/site-packages/ifaddr
[1.090s] copying web/stream/webrtc/.venv/lib/python3.12/site-packages/ifaddr/_posix.py -> /home/matthieu/ros2_ws/install/web_control/share/web_control/web/stream/webrtc/.venv/lib/python3.12/site-packages/ifaddr
[1.090s] copying web/stream/webrtc/.venv/lib/python3.12/site-packages/ifaddr/__init__.py -> /home/matthieu/ros2_ws/install/web_control/share/web_control/web/stream/webrtc/.venv/lib/python3.12/site-packages/ifaddr
[1.090s] creating /home/matthieu/ros2_ws/install/web_control/share/web_control/web/stream/webrtc/.venv/lib/python3.12/site-packages/ifaddr/__pycache__
[1.090s] copying web/stream/webrtc/.venv/lib/python3.12/site-packages/ifaddr/__pycache__/test_ifaddr.cpython-312.pyc -> /home/matthieu/ros2_ws/install/web_control/share/web_control/web/stream/webrtc/.venv/lib/python3.12/site-packages/ifaddr/__pycache__
[1.090s] copying web/stream/webrtc/.venv/lib/python3.12/site-packages/ifaddr/__pycache__/netifaces.cpython-312.pyc -> /home/matthieu/ros2_ws/install/web_control/share/web_control/web/stream/webrtc/.venv/lib/python3.12/site-packages/ifaddr/__pycache__
[1.090s] copying web/stream/webrtc/.venv/lib/python3.12/site-packages/ifaddr/__pycache__/_shared.cpython-312.pyc -> /home/matthieu/ros2_ws/install/web_control/share/web_control/web/stream/webrtc/.venv/lib/python3.12/site-packages/ifaddr/__pycache__
[1.090s] copying web/stream/webrtc/.venv/lib/python3.12/site-packages/ifaddr/__pycache__/_win32.cpython-312.pyc -> /home/matthieu/ros2_ws/install/web_control/share/web_control/web/stream/webrtc/.venv/lib/python3.12/site-packages/ifaddr/__pycache__
[1.090s] copying web/stream/webrtc/.venv/lib/python3.12/site-packages/ifaddr/__pycache__/__init__.cpython-312.pyc -> /home/matthieu/ros2_ws/install/web_control/share/web_control/web/stream/webrtc/.venv/lib/python3.12/site-packages/ifaddr/__pycache__
[1.090s] copying web/stream/webrtc/.venv/lib/python3.12/site-packages/ifaddr/__pycache__/_posix.cpython-312.pyc -> /home/matthieu/ros2_ws/install/web_control/share/web_control/web/stream/webrtc/.venv/lib/python3.12/site-packages/ifaddr/__pycache__
[1.090s] creating /home/matthieu/ros2_ws/install/web_control/share/web_control/web/stream/webrtc/.venv/lib/python3.12/site-packages/yarl
[1.091s] copying web/stream/webrtc/.venv/lib/python3.12/site-packages/yarl/_url.py -> /home/matthieu/ros2_ws/install/web_control/share/web_control/web/stream/webrtc/.venv/lib/python3.12/site-packages/yarl
[1.091s] copying web/stream/webrtc/.venv/lib/python3.12/site-packages/yarl/_quoting_c.cpython-312-x86_64-linux-gnu.so -> /home/matthieu/ros2_ws/install/web_control/share/web_control/web/stream/webrtc/.venv/lib/python3.12/site-packages/yarl
[1.091s] copying web/stream/webrtc/.venv/lib/python3.12/site-packages/yarl/_parse.py -> /home/matthieu/ros2_ws/install/web_control/share/web_control/web/stream/webrtc/.venv/lib/python3.12/site-packages/yarl
[1.091s] copying web/stream/webrtc/.venv/lib/python3.12/site-packages/yarl/_quoting_py.py -> /home/matthieu/ros2_ws/install/web_control/share/web_control/web/stream/webrtc/.venv/lib/python3.12/site-packages/yarl
[1.091s] copying web/stream/webrtc/.venv/lib/python3.12/site-packages/yarl/py.typed -> /home/matthieu/ros2_ws/install/web_control/share/web_control/web/stream/webrtc/.venv/lib/python3.12/site-packages/yarl
[1.091s] copying web/stream/webrtc/.venv/lib/python3.12/site-packages/yarl/_quoting_c.pyx -> /home/matthieu/ros2_ws/install/web_control/share/web_control/web/stream/webrtc/.venv/lib/python3.12/site-packages/yarl
[1.092s] copying web/stream/webrtc/.venv/lib/python3.12/site-packages/yarl/_path.py -> /home/matthieu/ros2_ws/install/web_control/share/web_control/web/stream/webrtc/.venv/lib/python3.12/site-packages/yarl
[1.092s] copying web/stream/webrtc/.venv/lib/python3.12/site-packages/yarl/_quoting.py -> /home/matthieu/ros2_ws/install/web_control/share/web_control/web/stream/webrtc/.venv/lib/python3.12/site-packages/yarl
[1.092s] copying web/stream/webrtc/.venv/lib/python3.12/site-packages/yarl/_query.py -> /home/matthieu/ros2_ws/install/web_control/share/web_control/web/stream/webrtc/.venv/lib/python3.12/site-packages/yarl
[1.092s] copying web/stream/webrtc/.venv/lib/python3.12/site-packages/yarl/__init__.py -> /home/matthieu/ros2_ws/install/web_control/share/web_control/web/stream/webrtc/.venv/lib/python3.12/site-packages/yarl
[1.092s] copying web/stream/webrtc/.venv/lib/python3.12/site-packages/yarl/_quoters.py -> /home/matthieu/ros2_ws/install/web_control/share/web_control/web/stream/webrtc/.venv/lib/python3.12/site-packages/yarl
[1.092s] creating /home/matthieu/ros2_ws/install/web_control/share/web_control/web/stream/webrtc/.venv/lib/python3.12/site-packages/yarl/__pycache__
[1.092s] copying web/stream/webrtc/.venv/lib/python3.12/site-packages/yarl/__pycache__/_quoting_py.cpython-312.pyc -> /home/matthieu/ros2_ws/install/web_control/share/web_control/web/stream/webrtc/.venv/lib/python3.12/site-packages/yarl/__pycache__
[1.092s] copying web/stream/webrtc/.venv/lib/python3.12/site-packages/yarl/__pycache__/_quoters.cpython-312.pyc -> /home/matthieu/ros2_ws/install/web_control/share/web_control/web/stream/webrtc/.venv/lib/python3.12/site-packages/yarl/__pycache__
[1.092s] copying web/stream/webrtc/.venv/lib/python3.12/site-packages/yarl/__pycache__/_quoting.cpython-312.pyc -> /home/matthieu/ros2_ws/install/web_control/share/web_control/web/stream/webrtc/.venv/lib/python3.12/site-packages/yarl/__pycache__
[1.092s] copying web/stream/webrtc/.venv/lib/python3.12/site-packages/yarl/__pycache__/_url.cpython-312.pyc -> /home/matthieu/ros2_ws/install/web_control/share/web_control/web/stream/webrtc/.venv/lib/python3.12/site-packages/yarl/__pycache__
[1.092s] copying web/stream/webrtc/.venv/lib/python3.12/site-packages/yarl/__pycache__/_query.cpython-312.pyc -> /home/matthieu/ros2_ws/install/web_control/share/web_control/web/stream/webrtc/.venv/lib/python3.12/site-packages/yarl/__pycache__
[1.092s] copying web/stream/webrtc/.venv/lib/python3.12/site-packages/yarl/__pycache__/_path.cpython-312.pyc -> /home/matthieu/ros2_ws/install/web_control/share/web_control/web/stream/webrtc/.venv/lib/python3.12/site-packages/yarl/__pycache__
[1.092s] copying web/stream/webrtc/.venv/lib/python3.12/site-packages/yarl/__pycache__/_parse.cpython-312.pyc -> /home/matthieu/ros2_ws/install/web_control/share/web_control/web/stream/webrtc/.venv/lib/python3.12/site-packages/yarl/__pycache__
[1.092s] copying web/stream/webrtc/.venv/lib/python3.12/site-packages/yarl/__pycache__/__init__.cpython-312.pyc -> /home/matthieu/ros2_ws/install/web_control/share/web_control/web/stream/webrtc/.venv/lib/python3.12/site-packages/yarl/__pycache__
[1.092s] creating /home/matthieu/ros2_ws/install/web_control/share/web_control/web/stream/webrtc/.venv/lib/python3.12/site-packages/google_crc32c.libs
[1.092s] copying web/stream/webrtc/.venv/lib/python3.12/site-packages/google_crc32c.libs/libcrc32c-7ebc40c5.so.1.1.0 -> /home/matthieu/ros2_ws/install/web_control/share/web_control/web/stream/webrtc/.venv/lib/python3.12/site-packages/google_crc32c.libs
[1.092s] creating /home/matthieu/ros2_ws/install/web_control/share/web_control/web/stream/webrtc/.venv/lib/python3.12/site-packages/propcache-0.4.1.dist-info
[1.092s] copying web/stream/webrtc/.venv/lib/python3.12/site-packages/propcache-0.4.1.dist-info/WHEEL -> /home/matthieu/ros2_ws/install/web_control/share/web_control/web/stream/webrtc/.venv/lib/python3.12/site-packages/propcache-0.4.1.dist-info
[1.093s] copying web/stream/webrtc/.venv/lib/python3.12/site-packages/propcache-0.4.1.dist-info/RECORD -> /home/matthieu/ros2_ws/install/web_control/share/web_control/web/stream/webrtc/.venv/lib/python3.12/site-packages/propcache-0.4.1.dist-info
[1.093s] copying web/stream/webrtc/.venv/lib/python3.12/site-packages/propcache-0.4.1.dist-info/INSTALLER -> /home/matthieu/ros2_ws/install/web_control/share/web_control/web/stream/webrtc/.venv/lib/python3.12/site-packages/propcache-0.4.1.dist-info
[1.093s] copying web/stream/webrtc/.venv/lib/python3.12/site-packages/propcache-0.4.1.dist-info/top_level.txt -> /home/matthieu/ros2_ws/install/web_control/share/web_control/web/stream/webrtc/.venv/lib/python3.12/site-packages/propcache-0.4.1.dist-info
[1.093s] copying web/stream/webrtc/.venv/lib/python3.12/site-packages/propcache-0.4.1.dist-info/METADATA -> /home/matthieu/ros2_ws/install/web_control/share/web_control/web/stream/webrtc/.venv/lib/python3.12/site-packages/propcache-0.4.1.dist-info
[1.093s] creating /home/matthieu/ros2_ws/install/web_control/share/web_control/web/stream/webrtc/.venv/lib/python3.12/site-packages/propcache-0.4.1.dist-info/licenses
[1.093s] copying web/stream/webrtc/.venv/lib/python3.12/site-packages/propcache-0.4.1.dist-info/licenses/LICENSE -> /home/matthieu/ros2_ws/install/web_control/share/web_control/web/stream/webrtc/.venv/lib/python3.12/site-packages/propcache-0.4.1.dist-info/licenses
[1.093s] copying web/stream/webrtc/.venv/lib/python3.12/site-packages/propcache-0.4.1.dist-info/licenses/NOTICE -> /home/matthieu/ros2_ws/install/web_control/share/web_control/web/stream/webrtc/.venv/lib/python3.12/site-packages/propcache-0.4.1.dist-info/licenses
[1.093s] creating /home/matthieu/ros2_ws/install/web_control/share/web_control/web/stream/webrtc/.venv/lib/python3.12/site-packages/cffi-2.0.0.dist-info
[1.093s] copying web/stream/webrtc/.venv/lib/python3.12/site-packages/cffi-2.0.0.dist-info/WHEEL -> /home/matthieu/ros2_ws/install/web_control/share/web_control/web/stream/webrtc/.venv/lib/python3.12/site-packages/cffi-2.0.0.dist-info
[1.093s] copying web/stream/webrtc/.venv/lib/python3.12/site-packages/cffi-2.0.0.dist-info/RECORD -> /home/matthieu/ros2_ws/install/web_control/share/web_control/web/stream/webrtc/.venv/lib/python3.12/site-packages/cffi-2.0.0.dist-info
[1.093s] copying web/stream/webrtc/.venv/lib/python3.12/site-packages/cffi-2.0.0.dist-info/INSTALLER -> /home/matthieu/ros2_ws/install/web_control/share/web_control/web/stream/webrtc/.venv/lib/python3.12/site-packages/cffi-2.0.0.dist-info
[1.093s] copying web/stream/webrtc/.venv/lib/python3.12/site-packages/cffi-2.0.0.dist-info/entry_points.txt -> /home/matthieu/ros2_ws/install/web_control/share/web_control/web/stream/webrtc/.venv/lib/python3.12/site-packages/cffi-2.0.0.dist-info
[1.093s] copying web/stream/webrtc/.venv/lib/python3.12/site-packages/cffi-2.0.0.dist-info/top_level.txt -> /home/matthieu/ros2_ws/install/web_control/share/web_control/web/stream/webrtc/.venv/lib/python3.12/site-packages/cffi-2.0.0.dist-info
[1.093s] copying web/stream/webrtc/.venv/lib/python3.12/site-packages/cffi-2.0.0.dist-info/METADATA -> /home/matthieu/ros2_ws/install/web_control/share/web_control/web/stream/webrtc/.venv/lib/python3.12/site-packages/cffi-2.0.0.dist-info
[1.093s] creating /home/matthieu/ros2_ws/install/web_control/share/web_control/web/stream/webrtc/.venv/lib/python3.12/site-packages/cffi-2.0.0.dist-info/licenses
[1.093s] copying web/stream/webrtc/.venv/lib/python3.12/site-packages/cffi-2.0.0.dist-info/licenses/LICENSE -> /home/matthieu/ros2_ws/install/web_control/share/web_control/web/stream/webrtc/.venv/lib/python3.12/site-packages/cffi-2.0.0.dist-info/licenses
[1.093s] copying web/stream/webrtc/.venv/lib/python3.12/site-packages/cffi-2.0.0.dist-info/licenses/AUTHORS -> /home/matthieu/ros2_ws/install/web_control/share/web_control/web/stream/webrtc/.venv/lib/python3.12/site-packages/cffi-2.0.0.dist-info/licenses
[1.093s] creating /home/matthieu/ros2_ws/install/web_control/share/web_control/web/stream/webrtc/.venv/lib/python3.12/site-packages/cryptography-46.0.5.dist-info
[1.094s] copying web/stream/webrtc/.venv/lib/python3.12/site-packages/cryptography-46.0.5.dist-info/WHEEL -> /home/matthieu/ros2_ws/install/web_control/share/web_control/web/stream/webrtc/.venv/lib/python3.12/site-packages/cryptography-46.0.5.dist-info
[1.094s] copying web/stream/webrtc/.venv/lib/python3.12/site-packages/cryptography-46.0.5.dist-info/RECORD -> /home/matthieu/ros2_ws/install/web_control/share/web_control/web/stream/webrtc/.venv/lib/python3.12/site-packages/cryptography-46.0.5.dist-info
[1.094s] copying web/stream/webrtc/.venv/lib/python3.12/site-packages/cryptography-46.0.5.dist-info/INSTALLER -> /home/matthieu/ros2_ws/install/web_control/share/web_control/web/stream/webrtc/.venv/lib/python3.12/site-packages/cryptography-46.0.5.dist-info
[1.094s] copying web/stream/webrtc/.venv/lib/python3.12/site-packages/cryptography-46.0.5.dist-info/METADATA -> /home/matthieu/ros2_ws/install/web_control/share/web_control/web/stream/webrtc/.venv/lib/python3.12/site-packages/cryptography-46.0.5.dist-info
[1.094s] creating /home/matthieu/ros2_ws/install/web_control/share/web_control/web/stream/webrtc/.venv/lib/python3.12/site-packages/cryptography-46.0.5.dist-info/licenses
[1.094s] copying web/stream/webrtc/.venv/lib/python3.12/site-packages/cryptography-46.0.5.dist-info/licenses/LICENSE -> /home/matthieu/ros2_ws/install/web_control/share/web_control/web/stream/webrtc/.venv/lib/python3.12/site-packages/cryptography-46.0.5.dist-info/licenses
[1.094s] copying web/stream/webrtc/.venv/lib/python3.12/site-packages/cryptography-46.0.5.dist-info/licenses/LICENSE.BSD -> /home/matthieu/ros2_ws/install/web_control/share/web_control/web/stream/webrtc/.venv/lib/python3.12/site-packages/cryptography-46.0.5.dist-info/licenses
[1.094s] copying web/stream/webrtc/.venv/lib/python3.12/site-packages/cryptography-46.0.5.dist-info/licenses/LICENSE.APACHE -> /home/matthieu/ros2_ws/install/web_control/share/web_control/web/stream/webrtc/.venv/lib/python3.12/site-packages/cryptography-46.0.5.dist-info/licenses
[1.094s] creating /home/matthieu/ros2_ws/install/web_control/share/web_control/web/stream/webrtc/.venv/lib/python3.12/site-packages/dns
[1.094s] copying web/stream/webrtc/.venv/lib/python3.12/site-packages/dns/dnssec.py -> /home/matthieu/ros2_ws/install/web_control/share/web_control/web/stream/webrtc/.venv/lib/python3.12/site-packages/dns
[1.094s] copying web/stream/webrtc/.venv/lib/python3.12/site-packages/dns/nameserver.py -> /home/matthieu/ros2_ws/install/web_control/share/web_control/web/stream/webrtc/.venv/lib/python3.12/site-packages/dns
[1.094s] copying web/stream/webrtc/.venv/lib/python3.12/site-packages/dns/rrset.py -> /home/matthieu/ros2_ws/install/web_control/share/web_control/web/stream/webrtc/.venv/lib/python3.12/site-packages/dns
[1.094s] copying web/stream/webrtc/.venv/lib/python3.12/site-packages/dns/node.py -> /home/matthieu/ros2_ws/install/web_control/share/web_control/web/stream/webrtc/.venv/lib/python3.12/site-packages/dns
[1.094s] copying web/stream/webrtc/.venv/lib/python3.12/site-packages/dns/entropy.py -> /home/matthieu/ros2_ws/install/web_control/share/web_control/web/stream/webrtc/.venv/lib/python3.12/site-packages/dns
[1.094s] copying web/stream/webrtc/.venv/lib/python3.12/site-packages/dns/wire.py -> /home/matthieu/ros2_ws/install/web_control/share/web_control/web/stream/webrtc/.venv/lib/python3.12/site-packages/dns
[1.094s] copying web/stream/webrtc/.venv/lib/python3.12/site-packages/dns/_tls_util.py -> /home/matthieu/ros2_ws/install/web_control/share/web_control/web/stream/webrtc/.venv/lib/python3.12/site-packages/dns
[1.094s] copying web/stream/webrtc/.venv/lib/python3.12/site-packages/dns/win32util.py -> /home/matthieu/ros2_ws/install/web_control/share/web_control/web/stream/webrtc/.venv/lib/python3.12/site-packages/dns
[1.094s] copying web/stream/webrtc/.venv/lib/python3.12/site-packages/dns/asyncquery.py -> /home/matthieu/ros2_ws/install/web_control/share/web_control/web/stream/webrtc/.venv/lib/python3.12/site-packages/dns
[1.095s] copying web/stream/webrtc/.venv/lib/python3.12/site-packages/dns/opcode.py -> /home/matthieu/ros2_ws/install/web_control/share/web_control/web/stream/webrtc/.venv/lib/python3.12/site-packages/dns
[1.095s] copying web/stream/webrtc/.venv/lib/python3.12/site-packages/dns/e164.py -> /home/matthieu/ros2_ws/install/web_control/share/web_control/web/stream/webrtc/.venv/lib/python3.12/site-packages/dns
[1.095s] copying web/stream/webrtc/.venv/lib/python3.12/site-packages/dns/zonetypes.py -> /home/matthieu/ros2_ws/install/web_control/share/web_control/web/stream/webrtc/.venv/lib/python3.12/site-packages/dns
[1.095s] copying web/stream/webrtc/.venv/lib/python3.12/site-packages/dns/ttl.py -> /home/matthieu/ros2_ws/install/web_control/share/web_control/web/stream/webrtc/.venv/lib/python3.12/site-packages/dns
[1.095s] copying web/stream/webrtc/.venv/lib/python3.12/site-packages/dns/_asyncbackend.py -> /home/matthieu/ros2_ws/install/web_control/share/web_control/web/stream/webrtc/.venv/lib/python3.12/site-packages/dns
[1.095s] copying web/stream/webrtc/.venv/lib/python3.12/site-packages/dns/btreezone.py -> /home/matthieu/ros2_ws/install/web_control/share/web_control/web/stream/webrtc/.venv/lib/python3.12/site-packages/dns
[1.095s] copying web/stream/webrtc/.venv/lib/python3.12/site-packages/dns/flags.py -> /home/matthieu/ros2_ws/install/web_control/share/web_control/web/stream/webrtc/.venv/lib/python3.12/site-packages/dns
[1.095s] copying web/stream/webrtc/.venv/lib/python3.12/site-packages/dns/renderer.py -> /home/matthieu/ros2_ws/install/web_control/share/web_control/web/stream/webrtc/.venv/lib/python3.12/site-packages/dns
[1.095s] copying web/stream/webrtc/.venv/lib/python3.12/site-packages/dns/message.py -> /home/matthieu/ros2_ws/install/web_control/share/web_control/web/stream/webrtc/.venv/lib/python3.12/site-packages/dns
[1.095s] copying web/stream/webrtc/.venv/lib/python3.12/site-packages/dns/edns.py -> /home/matthieu/ros2_ws/install/web_control/share/web_control/web/stream/webrtc/.venv/lib/python3.12/site-packages/dns
[1.095s] copying web/stream/webrtc/.venv/lib/python3.12/site-packages/dns/rdatatype.py -> /home/matthieu/ros2_ws/install/web_control/share/web_control/web/stream/webrtc/.venv/lib/python3.12/site-packages/dns
[1.095s] copying web/stream/webrtc/.venv/lib/python3.12/site-packages/dns/_immutable_ctx.py -> /home/matthieu/ros2_ws/install/web_control/share/web_control/web/stream/webrtc/.venv/lib/python3.12/site-packages/dns
[1.095s] copying web/stream/webrtc/.venv/lib/python3.12/site-packages/dns/transaction.py -> /home/matthieu/ros2_ws/install/web_control/share/web_control/web/stream/webrtc/.venv/lib/python3.12/site-packages/dns
[1.095s] copying web/stream/webrtc/.venv/lib/python3.12/site-packages/dns/inet.py -> /home/matthieu/ros2_ws/install/web_control/share/web_control/web/stream/webrtc/.venv/lib/python3.12/site-packages/dns
[1.095s] copying web/stream/webrtc/.venv/lib/python3.12/site-packages/dns/name.py -> /home/matthieu/ros2_ws/install/web_control/share/web_control/web/stream/webrtc/.venv/lib/python3.12/site-packages/dns
[1.095s] copying web/stream/webrtc/.venv/lib/python3.12/site-packages/dns/ipv6.py -> /home/matthieu/ros2_ws/install/web_control/share/web_control/web/stream/webrtc/.venv/lib/python3.12/site-packages/dns
[1.095s] copying web/stream/webrtc/.venv/lib/python3.12/site-packages/dns/xfr.py -> /home/matthieu/ros2_ws/install/web_control/share/web_control/web/stream/webrtc/.venv/lib/python3.12/site-packages/dns
[1.096s] copying web/stream/webrtc/.venv/lib/python3.12/site-packages/dns/zone.py -> /home/matthieu/ros2_ws/install/web_control/share/web_control/web/stream/webrtc/.venv/lib/python3.12/site-packages/dns
[1.096s] copying web/stream/webrtc/.venv/lib/python3.12/site-packages/dns/set.py -> /home/matthieu/ros2_ws/install/web_control/share/web_control/web/stream/webrtc/.venv/lib/python3.12/site-packages/dns
[1.096s] copying web/stream/webrtc/.venv/lib/python3.12/site-packages/dns/asyncbackend.py -> /home/matthieu/ros2_ws/install/web_control/share/web_control/web/stream/webrtc/.venv/lib/python3.12/site-packages/dns
[1.096s] copying web/stream/webrtc/.venv/lib/python3.12/site-packages/dns/_asyncio_backend.py -> /home/matthieu/ros2_ws/install/web_control/share/web_control/web/stream/webrtc/.venv/lib/python3.12/site-packages/dns
[1.096s] copying web/stream/webrtc/.venv/lib/python3.12/site-packages/dns/asyncresolver.py -> /home/matthieu/ros2_ws/install/web_control/share/web_control/web/stream/webrtc/.venv/lib/python3.12/site-packages/dns
[1.096s] copying web/stream/webrtc/.venv/lib/python3.12/site-packages/dns/namedict.py -> /home/matthieu/ros2_ws/install/web_control/share/web_control/web/stream/webrtc/.venv/lib/python3.12/site-packages/dns
[1.096s] copying web/stream/webrtc/.venv/lib/python3.12/site-packages/dns/_no_ssl.py -> /home/matthieu/ros2_ws/install/web_control/share/web_control/web/stream/webrtc/.venv/lib/python3.12/site-packages/dns
[1.096s] copying web/stream/webrtc/.venv/lib/python3.12/site-packages/dns/tsigkeyring.py -> /home/matthieu/ros2_ws/install/web_control/share/web_control/web/stream/webrtc/.venv/lib/python3.12/site-packages/dns
[1.096s] copying web/stream/webrtc/.venv/lib/python3.12/site-packages/dns/rcode.py -> /home/matthieu/ros2_ws/install/web_control/share/web_control/web/stream/webrtc/.venv/lib/python3.12/site-packages/dns
[1.096s] copying web/stream/webrtc/.venv/lib/python3.12/site-packages/dns/tokenizer.py -> /home/matthieu/ros2_ws/install/web_control/share/web_control/web/stream/webrtc/.venv/lib/python3.12/site-packages/dns
[1.096s] copying web/stream/webrtc/.venv/lib/python3.12/site-packages/dns/exception.py -> /home/matthieu/ros2_ws/install/web_control/share/web_control/web/stream/webrtc/.venv/lib/python3.12/site-packages/dns
[1.096s] copying web/stream/webrtc/.venv/lib/python3.12/site-packages/dns/immutable.py -> /home/matthieu/ros2_ws/install/web_control/share/web_control/web/stream/webrtc/.venv/lib/python3.12/site-packages/dns
[1.096s] copying web/stream/webrtc/.venv/lib/python3.12/site-packages/dns/_features.py -> /home/matthieu/ros2_ws/install/web_control/share/web_control/web/stream/webrtc/.venv/lib/python3.12/site-packages/dns
[1.096s] copying web/stream/webrtc/.venv/lib/python3.12/site-packages/dns/dnssectypes.py -> /home/matthieu/ros2_ws/install/web_control/share/web_control/web/stream/webrtc/.venv/lib/python3.12/site-packages/dns
[1.096s] copying web/stream/webrtc/.venv/lib/python3.12/site-packages/dns/_ddr.py -> /home/matthieu/ros2_ws/install/web_control/share/web_control/web/stream/webrtc/.venv/lib/python3.12/site-packages/dns
[1.096s] copying web/stream/webrtc/.venv/lib/python3.12/site-packages/dns/serial.py -> /home/matthieu/ros2_ws/install/web_control/share/web_control/web/stream/webrtc/.venv/lib/python3.12/site-packages/dns
[1.096s] copying web/stream/webrtc/.venv/lib/python3.12/site-packages/dns/query.py -> /home/matthieu/ros2_ws/install/web_control/share/web_control/web/stream/webrtc/.venv/lib/python3.12/site-packages/dns
[1.097s] copying web/stream/webrtc/.venv/lib/python3.12/site-packages/dns/tsig.py -> /home/matthieu/ros2_ws/install/web_control/share/web_control/web/stream/webrtc/.venv/lib/python3.12/site-packages/dns
[1.097s] copying web/stream/webrtc/.venv/lib/python3.12/site-packages/dns/zonefile.py -> /home/matthieu/ros2_ws/install/web_control/share/web_control/web/stream/webrtc/.venv/lib/python3.12/site-packages/dns
[1.097s] copying web/stream/webrtc/.venv/lib/python3.12/site-packages/dns/ipv4.py -> /home/matthieu/ros2_ws/install/web_control/share/web_control/web/stream/webrtc/.venv/lib/python3.12/site-packages/dns
[1.097s] copying web/stream/webrtc/.venv/lib/python3.12/site-packages/dns/resolver.py -> /home/matthieu/ros2_ws/install/web_control/share/web_control/web/stream/webrtc/.venv/lib/python3.12/site-packages/dns
[1.097s] copying web/stream/webrtc/.venv/lib/python3.12/site-packages/dns/rdataclass.py -> /home/matthieu/ros2_ws/install/web_control/share/web_control/web/stream/webrtc/.venv/lib/python3.12/site-packages/dns
[1.097s] copying web/stream/webrtc/.venv/lib/python3.12/site-packages/dns/py.typed -> /home/matthieu/ros2_ws/install/web_control/share/web_control/web/stream/webrtc/.venv/lib/python3.12/site-packages/dns
[1.097s] copying web/stream/webrtc/.venv/lib/python3.12/site-packages/dns/grange.py -> /home/matthieu/ros2_ws/install/web_control/share/web_control/web/stream/webrtc/.venv/lib/python3.12/site-packages/dns
[1.097s] copying web/stream/webrtc/.venv/lib/python3.12/site-packages/dns/versioned.py -> /home/matthieu/ros2_ws/install/web_control/share/web_control/web/stream/webrtc/.venv/lib/python3.12/site-packages/dns
[1.097s] copying web/stream/webrtc/.venv/lib/python3.12/site-packages/dns/rdataset.py -> /home/matthieu/ros2_ws/install/web_control/share/web_control/web/stream/webrtc/.venv/lib/python3.12/site-packages/dns
[1.097s] copying web/stream/webrtc/.venv/lib/python3.12/site-packages/dns/enum.py -> /home/matthieu/ros2_ws/install/web_control/share/web_control/web/stream/webrtc/.venv/lib/python3.12/site-packages/dns
[1.097s] copying web/stream/webrtc/.venv/lib/python3.12/site-packages/dns/btree.py -> /home/matthieu/ros2_ws/install/web_control/share/web_control/web/stream/webrtc/.venv/lib/python3.12/site-packages/dns
[1.097s] copying web/stream/webrtc/.venv/lib/python3.12/site-packages/dns/rdata.py -> /home/matthieu/ros2_ws/install/web_control/share/web_control/web/stream/webrtc/.venv/lib/python3.12/site-packages/dns
[1.097s] copying web/stream/webrtc/.venv/lib/python3.12/site-packages/dns/_trio_backend.py -> /home/matthieu/ros2_ws/install/web_control/share/web_control/web/stream/webrtc/.venv/lib/python3.12/site-packages/dns
[1.097s] copying web/stream/webrtc/.venv/lib/python3.12/site-packages/dns/reversename.py -> /home/matthieu/ros2_ws/install/web_control/share/web_control/web/stream/webrtc/.venv/lib/python3.12/site-packages/dns
[1.097s] copying web/stream/webrtc/.venv/lib/python3.12/site-packages/dns/version.py -> /home/matthieu/ros2_ws/install/web_control/share/web_control/web/stream/webrtc/.venv/lib/python3.12/site-packages/dns
[1.097s] copying web/stream/webrtc/.venv/lib/python3.12/site-packages/dns/update.py -> /home/matthieu/ros2_ws/install/web_control/share/web_control/web/stream/webrtc/.venv/lib/python3.12/site-packages/dns
[1.098s] copying web/stream/webrtc/.venv/lib/python3.12/site-packages/dns/__init__.py -> /home/matthieu/ros2_ws/install/web_control/share/web_control/web/stream/webrtc/.venv/lib/python3.12/site-packages/dns
[1.098s] creating /home/matthieu/ros2_ws/install/web_control/share/web_control/web/stream/webrtc/.venv/lib/python3.12/site-packages/dns/dnssecalgs
[1.098s] copying web/stream/webrtc/.venv/lib/python3.12/site-packages/dns/dnssecalgs/base.py -> /home/matthieu/ros2_ws/install/web_control/share/web_control/web/stream/webrtc/.venv/lib/python3.12/site-packages/dns/dnssecalgs
[1.098s] copying web/stream/webrtc/.venv/lib/python3.12/site-packages/dns/dnssecalgs/cryptography.py -> /home/matthieu/ros2_ws/install/web_control/share/web_control/web/stream/webrtc/.venv/lib/python3.12/site-packages/dns/dnssecalgs
[1.098s] copying web/stream/webrtc/.venv/lib/python3.12/site-packages/dns/dnssecalgs/ecdsa.py -> /home/matthieu/ros2_ws/install/web_control/share/web_control/web/stream/webrtc/.venv/lib/python3.12/site-packages/dns/dnssecalgs
[1.098s] copying web/stream/webrtc/.venv/lib/python3.12/site-packages/dns/dnssecalgs/eddsa.py -> /home/matthieu/ros2_ws/install/web_control/share/web_control/web/stream/webrtc/.venv/lib/python3.12/site-packages/dns/dnssecalgs
[1.098s] copying web/stream/webrtc/.venv/lib/python3.12/site-packages/dns/dnssecalgs/dsa.py -> /home/matthieu/ros2_ws/install/web_control/share/web_control/web/stream/webrtc/.venv/lib/python3.12/site-packages/dns/dnssecalgs
[1.098s] copying web/stream/webrtc/.venv/lib/python3.12/site-packages/dns/dnssecalgs/rsa.py -> /home/matthieu/ros2_ws/install/web_control/share/web_control/web/stream/webrtc/.venv/lib/python3.12/site-packages/dns/dnssecalgs
[1.098s] copying web/stream/webrtc/.venv/lib/python3.12/site-packages/dns/dnssecalgs/__init__.py -> /home/matthieu/ros2_ws/install/web_control/share/web_control/web/stream/webrtc/.venv/lib/python3.12/site-packages/dns/dnssecalgs
[1.098s] creating /home/matthieu/ros2_ws/install/web_control/share/web_control/web/stream/webrtc/.venv/lib/python3.12/site-packages/dns/dnssecalgs/__pycache__
[1.098s] copying web/stream/webrtc/.venv/lib/python3.12/site-packages/dns/dnssecalgs/__pycache__/cryptography.cpython-312.pyc -> /home/matthieu/ros2_ws/install/web_control/share/web_control/web/stream/webrtc/.venv/lib/python3.12/site-packages/dns/dnssecalgs/__pycache__
[1.098s] copying web/stream/webrtc/.venv/lib/python3.12/site-packages/dns/dnssecalgs/__pycache__/base.cpython-312.pyc -> /home/matthieu/ros2_ws/install/web_control/share/web_control/web/stream/webrtc/.venv/lib/python3.12/site-packages/dns/dnssecalgs/__pycache__
[1.098s] copying web/stream/webrtc/.venv/lib/python3.12/site-packages/dns/dnssecalgs/__pycache__/ecdsa.cpython-312.pyc -> /home/matthieu/ros2_ws/install/web_control/share/web_control/web/stream/webrtc/.venv/lib/python3.12/site-packages/dns/dnssecalgs/__pycache__
[1.098s] copying web/stream/webrtc/.venv/lib/python3.12/site-packages/dns/dnssecalgs/__pycache__/rsa.cpython-312.pyc -> /home/matthieu/ros2_ws/install/web_control/share/web_control/web/stream/webrtc/.venv/lib/python3.12/site-packages/dns/dnssecalgs/__pycache__
[1.098s] copying web/stream/webrtc/.venv/lib/python3.12/site-packages/dns/dnssecalgs/__pycache__/eddsa.cpython-312.pyc -> /home/matthieu/ros2_ws/install/web_control/share/web_control/web/stream/webrtc/.venv/lib/python3.12/site-packages/dns/dnssecalgs/__pycache__
[1.098s] copying web/stream/webrtc/.venv/lib/python3.12/site-packages/dns/dnssecalgs/__pycache__/dsa.cpython-312.pyc -> /home/matthieu/ros2_ws/install/web_control/share/web_control/web/stream/webrtc/.venv/lib/python3.12/site-packages/dns/dnssecalgs/__pycache__
[1.098s] copying web/stream/webrtc/.venv/lib/python3.12/site-packages/dns/dnssecalgs/__pycache__/__init__.cpython-312.pyc -> /home/matthieu/ros2_ws/install/web_control/share/web_control/web/stream/webrtc/.venv/lib/python3.12/site-packages/dns/dnssecalgs/__pycache__
[1.099s] creating /home/matthieu/ros2_ws/install/web_control/share/web_control/web/stream/webrtc/.venv/lib/python3.12/site-packages/dns/__pycache__
[1.099s] copying web/stream/webrtc/.venv/lib/python3.12/site-packages/dns/__pycache__/_ddr.cpython-312.pyc -> /home/matthieu/ros2_ws/install/web_control/share/web_control/web/stream/webrtc/.venv/lib/python3.12/site-packages/dns/__pycache__
[1.099s] copying web/stream/webrtc/.venv/lib/python3.12/site-packages/dns/__pycache__/asyncquery.cpython-312.pyc -> /home/matthieu/ros2_ws/install/web_control/share/web_control/web/stream/webrtc/.venv/lib/python3.12/site-packages/dns/__pycache__
[1.099s] copying web/stream/webrtc/.venv/lib/python3.12/site-packages/dns/__pycache__/rcode.cpython-312.pyc -> /home/matthieu/ros2_ws/install/web_control/share/web_control/web/stream/webrtc/.venv/lib/python3.12/site-packages/dns/__pycache__
[1.099s] copying web/stream/webrtc/.venv/lib/python3.12/site-packages/dns/__pycache__/rdataclass.cpython-312.pyc -> /home/matthieu/ros2_ws/install/web_control/share/web_control/web/stream/webrtc/.venv/lib/python3.12/site-packages/dns/__pycache__
[1.099s] copying web/stream/webrtc/.venv/lib/python3.12/site-packages/dns/__pycache__/xfr.cpython-312.pyc -> /home/matthieu/ros2_ws/install/web_control/share/web_control/web/stream/webrtc/.venv/lib/python3.12/site-packages/dns/__pycache__
[1.099s] copying web/stream/webrtc/.venv/lib/python3.12/site-packages/dns/__pycache__/entropy.cpython-312.pyc -> /home/matthieu/ros2_ws/install/web_control/share/web_control/web/stream/webrtc/.venv/lib/python3.12/site-packages/dns/__pycache__
[1.099s] copying web/stream/webrtc/.venv/lib/python3.12/site-packages/dns/__pycache__/rrset.cpython-312.pyc -> /home/matthieu/ros2_ws/install/web_control/share/web_control/web/stream/webrtc/.venv/lib/python3.12/site-packages/dns/__pycache__
[1.099s] copying web/stream/webrtc/.venv/lib/python3.12/site-packages/dns/__pycache__/transaction.cpython-312.pyc -> /home/matthieu/ros2_ws/install/web_control/share/web_control/web/stream/webrtc/.venv/lib/python3.12/site-packages/dns/__pycache__
[1.099s] copying web/stream/webrtc/.venv/lib/python3.12/site-packages/dns/__pycache__/btree.cpython-312.pyc -> /home/matthieu/ros2_ws/install/web_control/share/web_control/web/stream/webrtc/.venv/lib/python3.12/site-packages/dns/__pycache__
[1.099s] copying web/stream/webrtc/.venv/lib/python3.12/site-packages/dns/__pycache__/grange.cpython-312.pyc -> /home/matthieu/ros2_ws/install/web_control/share/web_control/web/stream/webrtc/.venv/lib/python3.12/site-packages/dns/__pycache__
[1.099s] copying web/stream/webrtc/.venv/lib/python3.12/site-packages/dns/__pycache__/_trio_backend.cpython-312.pyc -> /home/matthieu/ros2_ws/install/web_control/share/web_control/web/stream/webrtc/.venv/lib/python3.12/site-packages/dns/__pycache__
[1.099s] copying web/stream/webrtc/.venv/lib/python3.12/site-packages/dns/__pycache__/serial.cpython-312.pyc -> /home/matthieu/ros2_ws/install/web_control/share/web_control/web/stream/webrtc/.venv/lib/python3.12/site-packages/dns/__pycache__
[1.099s] copying web/stream/webrtc/.venv/lib/python3.12/site-packages/dns/__pycache__/dnssectypes.cpython-312.pyc -> /home/matthieu/ros2_ws/install/web_control/share/web_control/web/stream/webrtc/.venv/lib/python3.12/site-packages/dns/__pycache__
[1.099s] copying web/stream/webrtc/.venv/lib/python3.12/site-packages/dns/__pycache__/win32util.cpython-312.pyc -> /home/matthieu/ros2_ws/install/web_control/share/web_control/web/stream/webrtc/.venv/lib/python3.12/site-packages/dns/__pycache__
[1.099s] copying web/stream/webrtc/.venv/lib/python3.12/site-packages/dns/__pycache__/asyncresolver.cpython-312.pyc -> /home/matthieu/ros2_ws/install/web_control/share/web_control/web/stream/webrtc/.venv/lib/python3.12/site-packages/dns/__pycache__
[1.099s] copying web/stream/webrtc/.venv/lib/python3.12/site-packages/dns/__pycache__/tsig.cpython-312.pyc -> /home/matthieu/ros2_ws/install/web_control/share/web_control/web/stream/webrtc/.venv/lib/python3.12/site-packages/dns/__pycache__
[1.100s] copying web/stream/webrtc/.venv/lib/python3.12/site-packages/dns/__pycache__/name.cpython-312.pyc -> /home/matthieu/ros2_ws/install/web_control/share/web_control/web/stream/webrtc/.venv/lib/python3.12/site-packages/dns/__pycache__
[1.100s] copying web/stream/webrtc/.venv/lib/python3.12/site-packages/dns/__pycache__/query.cpython-312.pyc -> /home/matthieu/ros2_ws/install/web_control/share/web_control/web/stream/webrtc/.venv/lib/python3.12/site-packages/dns/__pycache__
[1.100s] copying web/stream/webrtc/.venv/lib/python3.12/site-packages/dns/__pycache__/message.cpython-312.pyc -> /home/matthieu/ros2_ws/install/web_control/share/web_control/web/stream/webrtc/.venv/lib/python3.12/site-packages/dns/__pycache__
[1.100s] copying web/stream/webrtc/.venv/lib/python3.12/site-packages/dns/__pycache__/dnssec.cpython-312.pyc -> /home/matthieu/ros2_ws/install/web_control/share/web_control/web/stream/webrtc/.venv/lib/python3.12/site-packages/dns/__pycache__
[1.100s] copying web/stream/webrtc/.venv/lib/python3.12/site-packages/dns/__pycache__/ttl.cpython-312.pyc -> /home/matthieu/ros2_ws/install/web_control/share/web_control/web/stream/webrtc/.venv/lib/python3.12/site-packages/dns/__pycache__
[1.100s] copying web/stream/webrtc/.venv/lib/python3.12/site-packages/dns/__pycache__/resolver.cpython-312.pyc -> /home/matthieu/ros2_ws/install/web_control/share/web_control/web/stream/webrtc/.venv/lib/python3.12/site-packages/dns/__pycache__
[1.100s] copying web/stream/webrtc/.venv/lib/python3.12/site-packages/dns/__pycache__/edns.cpython-312.pyc -> /home/matthieu/ros2_ws/install/web_control/share/web_control/web/stream/webrtc/.venv/lib/python3.12/site-packages/dns/__pycache__
[1.100s] copying web/stream/webrtc/.venv/lib/python3.12/site-packages/dns/__pycache__/namedict.cpython-312.pyc -> /home/matthieu/ros2_ws/install/web_control/share/web_control/web/stream/webrtc/.venv/lib/python3.12/site-packages/dns/__pycache__
[1.100s] copying web/stream/webrtc/.venv/lib/python3.12/site-packages/dns/__pycache__/rdatatype.cpython-312.pyc -> /home/matthieu/ros2_ws/install/web_control/share/web_control/web/stream/webrtc/.venv/lib/python3.12/site-packages/dns/__pycache__
[1.100s] copying web/stream/webrtc/.venv/lib/python3.12/site-packages/dns/__pycache__/set.cpython-312.pyc -> /home/matthieu/ros2_ws/install/web_control/share/web_control/web/stream/webrtc/.venv/lib/python3.12/site-packages/dns/__pycache__
[1.100s] copying web/stream/webrtc/.venv/lib/python3.12/site-packages/dns/__pycache__/version.cpython-312.pyc -> /home/matthieu/ros2_ws/install/web_control/share/web_control/web/stream/webrtc/.venv/lib/python3.12/site-packages/dns/__pycache__
[1.100s] copying web/stream/webrtc/.venv/lib/python3.12/site-packages/dns/__pycache__/_asyncio_backend.cpython-312.pyc -> /home/matthieu/ros2_ws/install/web_control/share/web_control/web/stream/webrtc/.venv/lib/python3.12/site-packages/dns/__pycache__
[1.100s] copying web/stream/webrtc/.venv/lib/python3.12/site-packages/dns/__pycache__/e164.cpython-312.pyc -> /home/matthieu/ros2_ws/install/web_control/share/web_control/web/stream/webrtc/.venv/lib/python3.12/site-packages/dns/__pycache__
[1.100s] copying web/stream/webrtc/.venv/lib/python3.12/site-packages/dns/__pycache__/tsigkeyring.cpython-312.pyc -> /home/matthieu/ros2_ws/install/web_control/share/web_control/web/stream/webrtc/.venv/lib/python3.12/site-packages/dns/__pycache__
[1.101s] copying web/stream/webrtc/.venv/lib/python3.12/site-packages/dns/__pycache__/tokenizer.cpython-312.pyc -> /home/matthieu/ros2_ws/install/web_control/share/web_control/web/stream/webrtc/.venv/lib/python3.12/site-packages/dns/__pycache__
[1.101s] copying web/stream/webrtc/.venv/lib/python3.12/site-packages/dns/__pycache__/_tls_util.cpython-312.pyc -> /home/matthieu/ros2_ws/install/web_control/share/web_control/web/stream/webrtc/.venv/lib/python3.12/site-packages/dns/__pycache__
[1.101s] copying web/stream/webrtc/.venv/lib/python3.12/site-packages/dns/__pycache__/ipv4.cpython-312.pyc -> /home/matthieu/ros2_ws/install/web_control/share/web_control/web/stream/webrtc/.venv/lib/python3.12/site-packages/dns/__pycache__
[1.101s] copying web/stream/webrtc/.venv/lib/python3.12/site-packages/dns/__pycache__/_no_ssl.cpython-312.pyc -> /home/matthieu/ros2_ws/install/web_control/share/web_control/web/stream/webrtc/.venv/lib/python3.12/site-packages/dns/__pycache__
[1.101s] copying web/stream/webrtc/.venv/lib/python3.12/site-packages/dns/__pycache__/exception.cpython-312.pyc -> /home/matthieu/ros2_ws/install/web_control/share/web_control/web/stream/webrtc/.venv/lib/python3.12/site-packages/dns/__pycache__
[1.101s] copying web/stream/webrtc/.venv/lib/python3.12/site-packages/dns/__pycache__/_immutable_ctx.cpython-312.pyc -> /home/matthieu/ros2_ws/install/web_control/share/web_control/web/stream/webrtc/.venv/lib/python3.12/site-packages/dns/__pycache__
[1.101s] copying web/stream/webrtc/.venv/lib/python3.12/site-packages/dns/__pycache__/inet.cpython-312.pyc -> /home/matthieu/ros2_ws/install/web_control/share/web_control/web/stream/webrtc/.venv/lib/python3.12/site-packages/dns/__pycache__
[1.101s] copying web/stream/webrtc/.venv/lib/python3.12/site-packages/dns/__pycache__/reversename.cpython-312.pyc -> /home/matthieu/ros2_ws/install/web_control/share/web_control/web/stream/webrtc/.venv/lib/python3.12/site-packages/dns/__pycache__
[1.101s] copying web/stream/webrtc/.venv/lib/python3.12/site-packages/dns/__pycache__/_asyncbackend.cpython-312.pyc -> /home/matthieu/ros2_ws/install/web_control/share/web_control/web/stream/webrtc/.venv/lib/python3.12/site-packages/dns/__pycache__
[1.101s] copying web/stream/webrtc/.venv/lib/python3.12/site-packages/dns/__pycache__/renderer.cpython-312.pyc -> /home/matthieu/ros2_ws/install/web_control/share/web_control/web/stream/webrtc/.venv/lib/python3.12/site-packages/dns/__pycache__
[1.101s] copying web/stream/webrtc/.venv/lib/python3.12/site-packages/dns/__pycache__/nameserver.cpython-312.pyc -> /home/matthieu/ros2_ws/install/web_control/share/web_control/web/stream/webrtc/.venv/lib/python3.12/site-packages/dns/__pycache__
[1.101s] copying web/stream/webrtc/.venv/lib/python3.12/site-packages/dns/__pycache__/immutable.cpython-312.pyc -> /home/matthieu/ros2_ws/install/web_control/share/web_control/web/stream/webrtc/.venv/lib/python3.12/site-packages/dns/__pycache__
[1.101s] copying web/stream/webrtc/.venv/lib/python3.12/site-packages/dns/__pycache__/opcode.cpython-312.pyc -> /home/matthieu/ros2_ws/install/web_control/share/web_control/web/stream/webrtc/.venv/lib/python3.12/site-packages/dns/__pycache__
[1.101s] copying web/stream/webrtc/.venv/lib/python3.12/site-packages/dns/__pycache__/update.cpython-312.pyc -> /home/matthieu/ros2_ws/install/web_control/share/web_control/web/stream/webrtc/.venv/lib/python3.12/site-packages/dns/__pycache__
[1.101s] copying web/stream/webrtc/.venv/lib/python3.12/site-packages/dns/__pycache__/wire.cpython-312.pyc -> /home/matthieu/ros2_ws/install/web_control/share/web_control/web/stream/webrtc/.venv/lib/python3.12/site-packages/dns/__pycache__
[1.101s] copying web/stream/webrtc/.venv/lib/python3.12/site-packages/dns/__pycache__/zone.cpython-312.pyc -> /home/matthieu/ros2_ws/install/web_control/share/web_control/web/stream/webrtc/.venv/lib/python3.12/site-packages/dns/__pycache__
[1.102s] copying web/stream/webrtc/.venv/lib/python3.12/site-packages/dns/__pycache__/_features.cpython-312.pyc -> /home/matthieu/ros2_ws/install/web_control/share/web_control/web/stream/webrtc/.venv/lib/python3.12/site-packages/dns/__pycache__
[1.102s] copying web/stream/webrtc/.venv/lib/python3.12/site-packages/dns/__pycache__/zonetypes.cpython-312.pyc -> /home/matthieu/ros2_ws/install/web_control/share/web_control/web/stream/webrtc/.venv/lib/python3.12/site-packages/dns/__pycache__
[1.102s] copying web/stream/webrtc/.venv/lib/python3.12/site-packages/dns/__pycache__/asyncbackend.cpython-312.pyc -> /home/matthieu/ros2_ws/install/web_control/share/web_control/web/stream/webrtc/.venv/lib/python3.12/site-packages/dns/__pycache__
[1.102s] copying web/stream/webrtc/.venv/lib/python3.12/site-packages/dns/__pycache__/flags.cpython-312.pyc -> /home/matthieu/ros2_ws/install/web_control/share/web_control/web/stream/webrtc/.venv/lib/python3.12/site-packages/dns/__pycache__
[1.102s] copying web/stream/webrtc/.venv/lib/python3.12/site-packages/dns/__pycache__/__init__.cpython-312.pyc -> /home/matthieu/ros2_ws/install/web_control/share/web_control/web/stream/webrtc/.venv/lib/python3.12/site-packages/dns/__pycache__
[1.102s] copying web/stream/webrtc/.venv/lib/python3.12/site-packages/dns/__pycache__/ipv6.cpython-312.pyc -> /home/matthieu/ros2_ws/install/web_control/share/web_control/web/stream/webrtc/.venv/lib/python3.12/site-packages/dns/__pycache__
[1.102s] copying web/stream/webrtc/.venv/lib/python3.12/site-packages/dns/__pycache__/btreezone.cpython-312.pyc -> /home/matthieu/ros2_ws/install/web_control/share/web_control/web/stream/webrtc/.venv/lib/python3.12/site-packages/dns/__pycache__
[1.102s] copying web/stream/webrtc/.venv/lib/python3.12/site-packages/dns/__pycache__/node.cpython-312.pyc -> /home/matthieu/ros2_ws/install/web_control/share/web_control/web/stream/webrtc/.venv/lib/python3.12/site-packages/dns/__pycache__
[1.102s] copying web/stream/webrtc/.venv/lib/python3.12/site-packages/dns/__pycache__/rdataset.cpython-312.pyc -> /home/matthieu/ros2_ws/install/web_control/share/web_control/web/stream/webrtc/.venv/lib/python3.12/site-packages/dns/__pycache__
[1.102s] copying web/stream/webrtc/.venv/lib/python3.12/site-packages/dns/__pycache__/zonefile.cpython-312.pyc -> /home/matthieu/ros2_ws/install/web_control/share/web_control/web/stream/webrtc/.venv/lib/python3.12/site-packages/dns/__pycache__
[1.102s] copying web/stream/webrtc/.venv/lib/python3.12/site-packages/dns/__pycache__/versioned.cpython-312.pyc -> /home/matthieu/ros2_ws/install/web_control/share/web_control/web/stream/webrtc/.venv/lib/python3.12/site-packages/dns/__pycache__
[1.102s] copying web/stream/webrtc/.venv/lib/python3.12/site-packages/dns/__pycache__/rdata.cpython-312.pyc -> /home/matthieu/ros2_ws/install/web_control/share/web_control/web/stream/webrtc/.venv/lib/python3.12/site-packages/dns/__pycache__
[1.102s] copying web/stream/webrtc/.venv/lib/python3.12/site-packages/dns/__pycache__/enum.cpython-312.pyc -> /home/matthieu/ros2_ws/install/web_control/share/web_control/web/stream/webrtc/.venv/lib/python3.12/site-packages/dns/__pycache__
[1.102s] creating /home/matthieu/ros2_ws/install/web_control/share/web_control/web/stream/webrtc/.venv/lib/python3.12/site-packages/dns/quic
[1.102s] copying web/stream/webrtc/.venv/lib/python3.12/site-packages/dns/quic/_asyncio.py -> /home/matthieu/ros2_ws/install/web_control/share/web_control/web/stream/webrtc/.venv/lib/python3.12/site-packages/dns/quic
[1.102s] copying web/stream/webrtc/.venv/lib/python3.12/site-packages/dns/quic/_trio.py -> /home/matthieu/ros2_ws/install/web_control/share/web_control/web/stream/webrtc/.venv/lib/python3.12/site-packages/dns/quic
[1.102s] copying web/stream/webrtc/.venv/lib/python3.12/site-packages/dns/quic/_common.py -> /home/matthieu/ros2_ws/install/web_control/share/web_control/web/stream/webrtc/.venv/lib/python3.12/site-packages/dns/quic
[1.103s] copying web/stream/webrtc/.venv/lib/python3.12/site-packages/dns/quic/_sync.py -> /home/matthieu/ros2_ws/install/web_control/share/web_control/web/stream/webrtc/.venv/lib/python3.12/site-packages/dns/quic
[1.103s] copying web/stream/webrtc/.venv/lib/python3.12/site-packages/dns/quic/__init__.py -> /home/matthieu/ros2_ws/install/web_control/share/web_control/web/stream/webrtc/.venv/lib/python3.12/site-packages/dns/quic
[1.103s] creating /home/matthieu/ros2_ws/install/web_control/share/web_control/web/stream/webrtc/.venv/lib/python3.12/site-packages/dns/quic/__pycache__
[1.103s] copying web/stream/webrtc/.venv/lib/python3.12/site-packages/dns/quic/__pycache__/_sync.cpython-312.pyc -> /home/matthieu/ros2_ws/install/web_control/share/web_control/web/stream/webrtc/.venv/lib/python3.12/site-packages/dns/quic/__pycache__
[1.103s] copying web/stream/webrtc/.venv/lib/python3.12/site-packages/dns/quic/__pycache__/_trio.cpython-312.pyc -> /home/matthieu/ros2_ws/install/web_control/share/web_control/web/stream/webrtc/.venv/lib/python3.12/site-packages/dns/quic/__pycache__
[1.103s] copying web/stream/webrtc/.venv/lib/python3.12/site-packages/dns/quic/__pycache__/_common.cpython-312.pyc -> /home/matthieu/ros2_ws/install/web_control/share/web_control/web/stream/webrtc/.venv/lib/python3.12/site-packages/dns/quic/__pycache__
[1.103s] copying web/stream/webrtc/.venv/lib/python3.12/site-packages/dns/quic/__pycache__/__init__.cpython-312.pyc -> /home/matthieu/ros2_ws/install/web_control/share/web_control/web/stream/webrtc/.venv/lib/python3.12/site-packages/dns/quic/__pycache__
[1.103s] copying web/stream/webrtc/.venv/lib/python3.12/site-packages/dns/quic/__pycache__/_asyncio.cpython-312.pyc -> /home/matthieu/ros2_ws/install/web_control/share/web_control/web/stream/webrtc/.venv/lib/python3.12/site-packages/dns/quic/__pycache__
[1.103s] creating /home/matthieu/ros2_ws/install/web_control/share/web_control/web/stream/webrtc/.venv/lib/python3.12/site-packages/dns/rdtypes
[1.103s] copying web/stream/webrtc/.venv/lib/python3.12/site-packages/dns/rdtypes/nsbase.py -> /home/matthieu/ros2_ws/install/web_control/share/web_control/web/stream/webrtc/.venv/lib/python3.12/site-packages/dns/rdtypes
[1.103s] copying web/stream/webrtc/.venv/lib/python3.12/site-packages/dns/rdtypes/util.py -> /home/matthieu/ros2_ws/install/web_control/share/web_control/web/stream/webrtc/.venv/lib/python3.12/site-packages/dns/rdtypes
[1.103s] copying web/stream/webrtc/.venv/lib/python3.12/site-packages/dns/rdtypes/svcbbase.py -> /home/matthieu/ros2_ws/install/web_control/share/web_control/web/stream/webrtc/.venv/lib/python3.12/site-packages/dns/rdtypes
[1.103s] copying web/stream/webrtc/.venv/lib/python3.12/site-packages/dns/rdtypes/euibase.py -> /home/matthieu/ros2_ws/install/web_control/share/web_control/web/stream/webrtc/.venv/lib/python3.12/site-packages/dns/rdtypes
[1.103s] copying web/stream/webrtc/.venv/lib/python3.12/site-packages/dns/rdtypes/mxbase.py -> /home/matthieu/ros2_ws/install/web_control/share/web_control/web/stream/webrtc/.venv/lib/python3.12/site-packages/dns/rdtypes
[1.103s] copying web/stream/webrtc/.venv/lib/python3.12/site-packages/dns/rdtypes/dnskeybase.py -> /home/matthieu/ros2_ws/install/web_control/share/web_control/web/stream/webrtc/.venv/lib/python3.12/site-packages/dns/rdtypes
[1.103s] copying web/stream/webrtc/.venv/lib/python3.12/site-packages/dns/rdtypes/dsbase.py -> /home/matthieu/ros2_ws/install/web_control/share/web_control/web/stream/webrtc/.venv/lib/python3.12/site-packages/dns/rdtypes
[1.104s] copying web/stream/webrtc/.venv/lib/python3.12/site-packages/dns/rdtypes/tlsabase.py -> /home/matthieu/ros2_ws/install/web_control/share/web_control/web/stream/webrtc/.venv/lib/python3.12/site-packages/dns/rdtypes
[1.104s] copying web/stream/webrtc/.venv/lib/python3.12/site-packages/dns/rdtypes/__init__.py -> /home/matthieu/ros2_ws/install/web_control/share/web_control/web/stream/webrtc/.venv/lib/python3.12/site-packages/dns/rdtypes
[1.104s] copying web/stream/webrtc/.venv/lib/python3.12/site-packages/dns/rdtypes/txtbase.py -> /home/matthieu/ros2_ws/install/web_control/share/web_control/web/stream/webrtc/.venv/lib/python3.12/site-packages/dns/rdtypes
[1.104s] creating /home/matthieu/ros2_ws/install/web_control/share/web_control/web/stream/webrtc/.venv/lib/python3.12/site-packages/dns/rdtypes/IN
[1.104s] copying web/stream/webrtc/.venv/lib/python3.12/site-packages/dns/rdtypes/IN/AAAA.py -> /home/matthieu/ros2_ws/install/web_control/share/web_control/web/stream/webrtc/.venv/lib/python3.12/site-packages/dns/rdtypes/IN
[1.104s] copying web/stream/webrtc/.venv/lib/python3.12/site-packages/dns/rdtypes/IN/WKS.py -> /home/matthieu/ros2_ws/install/web_control/share/web_control/web/stream/webrtc/.venv/lib/python3.12/site-packages/dns/rdtypes/IN
[1.104s] copying web/stream/webrtc/.venv/lib/python3.12/site-packages/dns/rdtypes/IN/SVCB.py -> /home/matthieu/ros2_ws/install/web_control/share/web_control/web/stream/webrtc/.venv/lib/python3.12/site-packages/dns/rdtypes/IN
[1.104s] copying web/stream/webrtc/.venv/lib/python3.12/site-packages/dns/rdtypes/IN/NSAP_PTR.py -> /home/matthieu/ros2_ws/install/web_control/share/web_control/web/stream/webrtc/.venv/lib/python3.12/site-packages/dns/rdtypes/IN
[1.104s] copying web/stream/webrtc/.venv/lib/python3.12/site-packages/dns/rdtypes/IN/NSAP.py -> /home/matthieu/ros2_ws/install/web_control/share/web_control/web/stream/webrtc/.venv/lib/python3.12/site-packages/dns/rdtypes/IN
[1.104s] copying web/stream/webrtc/.venv/lib/python3.12/site-packages/dns/rdtypes/IN/A.py -> /home/matthieu/ros2_ws/install/web_control/share/web_control/web/stream/webrtc/.venv/lib/python3.12/site-packages/dns/rdtypes/IN
[1.104s] copying web/stream/webrtc/.venv/lib/python3.12/site-packages/dns/rdtypes/IN/KX.py -> /home/matthieu/ros2_ws/install/web_control/share/web_control/web/stream/webrtc/.venv/lib/python3.12/site-packages/dns/rdtypes/IN
[1.104s] copying web/stream/webrtc/.venv/lib/python3.12/site-packages/dns/rdtypes/IN/DHCID.py -> /home/matthieu/ros2_ws/install/web_control/share/web_control/web/stream/webrtc/.venv/lib/python3.12/site-packages/dns/rdtypes/IN
[1.104s] copying web/stream/webrtc/.venv/lib/python3.12/site-packages/dns/rdtypes/IN/PX.py -> /home/matthieu/ros2_ws/install/web_control/share/web_control/web/stream/webrtc/.venv/lib/python3.12/site-packages/dns/rdtypes/IN
[1.104s] copying web/stream/webrtc/.venv/lib/python3.12/site-packages/dns/rdtypes/IN/NAPTR.py -> /home/matthieu/ros2_ws/install/web_control/share/web_control/web/stream/webrtc/.venv/lib/python3.12/site-packages/dns/rdtypes/IN
[1.104s] copying web/stream/webrtc/.venv/lib/python3.12/site-packages/dns/rdtypes/IN/HTTPS.py -> /home/matthieu/ros2_ws/install/web_control/share/web_control/web/stream/webrtc/.venv/lib/python3.12/site-packages/dns/rdtypes/IN
[1.104s] copying web/stream/webrtc/.venv/lib/python3.12/site-packages/dns/rdtypes/IN/APL.py -> /home/matthieu/ros2_ws/install/web_control/share/web_control/web/stream/webrtc/.venv/lib/python3.12/site-packages/dns/rdtypes/IN
[1.104s] copying web/stream/webrtc/.venv/lib/python3.12/site-packages/dns/rdtypes/IN/IPSECKEY.py -> /home/matthieu/ros2_ws/install/web_control/share/web_control/web/stream/webrtc/.venv/lib/python3.12/site-packages/dns/rdtypes/IN
[1.105s] copying web/stream/webrtc/.venv/lib/python3.12/site-packages/dns/rdtypes/IN/SRV.py -> /home/matthieu/ros2_ws/install/web_control/share/web_control/web/stream/webrtc/.venv/lib/python3.12/site-packages/dns/rdtypes/IN
[1.105s] copying web/stream/webrtc/.venv/lib/python3.12/site-packages/dns/rdtypes/IN/__init__.py -> /home/matthieu/ros2_ws/install/web_control/share/web_control/web/stream/webrtc/.venv/lib/python3.12/site-packages/dns/rdtypes/IN
[1.105s] creating /home/matthieu/ros2_ws/install/web_control/share/web_control/web/stream/webrtc/.venv/lib/python3.12/site-packages/dns/rdtypes/IN/__pycache__
[1.105s] copying web/stream/webrtc/.venv/lib/python3.12/site-packages/dns/rdtypes/IN/__pycache__/A.cpython-312.pyc -> /home/matthieu/ros2_ws/install/web_control/share/web_control/web/stream/webrtc/.venv/lib/python3.12/site-packages/dns/rdtypes/IN/__pycache__
[1.105s] copying web/stream/webrtc/.venv/lib/python3.12/site-packages/dns/rdtypes/IN/__pycache__/IPSECKEY.cpython-312.pyc -> /home/matthieu/ros2_ws/install/web_control/share/web_control/web/stream/webrtc/.venv/lib/python3.12/site-packages/dns/rdtypes/IN/__pycache__
[1.105s] copying web/stream/webrtc/.venv/lib/python3.12/site-packages/dns/rdtypes/IN/__pycache__/NSAP.cpython-312.pyc -> /home/matthieu/ros2_ws/install/web_control/share/web_control/web/stream/webrtc/.venv/lib/python3.12/site-packages/dns/rdtypes/IN/__pycache__
[1.105s] copying web/stream/webrtc/.venv/lib/python3.12/site-packages/dns/rdtypes/IN/__pycache__/NSAP_PTR.cpython-312.pyc -> /home/matthieu/ros2_ws/install/web_control/share/web_control/web/stream/webrtc/.venv/lib/python3.12/site-packages/dns/rdtypes/IN/__pycache__
[1.105s] copying web/stream/webrtc/.venv/lib/python3.12/site-packages/dns/rdtypes/IN/__pycache__/KX.cpython-312.pyc -> /home/matthieu/ros2_ws/install/web_control/share/web_control/web/stream/webrtc/.venv/lib/python3.12/site-packages/dns/rdtypes/IN/__pycache__
[1.105s] copying web/stream/webrtc/.venv/lib/python3.12/site-packages/dns/rdtypes/IN/__pycache__/AAAA.cpython-312.pyc -> /home/matthieu/ros2_ws/install/web_control/share/web_control/web/stream/webrtc/.venv/lib/python3.12/site-packages/dns/rdtypes/IN/__pycache__
[1.105s] copying web/stream/webrtc/.venv/lib/python3.12/site-packages/dns/rdtypes/IN/__pycache__/WKS.cpython-312.pyc -> /home/matthieu/ros2_ws/install/web_control/share/web_control/web/stream/webrtc/.venv/lib/python3.12/site-packages/dns/rdtypes/IN/__pycache__
[1.105s] copying web/stream/webrtc/.venv/lib/python3.12/site-packages/dns/rdtypes/IN/__pycache__/NAPTR.cpython-312.pyc -> /home/matthieu/ros2_ws/install/web_control/share/web_control/web/stream/webrtc/.venv/lib/python3.12/site-packages/dns/rdtypes/IN/__pycache__
[1.105s] copying web/stream/webrtc/.venv/lib/python3.12/site-packages/dns/rdtypes/IN/__pycache__/PX.cpython-312.pyc -> /home/matthieu/ros2_ws/install/web_control/share/web_control/web/stream/webrtc/.venv/lib/python3.12/site-packages/dns/rdtypes/IN/__pycache__
[1.105s] copying web/stream/webrtc/.venv/lib/python3.12/site-packages/dns/rdtypes/IN/__pycache__/HTTPS.cpython-312.pyc -> /home/matthieu/ros2_ws/install/web_control/share/web_control/web/stream/webrtc/.venv/lib/python3.12/site-packages/dns/rdtypes/IN/__pycache__
[1.105s] copying web/stream/webrtc/.venv/lib/python3.12/site-packages/dns/rdtypes/IN/__pycache__/DHCID.cpython-312.pyc -> /home/matthieu/ros2_ws/install/web_control/share/web_control/web/stream/webrtc/.venv/lib/python3.12/site-packages/dns/rdtypes/IN/__pycache__
[1.105s] copying web/stream/webrtc/.venv/lib/python3.12/site-packages/dns/rdtypes/IN/__pycache__/__init__.cpython-312.pyc -> /home/matthieu/ros2_ws/install/web_control/share/web_control/web/stream/webrtc/.venv/lib/python3.12/site-packages/dns/rdtypes/IN/__pycache__
[1.105s] copying web/stream/webrtc/.venv/lib/python3.12/site-packages/dns/rdtypes/IN/__pycache__/SRV.cpython-312.pyc -> /home/matthieu/ros2_ws/install/web_control/share/web_control/web/stream/webrtc/.venv/lib/python3.12/site-packages/dns/rdtypes/IN/__pycache__
[1.105s] copying web/stream/webrtc/.venv/lib/python3.12/site-packages/dns/rdtypes/IN/__pycache__/APL.cpython-312.pyc -> /home/matthieu/ros2_ws/install/web_control/share/web_control/web/stream/webrtc/.venv/lib/python3.12/site-packages/dns/rdtypes/IN/__pycache__
[1.105s] copying web/stream/webrtc/.venv/lib/python3.12/site-packages/dns/rdtypes/IN/__pycache__/SVCB.cpython-312.pyc -> /home/matthieu/ros2_ws/install/web_control/share/web_control/web/stream/webrtc/.venv/lib/python3.12/site-packages/dns/rdtypes/IN/__pycache__
[1.106s] creating /home/matthieu/ros2_ws/install/web_control/share/web_control/web/stream/webrtc/.venv/lib/python3.12/site-packages/dns/rdtypes/__pycache__
[1.106s] copying web/stream/webrtc/.venv/lib/python3.12/site-packages/dns/rdtypes/__pycache__/euibase.cpython-312.pyc -> /home/matthieu/ros2_ws/install/web_control/share/web_control/web/stream/webrtc/.venv/lib/python3.12/site-packages/dns/rdtypes/__pycache__
[1.106s] copying web/stream/webrtc/.venv/lib/python3.12/site-packages/dns/rdtypes/__pycache__/txtbase.cpython-312.pyc -> /home/matthieu/ros2_ws/install/web_control/share/web_control/web/stream/webrtc/.venv/lib/python3.12/site-packages/dns/rdtypes/__pycache__
[1.106s] copying web/stream/webrtc/.venv/lib/python3.12/site-packages/dns/rdtypes/__pycache__/dnskeybase.cpython-312.pyc -> /home/matthieu/ros2_ws/install/web_control/share/web_control/web/stream/webrtc/.venv/lib/python3.12/site-packages/dns/rdtypes/__pycache__
[1.106s] copying web/stream/webrtc/.venv/lib/python3.12/site-packages/dns/rdtypes/__pycache__/svcbbase.cpython-312.pyc -> /home/matthieu/ros2_ws/install/web_control/share/web_control/web/stream/webrtc/.venv/lib/python3.12/site-packages/dns/rdtypes/__pycache__
[1.106s] copying web/stream/webrtc/.venv/lib/python3.12/site-packages/dns/rdtypes/__pycache__/mxbase.cpython-312.pyc -> /home/matthieu/ros2_ws/install/web_control/share/web_control/web/stream/webrtc/.venv/lib/python3.12/site-packages/dns/rdtypes/__pycache__
[1.106s] copying web/stream/webrtc/.venv/lib/python3.12/site-packages/dns/rdtypes/__pycache__/tlsabase.cpython-312.pyc -> /home/matthieu/ros2_ws/install/web_control/share/web_control/web/stream/webrtc/.venv/lib/python3.12/site-packages/dns/rdtypes/__pycache__
[1.106s] copying web/stream/webrtc/.venv/lib/python3.12/site-packages/dns/rdtypes/__pycache__/dsbase.cpython-312.pyc -> /home/matthieu/ros2_ws/install/web_control/share/web_control/web/stream/webrtc/.venv/lib/python3.12/site-packages/dns/rdtypes/__pycache__
[1.106s] copying web/stream/webrtc/.venv/lib/python3.12/site-packages/dns/rdtypes/__pycache__/nsbase.cpython-312.pyc -> /home/matthieu/ros2_ws/install/web_control/share/web_control/web/stream/webrtc/.venv/lib/python3.12/site-packages/dns/rdtypes/__pycache__
[1.106s] copying web/stream/webrtc/.venv/lib/python3.12/site-packages/dns/rdtypes/__pycache__/util.cpython-312.pyc -> /home/matthieu/ros2_ws/install/web_control/share/web_control/web/stream/webrtc/.venv/lib/python3.12/site-packages/dns/rdtypes/__pycache__
[1.106s] copying web/stream/webrtc/.venv/lib/python3.12/site-packages/dns/rdtypes/__pycache__/__init__.cpython-312.pyc -> /home/matthieu/ros2_ws/install/web_control/share/web_control/web/stream/webrtc/.venv/lib/python3.12/site-packages/dns/rdtypes/__pycache__
[1.106s] creating /home/matthieu/ros2_ws/install/web_control/share/web_control/web/stream/webrtc/.venv/lib/python3.12/site-packages/dns/rdtypes/ANY
[1.106s] copying web/stream/webrtc/.venv/lib/python3.12/site-packages/dns/rdtypes/ANY/L64.py -> /home/matthieu/ros2_ws/install/web_control/share/web_control/web/stream/webrtc/.venv/lib/python3.12/site-packages/dns/rdtypes/ANY
[1.106s] copying web/stream/webrtc/.venv/lib/python3.12/site-packages/dns/rdtypes/ANY/CSYNC.py -> /home/matthieu/ros2_ws/install/web_control/share/web_control/web/stream/webrtc/.venv/lib/python3.12/site-packages/dns/rdtypes/ANY
[1.106s] copying web/stream/webrtc/.venv/lib/python3.12/site-packages/dns/rdtypes/ANY/WALLET.py -> /home/matthieu/ros2_ws/install/web_control/share/web_control/web/stream/webrtc/.venv/lib/python3.12/site-packages/dns/rdtypes/ANY
[1.106s] copying web/stream/webrtc/.venv/lib/python3.12/site-packages/dns/rdtypes/ANY/CNAME.py -> /home/matthieu/ros2_ws/install/web_control/share/web_control/web/stream/webrtc/.venv/lib/python3.12/site-packages/dns/rdtypes/ANY
[1.106s] copying web/stream/webrtc/.venv/lib/python3.12/site-packages/dns/rdtypes/ANY/SOA.py -> /home/matthieu/ros2_ws/install/web_control/share/web_control/web/stream/webrtc/.venv/lib/python3.12/site-packages/dns/rdtypes/ANY
[1.106s] copying web/stream/webrtc/.venv/lib/python3.12/site-packages/dns/rdtypes/ANY/DS.py -> /home/matthieu/ros2_ws/install/web_control/share/web_control/web/stream/webrtc/.venv/lib/python3.12/site-packages/dns/rdtypes/ANY
[1.106s] copying web/stream/webrtc/.venv/lib/python3.12/site-packages/dns/rdtypes/ANY/SSHFP.py -> /home/matthieu/ros2_ws/install/web_control/share/web_control/web/stream/webrtc/.venv/lib/python3.12/site-packages/dns/rdtypes/ANY
[1.107s] copying web/stream/webrtc/.venv/lib/python3.12/site-packages/dns/rdtypes/ANY/CDNSKEY.py -> /home/matthieu/ros2_ws/install/web_control/share/web_control/web/stream/webrtc/.venv/lib/python3.12/site-packages/dns/rdtypes/ANY
[1.107s] copying web/stream/webrtc/.venv/lib/python3.12/site-packages/dns/rdtypes/ANY/TLSA.py -> /home/matthieu/ros2_ws/install/web_control/share/web_control/web/stream/webrtc/.venv/lib/python3.12/site-packages/dns/rdtypes/ANY
[1.107s] copying web/stream/webrtc/.venv/lib/python3.12/site-packages/dns/rdtypes/ANY/OPENPGPKEY.py -> /home/matthieu/ros2_ws/install/web_control/share/web_control/web/stream/webrtc/.venv/lib/python3.12/site-packages/dns/rdtypes/ANY
[1.107s] copying web/stream/webrtc/.venv/lib/python3.12/site-packages/dns/rdtypes/ANY/URI.py -> /home/matthieu/ros2_ws/install/web_control/share/web_control/web/stream/webrtc/.venv/lib/python3.12/site-packages/dns/rdtypes/ANY
[1.107s] copying web/stream/webrtc/.venv/lib/python3.12/site-packages/dns/rdtypes/ANY/X25.py -> /home/matthieu/ros2_ws/install/web_control/share/web_control/web/stream/webrtc/.venv/lib/python3.12/site-packages/dns/rdtypes/ANY
[1.107s] copying web/stream/webrtc/.venv/lib/python3.12/site-packages/dns/rdtypes/ANY/RP.py -> /home/matthieu/ros2_ws/install/web_control/share/web_control/web/stream/webrtc/.venv/lib/python3.12/site-packages/dns/rdtypes/ANY
[1.107s] copying web/stream/webrtc/.venv/lib/python3.12/site-packages/dns/rdtypes/ANY/CAA.py -> /home/matthieu/ros2_ws/install/web_control/share/web_control/web/stream/webrtc/.venv/lib/python3.12/site-packages/dns/rdtypes/ANY
[1.107s] copying web/stream/webrtc/.venv/lib/python3.12/site-packages/dns/rdtypes/ANY/EUI48.py -> /home/matthieu/ros2_ws/install/web_control/share/web_control/web/stream/webrtc/.venv/lib/python3.12/site-packages/dns/rdtypes/ANY
[1.107s] copying web/stream/webrtc/.venv/lib/python3.12/site-packages/dns/rdtypes/ANY/CERT.py -> /home/matthieu/ros2_ws/install/web_control/share/web_control/web/stream/webrtc/.venv/lib/python3.12/site-packages/dns/rdtypes/ANY
[1.107s] copying web/stream/webrtc/.venv/lib/python3.12/site-packages/dns/rdtypes/ANY/TKEY.py -> /home/matthieu/ros2_ws/install/web_control/share/web_control/web/stream/webrtc/.venv/lib/python3.12/site-packages/dns/rdtypes/ANY
[1.107s] copying web/stream/webrtc/.venv/lib/python3.12/site-packages/dns/rdtypes/ANY/ISDN.py -> /home/matthieu/ros2_ws/install/web_control/share/web_control/web/stream/webrtc/.venv/lib/python3.12/site-packages/dns/rdtypes/ANY
[1.107s] copying web/stream/webrtc/.venv/lib/python3.12/site-packages/dns/rdtypes/ANY/PTR.py -> /home/matthieu/ros2_ws/install/web_control/share/web_control/web/stream/webrtc/.venv/lib/python3.12/site-packages/dns/rdtypes/ANY
[1.107s] copying web/stream/webrtc/.venv/lib/python3.12/site-packages/dns/rdtypes/ANY/CDS.py -> /home/matthieu/ros2_ws/install/web_control/share/web_control/web/stream/webrtc/.venv/lib/python3.12/site-packages/dns/rdtypes/ANY
[1.107s] copying web/stream/webrtc/.venv/lib/python3.12/site-packages/dns/rdtypes/ANY/DNAME.py -> /home/matthieu/ros2_ws/install/web_control/share/web_control/web/stream/webrtc/.venv/lib/python3.12/site-packages/dns/rdtypes/ANY
[1.107s] copying web/stream/webrtc/.venv/lib/python3.12/site-packages/dns/rdtypes/ANY/OPT.py -> /home/matthieu/ros2_ws/install/web_control/share/web_control/web/stream/webrtc/.venv/lib/python3.12/site-packages/dns/rdtypes/ANY
[1.107s] copying web/stream/webrtc/.venv/lib/python3.12/site-packages/dns/rdtypes/ANY/NID.py -> /home/matthieu/ros2_ws/install/web_control/share/web_control/web/stream/webrtc/.venv/lib/python3.12/site-packages/dns/rdtypes/ANY
[1.107s] copying web/stream/webrtc/.venv/lib/python3.12/site-packages/dns/rdtypes/ANY/L32.py -> /home/matthieu/ros2_ws/install/web_control/share/web_control/web/stream/webrtc/.venv/lib/python3.12/site-packages/dns/rdtypes/ANY
[1.107s] copying web/stream/webrtc/.venv/lib/python3.12/site-packages/dns/rdtypes/ANY/DSYNC.py -> /home/matthieu/ros2_ws/install/web_control/share/web_control/web/stream/webrtc/.venv/lib/python3.12/site-packages/dns/rdtypes/ANY
[1.108s] copying web/stream/webrtc/.venv/lib/python3.12/site-packages/dns/rdtypes/ANY/AFSDB.py -> /home/matthieu/ros2_ws/install/web_control/share/web_control/web/stream/webrtc/.venv/lib/python3.12/site-packages/dns/rdtypes/ANY
[1.108s] copying web/stream/webrtc/.venv/lib/python3.12/site-packages/dns/rdtypes/ANY/TXT.py -> /home/matthieu/ros2_ws/install/web_control/share/web_control/web/stream/webrtc/.venv/lib/python3.12/site-packages/dns/rdtypes/ANY
[1.108s] copying web/stream/webrtc/.venv/lib/python3.12/site-packages/dns/rdtypes/ANY/AVC.py -> /home/matthieu/ros2_ws/install/web_control/share/web_control/web/stream/webrtc/.venv/lib/python3.12/site-packages/dns/rdtypes/ANY
[1.108s] copying web/stream/webrtc/.venv/lib/python3.12/site-packages/dns/rdtypes/ANY/EUI64.py -> /home/matthieu/ros2_ws/install/web_control/share/web_control/web/stream/webrtc/.venv/lib/python3.12/site-packages/dns/rdtypes/ANY
[1.108s] copying web/stream/webrtc/.venv/lib/python3.12/site-packages/dns/rdtypes/ANY/TSIG.py -> /home/matthieu/ros2_ws/install/web_control/share/web_control/web/stream/webrtc/.venv/lib/python3.12/site-packages/dns/rdtypes/ANY
[1.108s] copying web/stream/webrtc/.venv/lib/python3.12/site-packages/dns/rdtypes/ANY/GPOS.py -> /home/matthieu/ros2_ws/install/web_control/share/web_control/web/stream/webrtc/.venv/lib/python3.12/site-packages/dns/rdtypes/ANY
[1.108s] copying web/stream/webrtc/.venv/lib/python3.12/site-packages/dns/rdtypes/ANY/HIP.py -> /home/matthieu/ros2_ws/install/web_control/share/web_control/web/stream/webrtc/.venv/lib/python3.12/site-packages/dns/rdtypes/ANY
[1.108s] copying web/stream/webrtc/.venv/lib/python3.12/site-packages/dns/rdtypes/ANY/MX.py -> /home/matthieu/ros2_ws/install/web_control/share/web_control/web/stream/webrtc/.venv/lib/python3.12/site-packages/dns/rdtypes/ANY
[1.108s] copying web/stream/webrtc/.venv/lib/python3.12/site-packages/dns/rdtypes/ANY/NINFO.py -> /home/matthieu/ros2_ws/install/web_control/share/web_control/web/stream/webrtc/.venv/lib/python3.12/site-packages/dns/rdtypes/ANY
[1.108s] copying web/stream/webrtc/.venv/lib/python3.12/site-packages/dns/rdtypes/ANY/SPF.py -> /home/matthieu/ros2_ws/install/web_control/share/web_control/web/stream/webrtc/.venv/lib/python3.12/site-packages/dns/rdtypes/ANY
[1.108s] copying web/stream/webrtc/.venv/lib/python3.12/site-packages/dns/rdtypes/ANY/LP.py -> /home/matthieu/ros2_ws/install/web_control/share/web_control/web/stream/webrtc/.venv/lib/python3.12/site-packages/dns/rdtypes/ANY
[1.108s] copying web/stream/webrtc/.venv/lib/python3.12/site-packages/dns/rdtypes/ANY/NSEC.py -> /home/matthieu/ros2_ws/install/web_control/share/web_control/web/stream/webrtc/.venv/lib/python3.12/site-packages/dns/rdtypes/ANY
[1.108s] copying web/stream/webrtc/.venv/lib/python3.12/site-packages/dns/rdtypes/ANY/SMIMEA.py -> /home/matthieu/ros2_ws/install/web_control/share/web_control/web/stream/webrtc/.venv/lib/python3.12/site-packages/dns/rdtypes/ANY
[1.108s] copying web/stream/webrtc/.venv/lib/python3.12/site-packages/dns/rdtypes/ANY/RRSIG.py -> /home/matthieu/ros2_ws/install/web_control/share/web_control/web/stream/webrtc/.venv/lib/python3.12/site-packages/dns/rdtypes/ANY
[1.108s] copying web/stream/webrtc/.venv/lib/python3.12/site-packages/dns/rdtypes/ANY/ZONEMD.py -> /home/matthieu/ros2_ws/install/web_control/share/web_control/web/stream/webrtc/.venv/lib/python3.12/site-packages/dns/rdtypes/ANY
[1.108s] copying web/stream/webrtc/.venv/lib/python3.12/site-packages/dns/rdtypes/ANY/NSEC3PARAM.py -> /home/matthieu/ros2_ws/install/web_control/share/web_control/web/stream/webrtc/.venv/lib/python3.12/site-packages/dns/rdtypes/ANY
[1.108s] copying web/stream/webrtc/.venv/lib/python3.12/site-packages/dns/rdtypes/ANY/NSEC3.py -> /home/matthieu/ros2_ws/install/web_control/share/web_control/web/stream/webrtc/.venv/lib/python3.12/site-packages/dns/rdtypes/ANY
[1.108s] copying web/stream/webrtc/.venv/lib/python3.12/site-packages/dns/rdtypes/ANY/RESINFO.py -> /home/matthieu/ros2_ws/install/web_control/share/web_control/web/stream/webrtc/.venv/lib/python3.12/site-packages/dns/rdtypes/ANY
[1.109s] copying web/stream/webrtc/.venv/lib/python3.12/site-packages/dns/rdtypes/ANY/HINFO.py -> /home/matthieu/ros2_ws/install/web_control/share/web_control/web/stream/webrtc/.venv/lib/python3.12/site-packages/dns/rdtypes/ANY
[1.109s] copying web/stream/webrtc/.venv/lib/python3.12/site-packages/dns/rdtypes/ANY/AMTRELAY.py -> /home/matthieu/ros2_ws/install/web_control/share/web_control/web/stream/webrtc/.venv/lib/python3.12/site-packages/dns/rdtypes/ANY
[1.109s] copying web/stream/webrtc/.venv/lib/python3.12/site-packages/dns/rdtypes/ANY/RT.py -> /home/matthieu/ros2_ws/install/web_control/share/web_control/web/stream/webrtc/.venv/lib/python3.12/site-packages/dns/rdtypes/ANY
[1.109s] copying web/stream/webrtc/.venv/lib/python3.12/site-packages/dns/rdtypes/ANY/NS.py -> /home/matthieu/ros2_ws/install/web_control/share/web_control/web/stream/webrtc/.venv/lib/python3.12/site-packages/dns/rdtypes/ANY
[1.109s] copying web/stream/webrtc/.venv/lib/python3.12/site-packages/dns/rdtypes/ANY/DNSKEY.py -> /home/matthieu/ros2_ws/install/web_control/share/web_control/web/stream/webrtc/.venv/lib/python3.12/site-packages/dns/rdtypes/ANY
[1.109s] copying web/stream/webrtc/.venv/lib/python3.12/site-packages/dns/rdtypes/ANY/DLV.py -> /home/matthieu/ros2_ws/install/web_control/share/web_control/web/stream/webrtc/.venv/lib/python3.12/site-packages/dns/rdtypes/ANY
[1.109s] copying web/stream/webrtc/.venv/lib/python3.12/site-packages/dns/rdtypes/ANY/LOC.py -> /home/matthieu/ros2_ws/install/web_control/share/web_control/web/stream/webrtc/.venv/lib/python3.12/site-packages/dns/rdtypes/ANY
[1.109s] copying web/stream/webrtc/.venv/lib/python3.12/site-packages/dns/rdtypes/ANY/__init__.py -> /home/matthieu/ros2_ws/install/web_control/share/web_control/web/stream/webrtc/.venv/lib/python3.12/site-packages/dns/rdtypes/ANY
[1.109s] creating /home/matthieu/ros2_ws/install/web_control/share/web_control/web/stream/webrtc/.venv/lib/python3.12/site-packages/dns/rdtypes/ANY/__pycache__
[1.109s] copying web/stream/webrtc/.venv/lib/python3.12/site-packages/dns/rdtypes/ANY/__pycache__/TLSA.cpython-312.pyc -> /home/matthieu/ros2_ws/install/web_control/share/web_control/web/stream/webrtc/.venv/lib/python3.12/site-packages/dns/rdtypes/ANY/__pycache__
[1.109s] copying web/stream/webrtc/.venv/lib/python3.12/site-packages/dns/rdtypes/ANY/__pycache__/NID.cpython-312.pyc -> /home/matthieu/ros2_ws/install/web_control/share/web_control/web/stream/webrtc/.venv/lib/python3.12/site-packages/dns/rdtypes/ANY/__pycache__
[1.109s] copying web/stream/webrtc/.venv/lib/python3.12/site-packages/dns/rdtypes/ANY/__pycache__/SSHFP.cpython-312.pyc -> /home/matthieu/ros2_ws/install/web_control/share/web_control/web/stream/webrtc/.venv/lib/python3.12/site-packages/dns/rdtypes/ANY/__pycache__
[1.109s] copying web/stream/webrtc/.venv/lib/python3.12/site-packages/dns/rdtypes/ANY/__pycache__/SPF.cpython-312.pyc -> /home/matthieu/ros2_ws/install/web_control/share/web_control/web/stream/webrtc/.venv/lib/python3.12/site-packages/dns/rdtypes/ANY/__pycache__
[1.109s] copying web/stream/webrtc/.venv/lib/python3.12/site-packages/dns/rdtypes/ANY/__pycache__/RT.cpython-312.pyc -> /home/matthieu/ros2_ws/install/web_control/share/web_control/web/stream/webrtc/.venv/lib/python3.12/site-packages/dns/rdtypes/ANY/__pycache__
[1.109s] copying web/stream/webrtc/.venv/lib/python3.12/site-packages/dns/rdtypes/ANY/__pycache__/HIP.cpython-312.pyc -> /home/matthieu/ros2_ws/install/web_control/share/web_control/web/stream/webrtc/.venv/lib/python3.12/site-packages/dns/rdtypes/ANY/__pycache__
[1.109s] copying web/stream/webrtc/.venv/lib/python3.12/site-packages/dns/rdtypes/ANY/__pycache__/GPOS.cpython-312.pyc -> /home/matthieu/ros2_ws/install/web_control/share/web_control/web/stream/webrtc/.venv/lib/python3.12/site-packages/dns/rdtypes/ANY/__pycache__
[1.109s] copying web/stream/webrtc/.venv/lib/python3.12/site-packages/dns/rdtypes/ANY/__pycache__/ZONEMD.cpython-312.pyc -> /home/matthieu/ros2_ws/install/web_control/share/web_control/web/stream/webrtc/.venv/lib/python3.12/site-packages/dns/rdtypes/ANY/__pycache__
[1.109s] copying web/stream/webrtc/.venv/lib/python3.12/site-packages/dns/rdtypes/ANY/__pycache__/CAA.cpython-312.pyc -> /home/matthieu/ros2_ws/install/web_control/share/web_control/web/stream/webrtc/.venv/lib/python3.12/site-packages/dns/rdtypes/ANY/__pycache__
[1.110s] copying web/stream/webrtc/.venv/lib/python3.12/site-packages/dns/rdtypes/ANY/__pycache__/RP.cpython-312.pyc -> /home/matthieu/ros2_ws/install/web_control/share/web_control/web/stream/webrtc/.venv/lib/python3.12/site-packages/dns/rdtypes/ANY/__pycache__
[1.110s] copying web/stream/webrtc/.venv/lib/python3.12/site-packages/dns/rdtypes/ANY/__pycache__/RRSIG.cpython-312.pyc -> /home/matthieu/ros2_ws/install/web_control/share/web_control/web/stream/webrtc/.venv/lib/python3.12/site-packages/dns/rdtypes/ANY/__pycache__
[1.110s] copying web/stream/webrtc/.venv/lib/python3.12/site-packages/dns/rdtypes/ANY/__pycache__/CERT.cpython-312.pyc -> /home/matthieu/ros2_ws/install/web_control/share/web_control/web/stream/webrtc/.venv/lib/python3.12/site-packages/dns/rdtypes/ANY/__pycache__
[1.110s] copying web/stream/webrtc/.venv/lib/python3.12/site-packages/dns/rdtypes/ANY/__pycache__/OPENPGPKEY.cpython-312.pyc -> /home/matthieu/ros2_ws/install/web_control/share/web_control/web/stream/webrtc/.venv/lib/python3.12/site-packages/dns/rdtypes/ANY/__pycache__
[1.110s] copying web/stream/webrtc/.venv/lib/python3.12/site-packages/dns/rdtypes/ANY/__pycache__/WALLET.cpython-312.pyc -> /home/matthieu/ros2_ws/install/web_control/share/web_control/web/stream/webrtc/.venv/lib/python3.12/site-packages/dns/rdtypes/ANY/__pycache__
[1.110s] copying web/stream/webrtc/.venv/lib/python3.12/site-packages/dns/rdtypes/ANY/__pycache__/SMIMEA.cpython-312.pyc -> /home/matthieu/ros2_ws/install/web_control/share/web_control/web/stream/webrtc/.venv/lib/python3.12/site-packages/dns/rdtypes/ANY/__pycache__
[1.110s] copying web/stream/webrtc/.venv/lib/python3.12/site-packages/dns/rdtypes/ANY/__pycache__/EUI64.cpython-312.pyc -> /home/matthieu/ros2_ws/install/web_control/share/web_control/web/stream/webrtc/.venv/lib/python3.12/site-packages/dns/rdtypes/ANY/__pycache__
[1.110s] copying web/stream/webrtc/.venv/lib/python3.12/site-packages/dns/rdtypes/ANY/__pycache__/X25.cpython-312.pyc -> /home/matthieu/ros2_ws/install/web_control/share/web_control/web/stream/webrtc/.venv/lib/python3.12/site-packages/dns/rdtypes/ANY/__pycache__
[1.110s] copying web/stream/webrtc/.venv/lib/python3.12/site-packages/dns/rdtypes/ANY/__pycache__/DNAME.cpython-312.pyc -> /home/matthieu/ros2_ws/install/web_control/share/web_control/web/stream/webrtc/.venv/lib/python3.12/site-packages/dns/rdtypes/ANY/__pycache__
[1.110s] copying web/stream/webrtc/.venv/lib/python3.12/site-packages/dns/rdtypes/ANY/__pycache__/NS.cpython-312.pyc -> /home/matthieu/ros2_ws/install/web_control/share/web_control/web/stream/webrtc/.venv/lib/python3.12/site-packages/dns/rdtypes/ANY/__pycache__
[1.110s] copying web/stream/webrtc/.venv/lib/python3.12/site-packages/dns/rdtypes/ANY/__pycache__/CDS.cpython-312.pyc -> /home/matthieu/ros2_ws/install/web_control/share/web_control/web/stream/webrtc/.venv/lib/python3.12/site-packages/dns/rdtypes/ANY/__pycache__
[1.110s] copying web/stream/webrtc/.venv/lib/python3.12/site-packages/dns/rdtypes/ANY/__pycache__/CNAME.cpython-312.pyc -> /home/matthieu/ros2_ws/install/web_control/share/web_control/web/stream/webrtc/.venv/lib/python3.12/site-packages/dns/rdtypes/ANY/__pycache__
[1.110s] copying web/stream/webrtc/.venv/lib/python3.12/site-packages/dns/rdtypes/ANY/__pycache__/AVC.cpython-312.pyc -> /home/matthieu/ros2_ws/install/web_control/share/web_control/web/stream/webrtc/.venv/lib/python3.12/site-packages/dns/rdtypes/ANY/__pycache__
[1.110s] copying web/stream/webrtc/.venv/lib/python3.12/site-packages/dns/rdtypes/ANY/__pycache__/CSYNC.cpython-312.pyc -> /home/matthieu/ros2_ws/install/web_control/share/web_control/web/stream/webrtc/.venv/lib/python3.12/site-packages/dns/rdtypes/ANY/__pycache__
[1.110s] copying web/stream/webrtc/.venv/lib/python3.12/site-packages/dns/rdtypes/ANY/__pycache__/TXT.cpython-312.pyc -> /home/matthieu/ros2_ws/install/web_control/share/web_control/web/stream/webrtc/.venv/lib/python3.12/site-packages/dns/rdtypes/ANY/__pycache__
[1.110s] copying web/stream/webrtc/.venv/lib/python3.12/site-packages/dns/rdtypes/ANY/__pycache__/L64.cpython-312.pyc -> /home/matthieu/ros2_ws/install/web_control/share/web_control/web/stream/webrtc/.venv/lib/python3.12/site-packages/dns/rdtypes/ANY/__pycache__
[1.110s] copying web/stream/webrtc/.venv/lib/python3.12/site-packages/dns/rdtypes/ANY/__pycache__/EUI48.cpython-312.pyc -> /home/matthieu/ros2_ws/install/web_control/share/web_control/web/stream/webrtc/.venv/lib/python3.12/site-packages/dns/rdtypes/ANY/__pycache__
[1.110s] copying web/stream/webrtc/.venv/lib/python3.12/site-packages/dns/rdtypes/ANY/__pycache__/PTR.cpython-312.pyc -> /home/matthieu/ros2_ws/install/web_control/share/web_control/web/stream/webrtc/.venv/lib/python3.12/site-packages/dns/rdtypes/ANY/__pycache__
[1.111s] copying web/stream/webrtc/.venv/lib/python3.12/site-packages/dns/rdtypes/ANY/__pycache__/NSEC.cpython-312.pyc -> /home/matthieu/ros2_ws/install/web_control/share/web_control/web/stream/webrtc/.venv/lib/python3.12/site-packages/dns/rdtypes/ANY/__pycache__
[1.111s] copying web/stream/webrtc/.venv/lib/python3.12/site-packages/dns/rdtypes/ANY/__pycache__/OPT.cpython-312.pyc -> /home/matthieu/ros2_ws/install/web_control/share/web_control/web/stream/webrtc/.venv/lib/python3.12/site-packages/dns/rdtypes/ANY/__pycache__
[1.111s] copying web/stream/webrtc/.venv/lib/python3.12/site-packages/dns/rdtypes/ANY/__pycache__/DLV.cpython-312.pyc -> /home/matthieu/ros2_ws/install/web_control/share/web_control/web/stream/webrtc/.venv/lib/python3.12/site-packages/dns/rdtypes/ANY/__pycache__
[1.111s] copying web/stream/webrtc/.venv/lib/python3.12/site-packages/dns/rdtypes/ANY/__pycache__/DS.cpython-312.pyc -> /home/matthieu/ros2_ws/install/web_control/share/web_control/web/stream/webrtc/.venv/lib/python3.12/site-packages/dns/rdtypes/ANY/__pycache__
[1.111s] copying web/stream/webrtc/.venv/lib/python3.12/site-packages/dns/rdtypes/ANY/__pycache__/LP.cpython-312.pyc -> /home/matthieu/ros2_ws/install/web_control/share/web_control/web/stream/webrtc/.venv/lib/python3.12/site-packages/dns/rdtypes/ANY/__pycache__
[1.111s] copying web/stream/webrtc/.venv/lib/python3.12/site-packages/dns/rdtypes/ANY/__pycache__/HINFO.cpython-312.pyc -> /home/matthieu/ros2_ws/install/web_control/share/web_control/web/stream/webrtc/.venv/lib/python3.12/site-packages/dns/rdtypes/ANY/__pycache__
[1.111s] copying web/stream/webrtc/.venv/lib/python3.12/site-packages/dns/rdtypes/ANY/__pycache__/DSYNC.cpython-312.pyc -> /home/matthieu/ros2_ws/install/web_control/share/web_control/web/stream/webrtc/.venv/lib/python3.12/site-packages/dns/rdtypes/ANY/__pycache__
[1.111s] copying web/stream/webrtc/.venv/lib/python3.12/site-packages/dns/rdtypes/ANY/__pycache__/LOC.cpython-312.pyc -> /home/matthieu/ros2_ws/install/web_control/share/web_control/web/stream/webrtc/.venv/lib/python3.12/site-packages/dns/rdtypes/ANY/__pycache__
[1.111s] copying web/stream/webrtc/.venv/lib/python3.12/site-packages/dns/rdtypes/ANY/__pycache__/NSEC3.cpython-312.pyc -> /home/matthieu/ros2_ws/install/web_control/share/web_control/web/stream/webrtc/.venv/lib/python3.12/site-packages/dns/rdtypes/ANY/__pycache__
[1.111s] copying web/stream/webrtc/.venv/lib/python3.12/site-packages/dns/rdtypes/ANY/__pycache__/TKEY.cpython-312.pyc -> /home/matthieu/ros2_ws/install/web_control/share/web_control/web/stream/webrtc/.venv/lib/python3.12/site-packages/dns/rdtypes/ANY/__pycache__
[1.111s] copying web/stream/webrtc/.venv/lib/python3.12/site-packages/dns/rdtypes/ANY/__pycache__/TSIG.cpython-312.pyc -> /home/matthieu/ros2_ws/install/web_control/share/web_control/web/stream/webrtc/.venv/lib/python3.12/site-packages/dns/rdtypes/ANY/__pycache__
[1.111s] copying web/stream/webrtc/.venv/lib/python3.12/site-packages/dns/rdtypes/ANY/__pycache__/__init__.cpython-312.pyc -> /home/matthieu/ros2_ws/install/web_control/share/web_control/web/stream/webrtc/.venv/lib/python3.12/site-packages/dns/rdtypes/ANY/__pycache__
[1.111s] copying web/stream/webrtc/.venv/lib/python3.12/site-packages/dns/rdtypes/ANY/__pycache__/L32.cpython-312.pyc -> /home/matthieu/ros2_ws/install/web_control/share/web_control/web/stream/webrtc/.venv/lib/python3.12/site-packages/dns/rdtypes/ANY/__pycache__
[1.111s] copying web/stream/webrtc/.venv/lib/python3.12/site-packages/dns/rdtypes/ANY/__pycache__/NINFO.cpython-312.pyc -> /home/matthieu/ros2_ws/install/web_control/share/web_control/web/stream/webrtc/.venv/lib/python3.12/site-packages/dns/rdtypes/ANY/__pycache__
[1.111s] copying web/stream/webrtc/.venv/lib/python3.12/site-packages/dns/rdtypes/ANY/__pycache__/RESINFO.cpython-312.pyc -> /home/matthieu/ros2_ws/install/web_control/share/web_control/web/stream/webrtc/.venv/lib/python3.12/site-packages/dns/rdtypes/ANY/__pycache__
[1.111s] copying web/stream/webrtc/.venv/lib/python3.12/site-packages/dns/rdtypes/ANY/__pycache__/SOA.cpython-312.pyc -> /home/matthieu/ros2_ws/install/web_control/share/web_control/web/stream/webrtc/.venv/lib/python3.12/site-packages/dns/rdtypes/ANY/__pycache__
[1.111s] copying web/stream/webrtc/.venv/lib/python3.12/site-packages/dns/rdtypes/ANY/__pycache__/DNSKEY.cpython-312.pyc -> /home/matthieu/ros2_ws/install/web_control/share/web_control/web/stream/webrtc/.venv/lib/python3.12/site-packages/dns/rdtypes/ANY/__pycache__
[1.111s] copying web/stream/webrtc/.venv/lib/python3.12/site-packages/dns/rdtypes/ANY/__pycache__/CDNSKEY.cpython-312.pyc -> /home/matthieu/ros2_ws/install/web_control/share/web_control/web/stream/webrtc/.venv/lib/python3.12/site-packages/dns/rdtypes/ANY/__pycache__
[1.112s] copying web/stream/webrtc/.venv/lib/python3.12/site-packages/dns/rdtypes/ANY/__pycache__/MX.cpython-312.pyc -> /home/matthieu/ros2_ws/install/web_control/share/web_control/web/stream/webrtc/.venv/lib/python3.12/site-packages/dns/rdtypes/ANY/__pycache__
[1.112s] copying web/stream/webrtc/.venv/lib/python3.12/site-packages/dns/rdtypes/ANY/__pycache__/AFSDB.cpython-312.pyc -> /home/matthieu/ros2_ws/install/web_control/share/web_control/web/stream/webrtc/.venv/lib/python3.12/site-packages/dns/rdtypes/ANY/__pycache__
[1.112s] copying web/stream/webrtc/.venv/lib/python3.12/site-packages/dns/rdtypes/ANY/__pycache__/NSEC3PARAM.cpython-312.pyc -> /home/matthieu/ros2_ws/install/web_control/share/web_control/web/stream/webrtc/.venv/lib/python3.12/site-packages/dns/rdtypes/ANY/__pycache__
[1.112s] copying web/stream/webrtc/.venv/lib/python3.12/site-packages/dns/rdtypes/ANY/__pycache__/ISDN.cpython-312.pyc -> /home/matthieu/ros2_ws/install/web_control/share/web_control/web/stream/webrtc/.venv/lib/python3.12/site-packages/dns/rdtypes/ANY/__pycache__
[1.112s] copying web/stream/webrtc/.venv/lib/python3.12/site-packages/dns/rdtypes/ANY/__pycache__/URI.cpython-312.pyc -> /home/matthieu/ros2_ws/install/web_control/share/web_control/web/stream/webrtc/.venv/lib/python3.12/site-packages/dns/rdtypes/ANY/__pycache__
[1.112s] copying web/stream/webrtc/.venv/lib/python3.12/site-packages/dns/rdtypes/ANY/__pycache__/AMTRELAY.cpython-312.pyc -> /home/matthieu/ros2_ws/install/web_control/share/web_control/web/stream/webrtc/.venv/lib/python3.12/site-packages/dns/rdtypes/ANY/__pycache__
[1.112s] creating /home/matthieu/ros2_ws/install/web_control/share/web_control/web/stream/webrtc/.venv/lib/python3.12/site-packages/dns/rdtypes/CH
[1.112s] copying web/stream/webrtc/.venv/lib/python3.12/site-packages/dns/rdtypes/CH/A.py -> /home/matthieu/ros2_ws/install/web_control/share/web_control/web/stream/webrtc/.venv/lib/python3.12/site-packages/dns/rdtypes/CH
[1.112s] copying web/stream/webrtc/.venv/lib/python3.12/site-packages/dns/rdtypes/CH/__init__.py -> /home/matthieu/ros2_ws/install/web_control/share/web_control/web/stream/webrtc/.venv/lib/python3.12/site-packages/dns/rdtypes/CH
[1.112s] creating /home/matthieu/ros2_ws/install/web_control/share/web_control/web/stream/webrtc/.venv/lib/python3.12/site-packages/dns/rdtypes/CH/__pycache__
[1.112s] copying web/stream/webrtc/.venv/lib/python3.12/site-packages/dns/rdtypes/CH/__pycache__/A.cpython-312.pyc -> /home/matthieu/ros2_ws/install/web_control/share/web_control/web/stream/webrtc/.venv/lib/python3.12/site-packages/dns/rdtypes/CH/__pycache__
[1.112s] copying web/stream/webrtc/.venv/lib/python3.12/site-packages/dns/rdtypes/CH/__pycache__/__init__.cpython-312.pyc -> /home/matthieu/ros2_ws/install/web_control/share/web_control/web/stream/webrtc/.venv/lib/python3.12/site-packages/dns/rdtypes/CH/__pycache__
[1.112s] creating /home/matthieu/ros2_ws/install/web_control/share/web_control/web/stream/webrtc/.venv/lib/python3.12/site-packages/cryptography
[1.112s] copying web/stream/webrtc/.venv/lib/python3.12/site-packages/cryptography/__about__.py -> /home/matthieu/ros2_ws/install/web_control/share/web_control/web/stream/webrtc/.venv/lib/python3.12/site-packages/cryptography
[1.112s] copying web/stream/webrtc/.venv/lib/python3.12/site-packages/cryptography/fernet.py -> /home/matthieu/ros2_ws/install/web_control/share/web_control/web/stream/webrtc/.venv/lib/python3.12/site-packages/cryptography
[1.112s] copying web/stream/webrtc/.venv/lib/python3.12/site-packages/cryptography/py.typed -> /home/matthieu/ros2_ws/install/web_control/share/web_control/web/stream/webrtc/.venv/lib/python3.12/site-packages/cryptography
[1.112s] copying web/stream/webrtc/.venv/lib/python3.12/site-packages/cryptography/exceptions.py -> /home/matthieu/ros2_ws/install/web_control/share/web_control/web/stream/webrtc/.venv/lib/python3.12/site-packages/cryptography
[1.113s] copying web/stream/webrtc/.venv/lib/python3.12/site-packages/cryptography/utils.py -> /home/matthieu/ros2_ws/install/web_control/share/web_control/web/stream/webrtc/.venv/lib/python3.12/site-packages/cryptography
[1.113s] copying web/stream/webrtc/.venv/lib/python3.12/site-packages/cryptography/__init__.py -> /home/matthieu/ros2_ws/install/web_control/share/web_control/web/stream/webrtc/.venv/lib/python3.12/site-packages/cryptography
[1.113s] creating /home/matthieu/ros2_ws/install/web_control/share/web_control/web/stream/webrtc/.venv/lib/python3.12/site-packages/cryptography/hazmat
[1.113s] copying web/stream/webrtc/.venv/lib/python3.12/site-packages/cryptography/hazmat/_oid.py -> /home/matthieu/ros2_ws/install/web_control/share/web_control/web/stream/webrtc/.venv/lib/python3.12/site-packages/cryptography/hazmat
[1.113s] copying web/stream/webrtc/.venv/lib/python3.12/site-packages/cryptography/hazmat/__init__.py -> /home/matthieu/ros2_ws/install/web_control/share/web_control/web/stream/webrtc/.venv/lib/python3.12/site-packages/cryptography/hazmat
[1.113s] creating /home/matthieu/ros2_ws/install/web_control/share/web_control/web/stream/webrtc/.venv/lib/python3.12/site-packages/cryptography/hazmat/primitives
[1.113s] copying web/stream/webrtc/.venv/lib/python3.12/site-packages/cryptography/hazmat/primitives/poly1305.py -> /home/matthieu/ros2_ws/install/web_control/share/web_control/web/stream/webrtc/.venv/lib/python3.12/site-packages/cryptography/hazmat/primitives
[1.113s] copying web/stream/webrtc/.venv/lib/python3.12/site-packages/cryptography/hazmat/primitives/padding.py -> /home/matthieu/ros2_ws/install/web_control/share/web_control/web/stream/webrtc/.venv/lib/python3.12/site-packages/cryptography/hazmat/primitives
[1.113s] copying web/stream/webrtc/.venv/lib/python3.12/site-packages/cryptography/hazmat/primitives/keywrap.py -> /home/matthieu/ros2_ws/install/web_control/share/web_control/web/stream/webrtc/.venv/lib/python3.12/site-packages/cryptography/hazmat/primitives
[1.113s] copying web/stream/webrtc/.venv/lib/python3.12/site-packages/cryptography/hazmat/primitives/hashes.py -> /home/matthieu/ros2_ws/install/web_control/share/web_control/web/stream/webrtc/.venv/lib/python3.12/site-packages/cryptography/hazmat/primitives
[1.113s] copying web/stream/webrtc/.venv/lib/python3.12/site-packages/cryptography/hazmat/primitives/_serialization.py -> /home/matthieu/ros2_ws/install/web_control/share/web_control/web/stream/webrtc/.venv/lib/python3.12/site-packages/cryptography/hazmat/primitives
[1.113s] copying web/stream/webrtc/.venv/lib/python3.12/site-packages/cryptography/hazmat/primitives/constant_time.py -> /home/matthieu/ros2_ws/install/web_control/share/web_control/web/stream/webrtc/.venv/lib/python3.12/site-packages/cryptography/hazmat/primitives
[1.113s] copying web/stream/webrtc/.venv/lib/python3.12/site-packages/cryptography/hazmat/primitives/_asymmetric.py -> /home/matthieu/ros2_ws/install/web_control/share/web_control/web/stream/webrtc/.venv/lib/python3.12/site-packages/cryptography/hazmat/primitives
[1.113s] copying web/stream/webrtc/.venv/lib/python3.12/site-packages/cryptography/hazmat/primitives/cmac.py -> /home/matthieu/ros2_ws/install/web_control/share/web_control/web/stream/webrtc/.venv/lib/python3.12/site-packages/cryptography/hazmat/primitives
[1.113s] copying web/stream/webrtc/.venv/lib/python3.12/site-packages/cryptography/hazmat/primitives/hmac.py -> /home/matthieu/ros2_ws/install/web_control/share/web_control/web/stream/webrtc/.venv/lib/python3.12/site-packages/cryptography/hazmat/primitives
[1.113s] copying web/stream/webrtc/.venv/lib/python3.12/site-packages/cryptography/hazmat/primitives/_cipheralgorithm.py -> /home/matthieu/ros2_ws/install/web_control/share/web_control/web/stream/webrtc/.venv/lib/python3.12/site-packages/cryptography/hazmat/primitives
[1.113s] copying web/stream/webrtc/.venv/lib/python3.12/site-packages/cryptography/hazmat/primitives/__init__.py -> /home/matthieu/ros2_ws/install/web_control/share/web_control/web/stream/webrtc/.venv/lib/python3.12/site-packages/cryptography/hazmat/primitives
[1.113s] creating /home/matthieu/ros2_ws/install/web_control/share/web_control/web/stream/webrtc/.venv/lib/python3.12/site-packages/cryptography/hazmat/primitives/serialization
[1.113s] copying web/stream/webrtc/.venv/lib/python3.12/site-packages/cryptography/hazmat/primitives/serialization/base.py -> /home/matthieu/ros2_ws/install/web_control/share/web_control/web/stream/webrtc/.venv/lib/python3.12/site-packages/cryptography/hazmat/primitives/serialization
[1.114s] copying web/stream/webrtc/.venv/lib/python3.12/site-packages/cryptography/hazmat/primitives/serialization/ssh.py -> /home/matthieu/ros2_ws/install/web_control/share/web_control/web/stream/webrtc/.venv/lib/python3.12/site-packages/cryptography/hazmat/primitives/serialization
[1.114s] copying web/stream/webrtc/.venv/lib/python3.12/site-packages/cryptography/hazmat/primitives/serialization/pkcs7.py -> /home/matthieu/ros2_ws/install/web_control/share/web_control/web/stream/webrtc/.venv/lib/python3.12/site-packages/cryptography/hazmat/primitives/serialization
[1.114s] copying web/stream/webrtc/.venv/lib/python3.12/site-packages/cryptography/hazmat/primitives/serialization/pkcs12.py -> /home/matthieu/ros2_ws/install/web_control/share/web_control/web/stream/webrtc/.venv/lib/python3.12/site-packages/cryptography/hazmat/primitives/serialization
[1.114s] copying web/stream/webrtc/.venv/lib/python3.12/site-packages/cryptography/hazmat/primitives/serialization/__init__.py -> /home/matthieu/ros2_ws/install/web_control/share/web_control/web/stream/webrtc/.venv/lib/python3.12/site-packages/cryptography/hazmat/primitives/serialization
[1.114s] creating /home/matthieu/ros2_ws/install/web_control/share/web_control/web/stream/webrtc/.venv/lib/python3.12/site-packages/cryptography/hazmat/primitives/serialization/__pycache__
[1.114s] copying web/stream/webrtc/.venv/lib/python3.12/site-packages/cryptography/hazmat/primitives/serialization/__pycache__/base.cpython-312.pyc -> /home/matthieu/ros2_ws/install/web_control/share/web_control/web/stream/webrtc/.venv/lib/python3.12/site-packages/cryptography/hazmat/primitives/serialization/__pycache__
[1.114s] copying web/stream/webrtc/.venv/lib/python3.12/site-packages/cryptography/hazmat/primitives/serialization/__pycache__/pkcs7.cpython-312.pyc -> /home/matthieu/ros2_ws/install/web_control/share/web_control/web/stream/webrtc/.venv/lib/python3.12/site-packages/cryptography/hazmat/primitives/serialization/__pycache__
[1.114s] copying web/stream/webrtc/.venv/lib/python3.12/site-packages/cryptography/hazmat/primitives/serialization/__pycache__/ssh.cpython-312.pyc -> /home/matthieu/ros2_ws/install/web_control/share/web_control/web/stream/webrtc/.venv/lib/python3.12/site-packages/cryptography/hazmat/primitives/serialization/__pycache__
[1.114s] copying web/stream/webrtc/.venv/lib/python3.12/site-packages/cryptography/hazmat/primitives/serialization/__pycache__/__init__.cpython-312.pyc -> /home/matthieu/ros2_ws/install/web_control/share/web_control/web/stream/webrtc/.venv/lib/python3.12/site-packages/cryptography/hazmat/primitives/serialization/__pycache__
[1.114s] copying web/stream/webrtc/.venv/lib/python3.12/site-packages/cryptography/hazmat/primitives/serialization/__pycache__/pkcs12.cpython-312.pyc -> /home/matthieu/ros2_ws/install/web_control/share/web_control/web/stream/webrtc/.venv/lib/python3.12/site-packages/cryptography/hazmat/primitives/serialization/__pycache__
[1.114s] creating /home/matthieu/ros2_ws/install/web_control/share/web_control/web/stream/webrtc/.venv/lib/python3.12/site-packages/cryptography/hazmat/primitives/asymmetric
[1.114s] copying web/stream/webrtc/.venv/lib/python3.12/site-packages/cryptography/hazmat/primitives/asymmetric/ed448.py -> /home/matthieu/ros2_ws/install/web_control/share/web_control/web/stream/webrtc/.venv/lib/python3.12/site-packages/cryptography/hazmat/primitives/asymmetric
[1.114s] copying web/stream/webrtc/.venv/lib/python3.12/site-packages/cryptography/hazmat/primitives/asymmetric/padding.py -> /home/matthieu/ros2_ws/install/web_control/share/web_control/web/stream/webrtc/.venv/lib/python3.12/site-packages/cryptography/hazmat/primitives/asymmetric
[1.114s] copying web/stream/webrtc/.venv/lib/python3.12/site-packages/cryptography/hazmat/primitives/asymmetric/dh.py -> /home/matthieu/ros2_ws/install/web_control/share/web_control/web/stream/webrtc/.venv/lib/python3.12/site-packages/cryptography/hazmat/primitives/asymmetric
[1.114s] copying web/stream/webrtc/.venv/lib/python3.12/site-packages/cryptography/hazmat/primitives/asymmetric/types.py -> /home/matthieu/ros2_ws/install/web_control/share/web_control/web/stream/webrtc/.venv/lib/python3.12/site-packages/cryptography/hazmat/primitives/asymmetric
[1.114s] copying web/stream/webrtc/.venv/lib/python3.12/site-packages/cryptography/hazmat/primitives/asymmetric/ec.py -> /home/matthieu/ros2_ws/install/web_control/share/web_control/web/stream/webrtc/.venv/lib/python3.12/site-packages/cryptography/hazmat/primitives/asymmetric
[1.114s] copying web/stream/webrtc/.venv/lib/python3.12/site-packages/cryptography/hazmat/primitives/asymmetric/dsa.py -> /home/matthieu/ros2_ws/install/web_control/share/web_control/web/stream/webrtc/.venv/lib/python3.12/site-packages/cryptography/hazmat/primitives/asymmetric
[1.115s] copying web/stream/webrtc/.venv/lib/python3.12/site-packages/cryptography/hazmat/primitives/asymmetric/rsa.py -> /home/matthieu/ros2_ws/install/web_control/share/web_control/web/stream/webrtc/.venv/lib/python3.12/site-packages/cryptography/hazmat/primitives/asymmetric
[1.115s] copying web/stream/webrtc/.venv/lib/python3.12/site-packages/cryptography/hazmat/primitives/asymmetric/x448.py -> /home/matthieu/ros2_ws/install/web_control/share/web_control/web/stream/webrtc/.venv/lib/python3.12/site-packages/cryptography/hazmat/primitives/asymmetric
[1.115s] copying web/stream/webrtc/.venv/lib/python3.12/site-packages/cryptography/hazmat/primitives/asymmetric/ed25519.py -> /home/matthieu/ros2_ws/install/web_control/share/web_control/web/stream/webrtc/.venv/lib/python3.12/site-packages/cryptography/hazmat/primitives/asymmetric
[1.115s] copying web/stream/webrtc/.venv/lib/python3.12/site-packages/cryptography/hazmat/primitives/asymmetric/x25519.py -> /home/matthieu/ros2_ws/install/web_control/share/web_control/web/stream/webrtc/.venv/lib/python3.12/site-packages/cryptography/hazmat/primitives/asymmetric
[1.115s] copying web/stream/webrtc/.venv/lib/python3.12/site-packages/cryptography/hazmat/primitives/asymmetric/utils.py -> /home/matthieu/ros2_ws/install/web_control/share/web_control/web/stream/webrtc/.venv/lib/python3.12/site-packages/cryptography/hazmat/primitives/asymmetric
[1.115s] copying web/stream/webrtc/.venv/lib/python3.12/site-packages/cryptography/hazmat/primitives/asymmetric/__init__.py -> /home/matthieu/ros2_ws/install/web_control/share/web_control/web/stream/webrtc/.venv/lib/python3.12/site-packages/cryptography/hazmat/primitives/asymmetric
[1.115s] creating /home/matthieu/ros2_ws/install/web_control/share/web_control/web/stream/webrtc/.venv/lib/python3.12/site-packages/cryptography/hazmat/primitives/asymmetric/__pycache__
[1.115s] copying web/stream/webrtc/.venv/lib/python3.12/site-packages/cryptography/hazmat/primitives/asymmetric/__pycache__/x25519.cpython-312.pyc -> /home/matthieu/ros2_ws/install/web_control/share/web_control/web/stream/webrtc/.venv/lib/python3.12/site-packages/cryptography/hazmat/primitives/asymmetric/__pycache__
[1.115s] copying web/stream/webrtc/.venv/lib/python3.12/site-packages/cryptography/hazmat/primitives/asymmetric/__pycache__/dh.cpython-312.pyc -> /home/matthieu/ros2_ws/install/web_control/share/web_control/web/stream/webrtc/.venv/lib/python3.12/site-packages/cryptography/hazmat/primitives/asymmetric/__pycache__
[1.115s] copying web/stream/webrtc/.venv/lib/python3.12/site-packages/cryptography/hazmat/primitives/asymmetric/__pycache__/ed448.cpython-312.pyc -> /home/matthieu/ros2_ws/install/web_control/share/web_control/web/stream/webrtc/.venv/lib/python3.12/site-packages/cryptography/hazmat/primitives/asymmetric/__pycache__
[1.115s] copying web/stream/webrtc/.venv/lib/python3.12/site-packages/cryptography/hazmat/primitives/asymmetric/__pycache__/ed25519.cpython-312.pyc -> /home/matthieu/ros2_ws/install/web_control/share/web_control/web/stream/webrtc/.venv/lib/python3.12/site-packages/cryptography/hazmat/primitives/asymmetric/__pycache__
[1.115s] copying web/stream/webrtc/.venv/lib/python3.12/site-packages/cryptography/hazmat/primitives/asymmetric/__pycache__/rsa.cpython-312.pyc -> /home/matthieu/ros2_ws/install/web_control/share/web_control/web/stream/webrtc/.venv/lib/python3.12/site-packages/cryptography/hazmat/primitives/asymmetric/__pycache__
[1.115s] copying web/stream/webrtc/.venv/lib/python3.12/site-packages/cryptography/hazmat/primitives/asymmetric/__pycache__/ec.cpython-312.pyc -> /home/matthieu/ros2_ws/install/web_control/share/web_control/web/stream/webrtc/.venv/lib/python3.12/site-packages/cryptography/hazmat/primitives/asymmetric/__pycache__
[1.115s] copying web/stream/webrtc/.venv/lib/python3.12/site-packages/cryptography/hazmat/primitives/asymmetric/__pycache__/dsa.cpython-312.pyc -> /home/matthieu/ros2_ws/install/web_control/share/web_control/web/stream/webrtc/.venv/lib/python3.12/site-packages/cryptography/hazmat/primitives/asymmetric/__pycache__
[1.115s] copying web/stream/webrtc/.venv/lib/python3.12/site-packages/cryptography/hazmat/primitives/asymmetric/__pycache__/__init__.cpython-312.pyc -> /home/matthieu/ros2_ws/install/web_control/share/web_control/web/stream/webrtc/.venv/lib/python3.12/site-packages/cryptography/hazmat/primitives/asymmetric/__pycache__
[1.115s] copying web/stream/webrtc/.venv/lib/python3.12/site-packages/cryptography/hazmat/primitives/asymmetric/__pycache__/x448.cpython-312.pyc -> /home/matthieu/ros2_ws/install/web_control/share/web_control/web/stream/webrtc/.venv/lib/python3.12/site-packages/cryptography/hazmat/primitives/asymmetric/__pycache__
[1.115s] copying web/stream/webrtc/.venv/lib/python3.12/site-packages/cryptography/hazmat/primitives/asymmetric/__pycache__/types.cpython-312.pyc -> /home/matthieu/ros2_ws/install/web_control/share/web_control/web/stream/webrtc/.venv/lib/python3.12/site-packages/cryptography/hazmat/primitives/asymmetric/__pycache__
[1.116s] copying web/stream/webrtc/.venv/lib/python3.12/site-packages/cryptography/hazmat/primitives/asymmetric/__pycache__/utils.cpython-312.pyc -> /home/matthieu/ros2_ws/install/web_control/share/web_control/web/stream/webrtc/.venv/lib/python3.12/site-packages/cryptography/hazmat/primitives/asymmetric/__pycache__
[1.116s] copying web/stream/webrtc/.venv/lib/python3.12/site-packages/cryptography/hazmat/primitives/asymmetric/__pycache__/padding.cpython-312.pyc -> /home/matthieu/ros2_ws/install/web_control/share/web_control/web/stream/webrtc/.venv/lib/python3.12/site-packages/cryptography/hazmat/primitives/asymmetric/__pycache__
[1.116s] creating /home/matthieu/ros2_ws/install/web_control/share/web_control/web/stream/webrtc/.venv/lib/python3.12/site-packages/cryptography/hazmat/primitives/twofactor
[1.116s] copying web/stream/webrtc/.venv/lib/python3.12/site-packages/cryptography/hazmat/primitives/twofactor/hotp.py -> /home/matthieu/ros2_ws/install/web_control/share/web_control/web/stream/webrtc/.venv/lib/python3.12/site-packages/cryptography/hazmat/primitives/twofactor
[1.116s] copying web/stream/webrtc/.venv/lib/python3.12/site-packages/cryptography/hazmat/primitives/twofactor/totp.py -> /home/matthieu/ros2_ws/install/web_control/share/web_control/web/stream/webrtc/.venv/lib/python3.12/site-packages/cryptography/hazmat/primitives/twofactor
[1.116s] copying web/stream/webrtc/.venv/lib/python3.12/site-packages/cryptography/hazmat/primitives/twofactor/__init__.py -> /home/matthieu/ros2_ws/install/web_control/share/web_control/web/stream/webrtc/.venv/lib/python3.12/site-packages/cryptography/hazmat/primitives/twofactor
[1.116s] creating /home/matthieu/ros2_ws/install/web_control/share/web_control/web/stream/webrtc/.venv/lib/python3.12/site-packages/cryptography/hazmat/primitives/twofactor/__pycache__
[1.116s] copying web/stream/webrtc/.venv/lib/python3.12/site-packages/cryptography/hazmat/primitives/twofactor/__pycache__/hotp.cpython-312.pyc -> /home/matthieu/ros2_ws/install/web_control/share/web_control/web/stream/webrtc/.venv/lib/python3.12/site-packages/cryptography/hazmat/primitives/twofactor/__pycache__
[1.116s] copying web/stream/webrtc/.venv/lib/python3.12/site-packages/cryptography/hazmat/primitives/twofactor/__pycache__/totp.cpython-312.pyc -> /home/matthieu/ros2_ws/install/web_control/share/web_control/web/stream/webrtc/.venv/lib/python3.12/site-packages/cryptography/hazmat/primitives/twofactor/__pycache__
[1.116s] copying web/stream/webrtc/.venv/lib/python3.12/site-packages/cryptography/hazmat/primitives/twofactor/__pycache__/__init__.cpython-312.pyc -> /home/matthieu/ros2_ws/install/web_control/share/web_control/web/stream/webrtc/.venv/lib/python3.12/site-packages/cryptography/hazmat/primitives/twofactor/__pycache__
[1.116s] creating /home/matthieu/ros2_ws/install/web_control/share/web_control/web/stream/webrtc/.venv/lib/python3.12/site-packages/cryptography/hazmat/primitives/__pycache__
[1.116s] copying web/stream/webrtc/.venv/lib/python3.12/site-packages/cryptography/hazmat/primitives/__pycache__/_asymmetric.cpython-312.pyc -> /home/matthieu/ros2_ws/install/web_control/share/web_control/web/stream/webrtc/.venv/lib/python3.12/site-packages/cryptography/hazmat/primitives/__pycache__
[1.116s] copying web/stream/webrtc/.venv/lib/python3.12/site-packages/cryptography/hazmat/primitives/__pycache__/_serialization.cpython-312.pyc -> /home/matthieu/ros2_ws/install/web_control/share/web_control/web/stream/webrtc/.venv/lib/python3.12/site-packages/cryptography/hazmat/primitives/__pycache__
[1.116s] copying web/stream/webrtc/.venv/lib/python3.12/site-packages/cryptography/hazmat/primitives/__pycache__/poly1305.cpython-312.pyc -> /home/matthieu/ros2_ws/install/web_control/share/web_control/web/stream/webrtc/.venv/lib/python3.12/site-packages/cryptography/hazmat/primitives/__pycache__
[1.116s] copying web/stream/webrtc/.venv/lib/python3.12/site-packages/cryptography/hazmat/primitives/__pycache__/_cipheralgorithm.cpython-312.pyc -> /home/matthieu/ros2_ws/install/web_control/share/web_control/web/stream/webrtc/.venv/lib/python3.12/site-packages/cryptography/hazmat/primitives/__pycache__
[1.116s] copying web/stream/webrtc/.venv/lib/python3.12/site-packages/cryptography/hazmat/primitives/__pycache__/constant_time.cpython-312.pyc -> /home/matthieu/ros2_ws/install/web_control/share/web_control/web/stream/webrtc/.venv/lib/python3.12/site-packages/cryptography/hazmat/primitives/__pycache__
[1.116s] copying web/stream/webrtc/.venv/lib/python3.12/site-packages/cryptography/hazmat/primitives/__pycache__/keywrap.cpython-312.pyc -> /home/matthieu/ros2_ws/install/web_control/share/web_control/web/stream/webrtc/.venv/lib/python3.12/site-packages/cryptography/hazmat/primitives/__pycache__
[1.116s] copying web/stream/webrtc/.venv/lib/python3.12/site-packages/cryptography/hazmat/primitives/__pycache__/cmac.cpython-312.pyc -> /home/matthieu/ros2_ws/install/web_control/share/web_control/web/stream/webrtc/.venv/lib/python3.12/site-packages/cryptography/hazmat/primitives/__pycache__
[1.116s] copying web/stream/webrtc/.venv/lib/python3.12/site-packages/cryptography/hazmat/primitives/__pycache__/hmac.cpython-312.pyc -> /home/matthieu/ros2_ws/install/web_control/share/web_control/web/stream/webrtc/.venv/lib/python3.12/site-packages/cryptography/hazmat/primitives/__pycache__
[1.117s] copying web/stream/webrtc/.venv/lib/python3.12/site-packages/cryptography/hazmat/primitives/__pycache__/hashes.cpython-312.pyc -> /home/matthieu/ros2_ws/install/web_control/share/web_control/web/stream/webrtc/.venv/lib/python3.12/site-packages/cryptography/hazmat/primitives/__pycache__
[1.117s] copying web/stream/webrtc/.venv/lib/python3.12/site-packages/cryptography/hazmat/primitives/__pycache__/__init__.cpython-312.pyc -> /home/matthieu/ros2_ws/install/web_control/share/web_control/web/stream/webrtc/.venv/lib/python3.12/site-packages/cryptography/hazmat/primitives/__pycache__
[1.117s] copying web/stream/webrtc/.venv/lib/python3.12/site-packages/cryptography/hazmat/primitives/__pycache__/padding.cpython-312.pyc -> /home/matthieu/ros2_ws/install/web_control/share/web_control/web/stream/webrtc/.venv/lib/python3.12/site-packages/cryptography/hazmat/primitives/__pycache__
[1.117s] creating /home/matthieu/ros2_ws/install/web_control/share/web_control/web/stream/webrtc/.venv/lib/python3.12/site-packages/cryptography/hazmat/primitives/kdf
[1.117s] copying web/stream/webrtc/.venv/lib/python3.12/site-packages/cryptography/hazmat/primitives/kdf/pbkdf2.py -> /home/matthieu/ros2_ws/install/web_control/share/web_control/web/stream/webrtc/.venv/lib/python3.12/site-packages/cryptography/hazmat/primitives/kdf
[1.117s] copying web/stream/webrtc/.venv/lib/python3.12/site-packages/cryptography/hazmat/primitives/kdf/scrypt.py -> /home/matthieu/ros2_ws/install/web_control/share/web_control/web/stream/webrtc/.venv/lib/python3.12/site-packages/cryptography/hazmat/primitives/kdf
[1.117s] copying web/stream/webrtc/.venv/lib/python3.12/site-packages/cryptography/hazmat/primitives/kdf/concatkdf.py -> /home/matthieu/ros2_ws/install/web_control/share/web_control/web/stream/webrtc/.venv/lib/python3.12/site-packages/cryptography/hazmat/primitives/kdf
[1.117s] copying web/stream/webrtc/.venv/lib/python3.12/site-packages/cryptography/hazmat/primitives/kdf/x963kdf.py -> /home/matthieu/ros2_ws/install/web_control/share/web_control/web/stream/webrtc/.venv/lib/python3.12/site-packages/cryptography/hazmat/primitives/kdf
[1.117s] copying web/stream/webrtc/.venv/lib/python3.12/site-packages/cryptography/hazmat/primitives/kdf/kbkdf.py -> /home/matthieu/ros2_ws/install/web_control/share/web_control/web/stream/webrtc/.venv/lib/python3.12/site-packages/cryptography/hazmat/primitives/kdf
[1.117s] copying web/stream/webrtc/.venv/lib/python3.12/site-packages/cryptography/hazmat/primitives/kdf/argon2.py -> /home/matthieu/ros2_ws/install/web_control/share/web_control/web/stream/webrtc/.venv/lib/python3.12/site-packages/cryptography/hazmat/primitives/kdf
[1.117s] copying web/stream/webrtc/.venv/lib/python3.12/site-packages/cryptography/hazmat/primitives/kdf/hkdf.py -> /home/matthieu/ros2_ws/install/web_control/share/web_control/web/stream/webrtc/.venv/lib/python3.12/site-packages/cryptography/hazmat/primitives/kdf
[1.117s] copying web/stream/webrtc/.venv/lib/python3.12/site-packages/cryptography/hazmat/primitives/kdf/__init__.py -> /home/matthieu/ros2_ws/install/web_control/share/web_control/web/stream/webrtc/.venv/lib/python3.12/site-packages/cryptography/hazmat/primitives/kdf
[1.117s] creating /home/matthieu/ros2_ws/install/web_control/share/web_control/web/stream/webrtc/.venv/lib/python3.12/site-packages/cryptography/hazmat/primitives/kdf/__pycache__
[1.117s] copying web/stream/webrtc/.venv/lib/python3.12/site-packages/cryptography/hazmat/primitives/kdf/__pycache__/kbkdf.cpython-312.pyc -> /home/matthieu/ros2_ws/install/web_control/share/web_control/web/stream/webrtc/.venv/lib/python3.12/site-packages/cryptography/hazmat/primitives/kdf/__pycache__
[1.117s] copying web/stream/webrtc/.venv/lib/python3.12/site-packages/cryptography/hazmat/primitives/kdf/__pycache__/x963kdf.cpython-312.pyc -> /home/matthieu/ros2_ws/install/web_control/share/web_control/web/stream/webrtc/.venv/lib/python3.12/site-packages/cryptography/hazmat/primitives/kdf/__pycache__
[1.117s] copying web/stream/webrtc/.venv/lib/python3.12/site-packages/cryptography/hazmat/primitives/kdf/__pycache__/scrypt.cpython-312.pyc -> /home/matthieu/ros2_ws/install/web_control/share/web_control/web/stream/webrtc/.venv/lib/python3.12/site-packages/cryptography/hazmat/primitives/kdf/__pycache__
[1.117s] copying web/stream/webrtc/.venv/lib/python3.12/site-packages/cryptography/hazmat/primitives/kdf/__pycache__/pbkdf2.cpython-312.pyc -> /home/matthieu/ros2_ws/install/web_control/share/web_control/web/stream/webrtc/.venv/lib/python3.12/site-packages/cryptography/hazmat/primitives/kdf/__pycache__
[1.117s] copying web/stream/webrtc/.venv/lib/python3.12/site-packages/cryptography/hazmat/primitives/kdf/__pycache__/hkdf.cpython-312.pyc -> /home/matthieu/ros2_ws/install/web_control/share/web_control/web/stream/webrtc/.venv/lib/python3.12/site-packages/cryptography/hazmat/primitives/kdf/__pycache__
[1.117s] copying web/stream/webrtc/.venv/lib/python3.12/site-packages/cryptography/hazmat/primitives/kdf/__pycache__/concatkdf.cpython-312.pyc -> /home/matthieu/ros2_ws/install/web_control/share/web_control/web/stream/webrtc/.venv/lib/python3.12/site-packages/cryptography/hazmat/primitives/kdf/__pycache__
[1.118s] copying web/stream/webrtc/.venv/lib/python3.12/site-packages/cryptography/hazmat/primitives/kdf/__pycache__/argon2.cpython-312.pyc -> /home/matthieu/ros2_ws/install/web_control/share/web_control/web/stream/webrtc/.venv/lib/python3.12/site-packages/cryptography/hazmat/primitives/kdf/__pycache__
[1.118s] copying web/stream/webrtc/.venv/lib/python3.12/site-packages/cryptography/hazmat/primitives/kdf/__pycache__/__init__.cpython-312.pyc -> /home/matthieu/ros2_ws/install/web_control/share/web_control/web/stream/webrtc/.venv/lib/python3.12/site-packages/cryptography/hazmat/primitives/kdf/__pycache__
[1.118s] creating /home/matthieu/ros2_ws/install/web_control/share/web_control/web/stream/webrtc/.venv/lib/python3.12/site-packages/cryptography/hazmat/primitives/ciphers
[1.118s] copying web/stream/webrtc/.venv/lib/python3.12/site-packages/cryptography/hazmat/primitives/ciphers/base.py -> /home/matthieu/ros2_ws/install/web_control/share/web_control/web/stream/webrtc/.venv/lib/python3.12/site-packages/cryptography/hazmat/primitives/ciphers
[1.118s] copying web/stream/webrtc/.venv/lib/python3.12/site-packages/cryptography/hazmat/primitives/ciphers/modes.py -> /home/matthieu/ros2_ws/install/web_control/share/web_control/web/stream/webrtc/.venv/lib/python3.12/site-packages/cryptography/hazmat/primitives/ciphers
[1.118s] copying web/stream/webrtc/.venv/lib/python3.12/site-packages/cryptography/hazmat/primitives/ciphers/algorithms.py -> /home/matthieu/ros2_ws/install/web_control/share/web_control/web/stream/webrtc/.venv/lib/python3.12/site-packages/cryptography/hazmat/primitives/ciphers
[1.118s] copying web/stream/webrtc/.venv/lib/python3.12/site-packages/cryptography/hazmat/primitives/ciphers/aead.py -> /home/matthieu/ros2_ws/install/web_control/share/web_control/web/stream/webrtc/.venv/lib/python3.12/site-packages/cryptography/hazmat/primitives/ciphers
[1.118s] copying web/stream/webrtc/.venv/lib/python3.12/site-packages/cryptography/hazmat/primitives/ciphers/__init__.py -> /home/matthieu/ros2_ws/install/web_control/share/web_control/web/stream/webrtc/.venv/lib/python3.12/site-packages/cryptography/hazmat/primitives/ciphers
[1.118s] creating /home/matthieu/ros2_ws/install/web_control/share/web_control/web/stream/webrtc/.venv/lib/python3.12/site-packages/cryptography/hazmat/primitives/ciphers/__pycache__
[1.118s] copying web/stream/webrtc/.venv/lib/python3.12/site-packages/cryptography/hazmat/primitives/ciphers/__pycache__/aead.cpython-312.pyc -> /home/matthieu/ros2_ws/install/web_control/share/web_control/web/stream/webrtc/.venv/lib/python3.12/site-packages/cryptography/hazmat/primitives/ciphers/__pycache__
[1.118s] copying web/stream/webrtc/.venv/lib/python3.12/site-packages/cryptography/hazmat/primitives/ciphers/__pycache__/base.cpython-312.pyc -> /home/matthieu/ros2_ws/install/web_control/share/web_control/web/stream/webrtc/.venv/lib/python3.12/site-packages/cryptography/hazmat/primitives/ciphers/__pycache__
[1.118s] copying web/stream/webrtc/.venv/lib/python3.12/site-packages/cryptography/hazmat/primitives/ciphers/__pycache__/__init__.cpython-312.pyc -> /home/matthieu/ros2_ws/install/web_control/share/web_control/web/stream/webrtc/.venv/lib/python3.12/site-packages/cryptography/hazmat/primitives/ciphers/__pycache__
[1.119s] copying web/stream/webrtc/.venv/lib/python3.12/site-packages/cryptography/hazmat/primitives/ciphers/__pycache__/modes.cpython-312.pyc -> /home/matthieu/ros2_ws/install/web_control/share/web_control/web/stream/webrtc/.venv/lib/python3.12/site-packages/cryptography/hazmat/primitives/ciphers/__pycache__
[1.119s] copying web/stream/webrtc/.venv/lib/python3.12/site-packages/cryptography/hazmat/primitives/ciphers/__pycache__/algorithms.cpython-312.pyc -> /home/matthieu/ros2_ws/install/web_control/share/web_control/web/stream/webrtc/.venv/lib/python3.12/site-packages/cryptography/hazmat/primitives/ciphers/__pycache__
[1.119s] creating /home/matthieu/ros2_ws/install/web_control/share/web_control/web/stream/webrtc/.venv/lib/python3.12/site-packages/cryptography/hazmat/decrepit
[1.119s] copying web/stream/webrtc/.venv/lib/python3.12/site-packages/cryptography/hazmat/decrepit/__init__.py -> /home/matthieu/ros2_ws/install/web_control/share/web_control/web/stream/webrtc/.venv/lib/python3.12/site-packages/cryptography/hazmat/decrepit
[1.119s] creating /home/matthieu/ros2_ws/install/web_control/share/web_control/web/stream/webrtc/.venv/lib/python3.12/site-packages/cryptography/hazmat/decrepit/__pycache__
[1.119s] copying web/stream/webrtc/.venv/lib/python3.12/site-packages/cryptography/hazmat/decrepit/__pycache__/__init__.cpython-312.pyc -> /home/matthieu/ros2_ws/install/web_control/share/web_control/web/stream/webrtc/.venv/lib/python3.12/site-packages/cryptography/hazmat/decrepit/__pycache__
[1.119s] creating /home/matthieu/ros2_ws/install/web_control/share/web_control/web/stream/webrtc/.venv/lib/python3.12/site-packages/cryptography/hazmat/decrepit/ciphers
[1.119s] copying web/stream/webrtc/.venv/lib/python3.12/site-packages/cryptography/hazmat/decrepit/ciphers/algorithms.py -> /home/matthieu/ros2_ws/install/web_control/share/web_control/web/stream/webrtc/.venv/lib/python3.12/site-packages/cryptography/hazmat/decrepit/ciphers
[1.119s] copying web/stream/webrtc/.venv/lib/python3.12/site-packages/cryptography/hazmat/decrepit/ciphers/__init__.py -> /home/matthieu/ros2_ws/install/web_control/share/web_control/web/stream/webrtc/.venv/lib/python3.12/site-packages/cryptography/hazmat/decrepit/ciphers
[1.119s] creating /home/matthieu/ros2_ws/install/web_control/share/web_control/web/stream/webrtc/.venv/lib/python3.12/site-packages/cryptography/hazmat/decrepit/ciphers/__pycache__
[1.119s] copying web/stream/webrtc/.venv/lib/python3.12/site-packages/cryptography/hazmat/decrepit/ciphers/__pycache__/__init__.cpython-312.pyc -> /home/matthieu/ros2_ws/install/web_control/share/web_control/web/stream/webrtc/.venv/lib/python3.12/site-packages/cryptography/hazmat/decrepit/ciphers/__pycache__
[1.119s] copying web/stream/webrtc/.venv/lib/python3.12/site-packages/cryptography/hazmat/decrepit/ciphers/__pycache__/algorithms.cpython-312.pyc -> /home/matthieu/ros2_ws/install/web_control/share/web_control/web/stream/webrtc/.venv/lib/python3.12/site-packages/cryptography/hazmat/decrepit/ciphers/__pycache__
[1.119s] creating /home/matthieu/ros2_ws/install/web_control/share/web_control/web/stream/webrtc/.venv/lib/python3.12/site-packages/cryptography/hazmat/__pycache__
[1.119s] copying web/stream/webrtc/.venv/lib/python3.12/site-packages/cryptography/hazmat/__pycache__/_oid.cpython-312.pyc -> /home/matthieu/ros2_ws/install/web_control/share/web_control/web/stream/webrtc/.venv/lib/python3.12/site-packages/cryptography/hazmat/__pycache__
[1.119s] copying web/stream/webrtc/.venv/lib/python3.12/site-packages/cryptography/hazmat/__pycache__/__init__.cpython-312.pyc -> /home/matthieu/ros2_ws/install/web_control/share/web_control/web/stream/webrtc/.venv/lib/python3.12/site-packages/cryptography/hazmat/__pycache__
[1.119s] creating /home/matthieu/ros2_ws/install/web_control/share/web_control/web/stream/webrtc/.venv/lib/python3.12/site-packages/cryptography/hazmat/bindings
[1.119s] copying web/stream/webrtc/.venv/lib/python3.12/site-packages/cryptography/hazmat/bindings/_rust.abi3.so -> /home/matthieu/ros2_ws/install/web_control/share/web_control/web/stream/webrtc/.venv/lib/python3.12/site-packages/cryptography/hazmat/bindings
[1.125s] copying web/stream/webrtc/.venv/lib/python3.12/site-packages/cryptography/hazmat/bindings/__init__.py -> /home/matthieu/ros2_ws/install/web_control/share/web_control/web/stream/webrtc/.venv/lib/python3.12/site-packages/cryptography/hazmat/bindings
[1.125s] creating /home/matthieu/ros2_ws/install/web_control/share/web_control/web/stream/webrtc/.venv/lib/python3.12/site-packages/cryptography/hazmat/bindings/_rust
[1.125s] copying web/stream/webrtc/.venv/lib/python3.12/site-packages/cryptography/hazmat/bindings/_rust/pkcs7.pyi -> /home/matthieu/ros2_ws/install/web_control/share/web_control/web/stream/webrtc/.venv/lib/python3.12/site-packages/cryptography/hazmat/bindings/_rust
[1.125s] copying web/stream/webrtc/.venv/lib/python3.12/site-packages/cryptography/hazmat/bindings/_rust/__init__.pyi -> /home/matthieu/ros2_ws/install/web_control/share/web_control/web/stream/webrtc/.venv/lib/python3.12/site-packages/cryptography/hazmat/bindings/_rust
[1.125s] copying web/stream/webrtc/.venv/lib/python3.12/site-packages/cryptography/hazmat/bindings/_rust/x509.pyi -> /home/matthieu/ros2_ws/install/web_control/share/web_control/web/stream/webrtc/.venv/lib/python3.12/site-packages/cryptography/hazmat/bindings/_rust
[1.125s] copying web/stream/webrtc/.venv/lib/python3.12/site-packages/cryptography/hazmat/bindings/_rust/asn1.pyi -> /home/matthieu/ros2_ws/install/web_control/share/web_control/web/stream/webrtc/.venv/lib/python3.12/site-packages/cryptography/hazmat/bindings/_rust
[1.125s] copying web/stream/webrtc/.venv/lib/python3.12/site-packages/cryptography/hazmat/bindings/_rust/ocsp.pyi -> /home/matthieu/ros2_ws/install/web_control/share/web_control/web/stream/webrtc/.venv/lib/python3.12/site-packages/cryptography/hazmat/bindings/_rust
[1.125s] copying web/stream/webrtc/.venv/lib/python3.12/site-packages/cryptography/hazmat/bindings/_rust/declarative_asn1.pyi -> /home/matthieu/ros2_ws/install/web_control/share/web_control/web/stream/webrtc/.venv/lib/python3.12/site-packages/cryptography/hazmat/bindings/_rust
[1.125s] copying web/stream/webrtc/.venv/lib/python3.12/site-packages/cryptography/hazmat/bindings/_rust/test_support.pyi -> /home/matthieu/ros2_ws/install/web_control/share/web_control/web/stream/webrtc/.venv/lib/python3.12/site-packages/cryptography/hazmat/bindings/_rust
[1.125s] copying web/stream/webrtc/.venv/lib/python3.12/site-packages/cryptography/hazmat/bindings/_rust/exceptions.pyi -> /home/matthieu/ros2_ws/install/web_control/share/web_control/web/stream/webrtc/.venv/lib/python3.12/site-packages/cryptography/hazmat/bindings/_rust
[1.125s] copying web/stream/webrtc/.venv/lib/python3.12/site-packages/cryptography/hazmat/bindings/_rust/_openssl.pyi -> /home/matthieu/ros2_ws/install/web_control/share/web_control/web/stream/webrtc/.venv/lib/python3.12/site-packages/cryptography/hazmat/bindings/_rust
[1.125s] copying web/stream/webrtc/.venv/lib/python3.12/site-packages/cryptography/hazmat/bindings/_rust/pkcs12.pyi -> /home/matthieu/ros2_ws/install/web_control/share/web_control/web/stream/webrtc/.venv/lib/python3.12/site-packages/cryptography/hazmat/bindings/_rust
[1.125s] creating /home/matthieu/ros2_ws/install/web_control/share/web_control/web/stream/webrtc/.venv/lib/python3.12/site-packages/cryptography/hazmat/bindings/_rust/openssl
[1.126s] copying web/stream/webrtc/.venv/lib/python3.12/site-packages/cryptography/hazmat/bindings/_rust/openssl/dh.pyi -> /home/matthieu/ros2_ws/install/web_control/share/web_control/web/stream/webrtc/.venv/lib/python3.12/site-packages/cryptography/hazmat/bindings/_rust/openssl
[1.126s] copying web/stream/webrtc/.venv/lib/python3.12/site-packages/cryptography/hazmat/bindings/_rust/openssl/ed448.pyi -> /home/matthieu/ros2_ws/install/web_control/share/web_control/web/stream/webrtc/.venv/lib/python3.12/site-packages/cryptography/hazmat/bindings/_rust/openssl
[1.126s] copying web/stream/webrtc/.venv/lib/python3.12/site-packages/cryptography/hazmat/bindings/_rust/openssl/kdf.pyi -> /home/matthieu/ros2_ws/install/web_control/share/web_control/web/stream/webrtc/.venv/lib/python3.12/site-packages/cryptography/hazmat/bindings/_rust/openssl
[1.126s] copying web/stream/webrtc/.venv/lib/python3.12/site-packages/cryptography/hazmat/bindings/_rust/openssl/hashes.pyi -> /home/matthieu/ros2_ws/install/web_control/share/web_control/web/stream/webrtc/.venv/lib/python3.12/site-packages/cryptography/hazmat/bindings/_rust/openssl
[1.126s] copying web/stream/webrtc/.venv/lib/python3.12/site-packages/cryptography/hazmat/bindings/_rust/openssl/poly1305.pyi -> /home/matthieu/ros2_ws/install/web_control/share/web_control/web/stream/webrtc/.venv/lib/python3.12/site-packages/cryptography/hazmat/bindings/_rust/openssl
[1.126s] copying web/stream/webrtc/.venv/lib/python3.12/site-packages/cryptography/hazmat/bindings/_rust/openssl/x448.pyi -> /home/matthieu/ros2_ws/install/web_control/share/web_control/web/stream/webrtc/.venv/lib/python3.12/site-packages/cryptography/hazmat/bindings/_rust/openssl
[1.126s] copying web/stream/webrtc/.venv/lib/python3.12/site-packages/cryptography/hazmat/bindings/_rust/openssl/__init__.pyi -> /home/matthieu/ros2_ws/install/web_control/share/web_control/web/stream/webrtc/.venv/lib/python3.12/site-packages/cryptography/hazmat/bindings/_rust/openssl
[1.126s] copying web/stream/webrtc/.venv/lib/python3.12/site-packages/cryptography/hazmat/bindings/_rust/openssl/ed25519.pyi -> /home/matthieu/ros2_ws/install/web_control/share/web_control/web/stream/webrtc/.venv/lib/python3.12/site-packages/cryptography/hazmat/bindings/_rust/openssl
[1.126s] copying web/stream/webrtc/.venv/lib/python3.12/site-packages/cryptography/hazmat/bindings/_rust/openssl/ciphers.pyi -> /home/matthieu/ros2_ws/install/web_control/share/web_control/web/stream/webrtc/.venv/lib/python3.12/site-packages/cryptography/hazmat/bindings/_rust/openssl
[1.126s] copying web/stream/webrtc/.venv/lib/python3.12/site-packages/cryptography/hazmat/bindings/_rust/openssl/cmac.pyi -> /home/matthieu/ros2_ws/install/web_control/share/web_control/web/stream/webrtc/.venv/lib/python3.12/site-packages/cryptography/hazmat/bindings/_rust/openssl
[1.126s] copying web/stream/webrtc/.venv/lib/python3.12/site-packages/cryptography/hazmat/bindings/_rust/openssl/rsa.pyi -> /home/matthieu/ros2_ws/install/web_control/share/web_control/web/stream/webrtc/.venv/lib/python3.12/site-packages/cryptography/hazmat/bindings/_rust/openssl
[1.126s] copying web/stream/webrtc/.venv/lib/python3.12/site-packages/cryptography/hazmat/bindings/_rust/openssl/x25519.pyi -> /home/matthieu/ros2_ws/install/web_control/share/web_control/web/stream/webrtc/.venv/lib/python3.12/site-packages/cryptography/hazmat/bindings/_rust/openssl
[1.126s] copying web/stream/webrtc/.venv/lib/python3.12/site-packages/cryptography/hazmat/bindings/_rust/openssl/ec.pyi -> /home/matthieu/ros2_ws/install/web_control/share/web_control/web/stream/webrtc/.venv/lib/python3.12/site-packages/cryptography/hazmat/bindings/_rust/openssl
[1.126s] copying web/stream/webrtc/.venv/lib/python3.12/site-packages/cryptography/hazmat/bindings/_rust/openssl/dsa.pyi -> /home/matthieu/ros2_ws/install/web_control/share/web_control/web/stream/webrtc/.venv/lib/python3.12/site-packages/cryptography/hazmat/bindings/_rust/openssl
[1.126s] copying web/stream/webrtc/.venv/lib/python3.12/site-packages/cryptography/hazmat/bindings/_rust/openssl/aead.pyi -> /home/matthieu/ros2_ws/install/web_control/share/web_control/web/stream/webrtc/.venv/lib/python3.12/site-packages/cryptography/hazmat/bindings/_rust/openssl
[1.126s] copying web/stream/webrtc/.venv/lib/python3.12/site-packages/cryptography/hazmat/bindings/_rust/openssl/hmac.pyi -> /home/matthieu/ros2_ws/install/web_control/share/web_control/web/stream/webrtc/.venv/lib/python3.12/site-packages/cryptography/hazmat/bindings/_rust/openssl
[1.126s] copying web/stream/webrtc/.venv/lib/python3.12/site-packages/cryptography/hazmat/bindings/_rust/openssl/keys.pyi -> /home/matthieu/ros2_ws/install/web_control/share/web_control/web/stream/webrtc/.venv/lib/python3.12/site-packages/cryptography/hazmat/bindings/_rust/openssl
[1.126s] creating /home/matthieu/ros2_ws/install/web_control/share/web_control/web/stream/webrtc/.venv/lib/python3.12/site-packages/cryptography/hazmat/bindings/openssl
[1.126s] copying web/stream/webrtc/.venv/lib/python3.12/site-packages/cryptography/hazmat/bindings/openssl/binding.py -> /home/matthieu/ros2_ws/install/web_control/share/web_control/web/stream/webrtc/.venv/lib/python3.12/site-packages/cryptography/hazmat/bindings/openssl
[1.127s] copying web/stream/webrtc/.venv/lib/python3.12/site-packages/cryptography/hazmat/bindings/openssl/_conditional.py -> /home/matthieu/ros2_ws/install/web_control/share/web_control/web/stream/webrtc/.venv/lib/python3.12/site-packages/cryptography/hazmat/bindings/openssl
[1.127s] copying web/stream/webrtc/.venv/lib/python3.12/site-packages/cryptography/hazmat/bindings/openssl/__init__.py -> /home/matthieu/ros2_ws/install/web_control/share/web_control/web/stream/webrtc/.venv/lib/python3.12/site-packages/cryptography/hazmat/bindings/openssl
[1.127s] creating /home/matthieu/ros2_ws/install/web_control/share/web_control/web/stream/webrtc/.venv/lib/python3.12/site-packages/cryptography/hazmat/bindings/openssl/__pycache__
[1.127s] copying web/stream/webrtc/.venv/lib/python3.12/site-packages/cryptography/hazmat/bindings/openssl/__pycache__/binding.cpython-312.pyc -> /home/matthieu/ros2_ws/install/web_control/share/web_control/web/stream/webrtc/.venv/lib/python3.12/site-packages/cryptography/hazmat/bindings/openssl/__pycache__
[1.127s] copying web/stream/webrtc/.venv/lib/python3.12/site-packages/cryptography/hazmat/bindings/openssl/__pycache__/_conditional.cpython-312.pyc -> /home/matthieu/ros2_ws/install/web_control/share/web_control/web/stream/webrtc/.venv/lib/python3.12/site-packages/cryptography/hazmat/bindings/openssl/__pycache__
[1.127s] copying web/stream/webrtc/.venv/lib/python3.12/site-packages/cryptography/hazmat/bindings/openssl/__pycache__/__init__.cpython-312.pyc -> /home/matthieu/ros2_ws/install/web_control/share/web_control/web/stream/webrtc/.venv/lib/python3.12/site-packages/cryptography/hazmat/bindings/openssl/__pycache__
[1.127s] creating /home/matthieu/ros2_ws/install/web_control/share/web_control/web/stream/webrtc/.venv/lib/python3.12/site-packages/cryptography/hazmat/bindings/__pycache__
[1.127s] copying web/stream/webrtc/.venv/lib/python3.12/site-packages/cryptography/hazmat/bindings/__pycache__/__init__.cpython-312.pyc -> /home/matthieu/ros2_ws/install/web_control/share/web_control/web/stream/webrtc/.venv/lib/python3.12/site-packages/cryptography/hazmat/bindings/__pycache__
[1.127s] creating /home/matthieu/ros2_ws/install/web_control/share/web_control/web/stream/webrtc/.venv/lib/python3.12/site-packages/cryptography/hazmat/backends
[1.127s] copying web/stream/webrtc/.venv/lib/python3.12/site-packages/cryptography/hazmat/backends/__init__.py -> /home/matthieu/ros2_ws/install/web_control/share/web_control/web/stream/webrtc/.venv/lib/python3.12/site-packages/cryptography/hazmat/backends
[1.127s] creating /home/matthieu/ros2_ws/install/web_control/share/web_control/web/stream/webrtc/.venv/lib/python3.12/site-packages/cryptography/hazmat/backends/openssl
[1.127s] copying web/stream/webrtc/.venv/lib/python3.12/site-packages/cryptography/hazmat/backends/openssl/backend.py -> /home/matthieu/ros2_ws/install/web_control/share/web_control/web/stream/webrtc/.venv/lib/python3.12/site-packages/cryptography/hazmat/backends/openssl
[1.127s] copying web/stream/webrtc/.venv/lib/python3.12/site-packages/cryptography/hazmat/backends/openssl/__init__.py -> /home/matthieu/ros2_ws/install/web_control/share/web_control/web/stream/webrtc/.venv/lib/python3.12/site-packages/cryptography/hazmat/backends/openssl
[1.127s] creating /home/matthieu/ros2_ws/install/web_control/share/web_control/web/stream/webrtc/.venv/lib/python3.12/site-packages/cryptography/hazmat/backends/openssl/__pycache__
[1.127s] copying web/stream/webrtc/.venv/lib/python3.12/site-packages/cryptography/hazmat/backends/openssl/__pycache__/backend.cpython-312.pyc -> /home/matthieu/ros2_ws/install/web_control/share/web_control/web/stream/webrtc/.venv/lib/python3.12/site-packages/cryptography/hazmat/backends/openssl/__pycache__
[1.127s] copying web/stream/webrtc/.venv/lib/python3.12/site-packages/cryptography/hazmat/backends/openssl/__pycache__/__init__.cpython-312.pyc -> /home/matthieu/ros2_ws/install/web_control/share/web_control/web/stream/webrtc/.venv/lib/python3.12/site-packages/cryptography/hazmat/backends/openssl/__pycache__
[1.127s] creating /home/matthieu/ros2_ws/install/web_control/share/web_control/web/stream/webrtc/.venv/lib/python3.12/site-packages/cryptography/hazmat/backends/__pycache__
[1.127s] copying web/stream/webrtc/.venv/lib/python3.12/site-packages/cryptography/hazmat/backends/__pycache__/__init__.cpython-312.pyc -> /home/matthieu/ros2_ws/install/web_control/share/web_control/web/stream/webrtc/.venv/lib/python3.12/site-packages/cryptography/hazmat/backends/__pycache__
[1.127s] creating /home/matthieu/ros2_ws/install/web_control/share/web_control/web/stream/webrtc/.venv/lib/python3.12/site-packages/cryptography/hazmat/asn1
[1.128s] copying web/stream/webrtc/.venv/lib/python3.12/site-packages/cryptography/hazmat/asn1/asn1.py -> /home/matthieu/ros2_ws/install/web_control/share/web_control/web/stream/webrtc/.venv/lib/python3.12/site-packages/cryptography/hazmat/asn1
[1.128s] copying web/stream/webrtc/.venv/lib/python3.12/site-packages/cryptography/hazmat/asn1/__init__.py -> /home/matthieu/ros2_ws/install/web_control/share/web_control/web/stream/webrtc/.venv/lib/python3.12/site-packages/cryptography/hazmat/asn1
[1.128s] creating /home/matthieu/ros2_ws/install/web_control/share/web_control/web/stream/webrtc/.venv/lib/python3.12/site-packages/cryptography/hazmat/asn1/__pycache__
[1.128s] copying web/stream/webrtc/.venv/lib/python3.12/site-packages/cryptography/hazmat/asn1/__pycache__/asn1.cpython-312.pyc -> /home/matthieu/ros2_ws/install/web_control/share/web_control/web/stream/webrtc/.venv/lib/python3.12/site-packages/cryptography/hazmat/asn1/__pycache__
[1.128s] copying web/stream/webrtc/.venv/lib/python3.12/site-packages/cryptography/hazmat/asn1/__pycache__/__init__.cpython-312.pyc -> /home/matthieu/ros2_ws/install/web_control/share/web_control/web/stream/webrtc/.venv/lib/python3.12/site-packages/cryptography/hazmat/asn1/__pycache__
[1.128s] creating /home/matthieu/ros2_ws/install/web_control/share/web_control/web/stream/webrtc/.venv/lib/python3.12/site-packages/cryptography/x509
[1.128s] copying web/stream/webrtc/.venv/lib/python3.12/site-packages/cryptography/x509/general_name.py -> /home/matthieu/ros2_ws/install/web_control/share/web_control/web/stream/webrtc/.venv/lib/python3.12/site-packages/cryptography/x509
[1.128s] copying web/stream/webrtc/.venv/lib/python3.12/site-packages/cryptography/x509/base.py -> /home/matthieu/ros2_ws/install/web_control/share/web_control/web/stream/webrtc/.venv/lib/python3.12/site-packages/cryptography/x509
[1.128s] copying web/stream/webrtc/.venv/lib/python3.12/site-packages/cryptography/x509/certificate_transparency.py -> /home/matthieu/ros2_ws/install/web_control/share/web_control/web/stream/webrtc/.venv/lib/python3.12/site-packages/cryptography/x509
[1.128s] copying web/stream/webrtc/.venv/lib/python3.12/site-packages/cryptography/x509/name.py -> /home/matthieu/ros2_ws/install/web_control/share/web_control/web/stream/webrtc/.venv/lib/python3.12/site-packages/cryptography/x509
[1.128s] copying web/stream/webrtc/.venv/lib/python3.12/site-packages/cryptography/x509/extensions.py -> /home/matthieu/ros2_ws/install/web_control/share/web_control/web/stream/webrtc/.venv/lib/python3.12/site-packages/cryptography/x509
[1.128s] copying web/stream/webrtc/.venv/lib/python3.12/site-packages/cryptography/x509/oid.py -> /home/matthieu/ros2_ws/install/web_control/share/web_control/web/stream/webrtc/.venv/lib/python3.12/site-packages/cryptography/x509
[1.128s] copying web/stream/webrtc/.venv/lib/python3.12/site-packages/cryptography/x509/verification.py -> /home/matthieu/ros2_ws/install/web_control/share/web_control/web/stream/webrtc/.venv/lib/python3.12/site-packages/cryptography/x509
[1.128s] copying web/stream/webrtc/.venv/lib/python3.12/site-packages/cryptography/x509/ocsp.py -> /home/matthieu/ros2_ws/install/web_control/share/web_control/web/stream/webrtc/.venv/lib/python3.12/site-packages/cryptography/x509
[1.128s] copying web/stream/webrtc/.venv/lib/python3.12/site-packages/cryptography/x509/__init__.py -> /home/matthieu/ros2_ws/install/web_control/share/web_control/web/stream/webrtc/.venv/lib/python3.12/site-packages/cryptography/x509
[1.128s] creating /home/matthieu/ros2_ws/install/web_control/share/web_control/web/stream/webrtc/.venv/lib/python3.12/site-packages/cryptography/x509/__pycache__
[1.128s] copying web/stream/webrtc/.venv/lib/python3.12/site-packages/cryptography/x509/__pycache__/general_name.cpython-312.pyc -> /home/matthieu/ros2_ws/install/web_control/share/web_control/web/stream/webrtc/.venv/lib/python3.12/site-packages/cryptography/x509/__pycache__
[1.128s] copying web/stream/webrtc/.venv/lib/python3.12/site-packages/cryptography/x509/__pycache__/name.cpython-312.pyc -> /home/matthieu/ros2_ws/install/web_control/share/web_control/web/stream/webrtc/.venv/lib/python3.12/site-packages/cryptography/x509/__pycache__
[1.128s] copying web/stream/webrtc/.venv/lib/python3.12/site-packages/cryptography/x509/__pycache__/ocsp.cpython-312.pyc -> /home/matthieu/ros2_ws/install/web_control/share/web_control/web/stream/webrtc/.venv/lib/python3.12/site-packages/cryptography/x509/__pycache__
[1.129s] copying web/stream/webrtc/.venv/lib/python3.12/site-packages/cryptography/x509/__pycache__/base.cpython-312.pyc -> /home/matthieu/ros2_ws/install/web_control/share/web_control/web/stream/webrtc/.venv/lib/python3.12/site-packages/cryptography/x509/__pycache__
[1.129s] copying web/stream/webrtc/.venv/lib/python3.12/site-packages/cryptography/x509/__pycache__/oid.cpython-312.pyc -> /home/matthieu/ros2_ws/install/web_control/share/web_control/web/stream/webrtc/.venv/lib/python3.12/site-packages/cryptography/x509/__pycache__
[1.129s] copying web/stream/webrtc/.venv/lib/python3.12/site-packages/cryptography/x509/__pycache__/verification.cpython-312.pyc -> /home/matthieu/ros2_ws/install/web_control/share/web_control/web/stream/webrtc/.venv/lib/python3.12/site-packages/cryptography/x509/__pycache__
[1.129s] copying web/stream/webrtc/.venv/lib/python3.12/site-packages/cryptography/x509/__pycache__/__init__.cpython-312.pyc -> /home/matthieu/ros2_ws/install/web_control/share/web_control/web/stream/webrtc/.venv/lib/python3.12/site-packages/cryptography/x509/__pycache__
[1.129s] copying web/stream/webrtc/.venv/lib/python3.12/site-packages/cryptography/x509/__pycache__/extensions.cpython-312.pyc -> /home/matthieu/ros2_ws/install/web_control/share/web_control/web/stream/webrtc/.venv/lib/python3.12/site-packages/cryptography/x509/__pycache__
[1.129s] copying web/stream/webrtc/.venv/lib/python3.12/site-packages/cryptography/x509/__pycache__/certificate_transparency.cpython-312.pyc -> /home/matthieu/ros2_ws/install/web_control/share/web_control/web/stream/webrtc/.venv/lib/python3.12/site-packages/cryptography/x509/__pycache__
[1.129s] creating /home/matthieu/ros2_ws/install/web_control/share/web_control/web/stream/webrtc/.venv/lib/python3.12/site-packages/cryptography/__pycache__
[1.129s] copying web/stream/webrtc/.venv/lib/python3.12/site-packages/cryptography/__pycache__/fernet.cpython-312.pyc -> /home/matthieu/ros2_ws/install/web_control/share/web_control/web/stream/webrtc/.venv/lib/python3.12/site-packages/cryptography/__pycache__
[1.129s] copying web/stream/webrtc/.venv/lib/python3.12/site-packages/cryptography/__pycache__/__about__.cpython-312.pyc -> /home/matthieu/ros2_ws/install/web_control/share/web_control/web/stream/webrtc/.venv/lib/python3.12/site-packages/cryptography/__pycache__
[1.129s] copying web/stream/webrtc/.venv/lib/python3.12/site-packages/cryptography/__pycache__/exceptions.cpython-312.pyc -> /home/matthieu/ros2_ws/install/web_control/share/web_control/web/stream/webrtc/.venv/lib/python3.12/site-packages/cryptography/__pycache__
[1.129s] copying web/stream/webrtc/.venv/lib/python3.12/site-packages/cryptography/__pycache__/__init__.cpython-312.pyc -> /home/matthieu/ros2_ws/install/web_control/share/web_control/web/stream/webrtc/.venv/lib/python3.12/site-packages/cryptography/__pycache__
[1.129s] copying web/stream/webrtc/.venv/lib/python3.12/site-packages/cryptography/__pycache__/utils.cpython-312.pyc -> /home/matthieu/ros2_ws/install/web_control/share/web_control/web/stream/webrtc/.venv/lib/python3.12/site-packages/cryptography/__pycache__
[1.129s] creating /home/matthieu/ros2_ws/install/web_control/share/web_control/web/stream/webrtc/.venv/lib/python3.12/site-packages/aiosignal
[1.129s] copying web/stream/webrtc/.venv/lib/python3.12/site-packages/aiosignal/py.typed -> /home/matthieu/ros2_ws/install/web_control/share/web_control/web/stream/webrtc/.venv/lib/python3.12/site-packages/aiosignal
[1.129s] copying web/stream/webrtc/.venv/lib/python3.12/site-packages/aiosignal/__init__.py -> /home/matthieu/ros2_ws/install/web_control/share/web_control/web/stream/webrtc/.venv/lib/python3.12/site-packages/aiosignal
[1.129s] creating /home/matthieu/ros2_ws/install/web_control/share/web_control/web/stream/webrtc/.venv/lib/python3.12/site-packages/aiosignal/__pycache__
[1.130s] copying web/stream/webrtc/.venv/lib/python3.12/site-packages/aiosignal/__pycache__/__init__.cpython-312.pyc -> /home/matthieu/ros2_ws/install/web_control/share/web_control/web/stream/webrtc/.venv/lib/python3.12/site-packages/aiosignal/__pycache__
[1.130s] creating /home/matthieu/ros2_ws/install/web_control/share/web_control/web/stream/webrtc/.venv/lib/python3.12/site-packages/yarl-1.22.0.dist-info
[1.130s] copying web/stream/webrtc/.venv/lib/python3.12/site-packages/yarl-1.22.0.dist-info/WHEEL -> /home/matthieu/ros2_ws/install/web_control/share/web_control/web/stream/webrtc/.venv/lib/python3.12/site-packages/yarl-1.22.0.dist-info
[1.130s] copying web/stream/webrtc/.venv/lib/python3.12/site-packages/yarl-1.22.0.dist-info/RECORD -> /home/matthieu/ros2_ws/install/web_control/share/web_control/web/stream/webrtc/.venv/lib/python3.12/site-packages/yarl-1.22.0.dist-info
[1.130s] copying web/stream/webrtc/.venv/lib/python3.12/site-packages/yarl-1.22.0.dist-info/INSTALLER -> /home/matthieu/ros2_ws/install/web_control/share/web_control/web/stream/webrtc/.venv/lib/python3.12/site-packages/yarl-1.22.0.dist-info
[1.130s] copying web/stream/webrtc/.venv/lib/python3.12/site-packages/yarl-1.22.0.dist-info/top_level.txt -> /home/matthieu/ros2_ws/install/web_control/share/web_control/web/stream/webrtc/.venv/lib/python3.12/site-packages/yarl-1.22.0.dist-info
[1.130s] copying web/stream/webrtc/.venv/lib/python3.12/site-packages/yarl-1.22.0.dist-info/METADATA -> /home/matthieu/ros2_ws/install/web_control/share/web_control/web/stream/webrtc/.venv/lib/python3.12/site-packages/yarl-1.22.0.dist-info
[1.130s] creating /home/matthieu/ros2_ws/install/web_control/share/web_control/web/stream/webrtc/.venv/lib/python3.12/site-packages/yarl-1.22.0.dist-info/licenses
[1.130s] copying web/stream/webrtc/.venv/lib/python3.12/site-packages/yarl-1.22.0.dist-info/licenses/LICENSE -> /home/matthieu/ros2_ws/install/web_control/share/web_control/web/stream/webrtc/.venv/lib/python3.12/site-packages/yarl-1.22.0.dist-info/licenses
[1.130s] copying web/stream/webrtc/.venv/lib/python3.12/site-packages/yarl-1.22.0.dist-info/licenses/NOTICE -> /home/matthieu/ros2_ws/install/web_control/share/web_control/web/stream/webrtc/.venv/lib/python3.12/site-packages/yarl-1.22.0.dist-info/licenses
[1.130s] creating /home/matthieu/ros2_ws/install/web_control/share/web_control/web/stream/webrtc/.venv/lib/python3.12/site-packages/typing_extensions-4.15.0.dist-info
[1.130s] copying web/stream/webrtc/.venv/lib/python3.12/site-packages/typing_extensions-4.15.0.dist-info/WHEEL -> /home/matthieu/ros2_ws/install/web_control/share/web_control/web/stream/webrtc/.venv/lib/python3.12/site-packages/typing_extensions-4.15.0.dist-info
[1.130s] copying web/stream/webrtc/.venv/lib/python3.12/site-packages/typing_extensions-4.15.0.dist-info/RECORD -> /home/matthieu/ros2_ws/install/web_control/share/web_control/web/stream/webrtc/.venv/lib/python3.12/site-packages/typing_extensions-4.15.0.dist-info
[1.130s] copying web/stream/webrtc/.venv/lib/python3.12/site-packages/typing_extensions-4.15.0.dist-info/INSTALLER -> /home/matthieu/ros2_ws/install/web_control/share/web_control/web/stream/webrtc/.venv/lib/python3.12/site-packages/typing_extensions-4.15.0.dist-info
[1.130s] copying web/stream/webrtc/.venv/lib/python3.12/site-packages/typing_extensions-4.15.0.dist-info/METADATA -> /home/matthieu/ros2_ws/install/web_control/share/web_control/web/stream/webrtc/.venv/lib/python3.12/site-packages/typing_extensions-4.15.0.dist-info
[1.130s] creating /home/matthieu/ros2_ws/install/web_control/share/web_control/web/stream/webrtc/.venv/lib/python3.12/site-packages/typing_extensions-4.15.0.dist-info/licenses
[1.130s] copying web/stream/webrtc/.venv/lib/python3.12/site-packages/typing_extensions-4.15.0.dist-info/licenses/LICENSE -> /home/matthieu/ros2_ws/install/web_control/share/web_control/web/stream/webrtc/.venv/lib/python3.12/site-packages/typing_extensions-4.15.0.dist-info/licenses
[1.130s] creating /home/matthieu/ros2_ws/install/web_control/share/web_control/web/stream/webrtc/__pycache__
[1.131s] copying web/stream/webrtc/__pycache__/webrtc_server.cpython-312.pyc -> /home/matthieu/ros2_ws/install/web_control/share/web_control/web/stream/webrtc/__pycache__
[1.131s] creating /home/matthieu/ros2_ws/install/web_control/share/web_control/web/stream/__pycache__
[1.131s] copying web/stream/__pycache__/start_stream.cpython-312.pyc -> /home/matthieu/ros2_ws/install/web_control/share/web_control/web/stream/__pycache__
[1.131s] running install_egg_info
[1.148s] removing '/home/matthieu/ros2_ws/install/web_control/lib/python3.12/site-packages/web_control-1.0.0-py3.12.egg-info' (and everything under it)
[1.148s] Copying ../../build/web_control/web_control.egg-info to /home/matthieu/ros2_ws/install/web_control/lib/python3.12/site-packages/web_control-1.0.0-py3.12.egg-info
[1.149s] running install_scripts
[1.244s] Installing backend_node script to /home/matthieu/ros2_ws/install/web_control/lib/web_control
[1.260s] writing list of installed files to '/home/matthieu/ros2_ws/build/web_control/install.log'
[1.279s] Invoked command in '/home/matthieu/ros2_ws/src/web_control' returned '0': DEBUGINFOD_URLS=https://debuginfod.ubuntu.com PYTHONPATH=/home/matthieu/ros2_ws/build/web_control/prefix_override:/usr/lib/python3/dist-packages/colcon_core/task/python/colcon_distutils_commands:/home/matthieu/ros2_ws/install/web_control/lib/python3.12/site-packages:${PYTHONPATH} /usr/bin/python3 -W ignore:setup.py install is deprecated -W ignore:easy_install command is deprecated setup.py egg_info --egg-base ../../build/web_control build --build-base /home/matthieu/ros2_ws/build/web_control/build install --record /home/matthieu/ros2_ws/build/web_control/install.log --single-version-externally-managed install_data
