[0.000000] (-) TimerEvent: {}
[0.000305] (web_control) JobQueued: {'identifier': 'web_control', 'dependencies': OrderedDict()}
[0.000555] (web_control) JobStarted: {'identifier': 'web_control'}
[0.099846] (-) TimerEvent: {}
[0.200182] (-) TimerEvent: {}
[0.301719] (-) TimerEvent: {}
[0.401998] (-) TimerEvent: {}
[0.502509] (-) TimerEvent: {}
[0.602801] (-) TimerEvent: {}
[0.703054] (-) TimerEvent: {}
[0.803414] (-) TimerEvent: {}
[0.903772] (-) TimerEvent: {}
[1.004117] (-) TimerEvent: {}
[1.104508] (-) TimerEvent: {}
[1.204996] (-) TimerEvent: {}
[1.271183] (web_control) Command: {'cmd': ['/usr/bin/python3', '-W', 'ignore:setup.py install is deprecated', '-W', 'ignore:easy_install command is deprecated', 'setup.py', 'develop', '--editable', '--build-directory', '/home/matthieu/ros2_ws/build/web_control/build', '--no-deps', 'symlink_data', '--force'], 'cwd': '/home/matthieu/ros2_ws/build/web_control', 'env': {'GJS_DEBUG_TOPICS': 'JS ERROR;JS LOG', 'XDG_ACTIVATION_TOKEN': 'gnome-shell/Terminator/2253-0-matthieu-ASUS-TUF-Gaming-F15-FX506HM-FX506HM_TIME407165', 'LESSOPEN': '| /usr/bin/lesspipe %s', 'USER': 'matthieu', 'GZ_CONFIG_PATH': '/opt/ros/jazzy/opt/gz_sim_vendor/share/gz:/opt/ros/jazzy/opt/sdformat_vendor/share/gz:/opt/ros/jazzy/opt/gz_gui_vendor/share/gz:/opt/ros/jazzy/opt/gz_transport_vendor/share/gz:/opt/ros/jazzy/opt/gz_rendering_vendor/share/gz:/opt/ros/jazzy/opt/gz_plugin_vendor/share/gz:/opt/ros/jazzy/opt/gz_fuel_tools_vendor/share/gz:/opt/ros/jazzy/opt/gz_msgs_vendor/share/gz:/opt/ros/jazzy/opt/gz_common_vendor/share/gz', 'XDG_SESSION_TYPE': 'wayland', 'CLUTTER_DISABLE_MIPMAPPED_TEXT': '1', 'SHLVL': '1', 'LD_LIBRARY_PATH': '/opt/ros/jazzy/opt/zenoh_cpp_vendor/lib:/opt/ros/jazzy/opt/gz_sim_vendor/lib:/opt/ros/jazzy/opt/gz_sensors_vendor/lib:/opt/ros/jazzy/opt/gz_physics_vendor/lib:/opt/ros/jazzy/opt/sdformat_vendor/lib:/opt/ros/jazzy/opt/rviz_ogre_vendor/lib:/opt/ros/jazzy/lib/x86_64-linux-gnu:/opt/ros/jazzy/opt/gz_gui_vendor/lib:/opt/ros/jazzy/opt/gz_transport_vendor/lib:/opt/ros/jazzy/opt/gz_rendering_vendor/lib:/opt/ros/jazzy/opt/gz_plugin_vendor/lib:/opt/ros/jazzy/opt/gz_fuel_tools_vendor/lib:/opt/ros/jazzy/opt/gz_msgs_vendor/lib:/opt/ros/jazzy/opt/gz_common_vendor/lib:/opt/ros/jazzy/opt/gz_math_vendor/lib:/opt/ros/jazzy/opt/gz_utils_vendor/lib:/opt/ros/jazzy/opt/gz_tools_vendor/lib:/opt/ros/jazzy/opt/gz_ogre_next_vendor/lib:/opt/ros/jazzy/opt/gz_dartsim_vendor/lib:/opt/ros/jazzy/opt/gz_cmake_vendor/lib:/opt/ros/jazzy/lib', 'HOME': '/home/matthieu', 'CONDA_SHLVL': '0', 'OLDPWD': '/home/matthieu', 'DESKTOP_SESSION': 'ubuntu', 'GIO_LAUNCHED_DESKTOP_FILE': '/usr/share/applications/terminator.desktop', 'ROS_PYTHON_VERSION': '3', 'GNOME_SHELL_SESSION_MODE': 'ubuntu', 'GTK_MODULES': 'gail:atk-bridge', 'MANAGERPID': '2037', 'SYSTEMD_EXEC_PID': '2253', 'GSM_SKIP_SSH_AGENT_WORKAROUND': 'true', 'DBUS_SESSION_BUS_ADDRESS': 'unix:path=/run/user/1000/bus', 'COLORTERM': 'truecolor', '_CE_M': '', 'TERMINATOR_DBUS_NAME': 'net.tenshu.Terminator25ef4b219e3b005583550f2b0f9f990c3', '_CONDA_ROOT': '/home/matthieu/miniconda3', 'GIO_LAUNCHED_DESKTOP_FILE_PID': '6576', 'DEBUGINFOD_URLS': 'https://debuginfod.ubuntu.com', 'IM_CONFIG_PHASE': '1', 'WAYLAND_DISPLAY': 'wayland-0', 'COLCON_PREFIX_PATH': '/home/matthieu/ros2_ws/install:/home/matthieu/ros2_ws2/install:/home/matthieu/install', 'ROS_DISTRO': 'jazzy', 'LOGNAME': 'matthieu', 'JOURNAL_STREAM': '8:15154', '_': '/usr/bin/colcon', 'ROS_VERSION': '2', 'MEMORY_PRESSURE_WATCH': '/sys/fs/cgroup/user.slice/user-1000.slice/user@1000.service/session.slice/org.gnome.Shell@wayland.service/memory.pressure', 'XDG_SESSION_CLASS': 'user', 'USERNAME': 'matthieu', 'TERM': 'xterm-256color', 'GNOME_DESKTOP_SESSION_ID': 'this-is-deprecated', '_CE_CONDA': '', 'PATH': '/home/matthieu/miniconda3/condabin:/opt/ros/jazzy/opt/gz_msgs_vendor/bin:/opt/ros/jazzy/opt/gz_tools_vendor/bin:/opt/ros/jazzy/opt/gz_ogre_next_vendor/bin:/opt/ros/jazzy/bin:/usr/local/bin:/home/matthieu/.local/bin:/home/matthieu/bin:/usr/local/sbin:/usr/local/bin:/usr/sbin:/usr/bin:/sbin:/bin:/usr/games:/usr/local/games:/snap/bin:/snap/bin:/home/matthieu/bin:/home/matthieu/.bazel/bin', 'SESSION_MANAGER': 'local/matthieu-ASUS-TUF-Gaming-F15-FX506HM-FX506HM:@/tmp/.ICE-unix/2208,unix/matthieu-ASUS-TUF-Gaming-F15-FX506HM-FX506HM:/tmp/.ICE-unix/2208', 'INVOCATION_ID': '342d0601a0d644f4a6958e7f5aab7f8a', 'XDG_MENU_PREFIX': 'gnome-', 'GNOME_SETUP_DISPLAY': ':1', 'XDG_RUNTIME_DIR': '/run/user/1000', 'MAMBA_ROOT_PREFIX': '/home/matthieu/miniforge3', 'DISPLAY': ':0', 'TERMINATOR_DBUS_PATH': '/net/tenshu/Terminator2', 'LANG': 'en_US.UTF-8', 'XDG_CURRENT_DESKTOP': 'ubuntu:GNOME', 'RMW_IMPLEMENTATION': 'rmw_zenoh_cpp', 'XMODIFIERS': '@im=ibus', 'XDG_SESSION_DESKTOP': 'ubuntu', 'XAUTHORITY': '/run/user/1000/.mutter-Xwaylandauth.ZCAUK3', 'LS_COLORS': 'rs=0:di=01;34:ln=01;36:mh=00:pi=40;33:so=01;35:do=01;35:bd=40;33;01:cd=40;33;01:or=40;31;01:mi=00:su=37;41:sg=30;43:ca=00:tw=30;42:ow=34;42:st=37;44:ex=01;32:*.tar=01;31:*.tgz=01;31:*.arc=01;31:*.arj=01;31:*.taz=01;31:*.lha=01;31:*.lz4=01;31:*.lzh=01;31:*.lzma=01;31:*.tlz=01;31:*.txz=01;31:*.tzo=01;31:*.t7z=01;31:*.zip=01;31:*.z=01;31:*.dz=01;31:*.gz=01;31:*.lrz=01;31:*.lz=01;31:*.lzo=01;31:*.xz=01;31:*.zst=01;31:*.tzst=01;31:*.bz2=01;31:*.bz=01;31:*.tbz=01;31:*.tbz2=01;31:*.tz=01;31:*.deb=01;31:*.rpm=01;31:*.jar=01;31:*.war=01;31:*.ear=01;31:*.sar=01;31:*.rar=01;31:*.alz=01;31:*.ace=01;31:*.zoo=01;31:*.cpio=01;31:*.7z=01;31:*.rz=01;31:*.cab=01;31:*.wim=01;31:*.swm=01;31:*.dwm=01;31:*.esd=01;31:*.avif=01;35:*.jpg=01;35:*.jpeg=01;35:*.mjpg=01;35:*.mjpeg=01;35:*.gif=01;35:*.bmp=01;35:*.pbm=01;35:*.pgm=01;35:*.ppm=01;35:*.tga=01;35:*.xbm=01;35:*.xpm=01;35:*.tif=01;35:*.tiff=01;35:*.png=01;35:*.svg=01;35:*.svgz=01;35:*.mng=01;35:*.pcx=01;35:*.mov=01;35:*.mpg=01;35:*.mpeg=01;35:*.m2v=01;35:*.mkv=01;35:*.webm=01;35:*.webp=01;35:*.ogm=01;35:*.mp4=01;35:*.m4v=01;35:*.mp4v=01;35:*.vob=01;35:*.qt=01;35:*.nuv=01;35:*.wmv=01;35:*.asf=01;35:*.rm=01;35:*.rmvb=01;35:*.flc=01;35:*.avi=01;35:*.fli=01;35:*.flv=01;35:*.gl=01;35:*.dl=01;35:*.xcf=01;35:*.xwd=01;35:*.yuv=01;35:*.cgm=01;35:*.emf=01;35:*.ogv=01;35:*.ogx=01;35:*.aac=00;36:*.au=00;36:*.flac=00;36:*.m4a=00;36:*.mid=00;36:*.midi=00;36:*.mka=00;36:*.mp3=00;36:*.mpc=00;36:*.ogg=00;36:*.ra=00;36:*.wav=00;36:*.oga=00;36:*.opus=00;36:*.spx=00;36:*.xspf=00;36:*~=00;90:*#=00;90:*.bak=00;90:*.crdownload=00;90:*.dpkg-dist=00;90:*.dpkg-new=00;90:*.dpkg-old=00;90:*.dpkg-tmp=00;90:*.old=00;90:*.orig=00;90:*.part=00;90:*.rej=00;90:*.rpmnew=00;90:*.rpmorig=00;90:*.rpmsave=00;90:*.swp=00;90:*.tmp=00;90:*.ucf-dist=00;90:*.ucf-new=00;90:*.ucf-old=00;90:', 'SSH_AUTH_SOCK': '/run/user/1000/keyring/ssh', 'ROS_DOMAIN_ID': '42', 'AMENT_PREFIX_PATH': '/home/matthieu/ros2_ws/install/web_control:/home/matthieu/ros2_ws2/install/tp3_control:/home/matthieu/install/web_control:/opt/ros/jazzy', 'CONDA_PYTHON_EXE': '/home/matthieu/miniconda3/bin/python', 'SHELL': '/bin/bash', 'TERMINATOR_UUID': 'urn:uuid:267d16c0-435a-4bfe-a9a6-8f8754f2cd54', 'QT_ACCESSIBILITY': '1', 'GDMSESSION': 'ubuntu', 'LESSCLOSE': '/usr/bin/lesspipe %s %s', 'GJS_DEBUG_OUTPUT': 'stderr', '_CONDA_EXE': '/home/matthieu/miniconda3/bin/conda', 'MAMBA_EXE': '/home/matthieu/miniforge3/bin/mamba', 'ROS_AUTOMATIC_DISCOVERY_RANGE': 'SUBNET', 'QT_IM_MODULE': 'ibus', 'PWD': '/home/matthieu/ros2_ws/build/web_control', 'TURTLEBOT3_MODEL': 'burger', 'LC_ALL': 'en_US.UTF-8', 'XDG_CONFIG_DIRS': '/etc/xdg/xdg-ubuntu:/etc/xdg', 'CONDA_EXE': '/home/matthieu/miniconda3/bin/conda', 'XDG_DATA_DIRS': '/usr/share/ubuntu:/usr/share/gnome:/usr/local/share/:/usr/share/:/var/lib/snapd/desktop', 'PYTHONPATH': '/home/matthieu/ros2_ws/build/web_control/prefix_override:/usr/lib/python3/dist-packages/colcon_core/task/python/colcon_distutils_commands:/home/matthieu/ros2_ws/install/web_control/lib/python3.12/site-packages:/home/matthieu/ros2_ws/install/web_control/lib/python3.12/site-packages:/home/matthieu/ros2_ws2/install/tp3_control/lib/python3.12/site-packages:/home/matthieu/build/web_control:/home/matthieu/install/web_control/lib/python3.12/site-packages:/opt/ros/jazzy/lib/python3.12/site-packages', 'COLCON': '1', 'MEMORY_PRESSURE_WRITE': 'c29tZSAyMDAwMDAgMjAwMDAwMAA=', 'VTE_VERSION': '7600', 'CMAKE_PREFIX_PATH': '/opt/ros/jazzy/opt/gz_sim_vendor:/opt/ros/jazzy/opt/gz_sensors_vendor:/opt/ros/jazzy/opt/gz_physics_vendor:/opt/ros/jazzy/opt/sdformat_vendor:/opt/ros/jazzy/opt/gz_gui_vendor:/opt/ros/jazzy/opt/gz_transport_vendor:/opt/ros/jazzy/opt/gz_rendering_vendor:/opt/ros/jazzy/opt/gz_plugin_vendor:/opt/ros/jazzy/opt/gz_fuel_tools_vendor:/opt/ros/jazzy/opt/gz_msgs_vendor:/opt/ros/jazzy/opt/gz_common_vendor:/opt/ros/jazzy/opt/gz_math_vendor:/opt/ros/jazzy/opt/gz_utils_vendor:/opt/ros/jazzy/opt/gz_tools_vendor:/opt/ros/jazzy/opt/gz_ogre_next_vendor:/opt/ros/jazzy/opt/gz_dartsim_vendor:/opt/ros/jazzy/opt/gz_cmake_vendor'}, 'shell': False}
[1.305096] (-) TimerEvent: {}
[1.405572] (-) TimerEvent: {}
[1.505877] (-) TimerEvent: {}
[1.606225] (-) TimerEvent: {}
[1.657640] (web_control) StdoutLine: {'line': b'running develop\n'}
[1.706303] (-) TimerEvent: {}
[1.806618] (-) TimerEvent: {}
[1.881033] (web_control) StdoutLine: {'line': b'running egg_info\n'}
[1.902624] (web_control) StdoutLine: {'line': b'writing web_control.egg-info/PKG-INFO\n'}
[1.902973] (web_control) StdoutLine: {'line': b'writing dependency_links to web_control.egg-info/dependency_links.txt\n'}
[1.903177] (web_control) StdoutLine: {'line': b'writing entry points to web_control.egg-info/entry_points.txt\n'}
[1.903310] (web_control) StdoutLine: {'line': b'writing requirements to web_control.egg-info/requires.txt\n'}
[1.903400] (web_control) StdoutLine: {'line': b'writing top-level names to web_control.egg-info/top_level.txt\n'}
[1.906681] (-) TimerEvent: {}
[1.965492] (web_control) StdoutLine: {'line': b"reading manifest file 'web_control.egg-info/SOURCES.txt'\n"}
[2.006593] (web_control) StdoutLine: {'line': b"writing manifest file 'web_control.egg-info/SOURCES.txt'\n"}
[2.006731] (-) TimerEvent: {}
[2.029879] (web_control) StdoutLine: {'line': b'running build_ext\n'}
[2.030047] (web_control) StdoutLine: {'line': b'Creating /home/matthieu/ros2_ws/install/web_control/lib/python3.12/site-packages/web-control.egg-link (link to .)\n'}
[2.030752] (web_control) StdoutLine: {'line': b'Installing backend_node script to /home/matthieu/ros2_ws/install/web_control/lib/web_control\n'}
[2.031162] (web_control) StdoutLine: {'line': b'\n'}
[2.031333] (web_control) StdoutLine: {'line': b'Installed /home/matthieu/ros2_ws/build/web_control\n'}
[2.031427] (web_control) StdoutLine: {'line': b'running symlink_data\n'}
[2.031550] (web_control) StdoutLine: {'line': b'symbolically linking /home/matthieu/ros2_ws/build/web_control/resource/web_control -> /home/matthieu/ros2_ws/install/web_control/share/ament_index/resource_index/packages\n'}
[2.031672] (web_control) StdoutLine: {'line': b'symbolically linking /home/matthieu/ros2_ws/build/web_control/package.xml -> /home/matthieu/ros2_ws/install/web_control/share/web_control\n'}
[2.031781] (web_control) StdoutLine: {'line': b'symbolically linking /home/matthieu/ros2_ws/build/web_control/launch/web_control_full.launch.py -> /home/matthieu/ros2_ws/install/web_control/share/web_control/launch\n'}
[2.031853] (web_control) StdoutLine: {'line': b'symbolically linking /home/matthieu/ros2_ws/build/web_control/web/saint-cyr.png -> /home/matthieu/ros2_ws/install/web_control/share/web_control/web\n'}
[2.031950] (web_control) StdoutLine: {'line': b'symbolically linking /home/matthieu/ros2_ws/build/web_control/web/logo-polytech.png -> /home/matthieu/ros2_ws/install/web_control/share/web_control/web\n'}
[2.032046] (web_control) StdoutLine: {'line': b'symbolically linking /home/matthieu/ros2_ws/build/web_control/web/style.css -> /home/matthieu/ros2_ws/install/web_control/share/web_control/web\n'}
[2.032125] (web_control) StdoutLine: {'line': b'symbolically linking /home/matthieu/ros2_ws/build/web_control/web/index.html -> /home/matthieu/ros2_ws/install/web_control/share/web_control/web\n'}
[2.032227] (web_control) StdoutLine: {'line': b'symbolically linking /home/matthieu/ros2_ws/build/web_control/web/app.js -> /home/matthieu/ros2_ws/install/web_control/share/web_control/web\n'}
[2.032312] (web_control) StdoutLine: {'line': b'symbolically linking /home/matthieu/ros2_ws/build/web_control/web/navig/logo.png -> /home/matthieu/ros2_ws/install/web_control/share/web_control/web/navig\n'}
[2.032399] (web_control) StdoutLine: {'line': b'symbolically linking /home/matthieu/ros2_ws/build/web_control/web/navig/navig.css -> /home/matthieu/ros2_ws/install/web_control/share/web_control/web/navig\n'}
[2.032472] (web_control) StdoutLine: {'line': b'symbolically linking /home/matthieu/ros2_ws/build/web_control/web/navig/map.jpg -> /home/matthieu/ros2_ws/install/web_control/share/web_control/web/navig\n'}
[2.032572] (web_control) StdoutLine: {'line': b'symbolically linking /home/matthieu/ros2_ws/build/web_control/web/navig/navig.js -> /home/matthieu/ros2_ws/install/web_control/share/web_control/web/navig\n'}
[2.032647] (web_control) StdoutLine: {'line': b'symbolically linking /home/matthieu/ros2_ws/build/web_control/web/navig/settings.png -> /home/matthieu/ros2_ws/install/web_control/share/web_control/web/navig\n'}
[2.032721] (web_control) StdoutLine: {'line': b'symbolically linking /home/matthieu/ros2_ws/build/web_control/web/navig/navig.html -> /home/matthieu/ros2_ws/install/web_control/share/web_control/web/navig\n'}
[2.032817] (web_control) StdoutLine: {'line': b'symbolically linking /home/matthieu/ros2_ws/build/web_control/web/navig/blank_area.json -> /home/matthieu/ros2_ws/install/web_control/share/web_control/web/navig\n'}
[2.032894] (web_control) StdoutLine: {'line': b'symbolically linking /home/matthieu/ros2_ws/build/web_control/web/accueil/home.png -> /home/matthieu/ros2_ws/install/web_control/share/web_control/web/accueil\n'}
[2.033007] (web_control) StdoutLine: {'line': b'symbolically linking /home/matthieu/ros2_ws/build/web_control/web/accueil/logo.png -> /home/matthieu/ros2_ws/install/web_control/share/web_control/web/accueil\n'}
[2.033121] (web_control) StdoutLine: {'line': b'symbolically linking /home/matthieu/ros2_ws/build/web_control/web/accueil/CURT.jpg -> /home/matthieu/ros2_ws/install/web_control/share/web_control/web/accueil\n'}
[2.033196] (web_control) StdoutLine: {'line': b'symbolically linking /home/matthieu/ros2_ws/build/web_control/web/accueil/bras.jpg -> /home/matthieu/ros2_ws/install/web_control/share/web_control/web/accueil\n'}
[2.033281] (web_control) StdoutLine: {'line': b'symbolically linking /home/matthieu/ros2_ws/build/web_control/web/accueil/page_presentation.html -> /home/matthieu/ros2_ws/install/web_control/share/web_control/web/accueil\n'}
[2.033383] (web_control) StdoutLine: {'line': b'symbolically linking /home/matthieu/ros2_ws/build/web_control/web/galerie/gallery.html -> /home/matthieu/ros2_ws/install/web_control/share/web_control/web/galerie\n'}
[2.033458] (web_control) StdoutLine: {'line': b'symbolically linking /home/matthieu/ros2_ws/build/web_control/web/terminal/terminal.html -> /home/matthieu/ros2_ws/install/web_control/share/web_control/web/terminal\n'}
[2.033557] (web_control) StdoutLine: {'line': b'symbolically linking /home/matthieu/ros2_ws/build/web_control/web/terminal/terminal.js -> /home/matthieu/ros2_ws/install/web_control/share/web_control/web/terminal\n'}
[2.033631] (web_control) StdoutLine: {'line': b'symbolically linking /home/matthieu/ros2_ws/build/web_control/web/stream/webrtc/README.md -> /home/matthieu/ros2_ws/install/web_control/share/web_control/web/stream/webrtc\n'}
[2.033728] (web_control) StdoutLine: {'line': b'symbolically linking /home/matthieu/ros2_ws/build/web_control/web/stream/webrtc/webrtc_server.py -> /home/matthieu/ros2_ws/install/web_control/share/web_control/web/stream/webrtc\n'}
[2.033817] (web_control) StdoutLine: {'line': b'symbolically linking /home/matthieu/ros2_ws/build/web_control/web/stream/webrtc/requirements.txt -> /home/matthieu/ros2_ws/install/web_control/share/web_control/web/stream/webrtc\n'}
[2.033926] (web_control) StdoutLine: {'line': b'symbolically linking /home/matthieu/ros2_ws/build/web_control/web/stream/webrtc/index.html -> /home/matthieu/ros2_ws/install/web_control/share/web_control/web/stream/webrtc\n'}
[2.034012] (web_control) StdoutLine: {'line': b'symbolically linking /home/matthieu/ros2_ws/build/web_control/web/stream/webrtc/app.js -> /home/matthieu/ros2_ws/install/web_control/share/web_control/web/stream/webrtc\n'}
[2.034114] (web_control) StdoutLine: {'line': b'symbolically linking /home/matthieu/ros2_ws/build/web_control/web/stream/webrtc/.venv/pyvenv.cfg -> /home/matthieu/ros2_ws/install/web_control/share/web_control/web/stream/webrtc/.venv\n'}
[2.034252] (web_control) StdoutLine: {'line': b'symbolically linking /home/matthieu/ros2_ws/build/web_control/web/stream/webrtc/.venv/bin/pip -> /home/matthieu/ros2_ws/install/web_control/share/web_control/web/stream/webrtc/.venv/bin\n'}
[2.034354] (web_control) StdoutLine: {'line': b'symbolically linking /home/matthieu/ros2_ws/build/web_control/web/stream/webrtc/.venv/bin/python3.12 -> /home/matthieu/ros2_ws/install/web_control/share/web_control/web/stream/webrtc/.venv/bin\n'}
[2.034465] (web_control) StdoutLine: {'line': b'symbolically linking /home/matthieu/ros2_ws/build/web_control/web/stream/webrtc/.venv/bin/Activate.ps1 -> /home/matthieu/ros2_ws/install/web_control/share/web_control/web/stream/webrtc/.venv/bin\n'}
[2.034546] (web_control) StdoutLine: {'line': b'symbolically linking /home/matthieu/ros2_ws/build/web_control/web/stream/webrtc/.venv/bin/pip3.12 -> /home/matthieu/ros2_ws/install/web_control/share/web_control/web/stream/webrtc/.venv/bin\n'}
[2.034662] (web_control) StdoutLine: {'line': b'symbolically linking /home/matthieu/ros2_ws/build/web_control/web/stream/webrtc/.venv/bin/activate.fish -> /home/matthieu/ros2_ws/install/web_control/share/web_control/web/stream/webrtc/.venv/bin\n'}
[2.034755] (web_control) StdoutLine: {'line': b'symbolically linking /home/matthieu/ros2_ws/build/web_control/web/stream/webrtc/.venv/bin/pip3 -> /home/matthieu/ros2_ws/install/web_control/share/web_control/web/stream/webrtc/.venv/bin\n'}
[2.034835] (web_control) StdoutLine: {'line': b'symbolically linking /home/matthieu/ros2_ws/build/web_control/web/stream/webrtc/.venv/bin/activate.csh -> /home/matthieu/ros2_ws/install/web_control/share/web_control/web/stream/webrtc/.venv/bin\n'}
[2.034946] (web_control) StdoutLine: {'line': b'symbolically linking /home/matthieu/ros2_ws/build/web_control/web/stream/webrtc/.venv/bin/activate -> /home/matthieu/ros2_ws/install/web_control/share/web_control/web/stream/webrtc/.venv/bin\n'}
[2.035029] (web_control) StdoutLine: {'line': b'symbolically linking /home/matthieu/ros2_ws/build/web_control/web/stream/webrtc/.venv/bin/pyav -> /home/matthieu/ros2_ws/install/web_control/share/web_control/web/stream/webrtc/.venv/bin\n'}
[2.035133] (web_control) StdoutLine: {'line': b'symbolically linking /home/matthieu/ros2_ws/build/web_control/web/stream/webrtc/.venv/bin/python -> /home/matthieu/ros2_ws/install/web_control/share/web_control/web/stream/webrtc/.venv/bin\n'}
[2.035248] (web_control) StdoutLine: {'line': b'symbolically linking /home/matthieu/ros2_ws/build/web_control/web/stream/webrtc/.venv/bin/python3 -> /home/matthieu/ros2_ws/install/web_control/share/web_control/web/stream/webrtc/.venv/bin\n'}
[2.035374] (web_control) StdoutLine: {'line': b'symbolically linking /home/matthieu/ros2_ws/build/web_control/web/stream/webrtc/.venv/lib/python3.12/site-packages/_cffi_backend.cpython-312-x86_64-linux-gnu.so -> /home/matthieu/ros2_ws/install/web_control/share/web_control/web/stream/webrtc/.venv/lib/python3.12/site-packages\n'}
[2.035484] (web_control) StdoutLine: {'line': b'symbolically linking /home/matthieu/ros2_ws/build/web_control/web/stream/webrtc/.venv/lib/python3.12/site-packages/typing_extensions.py -> /home/matthieu/ros2_ws/install/web_control/share/web_control/web/stream/webrtc/.venv/lib/python3.12/site-packages\n'}
[2.035580] (web_control) StdoutLine: {'line': b'symbolically linking /home/matthieu/ros2_ws/build/web_control/web/stream/webrtc/.venv/lib/python3.12/site-packages/pip/__main__.py -> /home/matthieu/ros2_ws/install/web_control/share/web_control/web/stream/webrtc/.venv/lib/python3.12/site-packages/pip\n'}
[2.035679] (web_control) StdoutLine: {'line': b'symbolically linking /home/matthieu/ros2_ws/build/web_control/web/stream/webrtc/.venv/lib/python3.12/site-packages/pip/py.typed -> /home/matthieu/ros2_ws/install/web_control/share/web_control/web/stream/webrtc/.venv/lib/python3.12/site-packages/pip\n'}
[2.035787] (web_control) StdoutLine: {'line': b'symbolically linking /home/matthieu/ros2_ws/build/web_control/web/stream/webrtc/.venv/lib/python3.12/site-packages/pip/__pip-runner__.py -> /home/matthieu/ros2_ws/install/web_control/share/web_control/web/stream/webrtc/.venv/lib/python3.12/site-packages/pip\n'}
[2.035885] (web_control) StdoutLine: {'line': b'symbolically linking /home/matthieu/ros2_ws/build/web_control/web/stream/webrtc/.venv/lib/python3.12/site-packages/pip/__init__.py -> /home/matthieu/ros2_ws/install/web_control/share/web_control/web/stream/webrtc/.venv/lib/python3.12/site-packages/pip\n'}
[2.035979] (web_control) StdoutLine: {'line': b'symbolically linking /home/matthieu/ros2_ws/build/web_control/web/stream/webrtc/.venv/lib/python3.12/site-packages/pip/_vendor/typing_extensions.py -> /home/matthieu/ros2_ws/install/web_control/share/web_control/web/stream/webrtc/.venv/lib/python3.12/site-packages/pip/_vendor\n'}
[2.036074] (web_control) StdoutLine: {'line': b'symbolically linking /home/matthieu/ros2_ws/build/web_control/web/stream/webrtc/.venv/lib/python3.12/site-packages/pip/_vendor/six.py -> /home/matthieu/ros2_ws/install/web_control/share/web_control/web/stream/webrtc/.venv/lib/python3.12/site-packages/pip/_vendor\n'}
[2.036194] (web_control) StdoutLine: {'line': b'symbolically linking /home/matthieu/ros2_ws/build/web_control/web/stream/webrtc/.venv/lib/python3.12/site-packages/pip/_vendor/vendor.txt -> /home/matthieu/ros2_ws/install/web_control/share/web_control/web/stream/webrtc/.venv/lib/python3.12/site-packages/pip/_vendor\n'}
[2.036279] (web_control) StdoutLine: {'line': b'symbolically linking /home/matthieu/ros2_ws/build/web_control/web/stream/webrtc/.venv/lib/python3.12/site-packages/pip/_vendor/__init__.py -> /home/matthieu/ros2_ws/install/web_control/share/web_control/web/stream/webrtc/.venv/lib/python3.12/site-packages/pip/_vendor\n'}
[2.036367] (web_control) StdoutLine: {'line': b'symbolically linking /home/matthieu/ros2_ws/build/web_control/web/stream/webrtc/.venv/lib/python3.12/site-packages/pip/_vendor/pyproject_hooks/_impl.py -> /home/matthieu/ros2_ws/install/web_control/share/web_control/web/stream/webrtc/.venv/lib/python3.12/site-packages/pip/_vendor/pyproject_hooks\n'}
[2.036459] (web_control) StdoutLine: {'line': b'symbolically linking /home/matthieu/ros2_ws/build/web_control/web/stream/webrtc/.venv/lib/python3.12/site-packages/pip/_vendor/pyproject_hooks/_compat.py -> /home/matthieu/ros2_ws/install/web_control/share/web_control/web/stream/webrtc/.venv/lib/python3.12/site-packages/pip/_vendor/pyproject_hooks\n'}
[2.036558] (web_control) StdoutLine: {'line': b'symbolically linking /home/matthieu/ros2_ws/build/web_control/web/stream/webrtc/.venv/lib/python3.12/site-packages/pip/_vendor/pyproject_hooks/__init__.py -> /home/matthieu/ros2_ws/install/web_control/share/web_control/web/stream/webrtc/.venv/lib/python3.12/site-packages/pip/_vendor/pyproject_hooks\n'}
[2.036652] (web_control) StdoutLine: {'line': b'symbolically linking /home/matthieu/ros2_ws/build/web_control/web/stream/webrtc/.venv/lib/python3.12/site-packages/pip/_vendor/pyproject_hooks/_in_process/_in_process.py -> /home/matthieu/ros2_ws/install/web_control/share/web_control/web/stream/webrtc/.venv/lib/python3.12/site-packages/pip/_vendor/pyproject_hooks/_in_process\n'}
[2.036748] (web_control) StdoutLine: {'line': b'symbolically linking /home/matthieu/ros2_ws/build/web_control/web/stream/webrtc/.venv/lib/python3.12/site-packages/pip/_vendor/pyproject_hooks/_in_process/__init__.py -> /home/matthieu/ros2_ws/install/web_control/share/web_control/web/stream/webrtc/.venv/lib/python3.12/site-packages/pip/_vendor/pyproject_hooks/_in_process\n'}
[2.036851] (web_control) StdoutLine: {'line': b'symbolically linking /home/matthieu/ros2_ws/build/web_control/web/stream/webrtc/.venv/lib/python3.12/site-packages/pip/_vendor/pyproject_hooks/_in_process/__pycache__/_in_process.cpython-312.pyc -> /home/matthieu/ros2_ws/install/web_control/share/web_control/web/stream/webrtc/.venv/lib/python3.12/site-packages/pip/_vendor/pyproject_hooks/_in_process/__pycache__\n'}
[2.036953] (web_control) StdoutLine: {'line': b'symbolically linking /home/matthieu/ros2_ws/build/web_control/web/stream/webrtc/.venv/lib/python3.12/site-packages/pip/_vendor/pyproject_hooks/_in_process/__pycache__/__init__.cpython-312.pyc -> /home/matthieu/ros2_ws/install/web_control/share/web_control/web/stream/webrtc/.venv/lib/python3.12/site-packages/pip/_vendor/pyproject_hooks/_in_process/__pycache__\n'}
[2.037060] (web_control) StdoutLine: {'line': b'symbolically linking /home/matthieu/ros2_ws/build/web_control/web/stream/webrtc/.venv/lib/python3.12/site-packages/pip/_vendor/pyproject_hooks/__pycache__/_impl.cpython-312.pyc -> /home/matthieu/ros2_ws/install/web_control/share/web_control/web/stream/webrtc/.venv/lib/python3.12/site-packages/pip/_vendor/pyproject_hooks/__pycache__\n'}
[2.037155] (web_control) StdoutLine: {'line': b'symbolically linking /home/matthieu/ros2_ws/build/web_control/web/stream/webrtc/.venv/lib/python3.12/site-packages/pip/_vendor/pyproject_hooks/__pycache__/_compat.cpython-312.pyc -> /home/matthieu/ros2_ws/install/web_control/share/web_control/web/stream/webrtc/.venv/lib/python3.12/site-packages/pip/_vendor/pyproject_hooks/__pycache__\n'}
[2.037254] (web_control) StdoutLine: {'line': b'symbolically linking /home/matthieu/ros2_ws/build/web_control/web/stream/webrtc/.venv/lib/python3.12/site-packages/pip/_vendor/pyproject_hooks/__pycache__/__init__.cpython-312.pyc -> /home/matthieu/ros2_ws/install/web_control/share/web_control/web/stream/webrtc/.venv/lib/python3.12/site-packages/pip/_vendor/pyproject_hooks/__pycache__\n'}
[2.037357] (web_control) StdoutLine: {'line': b'symbolically linking /home/matthieu/ros2_ws/build/web_control/web/stream/webrtc/.venv/lib/python3.12/site-packages/pip/_vendor/pygments/util.py -> /home/matthieu/ros2_ws/install/web_control/share/web_control/web/stream/webrtc/.venv/lib/python3.12/site-packages/pip/_vendor/pygments\n'}
[2.037451] (web_control) StdoutLine: {'line': b'symbolically linking /home/matthieu/ros2_ws/build/web_control/web/stream/webrtc/.venv/lib/python3.12/site-packages/pip/_vendor/pygments/filter.py -> /home/matthieu/ros2_ws/install/web_control/share/web_control/web/stream/webrtc/.venv/lib/python3.12/site-packages/pip/_vendor/pygments\n'}
[2.037544] (web_control) StdoutLine: {'line': b'symbolically linking /home/matthieu/ros2_ws/build/web_control/web/stream/webrtc/.venv/lib/python3.12/site-packages/pip/_vendor/pygments/plugin.py -> /home/matthieu/ros2_ws/install/web_control/share/web_control/web/stream/webrtc/.venv/lib/python3.12/site-packages/pip/_vendor/pygments\n'}
[2.037644] (web_control) StdoutLine: {'line': b'symbolically linking /home/matthieu/ros2_ws/build/web_control/web/stream/webrtc/.venv/lib/python3.12/site-packages/pip/_vendor/pygments/lexer.py -> /home/matthieu/ros2_ws/install/web_control/share/web_control/web/stream/webrtc/.venv/lib/python3.12/site-packages/pip/_vendor/pygments\n'}
[2.037717] (web_control) StdoutLine: {'line': b'symbolically linking /home/matthieu/ros2_ws/build/web_control/web/stream/webrtc/.venv/lib/python3.12/site-packages/pip/_vendor/pygments/style.py -> /home/matthieu/ros2_ws/install/web_control/share/web_control/web/stream/webrtc/.venv/lib/python3.12/site-packages/pip/_vendor/pygments\n'}
[2.037819] (web_control) StdoutLine: {'line': b'symbolically linking /home/matthieu/ros2_ws/build/web_control/web/stream/webrtc/.venv/lib/python3.12/site-packages/pip/_vendor/pygments/__main__.py -> /home/matthieu/ros2_ws/install/web_control/share/web_control/web/stream/webrtc/.venv/lib/python3.12/site-packages/pip/_vendor/pygments\n'}
[2.037898] (web_control) StdoutLine: {'line': b'symbolically linking /home/matthieu/ros2_ws/build/web_control/web/stream/webrtc/.venv/lib/python3.12/site-packages/pip/_vendor/pygments/console.py -> /home/matthieu/ros2_ws/install/web_control/share/web_control/web/stream/webrtc/.venv/lib/python3.12/site-packages/pip/_vendor/pygments\n'}
[2.037992] (web_control) StdoutLine: {'line': b'symbolically linking /home/matthieu/ros2_ws/build/web_control/web/stream/webrtc/.venv/lib/python3.12/site-packages/pip/_vendor/pygments/cmdline.py -> /home/matthieu/ros2_ws/install/web_control/share/web_control/web/stream/webrtc/.venv/lib/python3.12/site-packages/pip/_vendor/pygments\n'}
[2.038093] (web_control) StdoutLine: {'line': b'symbolically linking /home/matthieu/ros2_ws/build/web_control/web/stream/webrtc/.venv/lib/python3.12/site-packages/pip/_vendor/pygments/token.py -> /home/matthieu/ros2_ws/install/web_control/share/web_control/web/stream/webrtc/.venv/lib/python3.12/site-packages/pip/_vendor/pygments\n'}
[2.038167] (web_control) StdoutLine: {'line': b'symbolically linking /home/matthieu/ros2_ws/build/web_control/web/stream/webrtc/.venv/lib/python3.12/site-packages/pip/_vendor/pygments/modeline.py -> /home/matthieu/ros2_ws/install/web_control/share/web_control/web/stream/webrtc/.venv/lib/python3.12/site-packages/pip/_vendor/pygments\n'}
[2.038281] (web_control) StdoutLine: {'line': b'symbolically linking /home/matthieu/ros2_ws/build/web_control/web/stream/webrtc/.venv/lib/python3.12/site-packages/pip/_vendor/pygments/unistring.py -> /home/matthieu/ros2_ws/install/web_control/share/web_control/web/stream/webrtc/.venv/lib/python3.12/site-packages/pip/_vendor/pygments\n'}
[2.038381] (web_control) StdoutLine: {'line': b'symbolically linking /home/matthieu/ros2_ws/build/web_control/web/stream/webrtc/.venv/lib/python3.12/site-packages/pip/_vendor/pygments/scanner.py -> /home/matthieu/ros2_ws/install/web_control/share/web_control/web/stream/webrtc/.venv/lib/python3.12/site-packages/pip/_vendor/pygments\n'}
[2.038452] (web_control) StdoutLine: {'line': b'symbolically linking /home/matthieu/ros2_ws/build/web_control/web/stream/webrtc/.venv/lib/python3.12/site-packages/pip/_vendor/pygments/formatter.py -> /home/matthieu/ros2_ws/install/web_control/share/web_control/web/stream/webrtc/.venv/lib/python3.12/site-packages/pip/_vendor/pygments\n'}
[2.038552] (web_control) StdoutLine: {'line': b'symbolically linking /home/matthieu/ros2_ws/build/web_control/web/stream/webrtc/.venv/lib/python3.12/site-packages/pip/_vendor/pygments/sphinxext.py -> /home/matthieu/ros2_ws/install/web_control/share/web_control/web/stream/webrtc/.venv/lib/python3.12/site-packages/pip/_vendor/pygments\n'}
[2.038626] (web_control) StdoutLine: {'line': b'symbolically linking /home/matthieu/ros2_ws/build/web_control/web/stream/webrtc/.venv/lib/python3.12/site-packages/pip/_vendor/pygments/regexopt.py -> /home/matthieu/ros2_ws/install/web_control/share/web_control/web/stream/webrtc/.venv/lib/python3.12/site-packages/pip/_vendor/pygments\n'}
[2.038726] (web_control) StdoutLine: {'line': b'symbolically linking /home/matthieu/ros2_ws/build/web_control/web/stream/webrtc/.venv/lib/python3.12/site-packages/pip/_vendor/pygments/__init__.py -> /home/matthieu/ros2_ws/install/web_control/share/web_control/web/stream/webrtc/.venv/lib/python3.12/site-packages/pip/_vendor/pygments\n'}
[2.038798] (web_control) StdoutLine: {'line': b'symbolically linking /home/matthieu/ros2_ws/build/web_control/web/stream/webrtc/.venv/lib/python3.12/site-packages/pip/_vendor/pygments/filters/__init__.py -> /home/matthieu/ros2_ws/install/web_control/share/web_control/web/stream/webrtc/.venv/lib/python3.12/site-packages/pip/_vendor/pygments/filters\n'}
[2.038890] (web_control) StdoutLine: {'line': b'symbolically linking /home/matthieu/ros2_ws/build/web_control/web/stream/webrtc/.venv/lib/python3.12/site-packages/pip/_vendor/pygments/filters/__pycache__/__init__.cpython-312.pyc -> /home/matthieu/ros2_ws/install/web_control/share/web_control/web/stream/webrtc/.venv/lib/python3.12/site-packages/pip/_vendor/pygments/filters/__pycache__\n'}
[2.038993] (web_control) StdoutLine: {'line': b'symbolically linking /home/matthieu/ros2_ws/build/web_control/web/stream/webrtc/.venv/lib/python3.12/site-packages/pip/_vendor/pygments/lexers/python.py -> /home/matthieu/ros2_ws/install/web_control/share/web_control/web/stream/webrtc/.venv/lib/python3.12/site-packages/pip/_vendor/pygments/lexers\n'}
[2.039071] (web_control) StdoutLine: {'line': b'symbolically linking /home/matthieu/ros2_ws/build/web_control/web/stream/webrtc/.venv/lib/python3.12/site-packages/pip/_vendor/pygments/lexers/_mapping.py -> /home/matthieu/ros2_ws/install/web_control/share/web_control/web/stream/webrtc/.venv/lib/python3.12/site-packages/pip/_vendor/pygments/lexers\n'}
[2.039159] (web_control) StdoutLine: {'line': b'symbolically linking /home/matthieu/ros2_ws/build/web_control/web/stream/webrtc/.venv/lib/python3.12/site-packages/pip/_vendor/pygments/lexers/__init__.py -> /home/matthieu/ros2_ws/install/web_control/share/web_control/web/stream/webrtc/.venv/lib/python3.12/site-packages/pip/_vendor/pygments/lexers\n'}
[2.039262] (web_control) StdoutLine: {'line': b'symbolically linking /home/matthieu/ros2_ws/build/web_control/web/stream/webrtc/.venv/lib/python3.12/site-packages/pip/_vendor/pygments/lexers/__pycache__/python.cpython-312.pyc -> /home/matthieu/ros2_ws/install/web_control/share/web_control/web/stream/webrtc/.venv/lib/python3.12/site-packages/pip/_vendor/pygments/lexers/__pycache__\n'}
[2.039373] (web_control) StdoutLine: {'line': b'symbolically linking /home/matthieu/ros2_ws/build/web_control/web/stream/webrtc/.venv/lib/python3.12/site-packages/pip/_vendor/pygments/lexers/__pycache__/_mapping.cpython-312.pyc -> /home/matthieu/ros2_ws/install/web_control/share/web_control/web/stream/webrtc/.venv/lib/python3.12/site-packages/pip/_vendor/pygments/lexers/__pycache__\n'}
[2.039447] (web_control) StdoutLine: {'line': b'symbolically linking /home/matthieu/ros2_ws/build/web_control/web/stream/webrtc/.venv/lib/python3.12/site-packages/pip/_vendor/pygments/lexers/__pycache__/__init__.cpython-312.pyc -> /home/matthieu/ros2_ws/install/web_control/share/web_control/web/stream/webrtc/.venv/lib/python3.12/site-packages/pip/_vendor/pygments/lexers/__pycache__\n'}
[2.039552] (web_control) StdoutLine: {'line': b'symbolically linking /home/matthieu/ros2_ws/build/web_control/web/stream/webrtc/.venv/lib/python3.12/site-packages/pip/_vendor/pygments/__pycache__/formatter.cpython-312.pyc -> /home/matthieu/ros2_ws/install/web_control/share/web_control/web/stream/webrtc/.venv/lib/python3.12/site-packages/pip/_vendor/pygments/__pycache__\n'}
[2.039625] (web_control) StdoutLine: {'line': b'symbolically linking /home/matthieu/ros2_ws/build/web_control/web/stream/webrtc/.venv/lib/python3.12/site-packages/pip/_vendor/pygments/__pycache__/modeline.cpython-312.pyc -> /home/matthieu/ros2_ws/install/web_control/share/web_control/web/stream/webrtc/.venv/lib/python3.12/site-packages/pip/_vendor/pygments/__pycache__\n'}
[2.039727] (web_control) StdoutLine: {'line': b'symbolically linking /home/matthieu/ros2_ws/build/web_control/web/stream/webrtc/.venv/lib/python3.12/site-packages/pip/_vendor/pygments/__pycache__/token.cpython-312.pyc -> /home/matthieu/ros2_ws/install/web_control/share/web_control/web/stream/webrtc/.venv/lib/python3.12/site-packages/pip/_vendor/pygments/__pycache__\n'}
[2.039803] (web_control) StdoutLine: {'line': b'symbolically linking /home/matthieu/ros2_ws/build/web_control/web/stream/webrtc/.venv/lib/python3.12/site-packages/pip/_vendor/pygments/__pycache__/unistring.cpython-312.pyc -> /home/matthieu/ros2_ws/install/web_control/share/web_control/web/stream/webrtc/.venv/lib/python3.12/site-packages/pip/_vendor/pygments/__pycache__\n'}
[2.039908] (web_control) StdoutLine: {'line': b'symbolically linking /home/matthieu/ros2_ws/build/web_control/web/stream/webrtc/.venv/lib/python3.12/site-packages/pip/_vendor/pygments/__pycache__/scanner.cpython-312.pyc -> /home/matthieu/ros2_ws/install/web_control/share/web_control/web/stream/webrtc/.venv/lib/python3.12/site-packages/pip/_vendor/pygments/__pycache__\n'}
[2.039983] (web_control) StdoutLine: {'line': b'symbolically linking /home/matthieu/ros2_ws/build/web_control/web/stream/webrtc/.venv/lib/python3.12/site-packages/pip/_vendor/pygments/__pycache__/sphinxext.cpython-312.pyc -> /home/matthieu/ros2_ws/install/web_control/share/web_control/web/stream/webrtc/.venv/lib/python3.12/site-packages/pip/_vendor/pygments/__pycache__\n'}
[2.040077] (web_control) StdoutLine: {'line': b'symbolically linking /home/matthieu/ros2_ws/build/web_control/web/stream/webrtc/.venv/lib/python3.12/site-packages/pip/_vendor/pygments/__pycache__/style.cpython-312.pyc -> /home/matthieu/ros2_ws/install/web_control/share/web_control/web/stream/webrtc/.venv/lib/python3.12/site-packages/pip/_vendor/pygments/__pycache__\n'}
[2.040171] (web_control) StdoutLine: {'line': b'symbolically linking /home/matthieu/ros2_ws/build/web_control/web/stream/webrtc/.venv/lib/python3.12/site-packages/pip/_vendor/pygments/__pycache__/__main__.cpython-312.pyc -> /home/matthieu/ros2_ws/install/web_control/share/web_control/web/stream/webrtc/.venv/lib/python3.12/site-packages/pip/_vendor/pygments/__pycache__\n'}
[2.040278] (web_control) StdoutLine: {'line': b'symbolically linking /home/matthieu/ros2_ws/build/web_control/web/stream/webrtc/.venv/lib/python3.12/site-packages/pip/_vendor/pygments/__pycache__/console.cpython-312.pyc -> /home/matthieu/ros2_ws/install/web_control/share/web_control/web/stream/webrtc/.venv/lib/python3.12/site-packages/pip/_vendor/pygments/__pycache__\n'}
[2.040360] (web_control) StdoutLine: {'line': b'symbolically linking /home/matthieu/ros2_ws/build/web_control/web/stream/webrtc/.venv/lib/python3.12/site-packages/pip/_vendor/pygments/__pycache__/util.cpython-312.pyc -> /home/matthieu/ros2_ws/install/web_control/share/web_control/web/stream/webrtc/.venv/lib/python3.12/site-packages/pip/_vendor/pygments/__pycache__\n'}
[2.040463] (web_control) StdoutLine: {'line': b'symbolically linking /home/matthieu/ros2_ws/build/web_control/web/stream/webrtc/.venv/lib/python3.12/site-packages/pip/_vendor/pygments/__pycache__/__init__.cpython-312.pyc -> /home/matthieu/ros2_ws/install/web_control/share/web_control/web/stream/webrtc/.venv/lib/python3.12/site-packages/pip/_vendor/pygments/__pycache__\n'}
[2.040540] (web_control) StdoutLine: {'line': b'symbolically linking /home/matthieu/ros2_ws/build/web_control/web/stream/webrtc/.venv/lib/python3.12/site-packages/pip/_vendor/pygments/__pycache__/cmdline.cpython-312.pyc -> /home/matthieu/ros2_ws/install/web_control/share/web_control/web/stream/webrtc/.venv/lib/python3.12/site-packages/pip/_vendor/pygments/__pycache__\n'}
[2.040652] (web_control) StdoutLine: {'line': b'symbolically linking /home/matthieu/ros2_ws/build/web_control/web/stream/webrtc/.venv/lib/python3.12/site-packages/pip/_vendor/pygments/__pycache__/filter.cpython-312.pyc -> /home/matthieu/ros2_ws/install/web_control/share/web_control/web/stream/webrtc/.venv/lib/python3.12/site-packages/pip/_vendor/pygments/__pycache__\n'}
[2.040750] (web_control) StdoutLine: {'line': b'symbolically linking /home/matthieu/ros2_ws/build/web_control/web/stream/webrtc/.venv/lib/python3.12/site-packages/pip/_vendor/pygments/__pycache__/plugin.cpython-312.pyc -> /home/matthieu/ros2_ws/install/web_control/share/web_control/web/stream/webrtc/.venv/lib/python3.12/site-packages/pip/_vendor/pygments/__pycache__\n'}
[2.040825] (web_control) StdoutLine: {'line': b'symbolically linking /home/matthieu/ros2_ws/build/web_control/web/stream/webrtc/.venv/lib/python3.12/site-packages/pip/_vendor/pygments/__pycache__/lexer.cpython-312.pyc -> /home/matthieu/ros2_ws/install/web_control/share/web_control/web/stream/webrtc/.venv/lib/python3.12/site-packages/pip/_vendor/pygments/__pycache__\n'}
[2.040931] (web_control) StdoutLine: {'line': b'symbolically linking /home/matthieu/ros2_ws/build/web_control/web/stream/webrtc/.venv/lib/python3.12/site-packages/pip/_vendor/pygments/__pycache__/regexopt.cpython-312.pyc -> /home/matthieu/ros2_ws/install/web_control/share/web_control/web/stream/webrtc/.venv/lib/python3.12/site-packages/pip/_vendor/pygments/__pycache__\n'}
[2.041012] (web_control) StdoutLine: {'line': b'symbolically linking /home/matthieu/ros2_ws/build/web_control/web/stream/webrtc/.venv/lib/python3.12/site-packages/pip/_vendor/pygments/styles/__init__.py -> /home/matthieu/ros2_ws/install/web_control/share/web_control/web/stream/webrtc/.venv/lib/python3.12/site-packages/pip/_vendor/pygments/styles\n'}
[2.041127] (web_control) StdoutLine: {'line': b'symbolically linking /home/matthieu/ros2_ws/build/web_control/web/stream/webrtc/.venv/lib/python3.12/site-packages/pip/_vendor/pygments/styles/__pycache__/__init__.cpython-312.pyc -> /home/matthieu/ros2_ws/install/web_control/share/web_control/web/stream/webrtc/.venv/lib/python3.12/site-packages/pip/_vendor/pygments/styles/__pycache__\n'}
[2.041267] (web_control) StdoutLine: {'line': b'symbolically linking /home/matthieu/ros2_ws/build/web_control/web/stream/webrtc/.venv/lib/python3.12/site-packages/pip/_vendor/pygments/formatters/other.py -> /home/matthieu/ros2_ws/install/web_control/share/web_control/web/stream/webrtc/.venv/lib/python3.12/site-packages/pip/_vendor/pygments/formatters\n'}
[2.041353] (web_control) StdoutLine: {'line': b'symbolically linking /home/matthieu/ros2_ws/build/web_control/web/stream/webrtc/.venv/lib/python3.12/site-packages/pip/_vendor/pygments/formatters/rtf.py -> /home/matthieu/ros2_ws/install/web_control/share/web_control/web/stream/webrtc/.venv/lib/python3.12/site-packages/pip/_vendor/pygments/formatters\n'}
[2.041495] (web_control) StdoutLine: {'line': b'symbolically linking /home/matthieu/ros2_ws/build/web_control/web/stream/webrtc/.venv/lib/python3.12/site-packages/pip/_vendor/pygments/formatters/_mapping.py -> /home/matthieu/ros2_ws/install/web_control/share/web_control/web/stream/webrtc/.venv/lib/python3.12/site-packages/pip/_vendor/pygments/formatters\n'}
[2.041596] (web_control) StdoutLine: {'line': b'symbolically linking /home/matthieu/ros2_ws/build/web_control/web/stream/webrtc/.venv/lib/python3.12/site-packages/pip/_vendor/pygments/formatters/img.py -> /home/matthieu/ros2_ws/install/web_control/share/web_control/web/stream/webrtc/.venv/lib/python3.12/site-packages/pip/_vendor/pygments/formatters\n'}
[2.041676] (web_control) StdoutLine: {'line': b'symbolically linking /home/matthieu/ros2_ws/build/web_control/web/stream/webrtc/.venv/lib/python3.12/site-packages/pip/_vendor/pygments/formatters/latex.py -> /home/matthieu/ros2_ws/install/web_control/share/web_control/web/stream/webrtc/.venv/lib/python3.12/site-packages/pip/_vendor/pygments/formatters\n'}
[2.041801] (web_control) StdoutLine: {'line': b'symbolically linking /home/matthieu/ros2_ws/build/web_control/web/stream/webrtc/.venv/lib/python3.12/site-packages/pip/_vendor/pygments/formatters/svg.py -> /home/matthieu/ros2_ws/install/web_control/share/web_control/web/stream/webrtc/.venv/lib/python3.12/site-packages/pip/_vendor/pygments/formatters\n'}
[2.041871] (web_control) StdoutLine: {'line': b'symbolically linking /home/matthieu/ros2_ws/build/web_control/web/stream/webrtc/.venv/lib/python3.12/site-packages/pip/_vendor/pygments/formatters/terminal256.py -> /home/matthieu/ros2_ws/install/web_control/share/web_control/web/stream/webrtc/.venv/lib/python3.12/site-packages/pip/_vendor/pygments/formatters\n'}
[2.041970] (web_control) StdoutLine: {'line': b'symbolically linking /home/matthieu/ros2_ws/build/web_control/web/stream/webrtc/.venv/lib/python3.12/site-packages/pip/_vendor/pygments/formatters/pangomarkup.py -> /home/matthieu/ros2_ws/install/web_control/share/web_control/web/stream/webrtc/.venv/lib/python3.12/site-packages/pip/_vendor/pygments/formatters\n'}
[2.042057] (web_control) StdoutLine: {'line': b'symbolically linking /home/matthieu/ros2_ws/build/web_control/web/stream/webrtc/.venv/lib/python3.12/site-packages/pip/_vendor/pygments/formatters/bbcode.py -> /home/matthieu/ros2_ws/install/web_control/share/web_control/web/stream/webrtc/.venv/lib/python3.12/site-packages/pip/_vendor/pygments/formatters\n'}
[2.042166] (web_control) StdoutLine: {'line': b'symbolically linking /home/matthieu/ros2_ws/build/web_control/web/stream/webrtc/.venv/lib/python3.12/site-packages/pip/_vendor/pygments/formatters/groff.py -> /home/matthieu/ros2_ws/install/web_control/share/web_control/web/stream/webrtc/.venv/lib/python3.12/site-packages/pip/_vendor/pygments/formatters\n'}
[2.042250] (web_control) StdoutLine: {'line': b'symbolically linking /home/matthieu/ros2_ws/build/web_control/web/stream/webrtc/.venv/lib/python3.12/site-packages/pip/_vendor/pygments/formatters/terminal.py -> /home/matthieu/ros2_ws/install/web_control/share/web_control/web/stream/webrtc/.venv/lib/python3.12/site-packages/pip/_vendor/pygments/formatters\n'}
[2.042358] (web_control) StdoutLine: {'line': b'symbolically linking /home/matthieu/ros2_ws/build/web_control/web/stream/webrtc/.venv/lib/python3.12/site-packages/pip/_vendor/pygments/formatters/irc.py -> /home/matthieu/ros2_ws/install/web_control/share/web_control/web/stream/webrtc/.venv/lib/python3.12/site-packages/pip/_vendor/pygments/formatters\n'}
[2.042433] (web_control) StdoutLine: {'line': b'symbolically linking /home/matthieu/ros2_ws/build/web_control/web/stream/webrtc/.venv/lib/python3.12/site-packages/pip/_vendor/pygments/formatters/html.py -> /home/matthieu/ros2_ws/install/web_control/share/web_control/web/stream/webrtc/.venv/lib/python3.12/site-packages/pip/_vendor/pygments/formatters\n'}
[2.042530] (web_control) StdoutLine: {'line': b'symbolically linking /home/matthieu/ros2_ws/build/web_control/web/stream/webrtc/.venv/lib/python3.12/site-packages/pip/_vendor/pygments/formatters/__init__.py -> /home/matthieu/ros2_ws/install/web_control/share/web_control/web/stream/webrtc/.venv/lib/python3.12/site-packages/pip/_vendor/pygments/formatters\n'}
[2.042602] (web_control) StdoutLine: {'line': b'symbolically linking /home/matthieu/ros2_ws/build/web_control/web/stream/webrtc/.venv/lib/python3.12/site-packages/pip/_vendor/pygments/formatters/__pycache__/irc.cpython-312.pyc -> /home/matthieu/ros2_ws/install/web_control/share/web_control/web/stream/webrtc/.venv/lib/python3.12/site-packages/pip/_vendor/pygments/formatters/__pycache__\n'}
[2.042703] (web_control) StdoutLine: {'line': b'symbolically linking /home/matthieu/ros2_ws/build/web_control/web/stream/webrtc/.venv/lib/python3.12/site-packages/pip/_vendor/pygments/formatters/__pycache__/latex.cpython-312.pyc -> /home/matthieu/ros2_ws/install/web_control/share/web_control/web/stream/webrtc/.venv/lib/python3.12/site-packages/pip/_vendor/pygments/formatters/__pycache__\n'}
[2.042780] (web_control) StdoutLine: {'line': b'symbolically linking /home/matthieu/ros2_ws/build/web_control/web/stream/webrtc/.venv/lib/python3.12/site-packages/pip/_vendor/pygments/formatters/__pycache__/bbcode.cpython-312.pyc -> /home/matthieu/ros2_ws/install/web_control/share/web_control/web/stream/webrtc/.venv/lib/python3.12/site-packages/pip/_vendor/pygments/formatters/__pycache__\n'}
[2.042881] (web_control) StdoutLine: {'line': b'symbolically linking /home/matthieu/ros2_ws/build/web_control/web/stream/webrtc/.venv/lib/python3.12/site-packages/pip/_vendor/pygments/formatters/__pycache__/rtf.cpython-312.pyc -> /home/matthieu/ros2_ws/install/web_control/share/web_control/web/stream/webrtc/.venv/lib/python3.12/site-packages/pip/_vendor/pygments/formatters/__pycache__\n'}
[2.042956] (web_control) StdoutLine: {'line': b'symbolically linking /home/matthieu/ros2_ws/build/web_control/web/stream/webrtc/.venv/lib/python3.12/site-packages/pip/_vendor/pygments/formatters/__pycache__/groff.cpython-312.pyc -> /home/matthieu/ros2_ws/install/web_control/share/web_control/web/stream/webrtc/.venv/lib/python3.12/site-packages/pip/_vendor/pygments/formatters/__pycache__\n'}
[2.043057] (web_control) StdoutLine: {'line': b'symbolically linking /home/matthieu/ros2_ws/build/web_control/web/stream/webrtc/.venv/lib/python3.12/site-packages/pip/_vendor/pygments/formatters/__pycache__/img.cpython-312.pyc -> /home/matthieu/ros2_ws/install/web_control/share/web_control/web/stream/webrtc/.venv/lib/python3.12/site-packages/pip/_vendor/pygments/formatters/__pycache__\n'}
[2.043132] (web_control) StdoutLine: {'line': b'symbolically linking /home/matthieu/ros2_ws/build/web_control/web/stream/webrtc/.venv/lib/python3.12/site-packages/pip/_vendor/pygments/formatters/__pycache__/svg.cpython-312.pyc -> /home/matthieu/ros2_ws/install/web_control/share/web_control/web/stream/webrtc/.venv/lib/python3.12/site-packages/pip/_vendor/pygments/formatters/__pycache__\n'}
[2.043231] (web_control) StdoutLine: {'line': b'symbolically linking /home/matthieu/ros2_ws/build/web_control/web/stream/webrtc/.venv/lib/python3.12/site-packages/pip/_vendor/pygments/formatters/__pycache__/terminal.cpython-312.pyc -> /home/matthieu/ros2_ws/install/web_control/share/web_control/web/stream/webrtc/.venv/lib/python3.12/site-packages/pip/_vendor/pygments/formatters/__pycache__\n'}
[2.043339] (web_control) StdoutLine: {'line': b'symbolically linking /home/matthieu/ros2_ws/build/web_control/web/stream/webrtc/.venv/lib/python3.12/site-packages/pip/_vendor/pygments/formatters/__pycache__/html.cpython-312.pyc -> /home/matthieu/ros2_ws/install/web_control/share/web_control/web/stream/webrtc/.venv/lib/python3.12/site-packages/pip/_vendor/pygments/formatters/__pycache__\n'}
[2.043448] (web_control) StdoutLine: {'line': b'symbolically linking /home/matthieu/ros2_ws/build/web_control/web/stream/webrtc/.venv/lib/python3.12/site-packages/pip/_vendor/pygments/formatters/__pycache__/terminal256.cpython-312.pyc -> /home/matthieu/ros2_ws/install/web_control/share/web_control/web/stream/webrtc/.venv/lib/python3.12/site-packages/pip/_vendor/pygments/formatters/__pycache__\n'}
[2.043573] (web_control) StdoutLine: {'line': b'symbolically linking /home/matthieu/ros2_ws/build/web_control/web/stream/webrtc/.venv/lib/python3.12/site-packages/pip/_vendor/pygments/formatters/__pycache__/pangomarkup.cpython-312.pyc -> /home/matthieu/ros2_ws/install/web_control/share/web_control/web/stream/webrtc/.venv/lib/python3.12/site-packages/pip/_vendor/pygments/formatters/__pycache__\n'}
[2.043701] (web_control) StdoutLine: {'line': b'symbolically linking /home/matthieu/ros2_ws/build/web_control/web/stream/webrtc/.venv/lib/python3.12/site-packages/pip/_vendor/pygments/formatters/__pycache__/_mapping.cpython-312.pyc -> /home/matthieu/ros2_ws/install/web_control/share/web_control/web/stream/webrtc/.venv/lib/python3.12/site-packages/pip/_vendor/pygments/formatters/__pycache__\n'}
[2.043780] (web_control) StdoutLine: {'line': b'symbolically linking /home/matthieu/ros2_ws/build/web_control/web/stream/webrtc/.venv/lib/python3.12/site-packages/pip/_vendor/pygments/formatters/__pycache__/__init__.cpython-312.pyc -> /home/matthieu/ros2_ws/install/web_control/share/web_control/web/stream/webrtc/.venv/lib/python3.12/site-packages/pip/_vendor/pygments/formatters/__pycache__\n'}
[2.043870] (web_control) StdoutLine: {'line': b'symbolically linking /home/matthieu/ros2_ws/build/web_control/web/stream/webrtc/.venv/lib/python3.12/site-packages/pip/_vendor/pygments/formatters/__pycache__/other.cpython-312.pyc -> /home/matthieu/ros2_ws/install/web_control/share/web_control/web/stream/webrtc/.venv/lib/python3.12/site-packages/pip/_vendor/pygments/formatters/__pycache__\n'}
[2.043972] (web_control) StdoutLine: {'line': b'symbolically linking /home/matthieu/ros2_ws/build/web_control/web/stream/webrtc/.venv/lib/python3.12/site-packages/pip/_vendor/certifi/cacert.pem -> /home/matthieu/ros2_ws/install/web_control/share/web_control/web/stream/webrtc/.venv/lib/python3.12/site-packages/pip/_vendor/certifi\n'}
[2.044057] (web_control) StdoutLine: {'line': b'symbolically linking /home/matthieu/ros2_ws/build/web_control/web/stream/webrtc/.venv/lib/python3.12/site-packages/pip/_vendor/certifi/core.py -> /home/matthieu/ros2_ws/install/web_control/share/web_control/web/stream/webrtc/.venv/lib/python3.12/site-packages/pip/_vendor/certifi\n'}
[2.044148] (web_control) StdoutLine: {'line': b'symbolically linking /home/matthieu/ros2_ws/build/web_control/web/stream/webrtc/.venv/lib/python3.12/site-packages/pip/_vendor/certifi/__main__.py -> /home/matthieu/ros2_ws/install/web_control/share/web_control/web/stream/webrtc/.venv/lib/python3.12/site-packages/pip/_vendor/certifi\n'}
[2.044249] (web_control) StdoutLine: {'line': b'symbolically linking /home/matthieu/ros2_ws/build/web_control/web/stream/webrtc/.venv/lib/python3.12/site-packages/pip/_vendor/certifi/__init__.py -> /home/matthieu/ros2_ws/install/web_control/share/web_control/web/stream/webrtc/.venv/lib/python3.12/site-packages/pip/_vendor/certifi\n'}
[2.044357] (web_control) StdoutLine: {'line': b'symbolically linking /home/matthieu/ros2_ws/build/web_control/web/stream/webrtc/.venv/lib/python3.12/site-packages/pip/_vendor/certifi/__pycache__/core.cpython-312.pyc -> /home/matthieu/ros2_ws/install/web_control/share/web_control/web/stream/webrtc/.venv/lib/python3.12/site-packages/pip/_vendor/certifi/__pycache__\n'}
[2.044448] (web_control) StdoutLine: {'line': b'symbolically linking /home/matthieu/ros2_ws/build/web_control/web/stream/webrtc/.venv/lib/python3.12/site-packages/pip/_vendor/certifi/__pycache__/__main__.cpython-312.pyc -> /home/matthieu/ros2_ws/install/web_control/share/web_control/web/stream/webrtc/.venv/lib/python3.12/site-packages/pip/_vendor/certifi/__pycache__\n'}
[2.044542] (web_control) StdoutLine: {'line': b'symbolically linking /home/matthieu/ros2_ws/build/web_control/web/stream/webrtc/.venv/lib/python3.12/site-packages/pip/_vendor/certifi/__pycache__/__init__.cpython-312.pyc -> /home/matthieu/ros2_ws/install/web_control/share/web_control/web/stream/webrtc/.venv/lib/python3.12/site-packages/pip/_vendor/certifi/__pycache__\n'}
[2.044631] (web_control) StdoutLine: {'line': b'symbolically linking /home/matthieu/ros2_ws/build/web_control/web/stream/webrtc/.venv/lib/python3.12/site-packages/pip/_vendor/tenacity/after.py -> /home/matthieu/ros2_ws/install/web_control/share/web_control/web/stream/webrtc/.venv/lib/python3.12/site-packages/pip/_vendor/tenacity\n'}
[2.044723] (web_control) StdoutLine: {'line': b'symbolically linking /home/matthieu/ros2_ws/build/web_control/web/stream/webrtc/.venv/lib/python3.12/site-packages/pip/_vendor/tenacity/tornadoweb.py -> /home/matthieu/ros2_ws/install/web_control/share/web_control/web/stream/webrtc/.venv/lib/python3.12/site-packages/pip/_vendor/tenacity\n'}
[2.044809] (web_control) StdoutLine: {'line': b'symbolically linking /home/matthieu/ros2_ws/build/web_control/web/stream/webrtc/.venv/lib/python3.12/site-packages/pip/_vendor/tenacity/before.py -> /home/matthieu/ros2_ws/install/web_control/share/web_control/web/stream/webrtc/.venv/lib/python3.12/site-packages/pip/_vendor/tenacity\n'}
[2.044898] (web_control) StdoutLine: {'line': b'symbolically linking /home/matthieu/ros2_ws/build/web_control/web/stream/webrtc/.venv/lib/python3.12/site-packages/pip/_vendor/tenacity/before_sleep.py -> /home/matthieu/ros2_ws/install/web_control/share/web_control/web/stream/webrtc/.venv/lib/python3.12/site-packages/pip/_vendor/tenacity\n'}
[2.044989] (web_control) StdoutLine: {'line': b'symbolically linking /home/matthieu/ros2_ws/build/web_control/web/stream/webrtc/.venv/lib/python3.12/site-packages/pip/_vendor/tenacity/wait.py -> /home/matthieu/ros2_ws/install/web_control/share/web_control/web/stream/webrtc/.venv/lib/python3.12/site-packages/pip/_vendor/tenacity\n'}
[2.045081] (web_control) StdoutLine: {'line': b'symbolically linking /home/matthieu/ros2_ws/build/web_control/web/stream/webrtc/.venv/lib/python3.12/site-packages/pip/_vendor/tenacity/_asyncio.py -> /home/matthieu/ros2_ws/install/web_control/share/web_control/web/stream/webrtc/.venv/lib/python3.12/site-packages/pip/_vendor/tenacity\n'}
[2.045172] (web_control) StdoutLine: {'line': b'symbolically linking /home/matthieu/ros2_ws/build/web_control/web/stream/webrtc/.venv/lib/python3.12/site-packages/pip/_vendor/tenacity/_utils.py -> /home/matthieu/ros2_ws/install/web_control/share/web_control/web/stream/webrtc/.venv/lib/python3.12/site-packages/pip/_vendor/tenacity\n'}
[2.045277] (web_control) StdoutLine: {'line': b'symbolically linking /home/matthieu/ros2_ws/build/web_control/web/stream/webrtc/.venv/lib/python3.12/site-packages/pip/_vendor/tenacity/stop.py -> /home/matthieu/ros2_ws/install/web_control/share/web_control/web/stream/webrtc/.venv/lib/python3.12/site-packages/pip/_vendor/tenacity\n'}
[2.045392] (web_control) StdoutLine: {'line': b'symbolically linking /home/matthieu/ros2_ws/build/web_control/web/stream/webrtc/.venv/lib/python3.12/site-packages/pip/_vendor/tenacity/retry.py -> /home/matthieu/ros2_ws/install/web_control/share/web_control/web/stream/webrtc/.venv/lib/python3.12/site-packages/pip/_vendor/tenacity\n'}
[2.045491] (web_control) StdoutLine: {'line': b'symbolically linking /home/matthieu/ros2_ws/build/web_control/web/stream/webrtc/.venv/lib/python3.12/site-packages/pip/_vendor/tenacity/nap.py -> /home/matthieu/ros2_ws/install/web_control/share/web_control/web/stream/webrtc/.venv/lib/python3.12/site-packages/pip/_vendor/tenacity\n'}
[2.045588] (web_control) StdoutLine: {'line': b'symbolically linking /home/matthieu/ros2_ws/build/web_control/web/stream/webrtc/.venv/lib/python3.12/site-packages/pip/_vendor/tenacity/__init__.py -> /home/matthieu/ros2_ws/install/web_control/share/web_control/web/stream/webrtc/.venv/lib/python3.12/site-packages/pip/_vendor/tenacity\n'}
[2.045748] (web_control) StdoutLine: {'line': b'symbolically linking /home/matthieu/ros2_ws/build/web_control/web/stream/webrtc/.venv/lib/python3.12/site-packages/pip/_vendor/tenacity/__pycache__/before.cpython-312.pyc -> /home/matthieu/ros2_ws/install/web_control/share/web_control/web/stream/webrtc/.venv/lib/python3.12/site-packages/pip/_vendor/tenacity/__pycache__\n'}
[2.045874] (web_control) StdoutLine: {'line': b'symbolically linking /home/matthieu/ros2_ws/build/web_control/web/stream/webrtc/.venv/lib/python3.12/site-packages/pip/_vendor/tenacity/__pycache__/_utils.cpython-312.pyc -> /home/matthieu/ros2_ws/install/web_control/share/web_control/web/stream/webrtc/.venv/lib/python3.12/site-packages/pip/_vendor/tenacity/__pycache__\n'}
[2.045970] (web_control) StdoutLine: {'line': b'symbolically linking /home/matthieu/ros2_ws/build/web_control/web/stream/webrtc/.venv/lib/python3.12/site-packages/pip/_vendor/tenacity/__pycache__/nap.cpython-312.pyc -> /home/matthieu/ros2_ws/install/web_control/share/web_control/web/stream/webrtc/.venv/lib/python3.12/site-packages/pip/_vendor/tenacity/__pycache__\n'}
[2.046071] (web_control) StdoutLine: {'line': b'symbolically linking /home/matthieu/ros2_ws/build/web_control/web/stream/webrtc/.venv/lib/python3.12/site-packages/pip/_vendor/tenacity/__pycache__/tornadoweb.cpython-312.pyc -> /home/matthieu/ros2_ws/install/web_control/share/web_control/web/stream/webrtc/.venv/lib/python3.12/site-packages/pip/_vendor/tenacity/__pycache__\n'}
[2.046156] (web_control) StdoutLine: {'line': b'symbolically linking /home/matthieu/ros2_ws/build/web_control/web/stream/webrtc/.venv/lib/python3.12/site-packages/pip/_vendor/tenacity/__pycache__/wait.cpython-312.pyc -> /home/matthieu/ros2_ws/install/web_control/share/web_control/web/stream/webrtc/.venv/lib/python3.12/site-packages/pip/_vendor/tenacity/__pycache__\n'}
[2.046255] (web_control) StdoutLine: {'line': b'symbolically linking /home/matthieu/ros2_ws/build/web_control/web/stream/webrtc/.venv/lib/python3.12/site-packages/pip/_vendor/tenacity/__pycache__/retry.cpython-312.pyc -> /home/matthieu/ros2_ws/install/web_control/share/web_control/web/stream/webrtc/.venv/lib/python3.12/site-packages/pip/_vendor/tenacity/__pycache__\n'}
[2.046353] (web_control) StdoutLine: {'line': b'symbolically linking /home/matthieu/ros2_ws/build/web_control/web/stream/webrtc/.venv/lib/python3.12/site-packages/pip/_vendor/tenacity/__pycache__/after.cpython-312.pyc -> /home/matthieu/ros2_ws/install/web_control/share/web_control/web/stream/webrtc/.venv/lib/python3.12/site-packages/pip/_vendor/tenacity/__pycache__\n'}
[2.046451] (web_control) StdoutLine: {'line': b'symbolically linking /home/matthieu/ros2_ws/build/web_control/web/stream/webrtc/.venv/lib/python3.12/site-packages/pip/_vendor/tenacity/__pycache__/__init__.cpython-312.pyc -> /home/matthieu/ros2_ws/install/web_control/share/web_control/web/stream/webrtc/.venv/lib/python3.12/site-packages/pip/_vendor/tenacity/__pycache__\n'}
[2.046551] (web_control) StdoutLine: {'line': b'symbolically linking /home/matthieu/ros2_ws/build/web_control/web/stream/webrtc/.venv/lib/python3.12/site-packages/pip/_vendor/tenacity/__pycache__/before_sleep.cpython-312.pyc -> /home/matthieu/ros2_ws/install/web_control/share/web_control/web/stream/webrtc/.venv/lib/python3.12/site-packages/pip/_vendor/tenacity/__pycache__\n'}
[2.046635] (web_control) StdoutLine: {'line': b'symbolically linking /home/matthieu/ros2_ws/build/web_control/web/stream/webrtc/.venv/lib/python3.12/site-packages/pip/_vendor/tenacity/__pycache__/_asyncio.cpython-312.pyc -> /home/matthieu/ros2_ws/install/web_control/share/web_control/web/stream/webrtc/.venv/lib/python3.12/site-packages/pip/_vendor/tenacity/__pycache__\n'}
[2.046735] (web_control) StdoutLine: {'line': b'symbolically linking /home/matthieu/ros2_ws/build/web_control/web/stream/webrtc/.venv/lib/python3.12/site-packages/pip/_vendor/tenacity/__pycache__/stop.cpython-312.pyc -> /home/matthieu/ros2_ws/install/web_control/share/web_control/web/stream/webrtc/.venv/lib/python3.12/site-packages/pip/_vendor/tenacity/__pycache__\n'}
[2.046944] (web_control) StdoutLine: {'line': b'symbolically linking /home/matthieu/ros2_ws/build/web_control/web/stream/webrtc/.venv/lib/python3.12/site-packages/pip/_vendor/chardet/euctwfreq.py -> /home/matthieu/ros2_ws/install/web_control/share/web_control/web/stream/webrtc/.venv/lib/python3.12/site-packages/pip/_vendor/chardet\n'}
[2.047053] (web_control) StdoutLine: {'line': b'symbolically linking /home/matthieu/ros2_ws/build/web_control/web/stream/webrtc/.venv/lib/python3.12/site-packages/pip/_vendor/chardet/codingstatemachinedict.py -> /home/matthieu/ros2_ws/install/web_control/share/web_control/web/stream/webrtc/.venv/lib/python3.12/site-packages/pip/_vendor/chardet\n'}
[2.047156] (web_control) StdoutLine: {'line': b'symbolically linking /home/matthieu/ros2_ws/build/web_control/web/stream/webrtc/.venv/lib/python3.12/site-packages/pip/_vendor/chardet/big5prober.py -> /home/matthieu/ros2_ws/install/web_control/share/web_control/web/stream/webrtc/.venv/lib/python3.12/site-packages/pip/_vendor/chardet\n'}
[2.047259] (web_control) StdoutLine: {'line': b'symbolically linking /home/matthieu/ros2_ws/build/web_control/web/stream/webrtc/.venv/lib/python3.12/site-packages/pip/_vendor/chardet/escsm.py -> /home/matthieu/ros2_ws/install/web_control/share/web_control/web/stream/webrtc/.venv/lib/python3.12/site-packages/pip/_vendor/chardet\n'}
[2.047378] (web_control) StdoutLine: {'line': b'symbolically linking /home/matthieu/ros2_ws/build/web_control/web/stream/webrtc/.venv/lib/python3.12/site-packages/pip/_vendor/chardet/chardistribution.py -> /home/matthieu/ros2_ws/install/web_control/share/web_control/web/stream/webrtc/.venv/lib/python3.12/site-packages/pip/_vendor/chardet\n'}
[2.047479] (web_control) StdoutLine: {'line': b'symbolically linking /home/matthieu/ros2_ws/build/web_control/web/stream/webrtc/.venv/lib/python3.12/site-packages/pip/_vendor/chardet/langrussianmodel.py -> /home/matthieu/ros2_ws/install/web_control/share/web_control/web/stream/webrtc/.venv/lib/python3.12/site-packages/pip/_vendor/chardet\n'}
[2.047577] (web_control) StdoutLine: {'line': b'symbolically linking /home/matthieu/ros2_ws/build/web_control/web/stream/webrtc/.venv/lib/python3.12/site-packages/pip/_vendor/chardet/sbcharsetprober.py -> /home/matthieu/ros2_ws/install/web_control/share/web_control/web/stream/webrtc/.venv/lib/python3.12/site-packages/pip/_vendor/chardet\n'}
[2.047676] (web_control) StdoutLine: {'line': b'symbolically linking /home/matthieu/ros2_ws/build/web_control/web/stream/webrtc/.venv/lib/python3.12/site-packages/pip/_vendor/chardet/mbcsgroupprober.py -> /home/matthieu/ros2_ws/install/web_control/share/web_control/web/stream/webrtc/.venv/lib/python3.12/site-packages/pip/_vendor/chardet\n'}
[2.047779] (web_control) StdoutLine: {'line': b'symbolically linking /home/matthieu/ros2_ws/build/web_control/web/stream/webrtc/.venv/lib/python3.12/site-packages/pip/_vendor/chardet/mbcssm.py -> /home/matthieu/ros2_ws/install/web_control/share/web_control/web/stream/webrtc/.venv/lib/python3.12/site-packages/pip/_vendor/chardet\n'}
[2.047880] (web_control) StdoutLine: {'line': b'symbolically linking /home/matthieu/ros2_ws/build/web_control/web/stream/webrtc/.venv/lib/python3.12/site-packages/pip/_vendor/chardet/escprober.py -> /home/matthieu/ros2_ws/install/web_control/share/web_control/web/stream/webrtc/.venv/lib/python3.12/site-packages/pip/_vendor/chardet\n'}
[2.047982] (web_control) StdoutLine: {'line': b'symbolically linking /home/matthieu/ros2_ws/build/web_control/web/stream/webrtc/.venv/lib/python3.12/site-packages/pip/_vendor/chardet/big5freq.py -> /home/matthieu/ros2_ws/install/web_control/share/web_control/web/stream/webrtc/.venv/lib/python3.12/site-packages/pip/_vendor/chardet\n'}
[2.048086] (web_control) StdoutLine: {'line': b'symbolically linking /home/matthieu/ros2_ws/build/web_control/web/stream/webrtc/.venv/lib/python3.12/site-packages/pip/_vendor/chardet/gb2312prober.py -> /home/matthieu/ros2_ws/install/web_control/share/web_control/web/stream/webrtc/.venv/lib/python3.12/site-packages/pip/_vendor/chardet\n'}
[2.048189] (web_control) StdoutLine: {'line': b'symbolically linking /home/matthieu/ros2_ws/build/web_control/web/stream/webrtc/.venv/lib/python3.12/site-packages/pip/_vendor/chardet/johabprober.py -> /home/matthieu/ros2_ws/install/web_control/share/web_control/web/stream/webrtc/.venv/lib/python3.12/site-packages/pip/_vendor/chardet\n'}
[2.048270] (web_control) StdoutLine: {'line': b'symbolically linking /home/matthieu/ros2_ws/build/web_control/web/stream/webrtc/.venv/lib/python3.12/site-packages/pip/_vendor/chardet/langthaimodel.py -> /home/matthieu/ros2_ws/install/web_control/share/web_control/web/stream/webrtc/.venv/lib/python3.12/site-packages/pip/_vendor/chardet\n'}
[2.048382] (web_control) StdoutLine: {'line': b'symbolically linking /home/matthieu/ros2_ws/build/web_control/web/stream/webrtc/.venv/lib/python3.12/site-packages/pip/_vendor/chardet/latin1prober.py -> /home/matthieu/ros2_ws/install/web_control/share/web_control/web/stream/webrtc/.venv/lib/python3.12/site-packages/pip/_vendor/chardet\n'}
[2.048454] (web_control) StdoutLine: {'line': b'symbolically linking /home/matthieu/ros2_ws/build/web_control/web/stream/webrtc/.venv/lib/python3.12/site-packages/pip/_vendor/chardet/euctwprober.py -> /home/matthieu/ros2_ws/install/web_control/share/web_control/web/stream/webrtc/.venv/lib/python3.12/site-packages/pip/_vendor/chardet\n'}
[2.048546] (web_control) StdoutLine: {'line': b'symbolically linking /home/matthieu/ros2_ws/build/web_control/web/stream/webrtc/.venv/lib/python3.12/site-packages/pip/_vendor/chardet/langhungarianmodel.py -> /home/matthieu/ros2_ws/install/web_control/share/web_control/web/stream/webrtc/.venv/lib/python3.12/site-packages/pip/_vendor/chardet\n'}
[2.048648] (web_control) StdoutLine: {'line': b'symbolically linking /home/matthieu/ros2_ws/build/web_control/web/stream/webrtc/.venv/lib/python3.12/site-packages/pip/_vendor/chardet/resultdict.py -> /home/matthieu/ros2_ws/install/web_control/share/web_control/web/stream/webrtc/.venv/lib/python3.12/site-packages/pip/_vendor/chardet\n'}
[2.048730] (web_control) StdoutLine: {'line': b'symbolically linking /home/matthieu/ros2_ws/build/web_control/web/stream/webrtc/.venv/lib/python3.12/site-packages/pip/_vendor/chardet/sbcsgroupprober.py -> /home/matthieu/ros2_ws/install/web_control/share/web_control/web/stream/webrtc/.venv/lib/python3.12/site-packages/pip/_vendor/chardet\n'}
[2.048830] (web_control) StdoutLine: {'line': b'symbolically linking /home/matthieu/ros2_ws/build/web_control/web/stream/webrtc/.venv/lib/python3.12/site-packages/pip/_vendor/chardet/hebrewprober.py -> /home/matthieu/ros2_ws/install/web_control/share/web_control/web/stream/webrtc/.venv/lib/python3.12/site-packages/pip/_vendor/chardet\n'}
[2.048903] (web_control) StdoutLine: {'line': b'symbolically linking /home/matthieu/ros2_ws/build/web_control/web/stream/webrtc/.venv/lib/python3.12/site-packages/pip/_vendor/chardet/euckrprober.py -> /home/matthieu/ros2_ws/install/web_control/share/web_control/web/stream/webrtc/.venv/lib/python3.12/site-packages/pip/_vendor/chardet\n'}
[2.048988] (web_control) StdoutLine: {'line': b'symbolically linking /home/matthieu/ros2_ws/build/web_control/web/stream/webrtc/.venv/lib/python3.12/site-packages/pip/_vendor/chardet/cp949prober.py -> /home/matthieu/ros2_ws/install/web_control/share/web_control/web/stream/webrtc/.venv/lib/python3.12/site-packages/pip/_vendor/chardet\n'}
[2.049086] (web_control) StdoutLine: {'line': b'symbolically linking /home/matthieu/ros2_ws/build/web_control/web/stream/webrtc/.venv/lib/python3.12/site-packages/pip/_vendor/chardet/jpcntx.py -> /home/matthieu/ros2_ws/install/web_control/share/web_control/web/stream/webrtc/.venv/lib/python3.12/site-packages/pip/_vendor/chardet\n'}
[2.049182] (web_control) StdoutLine: {'line': b'symbolically linking /home/matthieu/ros2_ws/build/web_control/web/stream/webrtc/.venv/lib/python3.12/site-packages/pip/_vendor/chardet/enums.py -> /home/matthieu/ros2_ws/install/web_control/share/web_control/web/stream/webrtc/.venv/lib/python3.12/site-packages/pip/_vendor/chardet\n'}
[2.049285] (web_control) StdoutLine: {'line': b'symbolically linking /home/matthieu/ros2_ws/build/web_control/web/stream/webrtc/.venv/lib/python3.12/site-packages/pip/_vendor/chardet/charsetprober.py -> /home/matthieu/ros2_ws/install/web_control/share/web_control/web/stream/webrtc/.venv/lib/python3.12/site-packages/pip/_vendor/chardet\n'}
[2.049404] (web_control) StdoutLine: {'line': b'symbolically linking /home/matthieu/ros2_ws/build/web_control/web/stream/webrtc/.venv/lib/python3.12/site-packages/pip/_vendor/chardet/charsetgroupprober.py -> /home/matthieu/ros2_ws/install/web_control/share/web_control/web/stream/webrtc/.venv/lib/python3.12/site-packages/pip/_vendor/chardet\n'}
[2.049478] (web_control) StdoutLine: {'line': b'symbolically linking /home/matthieu/ros2_ws/build/web_control/web/stream/webrtc/.venv/lib/python3.12/site-packages/pip/_vendor/chardet/codingstatemachine.py -> /home/matthieu/ros2_ws/install/web_control/share/web_control/web/stream/webrtc/.venv/lib/python3.12/site-packages/pip/_vendor/chardet\n'}
[2.049568] (web_control) StdoutLine: {'line': b'symbolically linking /home/matthieu/ros2_ws/build/web_control/web/stream/webrtc/.venv/lib/python3.12/site-packages/pip/_vendor/chardet/euckrfreq.py -> /home/matthieu/ros2_ws/install/web_control/share/web_control/web/stream/webrtc/.venv/lib/python3.12/site-packages/pip/_vendor/chardet\n'}
[2.049670] (web_control) StdoutLine: {'line': b'symbolically linking /home/matthieu/ros2_ws/build/web_control/web/stream/webrtc/.venv/lib/python3.12/site-packages/pip/_vendor/chardet/utf1632prober.py -> /home/matthieu/ros2_ws/install/web_control/share/web_control/web/stream/webrtc/.venv/lib/python3.12/site-packages/pip/_vendor/chardet\n'}
[2.049743] (web_control) StdoutLine: {'line': b'symbolically linking /home/matthieu/ros2_ws/build/web_control/web/stream/webrtc/.venv/lib/python3.12/site-packages/pip/_vendor/chardet/mbcharsetprober.py -> /home/matthieu/ros2_ws/install/web_control/share/web_control/web/stream/webrtc/.venv/lib/python3.12/site-packages/pip/_vendor/chardet\n'}
[2.049826] (web_control) StdoutLine: {'line': b'symbolically linking /home/matthieu/ros2_ws/build/web_control/web/stream/webrtc/.venv/lib/python3.12/site-packages/pip/_vendor/chardet/langhebrewmodel.py -> /home/matthieu/ros2_ws/install/web_control/share/web_control/web/stream/webrtc/.venv/lib/python3.12/site-packages/pip/_vendor/chardet\n'}
[2.049918] (web_control) StdoutLine: {'line': b'symbolically linking /home/matthieu/ros2_ws/build/web_control/web/stream/webrtc/.venv/lib/python3.12/site-packages/pip/_vendor/chardet/utf8prober.py -> /home/matthieu/ros2_ws/install/web_control/share/web_control/web/stream/webrtc/.venv/lib/python3.12/site-packages/pip/_vendor/chardet\n'}
[2.050013] (web_control) StdoutLine: {'line': b'symbolically linking /home/matthieu/ros2_ws/build/web_control/web/stream/webrtc/.venv/lib/python3.12/site-packages/pip/_vendor/chardet/jisfreq.py -> /home/matthieu/ros2_ws/install/web_control/share/web_control/web/stream/webrtc/.venv/lib/python3.12/site-packages/pip/_vendor/chardet\n'}
[2.050105] (web_control) StdoutLine: {'line': b'symbolically linking /home/matthieu/ros2_ws/build/web_control/web/stream/webrtc/.venv/lib/python3.12/site-packages/pip/_vendor/chardet/langbulgarianmodel.py -> /home/matthieu/ros2_ws/install/web_control/share/web_control/web/stream/webrtc/.venv/lib/python3.12/site-packages/pip/_vendor/chardet\n'}
[2.050194] (web_control) StdoutLine: {'line': b'symbolically linking /home/matthieu/ros2_ws/build/web_control/web/stream/webrtc/.venv/lib/python3.12/site-packages/pip/_vendor/chardet/johabfreq.py -> /home/matthieu/ros2_ws/install/web_control/share/web_control/web/stream/webrtc/.venv/lib/python3.12/site-packages/pip/_vendor/chardet\n'}
[2.050301] (web_control) StdoutLine: {'line': b'symbolically linking /home/matthieu/ros2_ws/build/web_control/web/stream/webrtc/.venv/lib/python3.12/site-packages/pip/_vendor/chardet/sjisprober.py -> /home/matthieu/ros2_ws/install/web_control/share/web_control/web/stream/webrtc/.venv/lib/python3.12/site-packages/pip/_vendor/chardet\n'}
[2.050405] (web_control) StdoutLine: {'line': b'symbolically linking /home/matthieu/ros2_ws/build/web_control/web/stream/webrtc/.venv/lib/python3.12/site-packages/pip/_vendor/chardet/macromanprober.py -> /home/matthieu/ros2_ws/install/web_control/share/web_control/web/stream/webrtc/.venv/lib/python3.12/site-packages/pip/_vendor/chardet\n'}
[2.050505] (web_control) StdoutLine: {'line': b'symbolically linking /home/matthieu/ros2_ws/build/web_control/web/stream/webrtc/.venv/lib/python3.12/site-packages/pip/_vendor/chardet/langturkishmodel.py -> /home/matthieu/ros2_ws/install/web_control/share/web_control/web/stream/webrtc/.venv/lib/python3.12/site-packages/pip/_vendor/chardet\n'}
[2.050581] (web_control) StdoutLine: {'line': b'symbolically linking /home/matthieu/ros2_ws/build/web_control/web/stream/webrtc/.venv/lib/python3.12/site-packages/pip/_vendor/chardet/langgreekmodel.py -> /home/matthieu/ros2_ws/install/web_control/share/web_control/web/stream/webrtc/.venv/lib/python3.12/site-packages/pip/_vendor/chardet\n'}
[2.050674] (web_control) StdoutLine: {'line': b'symbolically linking /home/matthieu/ros2_ws/build/web_control/web/stream/webrtc/.venv/lib/python3.12/site-packages/pip/_vendor/chardet/universaldetector.py -> /home/matthieu/ros2_ws/install/web_control/share/web_control/web/stream/webrtc/.venv/lib/python3.12/site-packages/pip/_vendor/chardet\n'}
[2.050775] (web_control) StdoutLine: {'line': b'symbolically linking /home/matthieu/ros2_ws/build/web_control/web/stream/webrtc/.venv/lib/python3.12/site-packages/pip/_vendor/chardet/version.py -> /home/matthieu/ros2_ws/install/web_control/share/web_control/web/stream/webrtc/.venv/lib/python3.12/site-packages/pip/_vendor/chardet\n'}
[2.050849] (web_control) StdoutLine: {'line': b'symbolically linking /home/matthieu/ros2_ws/build/web_control/web/stream/webrtc/.venv/lib/python3.12/site-packages/pip/_vendor/chardet/gb2312freq.py -> /home/matthieu/ros2_ws/install/web_control/share/web_control/web/stream/webrtc/.venv/lib/python3.12/site-packages/pip/_vendor/chardet\n'}
[2.050941] (web_control) StdoutLine: {'line': b'symbolically linking /home/matthieu/ros2_ws/build/web_control/web/stream/webrtc/.venv/lib/python3.12/site-packages/pip/_vendor/chardet/eucjpprober.py -> /home/matthieu/ros2_ws/install/web_control/share/web_control/web/stream/webrtc/.venv/lib/python3.12/site-packages/pip/_vendor/chardet\n'}
[2.051033] (web_control) StdoutLine: {'line': b'symbolically linking /home/matthieu/ros2_ws/build/web_control/web/stream/webrtc/.venv/lib/python3.12/site-packages/pip/_vendor/chardet/__init__.py -> /home/matthieu/ros2_ws/install/web_control/share/web_control/web/stream/webrtc/.venv/lib/python3.12/site-packages/pip/_vendor/chardet\n'}
[2.051127] (web_control) StdoutLine: {'line': b'symbolically linking /home/matthieu/ros2_ws/build/web_control/web/stream/webrtc/.venv/lib/python3.12/site-packages/pip/_vendor/chardet/cli/chardetect.py -> /home/matthieu/ros2_ws/install/web_control/share/web_control/web/stream/webrtc/.venv/lib/python3.12/site-packages/pip/_vendor/chardet/cli\n'}
[2.051222] (web_control) StdoutLine: {'line': b'symbolically linking /home/matthieu/ros2_ws/build/web_control/web/stream/webrtc/.venv/lib/python3.12/site-packages/pip/_vendor/chardet/cli/__init__.py -> /home/matthieu/ros2_ws/install/web_control/share/web_control/web/stream/webrtc/.venv/lib/python3.12/site-packages/pip/_vendor/chardet/cli\n'}
[2.051349] (web_control) StdoutLine: {'line': b'symbolically linking /home/matthieu/ros2_ws/build/web_control/web/stream/webrtc/.venv/lib/python3.12/site-packages/pip/_vendor/chardet/cli/__pycache__/chardetect.cpython-312.pyc -> /home/matthieu/ros2_ws/install/web_control/share/web_control/web/stream/webrtc/.venv/lib/python3.12/site-packages/pip/_vendor/chardet/cli/__pycache__\n'}
[2.051447] (web_control) StdoutLine: {'line': b'symbolically linking /home/matthieu/ros2_ws/build/web_control/web/stream/webrtc/.venv/lib/python3.12/site-packages/pip/_vendor/chardet/cli/__pycache__/__init__.cpython-312.pyc -> /home/matthieu/ros2_ws/install/web_control/share/web_control/web/stream/webrtc/.venv/lib/python3.12/site-packages/pip/_vendor/chardet/cli/__pycache__\n'}
[2.051549] (web_control) StdoutLine: {'line': b'symbolically linking /home/matthieu/ros2_ws/build/web_control/web/stream/webrtc/.venv/lib/python3.12/site-packages/pip/_vendor/chardet/metadata/languages.py -> /home/matthieu/ros2_ws/install/web_control/share/web_control/web/stream/webrtc/.venv/lib/python3.12/site-packages/pip/_vendor/chardet/metadata\n'}
[2.051628] (web_control) StdoutLine: {'line': b'symbolically linking /home/matthieu/ros2_ws/build/web_control/web/stream/webrtc/.venv/lib/python3.12/site-packages/pip/_vendor/chardet/metadata/__init__.py -> /home/matthieu/ros2_ws/install/web_control/share/web_control/web/stream/webrtc/.venv/lib/python3.12/site-packages/pip/_vendor/chardet/metadata\n'}
[2.051719] (web_control) StdoutLine: {'line': b'symbolically linking /home/matthieu/ros2_ws/build/web_control/web/stream/webrtc/.venv/lib/python3.12/site-packages/pip/_vendor/chardet/metadata/__pycache__/__init__.cpython-312.pyc -> /home/matthieu/ros2_ws/install/web_control/share/web_control/web/stream/webrtc/.venv/lib/python3.12/site-packages/pip/_vendor/chardet/metadata/__pycache__\n'}
[2.051820] (web_control) StdoutLine: {'line': b'symbolically linking /home/matthieu/ros2_ws/build/web_control/web/stream/webrtc/.venv/lib/python3.12/site-packages/pip/_vendor/chardet/metadata/__pycache__/languages.cpython-312.pyc -> /home/matthieu/ros2_ws/install/web_control/share/web_control/web/stream/webrtc/.venv/lib/python3.12/site-packages/pip/_vendor/chardet/metadata/__pycache__\n'}
[2.051921] (web_control) StdoutLine: {'line': b'symbolically linking /home/matthieu/ros2_ws/build/web_control/web/stream/webrtc/.venv/lib/python3.12/site-packages/pip/_vendor/chardet/__pycache__/mbcharsetprober.cpython-312.pyc -> /home/matthieu/ros2_ws/install/web_control/share/web_control/web/stream/webrtc/.venv/lib/python3.12/site-packages/pip/_vendor/chardet/__pycache__\n'}
[2.052043] (web_control) StdoutLine: {'line': b'symbolically linking /home/matthieu/ros2_ws/build/web_control/web/stream/webrtc/.venv/lib/python3.12/site-packages/pip/_vendor/chardet/__pycache__/langbulgarianmodel.cpython-312.pyc -> /home/matthieu/ros2_ws/install/web_control/share/web_control/web/stream/webrtc/.venv/lib/python3.12/site-packages/pip/_vendor/chardet/__pycache__\n'}
[2.052163] (web_control) StdoutLine: {'line': b'symbolically linking /home/matthieu/ros2_ws/build/web_control/web/stream/webrtc/.venv/lib/python3.12/site-packages/pip/_vendor/chardet/__pycache__/euctwfreq.cpython-312.pyc -> /home/matthieu/ros2_ws/install/web_control/share/web_control/web/stream/webrtc/.venv/lib/python3.12/site-packages/pip/_vendor/chardet/__pycache__\n'}
[2.052283] (web_control) StdoutLine: {'line': b'symbolically linking /home/matthieu/ros2_ws/build/web_control/web/stream/webrtc/.venv/lib/python3.12/site-packages/pip/_vendor/chardet/__pycache__/jpcntx.cpython-312.pyc -> /home/matthieu/ros2_ws/install/web_control/share/web_control/web/stream/webrtc/.venv/lib/python3.12/site-packages/pip/_vendor/chardet/__pycache__\n'}
[2.052393] (web_control) StdoutLine: {'line': b'symbolically linking /home/matthieu/ros2_ws/build/web_control/web/stream/webrtc/.venv/lib/python3.12/site-packages/pip/_vendor/chardet/__pycache__/latin1prober.cpython-312.pyc -> /home/matthieu/ros2_ws/install/web_control/share/web_control/web/stream/webrtc/.venv/lib/python3.12/site-packages/pip/_vendor/chardet/__pycache__\n'}
[2.052489] (web_control) StdoutLine: {'line': b'symbolically linking /home/matthieu/ros2_ws/build/web_control/web/stream/webrtc/.venv/lib/python3.12/site-packages/pip/_vendor/chardet/__pycache__/gb2312freq.cpython-312.pyc -> /home/matthieu/ros2_ws/install/web_control/share/web_control/web/stream/webrtc/.venv/lib/python3.12/site-packages/pip/_vendor/chardet/__pycache__\n'}
[2.052595] (web_control) StdoutLine: {'line': b'symbolically linking /home/matthieu/ros2_ws/build/web_control/web/stream/webrtc/.venv/lib/python3.12/site-packages/pip/_vendor/chardet/__pycache__/johabfreq.cpython-312.pyc -> /home/matthieu/ros2_ws/install/web_control/share/web_control/web/stream/webrtc/.venv/lib/python3.12/site-packages/pip/_vendor/chardet/__pycache__\n'}
[2.052705] (web_control) StdoutLine: {'line': b'symbolically linking /home/matthieu/ros2_ws/build/web_control/web/stream/webrtc/.venv/lib/python3.12/site-packages/pip/_vendor/chardet/__pycache__/langgreekmodel.cpython-312.pyc -> /home/matthieu/ros2_ws/install/web_control/share/web_control/web/stream/webrtc/.venv/lib/python3.12/site-packages/pip/_vendor/chardet/__pycache__\n'}
[2.052820] (web_control) StdoutLine: {'line': b'symbolically linking /home/matthieu/ros2_ws/build/web_control/web/stream/webrtc/.venv/lib/python3.12/site-packages/pip/_vendor/chardet/__pycache__/chardistribution.cpython-312.pyc -> /home/matthieu/ros2_ws/install/web_control/share/web_control/web/stream/webrtc/.venv/lib/python3.12/site-packages/pip/_vendor/chardet/__pycache__\n'}
[2.052907] (web_control) StdoutLine: {'line': b'symbolically linking /home/matthieu/ros2_ws/build/web_control/web/stream/webrtc/.venv/lib/python3.12/site-packages/pip/_vendor/chardet/__pycache__/sbcsgroupprober.cpython-312.pyc -> /home/matthieu/ros2_ws/install/web_control/share/web_control/web/stream/webrtc/.venv/lib/python3.12/site-packages/pip/_vendor/chardet/__pycache__\n'}
[2.053011] (web_control) StdoutLine: {'line': b'symbolically linking /home/matthieu/ros2_ws/build/web_control/web/stream/webrtc/.venv/lib/python3.12/site-packages/pip/_vendor/chardet/__pycache__/johabprober.cpython-312.pyc -> /home/matthieu/ros2_ws/install/web_control/share/web_control/web/stream/webrtc/.venv/lib/python3.12/site-packages/pip/_vendor/chardet/__pycache__\n'}
[2.053115] (web_control) StdoutLine: {'line': b'symbolically linking /home/matthieu/ros2_ws/build/web_control/web/stream/webrtc/.venv/lib/python3.12/site-packages/pip/_vendor/chardet/__pycache__/macromanprober.cpython-312.pyc -> /home/matthieu/ros2_ws/install/web_control/share/web_control/web/stream/webrtc/.venv/lib/python3.12/site-packages/pip/_vendor/chardet/__pycache__\n'}
[2.053236] (web_control) StdoutLine: {'line': b'symbolically linking /home/matthieu/ros2_ws/build/web_control/web/stream/webrtc/.venv/lib/python3.12/site-packages/pip/_vendor/chardet/__pycache__/big5freq.cpython-312.pyc -> /home/matthieu/ros2_ws/install/web_control/share/web_control/web/stream/webrtc/.venv/lib/python3.12/site-packages/pip/_vendor/chardet/__pycache__\n'}
[2.053338] (web_control) StdoutLine: {'line': b'symbolically linking /home/matthieu/ros2_ws/build/web_control/web/stream/webrtc/.venv/lib/python3.12/site-packages/pip/_vendor/chardet/__pycache__/euckrprober.cpython-312.pyc -> /home/matthieu/ros2_ws/install/web_control/share/web_control/web/stream/webrtc/.venv/lib/python3.12/site-packages/pip/_vendor/chardet/__pycache__\n'}
[2.053442] (web_control) StdoutLine: {'line': b'symbolically linking /home/matthieu/ros2_ws/build/web_control/web/stream/webrtc/.venv/lib/python3.12/site-packages/pip/_vendor/chardet/__pycache__/universaldetector.cpython-312.pyc -> /home/matthieu/ros2_ws/install/web_control/share/web_control/web/stream/webrtc/.venv/lib/python3.12/site-packages/pip/_vendor/chardet/__pycache__\n'}
[2.053549] (web_control) StdoutLine: {'line': b'symbolically linking /home/matthieu/ros2_ws/build/web_control/web/stream/webrtc/.venv/lib/python3.12/site-packages/pip/_vendor/chardet/__pycache__/big5prober.cpython-312.pyc -> /home/matthieu/ros2_ws/install/web_control/share/web_control/web/stream/webrtc/.venv/lib/python3.12/site-packages/pip/_vendor/chardet/__pycache__\n'}
[2.053649] (web_control) StdoutLine: {'line': b'symbolically linking /home/matthieu/ros2_ws/build/web_control/web/stream/webrtc/.venv/lib/python3.12/site-packages/pip/_vendor/chardet/__pycache__/euckrfreq.cpython-312.pyc -> /home/matthieu/ros2_ws/install/web_control/share/web_control/web/stream/webrtc/.venv/lib/python3.12/site-packages/pip/_vendor/chardet/__pycache__\n'}
[2.053753] (web_control) StdoutLine: {'line': b'symbolically linking /home/matthieu/ros2_ws/build/web_control/web/stream/webrtc/.venv/lib/python3.12/site-packages/pip/_vendor/chardet/__pycache__/version.cpython-312.pyc -> /home/matthieu/ros2_ws/install/web_control/share/web_control/web/stream/webrtc/.venv/lib/python3.12/site-packages/pip/_vendor/chardet/__pycache__\n'}
[2.053847] (web_control) StdoutLine: {'line': b'symbolically linking /home/matthieu/ros2_ws/build/web_control/web/stream/webrtc/.venv/lib/python3.12/site-packages/pip/_vendor/chardet/__pycache__/charsetprober.cpython-312.pyc -> /home/matthieu/ros2_ws/install/web_control/share/web_control/web/stream/webrtc/.venv/lib/python3.12/site-packages/pip/_vendor/chardet/__pycache__\n'}
[2.053947] (web_control) StdoutLine: {'line': b'symbolically linking /home/matthieu/ros2_ws/build/web_control/web/stream/webrtc/.venv/lib/python3.12/site-packages/pip/_vendor/chardet/__pycache__/eucjpprober.cpython-312.pyc -> /home/matthieu/ros2_ws/install/web_control/share/web_control/web/stream/webrtc/.venv/lib/python3.12/site-packages/pip/_vendor/chardet/__pycache__\n'}
[2.054028] (web_control) StdoutLine: {'line': b'symbolically linking /home/matthieu/ros2_ws/build/web_control/web/stream/webrtc/.venv/lib/python3.12/site-packages/pip/_vendor/chardet/__pycache__/mbcsgroupprober.cpython-312.pyc -> /home/matthieu/ros2_ws/install/web_control/share/web_control/web/stream/webrtc/.venv/lib/python3.12/site-packages/pip/_vendor/chardet/__pycache__\n'}
[2.054130] (web_control) StdoutLine: {'line': b'symbolically linking /home/matthieu/ros2_ws/build/web_control/web/stream/webrtc/.venv/lib/python3.12/site-packages/pip/_vendor/chardet/__pycache__/gb2312prober.cpython-312.pyc -> /home/matthieu/ros2_ws/install/web_control/share/web_control/web/stream/webrtc/.venv/lib/python3.12/site-packages/pip/_vendor/chardet/__pycache__\n'}
[2.054203] (web_control) StdoutLine: {'line': b'symbolically linking /home/matthieu/ros2_ws/build/web_control/web/stream/webrtc/.venv/lib/python3.12/site-packages/pip/_vendor/chardet/__pycache__/jisfreq.cpython-312.pyc -> /home/matthieu/ros2_ws/install/web_control/share/web_control/web/stream/webrtc/.venv/lib/python3.12/site-packages/pip/_vendor/chardet/__pycache__\n'}
[2.054305] (web_control) StdoutLine: {'line': b'symbolically linking /home/matthieu/ros2_ws/build/web_control/web/stream/webrtc/.venv/lib/python3.12/site-packages/pip/_vendor/chardet/__pycache__/enums.cpython-312.pyc -> /home/matthieu/ros2_ws/install/web_control/share/web_control/web/stream/webrtc/.venv/lib/python3.12/site-packages/pip/_vendor/chardet/__pycache__\n'}
[2.054404] (web_control) StdoutLine: {'line': b'symbolically linking /home/matthieu/ros2_ws/build/web_control/web/stream/webrtc/.venv/lib/python3.12/site-packages/pip/_vendor/chardet/__pycache__/langhungarianmodel.cpython-312.pyc -> /home/matthieu/ros2_ws/install/web_control/share/web_control/web/stream/webrtc/.venv/lib/python3.12/site-packages/pip/_vendor/chardet/__pycache__\n'}
[2.054506] (web_control) StdoutLine: {'line': b'symbolically linking /home/matthieu/ros2_ws/build/web_control/web/stream/webrtc/.venv/lib/python3.12/site-packages/pip/_vendor/chardet/__pycache__/sbcharsetprober.cpython-312.pyc -> /home/matthieu/ros2_ws/install/web_control/share/web_control/web/stream/webrtc/.venv/lib/python3.12/site-packages/pip/_vendor/chardet/__pycache__\n'}
[2.054580] (web_control) StdoutLine: {'line': b'symbolically linking /home/matthieu/ros2_ws/build/web_control/web/stream/webrtc/.venv/lib/python3.12/site-packages/pip/_vendor/chardet/__pycache__/langturkishmodel.cpython-312.pyc -> /home/matthieu/ros2_ws/install/web_control/share/web_control/web/stream/webrtc/.venv/lib/python3.12/site-packages/pip/_vendor/chardet/__pycache__\n'}
[2.054669] (web_control) StdoutLine: {'line': b'symbolically linking /home/matthieu/ros2_ws/build/web_control/web/stream/webrtc/.venv/lib/python3.12/site-packages/pip/_vendor/chardet/__pycache__/cp949prober.cpython-312.pyc -> /home/matthieu/ros2_ws/install/web_control/share/web_control/web/stream/webrtc/.venv/lib/python3.12/site-packages/pip/_vendor/chardet/__pycache__\n'}
[2.054774] (web_control) StdoutLine: {'line': b'symbolically linking /home/matthieu/ros2_ws/build/web_control/web/stream/webrtc/.venv/lib/python3.12/site-packages/pip/_vendor/chardet/__pycache__/codingstatemachinedict.cpython-312.pyc -> /home/matthieu/ros2_ws/install/web_control/share/web_control/web/stream/webrtc/.venv/lib/python3.12/site-packages/pip/_vendor/chardet/__pycache__\n'}
[2.054849] (web_control) StdoutLine: {'line': b'symbolically linking /home/matthieu/ros2_ws/build/web_control/web/stream/webrtc/.venv/lib/python3.12/site-packages/pip/_vendor/chardet/__pycache__/resultdict.cpython-312.pyc -> /home/matthieu/ros2_ws/install/web_control/share/web_control/web/stream/webrtc/.venv/lib/python3.12/site-packages/pip/_vendor/chardet/__pycache__\n'}
[2.054942] (web_control) StdoutLine: {'line': b'symbolically linking /home/matthieu/ros2_ws/build/web_control/web/stream/webrtc/.venv/lib/python3.12/site-packages/pip/_vendor/chardet/__pycache__/langhebrewmodel.cpython-312.pyc -> /home/matthieu/ros2_ws/install/web_control/share/web_control/web/stream/webrtc/.venv/lib/python3.12/site-packages/pip/_vendor/chardet/__pycache__\n'}
[2.055050] (web_control) StdoutLine: {'line': b'symbolically linking /home/matthieu/ros2_ws/build/web_control/web/stream/webrtc/.venv/lib/python3.12/site-packages/pip/_vendor/chardet/__pycache__/__init__.cpython-312.pyc -> /home/matthieu/ros2_ws/install/web_control/share/web_control/web/stream/webrtc/.venv/lib/python3.12/site-packages/pip/_vendor/chardet/__pycache__\n'}
[2.055139] (web_control) StdoutLine: {'line': b'symbolically linking /home/matthieu/ros2_ws/build/web_control/web/stream/webrtc/.venv/lib/python3.12/site-packages/pip/_vendor/chardet/__pycache__/escprober.cpython-312.pyc -> /home/matthieu/ros2_ws/install/web_control/share/web_control/web/stream/webrtc/.venv/lib/python3.12/site-packages/pip/_vendor/chardet/__pycache__\n'}
[2.055256] (web_control) StdoutLine: {'line': b'symbolically linking /home/matthieu/ros2_ws/build/web_control/web/stream/webrtc/.venv/lib/python3.12/site-packages/pip/_vendor/chardet/__pycache__/langrussianmodel.cpython-312.pyc -> /home/matthieu/ros2_ws/install/web_control/share/web_control/web/stream/webrtc/.venv/lib/python3.12/site-packages/pip/_vendor/chardet/__pycache__\n'}
[2.055367] (web_control) StdoutLine: {'line': b'symbolically linking /home/matthieu/ros2_ws/build/web_control/web/stream/webrtc/.venv/lib/python3.12/site-packages/pip/_vendor/chardet/__pycache__/sjisprober.cpython-312.pyc -> /home/matthieu/ros2_ws/install/web_control/share/web_control/web/stream/webrtc/.venv/lib/python3.12/site-packages/pip/_vendor/chardet/__pycache__\n'}
[2.055442] (web_control) StdoutLine: {'line': b'symbolically linking /home/matthieu/ros2_ws/build/web_control/web/stream/webrtc/.venv/lib/python3.12/site-packages/pip/_vendor/chardet/__pycache__/hebrewprober.cpython-312.pyc -> /home/matthieu/ros2_ws/install/web_control/share/web_control/web/stream/webrtc/.venv/lib/python3.12/site-packages/pip/_vendor/chardet/__pycache__\n'}
[2.055531] (web_control) StdoutLine: {'line': b'symbolically linking /home/matthieu/ros2_ws/build/web_control/web/stream/webrtc/.venv/lib/python3.12/site-packages/pip/_vendor/chardet/__pycache__/utf8prober.cpython-312.pyc -> /home/matthieu/ros2_ws/install/web_control/share/web_control/web/stream/webrtc/.venv/lib/python3.12/site-packages/pip/_vendor/chardet/__pycache__\n'}
[2.055621] (web_control) StdoutLine: {'line': b'symbolically linking /home/matthieu/ros2_ws/build/web_control/web/stream/webrtc/.venv/lib/python3.12/site-packages/pip/_vendor/chardet/__pycache__/codingstatemachine.cpython-312.pyc -> /home/matthieu/ros2_ws/install/web_control/share/web_control/web/stream/webrtc/.venv/lib/python3.12/site-packages/pip/_vendor/chardet/__pycache__\n'}
[2.055719] (web_control) StdoutLine: {'line': b'symbolically linking /home/matthieu/ros2_ws/build/web_control/web/stream/webrtc/.venv/lib/python3.12/site-packages/pip/_vendor/chardet/__pycache__/langthaimodel.cpython-312.pyc -> /home/matthieu/ros2_ws/install/web_control/share/web_control/web/stream/webrtc/.venv/lib/python3.12/site-packages/pip/_vendor/chardet/__pycache__\n'}
[2.055816] (web_control) StdoutLine: {'line': b'symbolically linking /home/matthieu/ros2_ws/build/web_control/web/stream/webrtc/.venv/lib/python3.12/site-packages/pip/_vendor/chardet/__pycache__/escsm.cpython-312.pyc -> /home/matthieu/ros2_ws/install/web_control/share/web_control/web/stream/webrtc/.venv/lib/python3.12/site-packages/pip/_vendor/chardet/__pycache__\n'}
[2.056003] (web_control) StdoutLine: {'line': b'symbolically linking /home/matthieu/ros2_ws/build/web_control/web/stream/webrtc/.venv/lib/python3.12/site-packages/pip/_vendor/chardet/__pycache__/mbcssm.cpython-312.pyc -> /home/matthieu/ros2_ws/install/web_control/share/web_control/web/stream/webrtc/.venv/lib/python3.12/site-packages/pip/_vendor/chardet/__pycache__\n'}
[2.056274] (web_control) StdoutLine: {'line': b'symbolically linking /home/matthieu/ros2_ws/build/web_control/web/stream/webrtc/.venv/lib/python3.12/site-packages/pip/_vendor/chardet/__pycache__/euctwprober.cpython-312.pyc -> /home/matthieu/ros2_ws/install/web_control/share/web_control/web/stream/webrtc/.venv/lib/python3.12/site-packages/pip/_vendor/chardet/__pycache__\n'}
[2.056425] (web_control) StdoutLine: {'line': b'symbolically linking /home/matthieu/ros2_ws/build/web_control/web/stream/webrtc/.venv/lib/python3.12/site-packages/pip/_vendor/chardet/__pycache__/charsetgroupprober.cpython-312.pyc -> /home/matthieu/ros2_ws/install/web_control/share/web_control/web/stream/webrtc/.venv/lib/python3.12/site-packages/pip/_vendor/chardet/__pycache__\n'}
[2.056534] (web_control) StdoutLine: {'line': b'symbolically linking /home/matthieu/ros2_ws/build/web_control/web/stream/webrtc/.venv/lib/python3.12/site-packages/pip/_vendor/chardet/__pycache__/utf1632prober.cpython-312.pyc -> /home/matthieu/ros2_ws/install/web_control/share/web_control/web/stream/webrtc/.venv/lib/python3.12/site-packages/pip/_vendor/chardet/__pycache__\n'}
[2.056634] (web_control) StdoutLine: {'line': b'symbolically linking /home/matthieu/ros2_ws/build/web_control/web/stream/webrtc/.venv/lib/python3.12/site-packages/pip/_vendor/webencodings/mklabels.py -> /home/matthieu/ros2_ws/install/web_control/share/web_control/web/stream/webrtc/.venv/lib/python3.12/site-packages/pip/_vendor/webencodings\n'}
[2.056745] (web_control) StdoutLine: {'line': b'symbolically linking /home/matthieu/ros2_ws/build/web_control/web/stream/webrtc/.venv/lib/python3.12/site-packages/pip/_vendor/webencodings/x_user_defined.py -> /home/matthieu/ros2_ws/install/web_control/share/web_control/web/stream/webrtc/.venv/lib/python3.12/site-packages/pip/_vendor/webencodings\n'}
[2.056851] (web_control) StdoutLine: {'line': b'symbolically linking /home/matthieu/ros2_ws/build/web_control/web/stream/webrtc/.venv/lib/python3.12/site-packages/pip/_vendor/webencodings/tests.py -> /home/matthieu/ros2_ws/install/web_control/share/web_control/web/stream/webrtc/.venv/lib/python3.12/site-packages/pip/_vendor/webencodings\n'}
[2.056963] (web_control) StdoutLine: {'line': b'symbolically linking /home/matthieu/ros2_ws/build/web_control/web/stream/webrtc/.venv/lib/python3.12/site-packages/pip/_vendor/webencodings/labels.py -> /home/matthieu/ros2_ws/install/web_control/share/web_control/web/stream/webrtc/.venv/lib/python3.12/site-packages/pip/_vendor/webencodings\n'}
[2.057079] (web_control) StdoutLine: {'line': b'symbolically linking /home/matthieu/ros2_ws/build/web_control/web/stream/webrtc/.venv/lib/python3.12/site-packages/pip/_vendor/webencodings/__init__.py -> /home/matthieu/ros2_ws/install/web_control/share/web_control/web/stream/webrtc/.venv/lib/python3.12/site-packages/pip/_vendor/webencodings\n'}
[2.057190] (web_control) StdoutLine: {'line': b'symbolically linking /home/matthieu/ros2_ws/build/web_control/web/stream/webrtc/.venv/lib/python3.12/site-packages/pip/_vendor/webencodings/__pycache__/tests.cpython-312.pyc -> /home/matthieu/ros2_ws/install/web_control/share/web_control/web/stream/webrtc/.venv/lib/python3.12/site-packages/pip/_vendor/webencodings/__pycache__\n'}
[2.057311] (web_control) StdoutLine: {'line': b'symbolically linking /home/matthieu/ros2_ws/build/web_control/web/stream/webrtc/.venv/lib/python3.12/site-packages/pip/_vendor/webencodings/__pycache__/x_user_defined.cpython-312.pyc -> /home/matthieu/ros2_ws/install/web_control/share/web_control/web/stream/webrtc/.venv/lib/python3.12/site-packages/pip/_vendor/webencodings/__pycache__\n'}
[2.057420] (web_control) StdoutLine: {'line': b'symbolically linking /home/matthieu/ros2_ws/build/web_control/web/stream/webrtc/.venv/lib/python3.12/site-packages/pip/_vendor/webencodings/__pycache__/mklabels.cpython-312.pyc -> /home/matthieu/ros2_ws/install/web_control/share/web_control/web/stream/webrtc/.venv/lib/python3.12/site-packages/pip/_vendor/webencodings/__pycache__\n'}
[2.057530] (web_control) StdoutLine: {'line': b'symbolically linking /home/matthieu/ros2_ws/build/web_control/web/stream/webrtc/.venv/lib/python3.12/site-packages/pip/_vendor/webencodings/__pycache__/labels.cpython-312.pyc -> /home/matthieu/ros2_ws/install/web_control/share/web_control/web/stream/webrtc/.venv/lib/python3.12/site-packages/pip/_vendor/webencodings/__pycache__\n'}
[2.057640] (web_control) StdoutLine: {'line': b'symbolically linking /home/matthieu/ros2_ws/build/web_control/web/stream/webrtc/.venv/lib/python3.12/site-packages/pip/_vendor/webencodings/__pycache__/__init__.cpython-312.pyc -> /home/matthieu/ros2_ws/install/web_control/share/web_control/web/stream/webrtc/.venv/lib/python3.12/site-packages/pip/_vendor/webencodings/__pycache__\n'}
[2.057757] (web_control) StdoutLine: {'line': b'symbolically linking /home/matthieu/ros2_ws/build/web_control/web/stream/webrtc/.venv/lib/python3.12/site-packages/pip/_vendor/requests/certs.py -> /home/matthieu/ros2_ws/install/web_control/share/web_control/web/stream/webrtc/.venv/lib/python3.12/site-packages/pip/_vendor/requests\n'}
[2.057868] (web_control) StdoutLine: {'line': b'symbolically linking /home/matthieu/ros2_ws/build/web_control/web/stream/webrtc/.venv/lib/python3.12/site-packages/pip/_vendor/requests/packages.py -> /home/matthieu/ros2_ws/install/web_control/share/web_control/web/stream/webrtc/.venv/lib/python3.12/site-packages/pip/_vendor/requests\n'}
[2.058001] (web_control) StdoutLine: {'line': b'symbolically linking /home/matthieu/ros2_ws/build/web_control/web/stream/webrtc/.venv/lib/python3.12/site-packages/pip/_vendor/requests/cookies.py -> /home/matthieu/ros2_ws/install/web_control/share/web_control/web/stream/webrtc/.venv/lib/python3.12/site-packages/pip/_vendor/requests\n'}
[2.058104] (web_control) StdoutLine: {'line': b'symbolically linking /home/matthieu/ros2_ws/build/web_control/web/stream/webrtc/.venv/lib/python3.12/site-packages/pip/_vendor/requests/adapters.py -> /home/matthieu/ros2_ws/install/web_control/share/web_control/web/stream/webrtc/.venv/lib/python3.12/site-packages/pip/_vendor/requests\n'}
[2.058236] (web_control) StdoutLine: {'line': b'symbolically linking /home/matthieu/ros2_ws/build/web_control/web/stream/webrtc/.venv/lib/python3.12/site-packages/pip/_vendor/requests/auth.py -> /home/matthieu/ros2_ws/install/web_control/share/web_control/web/stream/webrtc/.venv/lib/python3.12/site-packages/pip/_vendor/requests\n'}
[2.058362] (web_control) StdoutLine: {'line': b'symbolically linking /home/matthieu/ros2_ws/build/web_control/web/stream/webrtc/.venv/lib/python3.12/site-packages/pip/_vendor/requests/hooks.py -> /home/matthieu/ros2_ws/install/web_control/share/web_control/web/stream/webrtc/.venv/lib/python3.12/site-packages/pip/_vendor/requests\n'}
[2.058474] (web_control) StdoutLine: {'line': b'symbolically linking /home/matthieu/ros2_ws/build/web_control/web/stream/webrtc/.venv/lib/python3.12/site-packages/pip/_vendor/requests/help.py -> /home/matthieu/ros2_ws/install/web_control/share/web_control/web/stream/webrtc/.venv/lib/python3.12/site-packages/pip/_vendor/requests\n'}
[2.058592] (web_control) StdoutLine: {'line': b'symbolically linking /home/matthieu/ros2_ws/build/web_control/web/stream/webrtc/.venv/lib/python3.12/site-packages/pip/_vendor/requests/sessions.py -> /home/matthieu/ros2_ws/install/web_control/share/web_control/web/stream/webrtc/.venv/lib/python3.12/site-packages/pip/_vendor/requests\n'}
[2.058711] (web_control) StdoutLine: {'line': b'symbolically linking /home/matthieu/ros2_ws/build/web_control/web/stream/webrtc/.venv/lib/python3.12/site-packages/pip/_vendor/requests/__version__.py -> /home/matthieu/ros2_ws/install/web_control/share/web_control/web/stream/webrtc/.venv/lib/python3.12/site-packages/pip/_vendor/requests\n'}
[2.058816] (web_control) StdoutLine: {'line': b'symbolically linking /home/matthieu/ros2_ws/build/web_control/web/stream/webrtc/.venv/lib/python3.12/site-packages/pip/_vendor/requests/status_codes.py -> /home/matthieu/ros2_ws/install/web_control/share/web_control/web/stream/webrtc/.venv/lib/python3.12/site-packages/pip/_vendor/requests\n'}
[2.059126] (web_control) StdoutLine: {'line': b'symbolically linking /home/matthieu/ros2_ws/build/web_control/web/stream/webrtc/.venv/lib/python3.12/site-packages/pip/_vendor/requests/compat.py -> /home/matthieu/ros2_ws/install/web_control/share/web_control/web/stream/webrtc/.venv/lib/python3.12/site-packages/pip/_vendor/requests\n'}
[2.059371] (web_control) StdoutLine: {'line': b'symbolically linking /home/matthieu/ros2_ws/build/web_control/web/stream/webrtc/.venv/lib/python3.12/site-packages/pip/_vendor/requests/models.py -> /home/matthieu/ros2_ws/install/web_control/share/web_control/web/stream/webrtc/.venv/lib/python3.12/site-packages/pip/_vendor/requests\n'}
[2.059512] (web_control) StdoutLine: {'line': b'symbolically linking /home/matthieu/ros2_ws/build/web_control/web/stream/webrtc/.venv/lib/python3.12/site-packages/pip/_vendor/requests/_internal_utils.py -> /home/matthieu/ros2_ws/install/web_control/share/web_control/web/stream/webrtc/.venv/lib/python3.12/site-packages/pip/_vendor/requests\n'}
[2.059639] (web_control) StdoutLine: {'line': b'symbolically linking /home/matthieu/ros2_ws/build/web_control/web/stream/webrtc/.venv/lib/python3.12/site-packages/pip/_vendor/requests/structures.py -> /home/matthieu/ros2_ws/install/web_control/share/web_control/web/stream/webrtc/.venv/lib/python3.12/site-packages/pip/_vendor/requests\n'}
[2.059776] (web_control) StdoutLine: {'line': b'symbolically linking /home/matthieu/ros2_ws/build/web_control/web/stream/webrtc/.venv/lib/python3.12/site-packages/pip/_vendor/requests/api.py -> /home/matthieu/ros2_ws/install/web_control/share/web_control/web/stream/webrtc/.venv/lib/python3.12/site-packages/pip/_vendor/requests\n'}
[2.059867] (web_control) StdoutLine: {'line': b'symbolically linking /home/matthieu/ros2_ws/build/web_control/web/stream/webrtc/.venv/lib/python3.12/site-packages/pip/_vendor/requests/exceptions.py -> /home/matthieu/ros2_ws/install/web_control/share/web_control/web/stream/webrtc/.venv/lib/python3.12/site-packages/pip/_vendor/requests\n'}
[2.059981] (web_control) StdoutLine: {'line': b'symbolically linking /home/matthieu/ros2_ws/build/web_control/web/stream/webrtc/.venv/lib/python3.12/site-packages/pip/_vendor/requests/utils.py -> /home/matthieu/ros2_ws/install/web_control/share/web_control/web/stream/webrtc/.venv/lib/python3.12/site-packages/pip/_vendor/requests\n'}
[2.060086] (web_control) StdoutLine: {'line': b'symbolically linking /home/matthieu/ros2_ws/build/web_control/web/stream/webrtc/.venv/lib/python3.12/site-packages/pip/_vendor/requests/__init__.py -> /home/matthieu/ros2_ws/install/web_control/share/web_control/web/stream/webrtc/.venv/lib/python3.12/site-packages/pip/_vendor/requests\n'}
[2.060207] (web_control) StdoutLine: {'line': b'symbolically linking /home/matthieu/ros2_ws/build/web_control/web/stream/webrtc/.venv/lib/python3.12/site-packages/pip/_vendor/requests/__pycache__/_internal_utils.cpython-312.pyc -> /home/matthieu/ros2_ws/install/web_control/share/web_control/web/stream/webrtc/.venv/lib/python3.12/site-packages/pip/_vendor/requests/__pycache__\n'}
[2.060345] (web_control) StdoutLine: {'line': b'symbolically linking /home/matthieu/ros2_ws/build/web_control/web/stream/webrtc/.venv/lib/python3.12/site-packages/pip/_vendor/requests/__pycache__/auth.cpython-312.pyc -> /home/matthieu/ros2_ws/install/web_control/share/web_control/web/stream/webrtc/.venv/lib/python3.12/site-packages/pip/_vendor/requests/__pycache__\n'}
[2.060473] (web_control) StdoutLine: {'line': b'symbolically linking /home/matthieu/ros2_ws/build/web_control/web/stream/webrtc/.venv/lib/python3.12/site-packages/pip/_vendor/requests/__pycache__/cookies.cpython-312.pyc -> /home/matthieu/ros2_ws/install/web_control/share/web_control/web/stream/webrtc/.venv/lib/python3.12/site-packages/pip/_vendor/requests/__pycache__\n'}
[2.060565] (web_control) StdoutLine: {'line': b'symbolically linking /home/matthieu/ros2_ws/build/web_control/web/stream/webrtc/.venv/lib/python3.12/site-packages/pip/_vendor/requests/__pycache__/__version__.cpython-312.pyc -> /home/matthieu/ros2_ws/install/web_control/share/web_control/web/stream/webrtc/.venv/lib/python3.12/site-packages/pip/_vendor/requests/__pycache__\n'}
[2.060688] (web_control) StdoutLine: {'line': b'symbolically linking /home/matthieu/ros2_ws/build/web_control/web/stream/webrtc/.venv/lib/python3.12/site-packages/pip/_vendor/requests/__pycache__/packages.cpython-312.pyc -> /home/matthieu/ros2_ws/install/web_control/share/web_control/web/stream/webrtc/.venv/lib/python3.12/site-packages/pip/_vendor/requests/__pycache__\n'}
[2.060775] (web_control) StdoutLine: {'line': b'symbolically linking /home/matthieu/ros2_ws/build/web_control/web/stream/webrtc/.venv/lib/python3.12/site-packages/pip/_vendor/requests/__pycache__/structures.cpython-312.pyc -> /home/matthieu/ros2_ws/install/web_control/share/web_control/web/stream/webrtc/.venv/lib/python3.12/site-packages/pip/_vendor/requests/__pycache__\n'}
[2.060910] (web_control) StdoutLine: {'line': b'symbolically linking /home/matthieu/ros2_ws/build/web_control/web/stream/webrtc/.venv/lib/python3.12/site-packages/pip/_vendor/requests/__pycache__/models.cpython-312.pyc -> /home/matthieu/ros2_ws/install/web_control/share/web_control/web/stream/webrtc/.venv/lib/python3.12/site-packages/pip/_vendor/requests/__pycache__\n'}
[2.061013] (web_control) StdoutLine: {'line': b'symbolically linking /home/matthieu/ros2_ws/build/web_control/web/stream/webrtc/.venv/lib/python3.12/site-packages/pip/_vendor/requests/__pycache__/hooks.cpython-312.pyc -> /home/matthieu/ros2_ws/install/web_control/share/web_control/web/stream/webrtc/.venv/lib/python3.12/site-packages/pip/_vendor/requests/__pycache__\n'}
[2.061128] (web_control) StdoutLine: {'line': b'symbolically linking /home/matthieu/ros2_ws/build/web_control/web/stream/webrtc/.venv/lib/python3.12/site-packages/pip/_vendor/requests/__pycache__/api.cpython-312.pyc -> /home/matthieu/ros2_ws/install/web_control/share/web_control/web/stream/webrtc/.venv/lib/python3.12/site-packages/pip/_vendor/requests/__pycache__\n'}
[2.061246] (web_control) StdoutLine: {'line': b'symbolically linking /home/matthieu/ros2_ws/build/web_control/web/stream/webrtc/.venv/lib/python3.12/site-packages/pip/_vendor/requests/__pycache__/exceptions.cpython-312.pyc -> /home/matthieu/ros2_ws/install/web_control/share/web_control/web/stream/webrtc/.venv/lib/python3.12/site-packages/pip/_vendor/requests/__pycache__\n'}
[2.061358] (web_control) StdoutLine: {'line': b'symbolically linking /home/matthieu/ros2_ws/build/web_control/web/stream/webrtc/.venv/lib/python3.12/site-packages/pip/_vendor/requests/__pycache__/certs.cpython-312.pyc -> /home/matthieu/ros2_ws/install/web_control/share/web_control/web/stream/webrtc/.venv/lib/python3.12/site-packages/pip/_vendor/requests/__pycache__\n'}
[2.061473] (web_control) StdoutLine: {'line': b'symbolically linking /home/matthieu/ros2_ws/build/web_control/web/stream/webrtc/.venv/lib/python3.12/site-packages/pip/_vendor/requests/__pycache__/help.cpython-312.pyc -> /home/matthieu/ros2_ws/install/web_control/share/web_control/web/stream/webrtc/.venv/lib/python3.12/site-packages/pip/_vendor/requests/__pycache__\n'}
[2.061575] (web_control) StdoutLine: {'line': b'symbolically linking /home/matthieu/ros2_ws/build/web_control/web/stream/webrtc/.venv/lib/python3.12/site-packages/pip/_vendor/requests/__pycache__/status_codes.cpython-312.pyc -> /home/matthieu/ros2_ws/install/web_control/share/web_control/web/stream/webrtc/.venv/lib/python3.12/site-packages/pip/_vendor/requests/__pycache__\n'}
[2.061690] (web_control) StdoutLine: {'line': b'symbolically linking /home/matthieu/ros2_ws/build/web_control/web/stream/webrtc/.venv/lib/python3.12/site-packages/pip/_vendor/requests/__pycache__/__init__.cpython-312.pyc -> /home/matthieu/ros2_ws/install/web_control/share/web_control/web/stream/webrtc/.venv/lib/python3.12/site-packages/pip/_vendor/requests/__pycache__\n'}
[2.061794] (web_control) StdoutLine: {'line': b'symbolically linking /home/matthieu/ros2_ws/build/web_control/web/stream/webrtc/.venv/lib/python3.12/site-packages/pip/_vendor/requests/__pycache__/adapters.cpython-312.pyc -> /home/matthieu/ros2_ws/install/web_control/share/web_control/web/stream/webrtc/.venv/lib/python3.12/site-packages/pip/_vendor/requests/__pycache__\n'}
[2.061883] (web_control) StdoutLine: {'line': b'symbolically linking /home/matthieu/ros2_ws/build/web_control/web/stream/webrtc/.venv/lib/python3.12/site-packages/pip/_vendor/requests/__pycache__/sessions.cpython-312.pyc -> /home/matthieu/ros2_ws/install/web_control/share/web_control/web/stream/webrtc/.venv/lib/python3.12/site-packages/pip/_vendor/requests/__pycache__\n'}
[2.061976] (web_control) StdoutLine: {'line': b'symbolically linking /home/matthieu/ros2_ws/build/web_control/web/stream/webrtc/.venv/lib/python3.12/site-packages/pip/_vendor/requests/__pycache__/compat.cpython-312.pyc -> /home/matthieu/ros2_ws/install/web_control/share/web_control/web/stream/webrtc/.venv/lib/python3.12/site-packages/pip/_vendor/requests/__pycache__\n'}
[2.062066] (web_control) StdoutLine: {'line': b'symbolically linking /home/matthieu/ros2_ws/build/web_control/web/stream/webrtc/.venv/lib/python3.12/site-packages/pip/_vendor/requests/__pycache__/utils.cpython-312.pyc -> /home/matthieu/ros2_ws/install/web_control/share/web_control/web/stream/webrtc/.venv/lib/python3.12/site-packages/pip/_vendor/requests/__pycache__\n'}
[2.062157] (web_control) StdoutLine: {'line': b'symbolically linking /home/matthieu/ros2_ws/build/web_control/web/stream/webrtc/.venv/lib/python3.12/site-packages/pip/_vendor/idna/idnadata.py -> /home/matthieu/ros2_ws/install/web_control/share/web_control/web/stream/webrtc/.venv/lib/python3.12/site-packages/pip/_vendor/idna\n'}
[2.062253] (web_control) StdoutLine: {'line': b'symbolically linking /home/matthieu/ros2_ws/build/web_control/web/stream/webrtc/.venv/lib/python3.12/site-packages/pip/_vendor/idna/codec.py -> /home/matthieu/ros2_ws/install/web_control/share/web_control/web/stream/webrtc/.venv/lib/python3.12/site-packages/pip/_vendor/idna\n'}
[2.062376] (web_control) StdoutLine: {'line': b'symbolically linking /home/matthieu/ros2_ws/build/web_control/web/stream/webrtc/.venv/lib/python3.12/site-packages/pip/_vendor/idna/core.py -> /home/matthieu/ros2_ws/install/web_control/share/web_control/web/stream/webrtc/.venv/lib/python3.12/site-packages/pip/_vendor/idna\n'}
[2.062513] (web_control) StdoutLine: {'line': b'symbolically linking /home/matthieu/ros2_ws/build/web_control/web/stream/webrtc/.venv/lib/python3.12/site-packages/pip/_vendor/idna/uts46data.py -> /home/matthieu/ros2_ws/install/web_control/share/web_control/web/stream/webrtc/.venv/lib/python3.12/site-packages/pip/_vendor/idna\n'}
[2.062609] (web_control) StdoutLine: {'line': b'symbolically linking /home/matthieu/ros2_ws/build/web_control/web/stream/webrtc/.venv/lib/python3.12/site-packages/pip/_vendor/idna/compat.py -> /home/matthieu/ros2_ws/install/web_control/share/web_control/web/stream/webrtc/.venv/lib/python3.12/site-packages/pip/_vendor/idna\n'}
[2.062710] (web_control) StdoutLine: {'line': b'symbolically linking /home/matthieu/ros2_ws/build/web_control/web/stream/webrtc/.venv/lib/python3.12/site-packages/pip/_vendor/idna/package_data.py -> /home/matthieu/ros2_ws/install/web_control/share/web_control/web/stream/webrtc/.venv/lib/python3.12/site-packages/pip/_vendor/idna\n'}
[2.062804] (web_control) StdoutLine: {'line': b'symbolically linking /home/matthieu/ros2_ws/build/web_control/web/stream/webrtc/.venv/lib/python3.12/site-packages/pip/_vendor/idna/intranges.py -> /home/matthieu/ros2_ws/install/web_control/share/web_control/web/stream/webrtc/.venv/lib/python3.12/site-packages/pip/_vendor/idna\n'}
[2.062898] (web_control) StdoutLine: {'line': b'symbolically linking /home/matthieu/ros2_ws/build/web_control/web/stream/webrtc/.venv/lib/python3.12/site-packages/pip/_vendor/idna/__init__.py -> /home/matthieu/ros2_ws/install/web_control/share/web_control/web/stream/webrtc/.venv/lib/python3.12/site-packages/pip/_vendor/idna\n'}
[2.062988] (web_control) StdoutLine: {'line': b'symbolically linking /home/matthieu/ros2_ws/build/web_control/web/stream/webrtc/.venv/lib/python3.12/site-packages/pip/_vendor/idna/__pycache__/package_data.cpython-312.pyc -> /home/matthieu/ros2_ws/install/web_control/share/web_control/web/stream/webrtc/.venv/lib/python3.12/site-packages/pip/_vendor/idna/__pycache__\n'}
[2.063079] (web_control) StdoutLine: {'line': b'symbolically linking /home/matthieu/ros2_ws/build/web_control/web/stream/webrtc/.venv/lib/python3.12/site-packages/pip/_vendor/idna/__pycache__/codec.cpython-312.pyc -> /home/matthieu/ros2_ws/install/web_control/share/web_control/web/stream/webrtc/.venv/lib/python3.12/site-packages/pip/_vendor/idna/__pycache__\n'}
[2.063176] (web_control) StdoutLine: {'line': b'symbolically linking /home/matthieu/ros2_ws/build/web_control/web/stream/webrtc/.venv/lib/python3.12/site-packages/pip/_vendor/idna/__pycache__/idnadata.cpython-312.pyc -> /home/matthieu/ros2_ws/install/web_control/share/web_control/web/stream/webrtc/.venv/lib/python3.12/site-packages/pip/_vendor/idna/__pycache__\n'}
[2.063291] (web_control) StdoutLine: {'line': b'symbolically linking /home/matthieu/ros2_ws/build/web_control/web/stream/webrtc/.venv/lib/python3.12/site-packages/pip/_vendor/idna/__pycache__/intranges.cpython-312.pyc -> /home/matthieu/ros2_ws/install/web_control/share/web_control/web/stream/webrtc/.venv/lib/python3.12/site-packages/pip/_vendor/idna/__pycache__\n'}
[2.063594] (web_control) StdoutLine: {'line': b'symbolically linking /home/matthieu/ros2_ws/build/web_control/web/stream/webrtc/.venv/lib/python3.12/site-packages/pip/_vendor/idna/__pycache__/core.cpython-312.pyc -> /home/matthieu/ros2_ws/install/web_control/share/web_control/web/stream/webrtc/.venv/lib/python3.12/site-packages/pip/_vendor/idna/__pycache__\n'}
[2.063912] (web_control) StdoutLine: {'line': b'symbolically linking /home/matthieu/ros2_ws/build/web_control/web/stream/webrtc/.venv/lib/python3.12/site-packages/pip/_vendor/idna/__pycache__/uts46data.cpython-312.pyc -> /home/matthieu/ros2_ws/install/web_control/share/web_control/web/stream/webrtc/.venv/lib/python3.12/site-packages/pip/_vendor/idna/__pycache__\n'}
[2.064017] (web_control) StdoutLine: {'line': b'symbolically linking /home/matthieu/ros2_ws/build/web_control/web/stream/webrtc/.venv/lib/python3.12/site-packages/pip/_vendor/idna/__pycache__/__init__.cpython-312.pyc -> /home/matthieu/ros2_ws/install/web_control/share/web_control/web/stream/webrtc/.venv/lib/python3.12/site-packages/pip/_vendor/idna/__pycache__\n'}
[2.064121] (web_control) StdoutLine: {'line': b'symbolically linking /home/matthieu/ros2_ws/build/web_control/web/stream/webrtc/.venv/lib/python3.12/site-packages/pip/_vendor/idna/__pycache__/compat.cpython-312.pyc -> /home/matthieu/ros2_ws/install/web_control/share/web_control/web/stream/webrtc/.venv/lib/python3.12/site-packages/pip/_vendor/idna/__pycache__\n'}
[2.064233] (web_control) StdoutLine: {'line': b'symbolically linking /home/matthieu/ros2_ws/build/web_control/web/stream/webrtc/.venv/lib/python3.12/site-packages/pip/_vendor/cachecontrol/controller.py -> /home/matthieu/ros2_ws/install/web_control/share/web_control/web/stream/webrtc/.venv/lib/python3.12/site-packages/pip/_vendor/cachecontrol\n'}
[2.064340] (web_control) StdoutLine: {'line': b'symbolically linking /home/matthieu/ros2_ws/build/web_control/web/stream/webrtc/.venv/lib/python3.12/site-packages/pip/_vendor/cachecontrol/cache.py -> /home/matthieu/ros2_ws/install/web_control/share/web_control/web/stream/webrtc/.venv/lib/python3.12/site-packages/pip/_vendor/cachecontrol\n'}
[2.064446] (web_control) StdoutLine: {'line': b'symbolically linking /home/matthieu/ros2_ws/build/web_control/web/stream/webrtc/.venv/lib/python3.12/site-packages/pip/_vendor/cachecontrol/_cmd.py -> /home/matthieu/ros2_ws/install/web_control/share/web_control/web/stream/webrtc/.venv/lib/python3.12/site-packages/pip/_vendor/cachecontrol\n'}
[2.064545] (web_control) StdoutLine: {'line': b'symbolically linking /home/matthieu/ros2_ws/build/web_control/web/stream/webrtc/.venv/lib/python3.12/site-packages/pip/_vendor/cachecontrol/heuristics.py -> /home/matthieu/ros2_ws/install/web_control/share/web_control/web/stream/webrtc/.venv/lib/python3.12/site-packages/pip/_vendor/cachecontrol\n'}
[2.064640] (web_control) StdoutLine: {'line': b'symbolically linking /home/matthieu/ros2_ws/build/web_control/web/stream/webrtc/.venv/lib/python3.12/site-packages/pip/_vendor/cachecontrol/adapter.py -> /home/matthieu/ros2_ws/install/web_control/share/web_control/web/stream/webrtc/.venv/lib/python3.12/site-packages/pip/_vendor/cachecontrol\n'}
[2.064739] (web_control) StdoutLine: {'line': b'symbolically linking /home/matthieu/ros2_ws/build/web_control/web/stream/webrtc/.venv/lib/python3.12/site-packages/pip/_vendor/cachecontrol/wrapper.py -> /home/matthieu/ros2_ws/install/web_control/share/web_control/web/stream/webrtc/.venv/lib/python3.12/site-packages/pip/_vendor/cachecontrol\n'}
[2.064842] (web_control) StdoutLine: {'line': b'symbolically linking /home/matthieu/ros2_ws/build/web_control/web/stream/webrtc/.venv/lib/python3.12/site-packages/pip/_vendor/cachecontrol/filewrapper.py -> /home/matthieu/ros2_ws/install/web_control/share/web_control/web/stream/webrtc/.venv/lib/python3.12/site-packages/pip/_vendor/cachecontrol\n'}
[2.064954] (web_control) StdoutLine: {'line': b'symbolically linking /home/matthieu/ros2_ws/build/web_control/web/stream/webrtc/.venv/lib/python3.12/site-packages/pip/_vendor/cachecontrol/serialize.py -> /home/matthieu/ros2_ws/install/web_control/share/web_control/web/stream/webrtc/.venv/lib/python3.12/site-packages/pip/_vendor/cachecontrol\n'}
[2.065051] (web_control) StdoutLine: {'line': b'symbolically linking /home/matthieu/ros2_ws/build/web_control/web/stream/webrtc/.venv/lib/python3.12/site-packages/pip/_vendor/cachecontrol/__init__.py -> /home/matthieu/ros2_ws/install/web_control/share/web_control/web/stream/webrtc/.venv/lib/python3.12/site-packages/pip/_vendor/cachecontrol\n'}
[2.065151] (web_control) StdoutLine: {'line': b'symbolically linking /home/matthieu/ros2_ws/build/web_control/web/stream/webrtc/.venv/lib/python3.12/site-packages/pip/_vendor/cachecontrol/__pycache__/heuristics.cpython-312.pyc -> /home/matthieu/ros2_ws/install/web_control/share/web_control/web/stream/webrtc/.venv/lib/python3.12/site-packages/pip/_vendor/cachecontrol/__pycache__\n'}
[2.065249] (web_control) StdoutLine: {'line': b'symbolically linking /home/matthieu/ros2_ws/build/web_control/web/stream/webrtc/.venv/lib/python3.12/site-packages/pip/_vendor/cachecontrol/__pycache__/serialize.cpython-312.pyc -> /home/matthieu/ros2_ws/install/web_control/share/web_control/web/stream/webrtc/.venv/lib/python3.12/site-packages/pip/_vendor/cachecontrol/__pycache__\n'}
[2.065359] (web_control) StdoutLine: {'line': b'symbolically linking /home/matthieu/ros2_ws/build/web_control/web/stream/webrtc/.venv/lib/python3.12/site-packages/pip/_vendor/cachecontrol/__pycache__/filewrapper.cpython-312.pyc -> /home/matthieu/ros2_ws/install/web_control/share/web_control/web/stream/webrtc/.venv/lib/python3.12/site-packages/pip/_vendor/cachecontrol/__pycache__\n'}
[2.065454] (web_control) StdoutLine: {'line': b'symbolically linking /home/matthieu/ros2_ws/build/web_control/web/stream/webrtc/.venv/lib/python3.12/site-packages/pip/_vendor/cachecontrol/__pycache__/controller.cpython-312.pyc -> /home/matthieu/ros2_ws/install/web_control/share/web_control/web/stream/webrtc/.venv/lib/python3.12/site-packages/pip/_vendor/cachecontrol/__pycache__\n'}
[2.065545] (web_control) StdoutLine: {'line': b'symbolically linking /home/matthieu/ros2_ws/build/web_control/web/stream/webrtc/.venv/lib/python3.12/site-packages/pip/_vendor/cachecontrol/__pycache__/wrapper.cpython-312.pyc -> /home/matthieu/ros2_ws/install/web_control/share/web_control/web/stream/webrtc/.venv/lib/python3.12/site-packages/pip/_vendor/cachecontrol/__pycache__\n'}
[2.065638] (web_control) StdoutLine: {'line': b'symbolically linking /home/matthieu/ros2_ws/build/web_control/web/stream/webrtc/.venv/lib/python3.12/site-packages/pip/_vendor/cachecontrol/__pycache__/adapter.cpython-312.pyc -> /home/matthieu/ros2_ws/install/web_control/share/web_control/web/stream/webrtc/.venv/lib/python3.12/site-packages/pip/_vendor/cachecontrol/__pycache__\n'}
[2.065731] (web_control) StdoutLine: {'line': b'symbolically linking /home/matthieu/ros2_ws/build/web_control/web/stream/webrtc/.venv/lib/python3.12/site-packages/pip/_vendor/cachecontrol/__pycache__/_cmd.cpython-312.pyc -> /home/matthieu/ros2_ws/install/web_control/share/web_control/web/stream/webrtc/.venv/lib/python3.12/site-packages/pip/_vendor/cachecontrol/__pycache__\n'}
[2.065821] (web_control) StdoutLine: {'line': b'symbolically linking /home/matthieu/ros2_ws/build/web_control/web/stream/webrtc/.venv/lib/python3.12/site-packages/pip/_vendor/cachecontrol/__pycache__/cache.cpython-312.pyc -> /home/matthieu/ros2_ws/install/web_control/share/web_control/web/stream/webrtc/.venv/lib/python3.12/site-packages/pip/_vendor/cachecontrol/__pycache__\n'}
[2.065904] (web_control) StdoutLine: {'line': b'symbolically linking /home/matthieu/ros2_ws/build/web_control/web/stream/webrtc/.venv/lib/python3.12/site-packages/pip/_vendor/cachecontrol/__pycache__/__init__.cpython-312.pyc -> /home/matthieu/ros2_ws/install/web_control/share/web_control/web/stream/webrtc/.venv/lib/python3.12/site-packages/pip/_vendor/cachecontrol/__pycache__\n'}
[2.065990] (web_control) StdoutLine: {'line': b'symbolically linking /home/matthieu/ros2_ws/build/web_control/web/stream/webrtc/.venv/lib/python3.12/site-packages/pip/_vendor/cachecontrol/caches/file_cache.py -> /home/matthieu/ros2_ws/install/web_control/share/web_control/web/stream/webrtc/.venv/lib/python3.12/site-packages/pip/_vendor/cachecontrol/caches\n'}
[2.066087] (web_control) StdoutLine: {'line': b'symbolically linking /home/matthieu/ros2_ws/build/web_control/web/stream/webrtc/.venv/lib/python3.12/site-packages/pip/_vendor/cachecontrol/caches/redis_cache.py -> /home/matthieu/ros2_ws/install/web_control/share/web_control/web/stream/webrtc/.venv/lib/python3.12/site-packages/pip/_vendor/cachecontrol/caches\n'}
[2.066182] (web_control) StdoutLine: {'line': b'symbolically linking /home/matthieu/ros2_ws/build/web_control/web/stream/webrtc/.venv/lib/python3.12/site-packages/pip/_vendor/cachecontrol/caches/__init__.py -> /home/matthieu/ros2_ws/install/web_control/share/web_control/web/stream/webrtc/.venv/lib/python3.12/site-packages/pip/_vendor/cachecontrol/caches\n'}
[2.066280] (web_control) StdoutLine: {'line': b'symbolically linking /home/matthieu/ros2_ws/build/web_control/web/stream/webrtc/.venv/lib/python3.12/site-packages/pip/_vendor/cachecontrol/caches/__pycache__/file_cache.cpython-312.pyc -> /home/matthieu/ros2_ws/install/web_control/share/web_control/web/stream/webrtc/.venv/lib/python3.12/site-packages/pip/_vendor/cachecontrol/caches/__pycache__\n'}
[2.066388] (web_control) StdoutLine: {'line': b'symbolically linking /home/matthieu/ros2_ws/build/web_control/web/stream/webrtc/.venv/lib/python3.12/site-packages/pip/_vendor/cachecontrol/caches/__pycache__/__init__.cpython-312.pyc -> /home/matthieu/ros2_ws/install/web_control/share/web_control/web/stream/webrtc/.venv/lib/python3.12/site-packages/pip/_vendor/cachecontrol/caches/__pycache__\n'}
[2.066485] (web_control) StdoutLine: {'line': b'symbolically linking /home/matthieu/ros2_ws/build/web_control/web/stream/webrtc/.venv/lib/python3.12/site-packages/pip/_vendor/cachecontrol/caches/__pycache__/redis_cache.cpython-312.pyc -> /home/matthieu/ros2_ws/install/web_control/share/web_control/web/stream/webrtc/.venv/lib/python3.12/site-packages/pip/_vendor/cachecontrol/caches/__pycache__\n'}
[2.066587] (web_control) StdoutLine: {'line': b'symbolically linking /home/matthieu/ros2_ws/build/web_control/web/stream/webrtc/.venv/lib/python3.12/site-packages/pip/_vendor/distlib/locators.py -> /home/matthieu/ros2_ws/install/web_control/share/web_control/web/stream/webrtc/.venv/lib/python3.12/site-packages/pip/_vendor/distlib\n'}
[2.066678] (web_control) StdoutLine: {'line': b'symbolically linking /home/matthieu/ros2_ws/build/web_control/web/stream/webrtc/.venv/lib/python3.12/site-packages/pip/_vendor/distlib/util.py -> /home/matthieu/ros2_ws/install/web_control/share/web_control/web/stream/webrtc/.venv/lib/python3.12/site-packages/pip/_vendor/distlib\n'}
[2.066770] (web_control) StdoutLine: {'line': b'symbolically linking /home/matthieu/ros2_ws/build/web_control/web/stream/webrtc/.venv/lib/python3.12/site-packages/pip/_vendor/distlib/manifest.py -> /home/matthieu/ros2_ws/install/web_control/share/web_control/web/stream/webrtc/.venv/lib/python3.12/site-packages/pip/_vendor/distlib\n'}
[2.066865] (web_control) StdoutLine: {'line': b'symbolically linking /home/matthieu/ros2_ws/build/web_control/web/stream/webrtc/.venv/lib/python3.12/site-packages/pip/_vendor/distlib/index.py -> /home/matthieu/ros2_ws/install/web_control/share/web_control/web/stream/webrtc/.venv/lib/python3.12/site-packages/pip/_vendor/distlib\n'}
[2.066957] (web_control) StdoutLine: {'line': b'symbolically linking /home/matthieu/ros2_ws/build/web_control/web/stream/webrtc/.venv/lib/python3.12/site-packages/pip/_vendor/distlib/metadata.py -> /home/matthieu/ros2_ws/install/web_control/share/web_control/web/stream/webrtc/.venv/lib/python3.12/site-packages/pip/_vendor/distlib\n'}
[2.067050] (web_control) StdoutLine: {'line': b'symbolically linking /home/matthieu/ros2_ws/build/web_control/web/stream/webrtc/.venv/lib/python3.12/site-packages/pip/_vendor/distlib/markers.py -> /home/matthieu/ros2_ws/install/web_control/share/web_control/web/stream/webrtc/.venv/lib/python3.12/site-packages/pip/_vendor/distlib\n'}
[2.067144] (web_control) StdoutLine: {'line': b'symbolically linking /home/matthieu/ros2_ws/build/web_control/web/stream/webrtc/.venv/lib/python3.12/site-packages/pip/_vendor/distlib/compat.py -> /home/matthieu/ros2_ws/install/web_control/share/web_control/web/stream/webrtc/.venv/lib/python3.12/site-packages/pip/_vendor/distlib\n'}
[2.067231] (web_control) StdoutLine: {'line': b'symbolically linking /home/matthieu/ros2_ws/build/web_control/web/stream/webrtc/.venv/lib/python3.12/site-packages/pip/_vendor/distlib/resources.py -> /home/matthieu/ros2_ws/install/web_control/share/web_control/web/stream/webrtc/.venv/lib/python3.12/site-packages/pip/_vendor/distlib\n'}
[2.067322] (web_control) StdoutLine: {'line': b'symbolically linking /home/matthieu/ros2_ws/build/web_control/web/stream/webrtc/.venv/lib/python3.12/site-packages/pip/_vendor/distlib/scripts.py -> /home/matthieu/ros2_ws/install/web_control/share/web_control/web/stream/webrtc/.venv/lib/python3.12/site-packages/pip/_vendor/distlib\n'}
[2.067426] (web_control) StdoutLine: {'line': b'symbolically linking /home/matthieu/ros2_ws/build/web_control/web/stream/webrtc/.venv/lib/python3.12/site-packages/pip/_vendor/distlib/wheel.py -> /home/matthieu/ros2_ws/install/web_control/share/web_control/web/stream/webrtc/.venv/lib/python3.12/site-packages/pip/_vendor/distlib\n'}
[2.067515] (web_control) StdoutLine: {'line': b'symbolically linking /home/matthieu/ros2_ws/build/web_control/web/stream/webrtc/.venv/lib/python3.12/site-packages/pip/_vendor/distlib/database.py -> /home/matthieu/ros2_ws/install/web_control/share/web_control/web/stream/webrtc/.venv/lib/python3.12/site-packages/pip/_vendor/distlib\n'}
[2.067600] (web_control) StdoutLine: {'line': b'symbolically linking /home/matthieu/ros2_ws/build/web_control/web/stream/webrtc/.venv/lib/python3.12/site-packages/pip/_vendor/distlib/version.py -> /home/matthieu/ros2_ws/install/web_control/share/web_control/web/stream/webrtc/.venv/lib/python3.12/site-packages/pip/_vendor/distlib\n'}
[2.067690] (web_control) StdoutLine: {'line': b'symbolically linking /home/matthieu/ros2_ws/build/web_control/web/stream/webrtc/.venv/lib/python3.12/site-packages/pip/_vendor/distlib/__init__.py -> /home/matthieu/ros2_ws/install/web_control/share/web_control/web/stream/webrtc/.venv/lib/python3.12/site-packages/pip/_vendor/distlib\n'}
[2.067780] (web_control) StdoutLine: {'line': b'symbolically linking /home/matthieu/ros2_ws/build/web_control/web/stream/webrtc/.venv/lib/python3.12/site-packages/pip/_vendor/distlib/__pycache__/locators.cpython-312.pyc -> /home/matthieu/ros2_ws/install/web_control/share/web_control/web/stream/webrtc/.venv/lib/python3.12/site-packages/pip/_vendor/distlib/__pycache__\n'}
[2.067867] (web_control) StdoutLine: {'line': b'symbolically linking /home/matthieu/ros2_ws/build/web_control/web/stream/webrtc/.venv/lib/python3.12/site-packages/pip/_vendor/distlib/__pycache__/index.cpython-312.pyc -> /home/matthieu/ros2_ws/install/web_control/share/web_control/web/stream/webrtc/.venv/lib/python3.12/site-packages/pip/_vendor/distlib/__pycache__\n'}
[2.067957] (web_control) StdoutLine: {'line': b'symbolically linking /home/matthieu/ros2_ws/build/web_control/web/stream/webrtc/.venv/lib/python3.12/site-packages/pip/_vendor/distlib/__pycache__/wheel.cpython-312.pyc -> /home/matthieu/ros2_ws/install/web_control/share/web_control/web/stream/webrtc/.venv/lib/python3.12/site-packages/pip/_vendor/distlib/__pycache__\n'}
[2.068052] (web_control) StdoutLine: {'line': b'symbolically linking /home/matthieu/ros2_ws/build/web_control/web/stream/webrtc/.venv/lib/python3.12/site-packages/pip/_vendor/distlib/__pycache__/version.cpython-312.pyc -> /home/matthieu/ros2_ws/install/web_control/share/web_control/web/stream/webrtc/.venv/lib/python3.12/site-packages/pip/_vendor/distlib/__pycache__\n'}
[2.068121] (web_control) StdoutLine: {'line': b'symbolically linking /home/matthieu/ros2_ws/build/web_control/web/stream/webrtc/.venv/lib/python3.12/site-packages/pip/_vendor/distlib/__pycache__/resources.cpython-312.pyc -> /home/matthieu/ros2_ws/install/web_control/share/web_control/web/stream/webrtc/.venv/lib/python3.12/site-packages/pip/_vendor/distlib/__pycache__\n'}
[2.068206] (web_control) StdoutLine: {'line': b'symbolically linking /home/matthieu/ros2_ws/build/web_control/web/stream/webrtc/.venv/lib/python3.12/site-packages/pip/_vendor/distlib/__pycache__/scripts.cpython-312.pyc -> /home/matthieu/ros2_ws/install/web_control/share/web_control/web/stream/webrtc/.venv/lib/python3.12/site-packages/pip/_vendor/distlib/__pycache__\n'}
[2.068307] (web_control) StdoutLine: {'line': b'symbolically linking /home/matthieu/ros2_ws/build/web_control/web/stream/webrtc/.venv/lib/python3.12/site-packages/pip/_vendor/distlib/__pycache__/util.cpython-312.pyc -> /home/matthieu/ros2_ws/install/web_control/share/web_control/web/stream/webrtc/.venv/lib/python3.12/site-packages/pip/_vendor/distlib/__pycache__\n'}
[2.068404] (web_control) StdoutLine: {'line': b'symbolically linking /home/matthieu/ros2_ws/build/web_control/web/stream/webrtc/.venv/lib/python3.12/site-packages/pip/_vendor/distlib/__pycache__/__init__.cpython-312.pyc -> /home/matthieu/ros2_ws/install/web_control/share/web_control/web/stream/webrtc/.venv/lib/python3.12/site-packages/pip/_vendor/distlib/__pycache__\n'}
[2.068493] (web_control) StdoutLine: {'line': b'symbolically linking /home/matthieu/ros2_ws/build/web_control/web/stream/webrtc/.venv/lib/python3.12/site-packages/pip/_vendor/distlib/__pycache__/database.cpython-312.pyc -> /home/matthieu/ros2_ws/install/web_control/share/web_control/web/stream/webrtc/.venv/lib/python3.12/site-packages/pip/_vendor/distlib/__pycache__\n'}
[2.068595] (web_control) StdoutLine: {'line': b'symbolically linking /home/matthieu/ros2_ws/build/web_control/web/stream/webrtc/.venv/lib/python3.12/site-packages/pip/_vendor/distlib/__pycache__/manifest.cpython-312.pyc -> /home/matthieu/ros2_ws/install/web_control/share/web_control/web/stream/webrtc/.venv/lib/python3.12/site-packages/pip/_vendor/distlib/__pycache__\n'}
[2.068677] (web_control) StdoutLine: {'line': b'symbolically linking /home/matthieu/ros2_ws/build/web_control/web/stream/webrtc/.venv/lib/python3.12/site-packages/pip/_vendor/distlib/__pycache__/metadata.cpython-312.pyc -> /home/matthieu/ros2_ws/install/web_control/share/web_control/web/stream/webrtc/.venv/lib/python3.12/site-packages/pip/_vendor/distlib/__pycache__\n'}
[2.068745] (web_control) StdoutLine: {'line': b'symbolically linking /home/matthieu/ros2_ws/build/web_control/web/stream/webrtc/.venv/lib/python3.12/site-packages/pip/_vendor/distlib/__pycache__/markers.cpython-312.pyc -> /home/matthieu/ros2_ws/install/web_control/share/web_control/web/stream/webrtc/.venv/lib/python3.12/site-packages/pip/_vendor/distlib/__pycache__\n'}
[2.068833] (web_control) StdoutLine: {'line': b'symbolically linking /home/matthieu/ros2_ws/build/web_control/web/stream/webrtc/.venv/lib/python3.12/site-packages/pip/_vendor/distlib/__pycache__/compat.cpython-312.pyc -> /home/matthieu/ros2_ws/install/web_control/share/web_control/web/stream/webrtc/.venv/lib/python3.12/site-packages/pip/_vendor/distlib/__pycache__\n'}
[2.068914] (web_control) StdoutLine: {'line': b'symbolically linking /home/matthieu/ros2_ws/build/web_control/web/stream/webrtc/.venv/lib/python3.12/site-packages/pip/_vendor/pkg_resources/__init__.py -> /home/matthieu/ros2_ws/install/web_control/share/web_control/web/stream/webrtc/.venv/lib/python3.12/site-packages/pip/_vendor/pkg_resources\n'}
[2.068999] (web_control) StdoutLine: {'line': b'symbolically linking /home/matthieu/ros2_ws/build/web_control/web/stream/webrtc/.venv/lib/python3.12/site-packages/pip/_vendor/pkg_resources/__pycache__/__init__.cpython-312.pyc -> /home/matthieu/ros2_ws/install/web_control/share/web_control/web/stream/webrtc/.venv/lib/python3.12/site-packages/pip/_vendor/pkg_resources/__pycache__\n'}
[2.069090] (web_control) StdoutLine: {'line': b'symbolically linking /home/matthieu/ros2_ws/build/web_control/web/stream/webrtc/.venv/lib/python3.12/site-packages/pip/_vendor/__pycache__/six.cpython-312.pyc -> /home/matthieu/ros2_ws/install/web_control/share/web_control/web/stream/webrtc/.venv/lib/python3.12/site-packages/pip/_vendor/__pycache__\n'}
[2.069179] (web_control) StdoutLine: {'line': b'symbolically linking /home/matthieu/ros2_ws/build/web_control/web/stream/webrtc/.venv/lib/python3.12/site-packages/pip/_vendor/__pycache__/__init__.cpython-312.pyc -> /home/matthieu/ros2_ws/install/web_control/share/web_control/web/stream/webrtc/.venv/lib/python3.12/site-packages/pip/_vendor/__pycache__\n'}
[2.069272] (web_control) StdoutLine: {'line': b'symbolically linking /home/matthieu/ros2_ws/build/web_control/web/stream/webrtc/.venv/lib/python3.12/site-packages/pip/_vendor/__pycache__/typing_extensions.cpython-312.pyc -> /home/matthieu/ros2_ws/install/web_control/share/web_control/web/stream/webrtc/.venv/lib/python3.12/site-packages/pip/_vendor/__pycache__\n'}
[2.069371] (web_control) StdoutLine: {'line': b'symbolically linking /home/matthieu/ros2_ws/build/web_control/web/stream/webrtc/.venv/lib/python3.12/site-packages/pip/_vendor/rich/_pick.py -> /home/matthieu/ros2_ws/install/web_control/share/web_control/web/stream/webrtc/.venv/lib/python3.12/site-packages/pip/_vendor/rich\n'}
[2.069458] (web_control) StdoutLine: {'line': b'symbolically linking /home/matthieu/ros2_ws/build/web_control/web/stream/webrtc/.venv/lib/python3.12/site-packages/pip/_vendor/rich/cells.py -> /home/matthieu/ros2_ws/install/web_control/share/web_control/web/stream/webrtc/.venv/lib/python3.12/site-packages/pip/_vendor/rich\n'}
[2.069550] (web_control) StdoutLine: {'line': b'symbolically linking /home/matthieu/ros2_ws/build/web_control/web/stream/webrtc/.venv/lib/python3.12/site-packages/pip/_vendor/rich/scope.py -> /home/matthieu/ros2_ws/install/web_control/share/web_control/web/stream/webrtc/.venv/lib/python3.12/site-packages/pip/_vendor/rich\n'}
[2.069638] (web_control) StdoutLine: {'line': b'symbolically linking /home/matthieu/ros2_ws/build/web_control/web/stream/webrtc/.venv/lib/python3.12/site-packages/pip/_vendor/rich/emoji.py -> /home/matthieu/ros2_ws/install/web_control/share/web_control/web/stream/webrtc/.venv/lib/python3.12/site-packages/pip/_vendor/rich\n'}
[2.069724] (web_control) StdoutLine: {'line': b'symbolically linking /home/matthieu/ros2_ws/build/web_control/web/stream/webrtc/.venv/lib/python3.12/site-packages/pip/_vendor/rich/status.py -> /home/matthieu/ros2_ws/install/web_control/share/web_control/web/stream/webrtc/.venv/lib/python3.12/site-packages/pip/_vendor/rich\n'}
[2.069814] (web_control) StdoutLine: {'line': b'symbolically linking /home/matthieu/ros2_ws/build/web_control/web/stream/webrtc/.venv/lib/python3.12/site-packages/pip/_vendor/rich/theme.py -> /home/matthieu/ros2_ws/install/web_control/share/web_control/web/stream/webrtc/.venv/lib/python3.12/site-packages/pip/_vendor/rich\n'}
[2.069904] (web_control) StdoutLine: {'line': b'symbolically linking /home/matthieu/ros2_ws/build/web_control/web/stream/webrtc/.venv/lib/python3.12/site-packages/pip/_vendor/rich/box.py -> /home/matthieu/ros2_ws/install/web_control/share/web_control/web/stream/webrtc/.venv/lib/python3.12/site-packages/pip/_vendor/rich\n'}
[2.070001] (web_control) StdoutLine: {'line': b'symbolically linking /home/matthieu/ros2_ws/build/web_control/web/stream/webrtc/.venv/lib/python3.12/site-packages/pip/_vendor/rich/pretty.py -> /home/matthieu/ros2_ws/install/web_control/share/web_control/web/stream/webrtc/.venv/lib/python3.12/site-packages/pip/_vendor/rich\n'}
[2.070069] (web_control) StdoutLine: {'line': b'symbolically linking /home/matthieu/ros2_ws/build/web_control/web/stream/webrtc/.venv/lib/python3.12/site-packages/pip/_vendor/rich/filesize.py -> /home/matthieu/ros2_ws/install/web_control/share/web_control/web/stream/webrtc/.venv/lib/python3.12/site-packages/pip/_vendor/rich\n'}
[2.070156] (web_control) StdoutLine: {'line': b'symbolically linking /home/matthieu/ros2_ws/build/web_control/web/stream/webrtc/.venv/lib/python3.12/site-packages/pip/_vendor/rich/progress.py -> /home/matthieu/ros2_ws/install/web_control/share/web_control/web/stream/webrtc/.venv/lib/python3.12/site-packages/pip/_vendor/rich\n'}
[2.070261] (web_control) StdoutLine: {'line': b'symbolically linking /home/matthieu/ros2_ws/build/web_control/web/stream/webrtc/.venv/lib/python3.12/site-packages/pip/_vendor/rich/_loop.py -> /home/matthieu/ros2_ws/install/web_control/share/web_control/web/stream/webrtc/.venv/lib/python3.12/site-packages/pip/_vendor/rich\n'}
[2.070342] (web_control) StdoutLine: {'line': b'symbolically linking /home/matthieu/ros2_ws/build/web_control/web/stream/webrtc/.venv/lib/python3.12/site-packages/pip/_vendor/rich/_spinners.py -> /home/matthieu/ros2_ws/install/web_control/share/web_control/web/stream/webrtc/.venv/lib/python3.12/site-packages/pip/_vendor/rich\n'}
[2.070431] (web_control) StdoutLine: {'line': b'symbolically linking /home/matthieu/ros2_ws/build/web_control/web/stream/webrtc/.venv/lib/python3.12/site-packages/pip/_vendor/rich/panel.py -> /home/matthieu/ros2_ws/install/web_control/share/web_control/web/stream/webrtc/.venv/lib/python3.12/site-packages/pip/_vendor/rich\n'}
[2.070510] (web_control) StdoutLine: {'line': b'symbolically linking /home/matthieu/ros2_ws/build/web_control/web/stream/webrtc/.venv/lib/python3.12/site-packages/pip/_vendor/rich/palette.py -> /home/matthieu/ros2_ws/install/web_control/share/web_control/web/stream/webrtc/.venv/lib/python3.12/site-packages/pip/_vendor/rich\n'}
[2.070602] (web_control) StdoutLine: {'line': b'symbolically linking /home/matthieu/ros2_ws/build/web_control/web/stream/webrtc/.venv/lib/python3.12/site-packages/pip/_vendor/rich/region.py -> /home/matthieu/ros2_ws/install/web_control/share/web_control/web/stream/webrtc/.venv/lib/python3.12/site-packages/pip/_vendor/rich\n'}
[2.070702] (web_control) StdoutLine: {'line': b'symbolically linking /home/matthieu/ros2_ws/build/web_control/web/stream/webrtc/.venv/lib/python3.12/site-packages/pip/_vendor/rich/terminal_theme.py -> /home/matthieu/ros2_ws/install/web_control/share/web_control/web/stream/webrtc/.venv/lib/python3.12/site-packages/pip/_vendor/rich\n'}
[2.070809] (web_control) StdoutLine: {'line': b'symbolically linking /home/matthieu/ros2_ws/build/web_control/web/stream/webrtc/.venv/lib/python3.12/site-packages/pip/_vendor/rich/file_proxy.py -> /home/matthieu/ros2_ws/install/web_control/share/web_control/web/stream/webrtc/.venv/lib/python3.12/site-packages/pip/_vendor/rich\n'}
[2.070881] (web_control) StdoutLine: {'line': b'symbolically linking /home/matthieu/ros2_ws/build/web_control/web/stream/webrtc/.venv/lib/python3.12/site-packages/pip/_vendor/rich/screen.py -> /home/matthieu/ros2_ws/install/web_control/share/web_control/web/stream/webrtc/.venv/lib/python3.12/site-packages/pip/_vendor/rich\n'}
[2.070973] (web_control) StdoutLine: {'line': b'symbolically linking /home/matthieu/ros2_ws/build/web_control/web/stream/webrtc/.venv/lib/python3.12/site-packages/pip/_vendor/rich/layout.py -> /home/matthieu/ros2_ws/install/web_control/share/web_control/web/stream/webrtc/.venv/lib/python3.12/site-packages/pip/_vendor/rich\n'}
[2.071069] (web_control) StdoutLine: {'line': b'symbolically linking /home/matthieu/ros2_ws/build/web_control/web/stream/webrtc/.venv/lib/python3.12/site-packages/pip/_vendor/rich/_emoji_codes.py -> /home/matthieu/ros2_ws/install/web_control/share/web_control/web/stream/webrtc/.venv/lib/python3.12/site-packages/pip/_vendor/rich\n'}
[2.071163] (web_control) StdoutLine: {'line': b'symbolically linking /home/matthieu/ros2_ws/build/web_control/web/stream/webrtc/.venv/lib/python3.12/site-packages/pip/_vendor/rich/progress_bar.py -> /home/matthieu/ros2_ws/install/web_control/share/web_control/web/stream/webrtc/.venv/lib/python3.12/site-packages/pip/_vendor/rich\n'}
[2.071269] (web_control) StdoutLine: {'line': b'symbolically linking /home/matthieu/ros2_ws/build/web_control/web/stream/webrtc/.venv/lib/python3.12/site-packages/pip/_vendor/rich/live_render.py -> /home/matthieu/ros2_ws/install/web_control/share/web_control/web/stream/webrtc/.venv/lib/python3.12/site-packages/pip/_vendor/rich\n'}
[2.071355] (web_control) StdoutLine: {'line': b'symbolically linking /home/matthieu/ros2_ws/build/web_control/web/stream/webrtc/.venv/lib/python3.12/site-packages/pip/_vendor/rich/padding.py -> /home/matthieu/ros2_ws/install/web_control/share/web_control/web/stream/webrtc/.venv/lib/python3.12/site-packages/pip/_vendor/rich\n'}
[2.071448] (web_control) StdoutLine: {'line': b'symbolically linking /home/matthieu/ros2_ws/build/web_control/web/stream/webrtc/.venv/lib/python3.12/site-packages/pip/_vendor/rich/_cell_widths.py -> /home/matthieu/ros2_ws/install/web_control/share/web_control/web/stream/webrtc/.venv/lib/python3.12/site-packages/pip/_vendor/rich\n'}
[2.071543] (web_control) StdoutLine: {'line': b'symbolically linking /home/matthieu/ros2_ws/build/web_control/web/stream/webrtc/.venv/lib/python3.12/site-packages/pip/_vendor/rich/ansi.py -> /home/matthieu/ros2_ws/install/web_control/share/web_control/web/stream/webrtc/.venv/lib/python3.12/site-packages/pip/_vendor/rich\n'}
[2.071628] (web_control) StdoutLine: {'line': b'symbolically linking /home/matthieu/ros2_ws/build/web_control/web/stream/webrtc/.venv/lib/python3.12/site-packages/pip/_vendor/rich/control.py -> /home/matthieu/ros2_ws/install/web_control/share/web_control/web/stream/webrtc/.venv/lib/python3.12/site-packages/pip/_vendor/rich\n'}
[2.071722] (web_control) StdoutLine: {'line': b'symbolically linking /home/matthieu/ros2_ws/build/web_control/web/stream/webrtc/.venv/lib/python3.12/site-packages/pip/_vendor/rich/_fileno.py -> /home/matthieu/ros2_ws/install/web_control/share/web_control/web/stream/webrtc/.venv/lib/python3.12/site-packages/pip/_vendor/rich\n'}
[2.071823] (web_control) StdoutLine: {'line': b'symbolically linking /home/matthieu/ros2_ws/build/web_control/web/stream/webrtc/.venv/lib/python3.12/site-packages/pip/_vendor/rich/_export_format.py -> /home/matthieu/ros2_ws/install/web_control/share/web_control/web/stream/webrtc/.venv/lib/python3.12/site-packages/pip/_vendor/rich\n'}
[2.071924] (web_control) StdoutLine: {'line': b'symbolically linking /home/matthieu/ros2_ws/build/web_control/web/stream/webrtc/.venv/lib/python3.12/site-packages/pip/_vendor/rich/align.py -> /home/matthieu/ros2_ws/install/web_control/share/web_control/web/stream/webrtc/.venv/lib/python3.12/site-packages/pip/_vendor/rich\n'}
[2.072046] (web_control) StdoutLine: {'line': b'symbolically linking /home/matthieu/ros2_ws/build/web_control/web/stream/webrtc/.venv/lib/python3.12/site-packages/pip/_vendor/rich/live.py -> /home/matthieu/ros2_ws/install/web_control/share/web_control/web/stream/webrtc/.venv/lib/python3.12/site-packages/pip/_vendor/rich\n'}
[2.072114] (web_control) StdoutLine: {'line': b'symbolically linking /home/matthieu/ros2_ws/build/web_control/web/stream/webrtc/.venv/lib/python3.12/site-packages/pip/_vendor/rich/styled.py -> /home/matthieu/ros2_ws/install/web_control/share/web_control/web/stream/webrtc/.venv/lib/python3.12/site-packages/pip/_vendor/rich\n'}
[2.072211] (web_control) StdoutLine: {'line': b'symbolically linking /home/matthieu/ros2_ws/build/web_control/web/stream/webrtc/.venv/lib/python3.12/site-packages/pip/_vendor/rich/columns.py -> /home/matthieu/ros2_ws/install/web_control/share/web_control/web/stream/webrtc/.venv/lib/python3.12/site-packages/pip/_vendor/rich\n'}
[2.072297] (web_control) StdoutLine: {'line': b'symbolically linking /home/matthieu/ros2_ws/build/web_control/web/stream/webrtc/.venv/lib/python3.12/site-packages/pip/_vendor/rich/_ratio.py -> /home/matthieu/ros2_ws/install/web_control/share/web_control/web/stream/webrtc/.venv/lib/python3.12/site-packages/pip/_vendor/rich\n'}
[2.072383] (web_control) StdoutLine: {'line': b'symbolically linking /home/matthieu/ros2_ws/build/web_control/web/stream/webrtc/.venv/lib/python3.12/site-packages/pip/_vendor/rich/prompt.py -> /home/matthieu/ros2_ws/install/web_control/share/web_control/web/stream/webrtc/.venv/lib/python3.12/site-packages/pip/_vendor/rich\n'}
[2.072476] (web_control) StdoutLine: {'line': b'symbolically linking /home/matthieu/ros2_ws/build/web_control/web/stream/webrtc/.venv/lib/python3.12/site-packages/pip/_vendor/rich/diagnose.py -> /home/matthieu/ros2_ws/install/web_control/share/web_control/web/stream/webrtc/.venv/lib/python3.12/site-packages/pip/_vendor/rich\n'}
[2.072566] (web_control) StdoutLine: {'line': b'symbolically linking /home/matthieu/ros2_ws/build/web_control/web/stream/webrtc/.venv/lib/python3.12/site-packages/pip/_vendor/rich/logging.py -> /home/matthieu/ros2_ws/install/web_control/share/web_control/web/stream/webrtc/.venv/lib/python3.12/site-packages/pip/_vendor/rich\n'}
[2.072664] (web_control) StdoutLine: {'line': b'symbolically linking /home/matthieu/ros2_ws/build/web_control/web/stream/webrtc/.venv/lib/python3.12/site-packages/pip/_vendor/rich/default_styles.py -> /home/matthieu/ros2_ws/install/web_control/share/web_control/web/stream/webrtc/.venv/lib/python3.12/site-packages/pip/_vendor/rich\n'}
[2.072734] (web_control) StdoutLine: {'line': b'symbolically linking /home/matthieu/ros2_ws/build/web_control/web/stream/webrtc/.venv/lib/python3.12/site-packages/pip/_vendor/rich/_inspect.py -> /home/matthieu/ros2_ws/install/web_control/share/web_control/web/stream/webrtc/.venv/lib/python3.12/site-packages/pip/_vendor/rich\n'}
[2.072822] (web_control) StdoutLine: {'line': b'symbolically linking /home/matthieu/ros2_ws/build/web_control/web/stream/webrtc/.venv/lib/python3.12/site-packages/pip/_vendor/rich/text.py -> /home/matthieu/ros2_ws/install/web_control/share/web_control/web/stream/webrtc/.venv/lib/python3.12/site-packages/pip/_vendor/rich\n'}
[2.072925] (web_control) StdoutLine: {'line': b'symbolically linking /home/matthieu/ros2_ws/build/web_control/web/stream/webrtc/.venv/lib/python3.12/site-packages/pip/_vendor/rich/_log_render.py -> /home/matthieu/ros2_ws/install/web_control/share/web_control/web/stream/webrtc/.venv/lib/python3.12/site-packages/pip/_vendor/rich\n'}
[2.073000] (web_control) StdoutLine: {'line': b'symbolically linking /home/matthieu/ros2_ws/build/web_control/web/stream/webrtc/.venv/lib/python3.12/site-packages/pip/_vendor/rich/spinner.py -> /home/matthieu/ros2_ws/install/web_control/share/web_control/web/stream/webrtc/.venv/lib/python3.12/site-packages/pip/_vendor/rich\n'}
[2.073096] (web_control) StdoutLine: {'line': b'symbolically linking /home/matthieu/ros2_ws/build/web_control/web/stream/webrtc/.venv/lib/python3.12/site-packages/pip/_vendor/rich/repr.py -> /home/matthieu/ros2_ws/install/web_control/share/web_control/web/stream/webrtc/.venv/lib/python3.12/site-packages/pip/_vendor/rich\n'}
[2.073210] (web_control) StdoutLine: {'line': b'symbolically linking /home/matthieu/ros2_ws/build/web_control/web/stream/webrtc/.venv/lib/python3.12/site-packages/pip/_vendor/rich/containers.py -> /home/matthieu/ros2_ws/install/web_control/share/web_control/web/stream/webrtc/.venv/lib/python3.12/site-packages/pip/_vendor/rich\n'}
[2.073287] (web_control) StdoutLine: {'line': b'symbolically linking /home/matthieu/ros2_ws/build/web_control/web/stream/webrtc/.venv/lib/python3.12/site-packages/pip/_vendor/rich/_palettes.py -> /home/matthieu/ros2_ws/install/web_control/share/web_control/web/stream/webrtc/.venv/lib/python3.12/site-packages/pip/_vendor/rich\n'}
[2.073381] (web_control) StdoutLine: {'line': b'symbolically linking /home/matthieu/ros2_ws/build/web_control/web/stream/webrtc/.venv/lib/python3.12/site-packages/pip/_vendor/rich/style.py -> /home/matthieu/ros2_ws/install/web_control/share/web_control/web/stream/webrtc/.venv/lib/python3.12/site-packages/pip/_vendor/rich\n'}
[2.073497] (web_control) StdoutLine: {'line': b'symbolically linking /home/matthieu/ros2_ws/build/web_control/web/stream/webrtc/.venv/lib/python3.12/site-packages/pip/_vendor/rich/jupyter.py -> /home/matthieu/ros2_ws/install/web_control/share/web_control/web/stream/webrtc/.venv/lib/python3.12/site-packages/pip/_vendor/rich\n'}
[2.073596] (web_control) StdoutLine: {'line': b'symbolically linking /home/matthieu/ros2_ws/build/web_control/web/stream/webrtc/.venv/lib/python3.12/site-packages/pip/_vendor/rich/highlighter.py -> /home/matthieu/ros2_ws/install/web_control/share/web_control/web/stream/webrtc/.venv/lib/python3.12/site-packages/pip/_vendor/rich\n'}
[2.073686] (web_control) StdoutLine: {'line': b'symbolically linking /home/matthieu/ros2_ws/build/web_control/web/stream/webrtc/.venv/lib/python3.12/site-packages/pip/_vendor/rich/_extension.py -> /home/matthieu/ros2_ws/install/web_control/share/web_control/web/stream/webrtc/.venv/lib/python3.12/site-packages/pip/_vendor/rich\n'}
[2.073797] (web_control) StdoutLine: {'line': b'symbolically linking /home/matthieu/ros2_ws/build/web_control/web/stream/webrtc/.venv/lib/python3.12/site-packages/pip/_vendor/rich/errors.py -> /home/matthieu/ros2_ws/install/web_control/share/web_control/web/stream/webrtc/.venv/lib/python3.12/site-packages/pip/_vendor/rich\n'}
[2.073911] (web_control) StdoutLine: {'line': b'symbolically linking /home/matthieu/ros2_ws/build/web_control/web/stream/webrtc/.venv/lib/python3.12/site-packages/pip/_vendor/rich/__main__.py -> /home/matthieu/ros2_ws/install/web_control/share/web_control/web/stream/webrtc/.venv/lib/python3.12/site-packages/pip/_vendor/rich\n'}
[2.074012] (web_control) StdoutLine: {'line': b'symbolically linking /home/matthieu/ros2_ws/build/web_control/web/stream/webrtc/.venv/lib/python3.12/site-packages/pip/_vendor/rich/table.py -> /home/matthieu/ros2_ws/install/web_control/share/web_control/web/stream/webrtc/.venv/lib/python3.12/site-packages/pip/_vendor/rich\n'}
[2.074084] (web_control) StdoutLine: {'line': b'symbolically linking /home/matthieu/ros2_ws/build/web_control/web/stream/webrtc/.venv/lib/python3.12/site-packages/pip/_vendor/rich/console.py -> /home/matthieu/ros2_ws/install/web_control/share/web_control/web/stream/webrtc/.venv/lib/python3.12/site-packages/pip/_vendor/rich\n'}
[2.074170] (web_control) StdoutLine: {'line': b'symbolically linking /home/matthieu/ros2_ws/build/web_control/web/stream/webrtc/.venv/lib/python3.12/site-packages/pip/_vendor/rich/_stack.py -> /home/matthieu/ros2_ws/install/web_control/share/web_control/web/stream/webrtc/.venv/lib/python3.12/site-packages/pip/_vendor/rich\n'}
[2.074276] (web_control) StdoutLine: {'line': b'symbolically linking /home/matthieu/ros2_ws/build/web_control/web/stream/webrtc/.venv/lib/python3.12/site-packages/pip/_vendor/rich/measure.py -> /home/matthieu/ros2_ws/install/web_control/share/web_control/web/stream/webrtc/.venv/lib/python3.12/site-packages/pip/_vendor/rich\n'}
[2.074365] (web_control) StdoutLine: {'line': b'symbolically linking /home/matthieu/ros2_ws/build/web_control/web/stream/webrtc/.venv/lib/python3.12/site-packages/pip/_vendor/rich/_null_file.py -> /home/matthieu/ros2_ws/install/web_control/share/web_control/web/stream/webrtc/.venv/lib/python3.12/site-packages/pip/_vendor/rich\n'}
[2.074473] (web_control) StdoutLine: {'line': b'symbolically linking /home/matthieu/ros2_ws/build/web_control/web/stream/webrtc/.venv/lib/python3.12/site-packages/pip/_vendor/rich/syntax.py -> /home/matthieu/ros2_ws/install/web_control/share/web_control/web/stream/webrtc/.venv/lib/python3.12/site-packages/pip/_vendor/rich\n'}
[2.074551] (web_control) StdoutLine: {'line': b'symbolically linking /home/matthieu/ros2_ws/build/web_control/web/stream/webrtc/.venv/lib/python3.12/site-packages/pip/_vendor/rich/color_triplet.py -> /home/matthieu/ros2_ws/install/web_control/share/web_control/web/stream/webrtc/.venv/lib/python3.12/site-packages/pip/_vendor/rich\n'}
[2.074651] (web_control) StdoutLine: {'line': b'symbolically linking /home/matthieu/ros2_ws/build/web_control/web/stream/webrtc/.venv/lib/python3.12/site-packages/pip/_vendor/rich/bar.py -> /home/matthieu/ros2_ws/install/web_control/share/web_control/web/stream/webrtc/.venv/lib/python3.12/site-packages/pip/_vendor/rich\n'}
[2.074752] (web_control) StdoutLine: {'line': b'symbolically linking /home/matthieu/ros2_ws/build/web_control/web/stream/webrtc/.venv/lib/python3.12/site-packages/pip/_vendor/rich/abc.py -> /home/matthieu/ros2_ws/install/web_control/share/web_control/web/stream/webrtc/.venv/lib/python3.12/site-packages/pip/_vendor/rich\n'}
[2.074856] (web_control) StdoutLine: {'line': b'symbolically linking /home/matthieu/ros2_ws/build/web_control/web/stream/webrtc/.venv/lib/python3.12/site-packages/pip/_vendor/rich/_wrap.py -> /home/matthieu/ros2_ws/install/web_control/share/web_control/web/stream/webrtc/.venv/lib/python3.12/site-packages/pip/_vendor/rich\n'}
[2.074959] (web_control) StdoutLine: {'line': b'symbolically linking /home/matthieu/ros2_ws/build/web_control/web/stream/webrtc/.venv/lib/python3.12/site-packages/pip/_vendor/rich/constrain.py -> /home/matthieu/ros2_ws/install/web_control/share/web_control/web/stream/webrtc/.venv/lib/python3.12/site-packages/pip/_vendor/rich\n'}
[2.075070] (web_control) StdoutLine: {'line': b'symbolically linking /home/matthieu/ros2_ws/build/web_control/web/stream/webrtc/.venv/lib/python3.12/site-packages/pip/_vendor/rich/segment.py -> /home/matthieu/ros2_ws/install/web_control/share/web_control/web/stream/webrtc/.venv/lib/python3.12/site-packages/pip/_vendor/rich\n'}
[2.075154] (web_control) StdoutLine: {'line': b'symbolically linking /home/matthieu/ros2_ws/build/web_control/web/stream/webrtc/.venv/lib/python3.12/site-packages/pip/_vendor/rich/_windows.py -> /home/matthieu/ros2_ws/install/web_control/share/web_control/web/stream/webrtc/.venv/lib/python3.12/site-packages/pip/_vendor/rich\n'}
[2.075261] (web_control) StdoutLine: {'line': b'symbolically linking /home/matthieu/ros2_ws/build/web_control/web/stream/webrtc/.venv/lib/python3.12/site-packages/pip/_vendor/rich/protocol.py -> /home/matthieu/ros2_ws/install/web_control/share/web_control/web/stream/webrtc/.venv/lib/python3.12/site-packages/pip/_vendor/rich\n'}
[2.075378] (web_control) StdoutLine: {'line': b'symbolically linking /home/matthieu/ros2_ws/build/web_control/web/stream/webrtc/.venv/lib/python3.12/site-packages/pip/_vendor/rich/rule.py -> /home/matthieu/ros2_ws/install/web_control/share/web_control/web/stream/webrtc/.venv/lib/python3.12/site-packages/pip/_vendor/rich\n'}
[2.075477] (web_control) StdoutLine: {'line': b'symbolically linking /home/matthieu/ros2_ws/build/web_control/web/stream/webrtc/.venv/lib/python3.12/site-packages/pip/_vendor/rich/_timer.py -> /home/matthieu/ros2_ws/install/web_control/share/web_control/web/stream/webrtc/.venv/lib/python3.12/site-packages/pip/_vendor/rich\n'}
[2.075574] (web_control) StdoutLine: {'line': b'symbolically linking /home/matthieu/ros2_ws/build/web_control/web/stream/webrtc/.venv/lib/python3.12/site-packages/pip/_vendor/rich/_win32_console.py -> /home/matthieu/ros2_ws/install/web_control/share/web_control/web/stream/webrtc/.venv/lib/python3.12/site-packages/pip/_vendor/rich\n'}
[2.075675] (web_control) StdoutLine: {'line': b'symbolically linking /home/matthieu/ros2_ws/build/web_control/web/stream/webrtc/.venv/lib/python3.12/site-packages/pip/_vendor/rich/_emoji_replace.py -> /home/matthieu/ros2_ws/install/web_control/share/web_control/web/stream/webrtc/.venv/lib/python3.12/site-packages/pip/_vendor/rich\n'}
[2.075773] (web_control) StdoutLine: {'line': b'symbolically linking /home/matthieu/ros2_ws/build/web_control/web/stream/webrtc/.venv/lib/python3.12/site-packages/pip/_vendor/rich/json.py -> /home/matthieu/ros2_ws/install/web_control/share/web_control/web/stream/webrtc/.venv/lib/python3.12/site-packages/pip/_vendor/rich\n'}
[2.075866] (web_control) StdoutLine: {'line': b'symbolically linking /home/matthieu/ros2_ws/build/web_control/web/stream/webrtc/.venv/lib/python3.12/site-packages/pip/_vendor/rich/color.py -> /home/matthieu/ros2_ws/install/web_control/share/web_control/web/stream/webrtc/.venv/lib/python3.12/site-packages/pip/_vendor/rich\n'}
[2.075959] (web_control) StdoutLine: {'line': b'symbolically linking /home/matthieu/ros2_ws/build/web_control/web/stream/webrtc/.venv/lib/python3.12/site-packages/pip/_vendor/rich/traceback.py -> /home/matthieu/ros2_ws/install/web_control/share/web_control/web/stream/webrtc/.venv/lib/python3.12/site-packages/pip/_vendor/rich\n'}
[2.076054] (web_control) StdoutLine: {'line': b'symbolically linking /home/matthieu/ros2_ws/build/web_control/web/stream/webrtc/.venv/lib/python3.12/site-packages/pip/_vendor/rich/themes.py -> /home/matthieu/ros2_ws/install/web_control/share/web_control/web/stream/webrtc/.venv/lib/python3.12/site-packages/pip/_vendor/rich\n'}
[2.076150] (web_control) StdoutLine: {'line': b'symbolically linking /home/matthieu/ros2_ws/build/web_control/web/stream/webrtc/.venv/lib/python3.12/site-packages/pip/_vendor/rich/pager.py -> /home/matthieu/ros2_ws/install/web_control/share/web_control/web/stream/webrtc/.venv/lib/python3.12/site-packages/pip/_vendor/rich\n'}
[2.076247] (web_control) StdoutLine: {'line': b'symbolically linking /home/matthieu/ros2_ws/build/web_control/web/stream/webrtc/.venv/lib/python3.12/site-packages/pip/_vendor/rich/tree.py -> /home/matthieu/ros2_ws/install/web_control/share/web_control/web/stream/webrtc/.venv/lib/python3.12/site-packages/pip/_vendor/rich\n'}
[2.076349] (web_control) StdoutLine: {'line': b'symbolically linking /home/matthieu/ros2_ws/build/web_control/web/stream/webrtc/.venv/lib/python3.12/site-packages/pip/_vendor/rich/_windows_renderer.py -> /home/matthieu/ros2_ws/install/web_control/share/web_control/web/stream/webrtc/.venv/lib/python3.12/site-packages/pip/_vendor/rich\n'}
[2.076453] (web_control) StdoutLine: {'line': b'symbolically linking /home/matthieu/ros2_ws/build/web_control/web/stream/webrtc/.venv/lib/python3.12/site-packages/pip/_vendor/rich/__init__.py -> /home/matthieu/ros2_ws/install/web_control/share/web_control/web/stream/webrtc/.venv/lib/python3.12/site-packages/pip/_vendor/rich\n'}
[2.076544] (web_control) StdoutLine: {'line': b'symbolically linking /home/matthieu/ros2_ws/build/web_control/web/stream/webrtc/.venv/lib/python3.12/site-packages/pip/_vendor/rich/markup.py -> /home/matthieu/ros2_ws/install/web_control/share/web_control/web/stream/webrtc/.venv/lib/python3.12/site-packages/pip/_vendor/rich\n'}
[2.076638] (web_control) StdoutLine: {'line': b'symbolically linking /home/matthieu/ros2_ws/build/web_control/web/stream/webrtc/.venv/lib/python3.12/site-packages/pip/_vendor/rich/__pycache__/layout.cpython-312.pyc -> /home/matthieu/ros2_ws/install/web_control/share/web_control/web/stream/webrtc/.venv/lib/python3.12/site-packages/pip/_vendor/rich/__pycache__\n'}
[2.076733] (web_control) StdoutLine: {'line': b'symbolically linking /home/matthieu/ros2_ws/build/web_control/web/stream/webrtc/.venv/lib/python3.12/site-packages/pip/_vendor/rich/__pycache__/_ratio.cpython-312.pyc -> /home/matthieu/ros2_ws/install/web_control/share/web_control/web/stream/webrtc/.venv/lib/python3.12/site-packages/pip/_vendor/rich/__pycache__\n'}
[2.076832] (web_control) StdoutLine: {'line': b'symbolically linking /home/matthieu/ros2_ws/build/web_control/web/stream/webrtc/.venv/lib/python3.12/site-packages/pip/_vendor/rich/__pycache__/markup.cpython-312.pyc -> /home/matthieu/ros2_ws/install/web_control/share/web_control/web/stream/webrtc/.venv/lib/python3.12/site-packages/pip/_vendor/rich/__pycache__\n'}
[2.076909] (web_control) StdoutLine: {'line': b'symbolically linking /home/matthieu/ros2_ws/build/web_control/web/stream/webrtc/.venv/lib/python3.12/site-packages/pip/_vendor/rich/__pycache__/_extension.cpython-312.pyc -> /home/matthieu/ros2_ws/install/web_control/share/web_control/web/stream/webrtc/.venv/lib/python3.12/site-packages/pip/_vendor/rich/__pycache__\n'}
[2.077011] (web_control) StdoutLine: {'line': b'symbolically linking /home/matthieu/ros2_ws/build/web_control/web/stream/webrtc/.venv/lib/python3.12/site-packages/pip/_vendor/rich/__pycache__/bar.cpython-312.pyc -> /home/matthieu/ros2_ws/install/web_control/share/web_control/web/stream/webrtc/.venv/lib/python3.12/site-packages/pip/_vendor/rich/__pycache__\n'}
[2.077084] (web_control) StdoutLine: {'line': b'symbolically linking /home/matthieu/ros2_ws/build/web_control/web/stream/webrtc/.venv/lib/python3.12/site-packages/pip/_vendor/rich/__pycache__/measure.cpython-312.pyc -> /home/matthieu/ros2_ws/install/web_control/share/web_control/web/stream/webrtc/.venv/lib/python3.12/site-packages/pip/_vendor/rich/__pycache__\n'}
[2.077189] (web_control) StdoutLine: {'line': b'symbolically linking /home/matthieu/ros2_ws/build/web_control/web/stream/webrtc/.venv/lib/python3.12/site-packages/pip/_vendor/rich/__pycache__/_cell_widths.cpython-312.pyc -> /home/matthieu/ros2_ws/install/web_control/share/web_control/web/stream/webrtc/.venv/lib/python3.12/site-packages/pip/_vendor/rich/__pycache__\n'}
[2.077274] (web_control) StdoutLine: {'line': b'symbolically linking /home/matthieu/ros2_ws/build/web_control/web/stream/webrtc/.venv/lib/python3.12/site-packages/pip/_vendor/rich/__pycache__/errors.cpython-312.pyc -> /home/matthieu/ros2_ws/install/web_control/share/web_control/web/stream/webrtc/.venv/lib/python3.12/site-packages/pip/_vendor/rich/__pycache__\n'}
[2.077375] (web_control) StdoutLine: {'line': b'symbolically linking /home/matthieu/ros2_ws/build/web_control/web/stream/webrtc/.venv/lib/python3.12/site-packages/pip/_vendor/rich/__pycache__/_inspect.cpython-312.pyc -> /home/matthieu/ros2_ws/install/web_control/share/web_control/web/stream/webrtc/.venv/lib/python3.12/site-packages/pip/_vendor/rich/__pycache__\n'}
[2.077477] (web_control) StdoutLine: {'line': b'symbolically linking /home/matthieu/ros2_ws/build/web_control/web/stream/webrtc/.venv/lib/python3.12/site-packages/pip/_vendor/rich/__pycache__/themes.cpython-312.pyc -> /home/matthieu/ros2_ws/install/web_control/share/web_control/web/stream/webrtc/.venv/lib/python3.12/site-packages/pip/_vendor/rich/__pycache__\n'}
[2.077570] (web_control) StdoutLine: {'line': b'symbolically linking /home/matthieu/ros2_ws/build/web_control/web/stream/webrtc/.venv/lib/python3.12/site-packages/pip/_vendor/rich/__pycache__/containers.cpython-312.pyc -> /home/matthieu/ros2_ws/install/web_control/share/web_control/web/stream/webrtc/.venv/lib/python3.12/site-packages/pip/_vendor/rich/__pycache__\n'}
[2.077670] (web_control) StdoutLine: {'line': b'symbolically linking /home/matthieu/ros2_ws/build/web_control/web/stream/webrtc/.venv/lib/python3.12/site-packages/pip/_vendor/rich/__pycache__/_pick.cpython-312.pyc -> /home/matthieu/ros2_ws/install/web_control/share/web_control/web/stream/webrtc/.venv/lib/python3.12/site-packages/pip/_vendor/rich/__pycache__\n'}
[2.077760] (web_control) StdoutLine: {'line': b'symbolically linking /home/matthieu/ros2_ws/build/web_control/web/stream/webrtc/.venv/lib/python3.12/site-packages/pip/_vendor/rich/__pycache__/region.cpython-312.pyc -> /home/matthieu/ros2_ws/install/web_control/share/web_control/web/stream/webrtc/.venv/lib/python3.12/site-packages/pip/_vendor/rich/__pycache__\n'}
[2.077855] (web_control) StdoutLine: {'line': b'symbolically linking /home/matthieu/ros2_ws/build/web_control/web/stream/webrtc/.venv/lib/python3.12/site-packages/pip/_vendor/rich/__pycache__/_loop.cpython-312.pyc -> /home/matthieu/ros2_ws/install/web_control/share/web_control/web/stream/webrtc/.venv/lib/python3.12/site-packages/pip/_vendor/rich/__pycache__\n'}
[2.077953] (web_control) StdoutLine: {'line': b'symbolically linking /home/matthieu/ros2_ws/build/web_control/web/stream/webrtc/.venv/lib/python3.12/site-packages/pip/_vendor/rich/__pycache__/_windows.cpython-312.pyc -> /home/matthieu/ros2_ws/install/web_control/share/web_control/web/stream/webrtc/.venv/lib/python3.12/site-packages/pip/_vendor/rich/__pycache__\n'}
[2.078053] (web_control) StdoutLine: {'line': b'symbolically linking /home/matthieu/ros2_ws/build/web_control/web/stream/webrtc/.venv/lib/python3.12/site-packages/pip/_vendor/rich/__pycache__/progress_bar.cpython-312.pyc -> /home/matthieu/ros2_ws/install/web_control/share/web_control/web/stream/webrtc/.venv/lib/python3.12/site-packages/pip/_vendor/rich/__pycache__\n'}
[2.078127] (web_control) StdoutLine: {'line': b'symbolically linking /home/matthieu/ros2_ws/build/web_control/web/stream/webrtc/.venv/lib/python3.12/site-packages/pip/_vendor/rich/__pycache__/repr.cpython-312.pyc -> /home/matthieu/ros2_ws/install/web_control/share/web_control/web/stream/webrtc/.venv/lib/python3.12/site-packages/pip/_vendor/rich/__pycache__\n'}
[2.078227] (web_control) StdoutLine: {'line': b'symbolically linking /home/matthieu/ros2_ws/build/web_control/web/stream/webrtc/.venv/lib/python3.12/site-packages/pip/_vendor/rich/__pycache__/jupyter.cpython-312.pyc -> /home/matthieu/ros2_ws/install/web_control/share/web_control/web/stream/webrtc/.venv/lib/python3.12/site-packages/pip/_vendor/rich/__pycache__\n'}
[2.078306] (web_control) StdoutLine: {'line': b'symbolically linking /home/matthieu/ros2_ws/build/web_control/web/stream/webrtc/.venv/lib/python3.12/site-packages/pip/_vendor/rich/__pycache__/rule.cpython-312.pyc -> /home/matthieu/ros2_ws/install/web_control/share/web_control/web/stream/webrtc/.venv/lib/python3.12/site-packages/pip/_vendor/rich/__pycache__\n'}
[2.078414] (web_control) StdoutLine: {'line': b'symbolically linking /home/matthieu/ros2_ws/build/web_control/web/stream/webrtc/.venv/lib/python3.12/site-packages/pip/_vendor/rich/__pycache__/traceback.cpython-312.pyc -> /home/matthieu/ros2_ws/install/web_control/share/web_control/web/stream/webrtc/.venv/lib/python3.12/site-packages/pip/_vendor/rich/__pycache__\n'}
[2.078507] (web_control) StdoutLine: {'line': b'symbolically linking /home/matthieu/ros2_ws/build/web_control/web/stream/webrtc/.venv/lib/python3.12/site-packages/pip/_vendor/rich/__pycache__/_export_format.cpython-312.pyc -> /home/matthieu/ros2_ws/install/web_control/share/web_control/web/stream/webrtc/.venv/lib/python3.12/site-packages/pip/_vendor/rich/__pycache__\n'}
[2.078601] (web_control) StdoutLine: {'line': b'symbolically linking /home/matthieu/ros2_ws/build/web_control/web/stream/webrtc/.venv/lib/python3.12/site-packages/pip/_vendor/rich/__pycache__/constrain.cpython-312.pyc -> /home/matthieu/ros2_ws/install/web_control/share/web_control/web/stream/webrtc/.venv/lib/python3.12/site-packages/pip/_vendor/rich/__pycache__\n'}
[2.078699] (web_control) StdoutLine: {'line': b'symbolically linking /home/matthieu/ros2_ws/build/web_control/web/stream/webrtc/.venv/lib/python3.12/site-packages/pip/_vendor/rich/__pycache__/_emoji_codes.cpython-312.pyc -> /home/matthieu/ros2_ws/install/web_control/share/web_control/web/stream/webrtc/.venv/lib/python3.12/site-packages/pip/_vendor/rich/__pycache__\n'}
[2.078791] (web_control) StdoutLine: {'line': b'symbolically linking /home/matthieu/ros2_ws/build/web_control/web/stream/webrtc/.venv/lib/python3.12/site-packages/pip/_vendor/rich/__pycache__/_fileno.cpython-312.pyc -> /home/matthieu/ros2_ws/install/web_control/share/web_control/web/stream/webrtc/.venv/lib/python3.12/site-packages/pip/_vendor/rich/__pycache__\n'}
[2.078884] (web_control) StdoutLine: {'line': b'symbolically linking /home/matthieu/ros2_ws/build/web_control/web/stream/webrtc/.venv/lib/python3.12/site-packages/pip/_vendor/rich/__pycache__/default_styles.cpython-312.pyc -> /home/matthieu/ros2_ws/install/web_control/share/web_control/web/stream/webrtc/.venv/lib/python3.12/site-packages/pip/_vendor/rich/__pycache__\n'}
[2.078973] (web_control) StdoutLine: {'line': b'symbolically linking /home/matthieu/ros2_ws/build/web_control/web/stream/webrtc/.venv/lib/python3.12/site-packages/pip/_vendor/rich/__pycache__/segment.cpython-312.pyc -> /home/matthieu/ros2_ws/install/web_control/share/web_control/web/stream/webrtc/.venv/lib/python3.12/site-packages/pip/_vendor/rich/__pycache__\n'}
[2.079066] (web_control) StdoutLine: {'line': b'symbolically linking /home/matthieu/ros2_ws/build/web_control/web/stream/webrtc/.venv/lib/python3.12/site-packages/pip/_vendor/rich/__pycache__/status.cpython-312.pyc -> /home/matthieu/ros2_ws/install/web_control/share/web_control/web/stream/webrtc/.venv/lib/python3.12/site-packages/pip/_vendor/rich/__pycache__\n'}
[2.079160] (web_control) StdoutLine: {'line': b'symbolically linking /home/matthieu/ros2_ws/build/web_control/web/stream/webrtc/.venv/lib/python3.12/site-packages/pip/_vendor/rich/__pycache__/prompt.cpython-312.pyc -> /home/matthieu/ros2_ws/install/web_control/share/web_control/web/stream/webrtc/.venv/lib/python3.12/site-packages/pip/_vendor/rich/__pycache__\n'}
[2.079255] (web_control) StdoutLine: {'line': b'symbolically linking /home/matthieu/ros2_ws/build/web_control/web/stream/webrtc/.venv/lib/python3.12/site-packages/pip/_vendor/rich/__pycache__/highlighter.cpython-312.pyc -> /home/matthieu/ros2_ws/install/web_control/share/web_control/web/stream/webrtc/.venv/lib/python3.12/site-packages/pip/_vendor/rich/__pycache__\n'}
[2.079359] (web_control) StdoutLine: {'line': b'symbolically linking /home/matthieu/ros2_ws/build/web_control/web/stream/webrtc/.venv/lib/python3.12/site-packages/pip/_vendor/rich/__pycache__/abc.cpython-312.pyc -> /home/matthieu/ros2_ws/install/web_control/share/web_control/web/stream/webrtc/.venv/lib/python3.12/site-packages/pip/_vendor/rich/__pycache__\n'}
[2.079461] (web_control) StdoutLine: {'line': b'symbolically linking /home/matthieu/ros2_ws/build/web_control/web/stream/webrtc/.venv/lib/python3.12/site-packages/pip/_vendor/rich/__pycache__/pager.cpython-312.pyc -> /home/matthieu/ros2_ws/install/web_control/share/web_control/web/stream/webrtc/.venv/lib/python3.12/site-packages/pip/_vendor/rich/__pycache__\n'}
[2.079554] (web_control) StdoutLine: {'line': b'symbolically linking /home/matthieu/ros2_ws/build/web_control/web/stream/webrtc/.venv/lib/python3.12/site-packages/pip/_vendor/rich/__pycache__/box.cpython-312.pyc -> /home/matthieu/ros2_ws/install/web_control/share/web_control/web/stream/webrtc/.venv/lib/python3.12/site-packages/pip/_vendor/rich/__pycache__\n'}
[2.079647] (web_control) StdoutLine: {'line': b'symbolically linking /home/matthieu/ros2_ws/build/web_control/web/stream/webrtc/.venv/lib/python3.12/site-packages/pip/_vendor/rich/__pycache__/control.cpython-312.pyc -> /home/matthieu/ros2_ws/install/web_control/share/web_control/web/stream/webrtc/.venv/lib/python3.12/site-packages/pip/_vendor/rich/__pycache__\n'}
[2.079740] (web_control) StdoutLine: {'line': b'symbolically linking /home/matthieu/ros2_ws/build/web_control/web/stream/webrtc/.venv/lib/python3.12/site-packages/pip/_vendor/rich/__pycache__/_null_file.cpython-312.pyc -> /home/matthieu/ros2_ws/install/web_control/share/web_control/web/stream/webrtc/.venv/lib/python3.12/site-packages/pip/_vendor/rich/__pycache__\n'}
[2.079839] (web_control) StdoutLine: {'line': b'symbolically linking /home/matthieu/ros2_ws/build/web_control/web/stream/webrtc/.venv/lib/python3.12/site-packages/pip/_vendor/rich/__pycache__/live.cpython-312.pyc -> /home/matthieu/ros2_ws/install/web_control/share/web_control/web/stream/webrtc/.venv/lib/python3.12/site-packages/pip/_vendor/rich/__pycache__\n'}
[2.079938] (web_control) StdoutLine: {'line': b'symbolically linking /home/matthieu/ros2_ws/build/web_control/web/stream/webrtc/.venv/lib/python3.12/site-packages/pip/_vendor/rich/__pycache__/screen.cpython-312.pyc -> /home/matthieu/ros2_ws/install/web_control/share/web_control/web/stream/webrtc/.venv/lib/python3.12/site-packages/pip/_vendor/rich/__pycache__\n'}
[2.080031] (web_control) StdoutLine: {'line': b'symbolically linking /home/matthieu/ros2_ws/build/web_control/web/stream/webrtc/.venv/lib/python3.12/site-packages/pip/_vendor/rich/__pycache__/columns.cpython-312.pyc -> /home/matthieu/ros2_ws/install/web_control/share/web_control/web/stream/webrtc/.venv/lib/python3.12/site-packages/pip/_vendor/rich/__pycache__\n'}
[2.080126] (web_control) StdoutLine: {'line': b'symbolically linking /home/matthieu/ros2_ws/build/web_control/web/stream/webrtc/.venv/lib/python3.12/site-packages/pip/_vendor/rich/__pycache__/_palettes.cpython-312.pyc -> /home/matthieu/ros2_ws/install/web_control/share/web_control/web/stream/webrtc/.venv/lib/python3.12/site-packages/pip/_vendor/rich/__pycache__\n'}
[2.080229] (web_control) StdoutLine: {'line': b'symbolically linking /home/matthieu/ros2_ws/build/web_control/web/stream/webrtc/.venv/lib/python3.12/site-packages/pip/_vendor/rich/__pycache__/color.cpython-312.pyc -> /home/matthieu/ros2_ws/install/web_control/share/web_control/web/stream/webrtc/.venv/lib/python3.12/site-packages/pip/_vendor/rich/__pycache__\n'}
[2.080325] (web_control) StdoutLine: {'line': b'symbolically linking /home/matthieu/ros2_ws/build/web_control/web/stream/webrtc/.venv/lib/python3.12/site-packages/pip/_vendor/rich/__pycache__/_emoji_replace.cpython-312.pyc -> /home/matthieu/ros2_ws/install/web_control/share/web_control/web/stream/webrtc/.venv/lib/python3.12/site-packages/pip/_vendor/rich/__pycache__\n'}
[2.080419] (web_control) StdoutLine: {'line': b'symbolically linking /home/matthieu/ros2_ws/build/web_control/web/stream/webrtc/.venv/lib/python3.12/site-packages/pip/_vendor/rich/__pycache__/_timer.cpython-312.pyc -> /home/matthieu/ros2_ws/install/web_control/share/web_control/web/stream/webrtc/.venv/lib/python3.12/site-packages/pip/_vendor/rich/__pycache__\n'}
[2.080515] (web_control) StdoutLine: {'line': b'symbolically linking /home/matthieu/ros2_ws/build/web_control/web/stream/webrtc/.venv/lib/python3.12/site-packages/pip/_vendor/rich/__pycache__/_win32_console.cpython-312.pyc -> /home/matthieu/ros2_ws/install/web_control/share/web_control/web/stream/webrtc/.venv/lib/python3.12/site-packages/pip/_vendor/rich/__pycache__\n'}
[2.080607] (web_control) StdoutLine: {'line': b'symbolically linking /home/matthieu/ros2_ws/build/web_control/web/stream/webrtc/.venv/lib/python3.12/site-packages/pip/_vendor/rich/__pycache__/terminal_theme.cpython-312.pyc -> /home/matthieu/ros2_ws/install/web_control/share/web_control/web/stream/webrtc/.venv/lib/python3.12/site-packages/pip/_vendor/rich/__pycache__\n'}
[2.080700] (web_control) StdoutLine: {'line': b'symbolically linking /home/matthieu/ros2_ws/build/web_control/web/stream/webrtc/.venv/lib/python3.12/site-packages/pip/_vendor/rich/__pycache__/_log_render.cpython-312.pyc -> /home/matthieu/ros2_ws/install/web_control/share/web_control/web/stream/webrtc/.venv/lib/python3.12/site-packages/pip/_vendor/rich/__pycache__\n'}
[2.080793] (web_control) StdoutLine: {'line': b'symbolically linking /home/matthieu/ros2_ws/build/web_control/web/stream/webrtc/.venv/lib/python3.12/site-packages/pip/_vendor/rich/__pycache__/style.cpython-312.pyc -> /home/matthieu/ros2_ws/install/web_control/share/web_control/web/stream/webrtc/.venv/lib/python3.12/site-packages/pip/_vendor/rich/__pycache__\n'}
[2.080896] (web_control) StdoutLine: {'line': b'symbolically linking /home/matthieu/ros2_ws/build/web_control/web/stream/webrtc/.venv/lib/python3.12/site-packages/pip/_vendor/rich/__pycache__/logging.cpython-312.pyc -> /home/matthieu/ros2_ws/install/web_control/share/web_control/web/stream/webrtc/.venv/lib/python3.12/site-packages/pip/_vendor/rich/__pycache__\n'}
[2.080989] (web_control) StdoutLine: {'line': b'symbolically linking /home/matthieu/ros2_ws/build/web_control/web/stream/webrtc/.venv/lib/python3.12/site-packages/pip/_vendor/rich/__pycache__/progress.cpython-312.pyc -> /home/matthieu/ros2_ws/install/web_control/share/web_control/web/stream/webrtc/.venv/lib/python3.12/site-packages/pip/_vendor/rich/__pycache__\n'}
[2.081082] (web_control) StdoutLine: {'line': b'symbolically linking /home/matthieu/ros2_ws/build/web_control/web/stream/webrtc/.venv/lib/python3.12/site-packages/pip/_vendor/rich/__pycache__/diagnose.cpython-312.pyc -> /home/matthieu/ros2_ws/install/web_control/share/web_control/web/stream/webrtc/.venv/lib/python3.12/site-packages/pip/_vendor/rich/__pycache__\n'}
[2.081178] (web_control) StdoutLine: {'line': b'symbolically linking /home/matthieu/ros2_ws/build/web_control/web/stream/webrtc/.venv/lib/python3.12/site-packages/pip/_vendor/rich/__pycache__/__main__.cpython-312.pyc -> /home/matthieu/ros2_ws/install/web_control/share/web_control/web/stream/webrtc/.venv/lib/python3.12/site-packages/pip/_vendor/rich/__pycache__\n'}
[2.081299] (web_control) StdoutLine: {'line': b'symbolically linking /home/matthieu/ros2_ws/build/web_control/web/stream/webrtc/.venv/lib/python3.12/site-packages/pip/_vendor/rich/__pycache__/table.cpython-312.pyc -> /home/matthieu/ros2_ws/install/web_control/share/web_control/web/stream/webrtc/.venv/lib/python3.12/site-packages/pip/_vendor/rich/__pycache__\n'}
[2.081396] (web_control) StdoutLine: {'line': b'symbolically linking /home/matthieu/ros2_ws/build/web_control/web/stream/webrtc/.venv/lib/python3.12/site-packages/pip/_vendor/rich/__pycache__/spinner.cpython-312.pyc -> /home/matthieu/ros2_ws/install/web_control/share/web_control/web/stream/webrtc/.venv/lib/python3.12/site-packages/pip/_vendor/rich/__pycache__\n'}
[2.081492] (web_control) StdoutLine: {'line': b'symbolically linking /home/matthieu/ros2_ws/build/web_control/web/stream/webrtc/.venv/lib/python3.12/site-packages/pip/_vendor/rich/__pycache__/cells.cpython-312.pyc -> /home/matthieu/ros2_ws/install/web_control/share/web_control/web/stream/webrtc/.venv/lib/python3.12/site-packages/pip/_vendor/rich/__pycache__\n'}
[2.081586] (web_control) StdoutLine: {'line': b'symbolically linking /home/matthieu/ros2_ws/build/web_control/web/stream/webrtc/.venv/lib/python3.12/site-packages/pip/_vendor/rich/__pycache__/protocol.cpython-312.pyc -> /home/matthieu/ros2_ws/install/web_control/share/web_control/web/stream/webrtc/.venv/lib/python3.12/site-packages/pip/_vendor/rich/__pycache__\n'}
[2.081761] (web_control) StdoutLine: {'line': b'symbolically linking /home/matthieu/ros2_ws/build/web_control/web/stream/webrtc/.venv/lib/python3.12/site-packages/pip/_vendor/rich/__pycache__/syntax.cpython-312.pyc -> /home/matthieu/ros2_ws/install/web_control/share/web_control/web/stream/webrtc/.venv/lib/python3.12/site-packages/pip/_vendor/rich/__pycache__\n'}
[2.081837] (web_control) StdoutLine: {'line': b'symbolically linking /home/matthieu/ros2_ws/build/web_control/web/stream/webrtc/.venv/lib/python3.12/site-packages/pip/_vendor/rich/__pycache__/filesize.cpython-312.pyc -> /home/matthieu/ros2_ws/install/web_control/share/web_control/web/stream/webrtc/.venv/lib/python3.12/site-packages/pip/_vendor/rich/__pycache__\n'}
[2.081931] (web_control) StdoutLine: {'line': b'symbolically linking /home/matthieu/ros2_ws/build/web_control/web/stream/webrtc/.venv/lib/python3.12/site-packages/pip/_vendor/rich/__pycache__/console.cpython-312.pyc -> /home/matthieu/ros2_ws/install/web_control/share/web_control/web/stream/webrtc/.venv/lib/python3.12/site-packages/pip/_vendor/rich/__pycache__\n'}
[2.082029] (web_control) StdoutLine: {'line': b'symbolically linking /home/matthieu/ros2_ws/build/web_control/web/stream/webrtc/.venv/lib/python3.12/site-packages/pip/_vendor/rich/__pycache__/text.cpython-312.pyc -> /home/matthieu/ros2_ws/install/web_control/share/web_control/web/stream/webrtc/.venv/lib/python3.12/site-packages/pip/_vendor/rich/__pycache__\n'}
[2.082121] (web_control) StdoutLine: {'line': b'symbolically linking /home/matthieu/ros2_ws/build/web_control/web/stream/webrtc/.venv/lib/python3.12/site-packages/pip/_vendor/rich/__pycache__/tree.cpython-312.pyc -> /home/matthieu/ros2_ws/install/web_control/share/web_control/web/stream/webrtc/.venv/lib/python3.12/site-packages/pip/_vendor/rich/__pycache__\n'}
[2.082217] (web_control) StdoutLine: {'line': b'symbolically linking /home/matthieu/ros2_ws/build/web_control/web/stream/webrtc/.venv/lib/python3.12/site-packages/pip/_vendor/rich/__pycache__/styled.cpython-312.pyc -> /home/matthieu/ros2_ws/install/web_control/share/web_control/web/stream/webrtc/.venv/lib/python3.12/site-packages/pip/_vendor/rich/__pycache__\n'}
[2.082325] (web_control) StdoutLine: {'line': b'symbolically linking /home/matthieu/ros2_ws/build/web_control/web/stream/webrtc/.venv/lib/python3.12/site-packages/pip/_vendor/rich/__pycache__/live_render.cpython-312.pyc -> /home/matthieu/ros2_ws/install/web_control/share/web_control/web/stream/webrtc/.venv/lib/python3.12/site-packages/pip/_vendor/rich/__pycache__\n'}
[2.082435] (web_control) StdoutLine: {'line': b'symbolically linking /home/matthieu/ros2_ws/build/web_control/web/stream/webrtc/.venv/lib/python3.12/site-packages/pip/_vendor/rich/__pycache__/__init__.cpython-312.pyc -> /home/matthieu/ros2_ws/install/web_control/share/web_control/web/stream/webrtc/.venv/lib/python3.12/site-packages/pip/_vendor/rich/__pycache__\n'}
[2.082538] (web_control) StdoutLine: {'line': b'symbolically linking /home/matthieu/ros2_ws/build/web_control/web/stream/webrtc/.venv/lib/python3.12/site-packages/pip/_vendor/rich/__pycache__/theme.cpython-312.pyc -> /home/matthieu/ros2_ws/install/web_control/share/web_control/web/stream/webrtc/.venv/lib/python3.12/site-packages/pip/_vendor/rich/__pycache__\n'}
[2.082645] (web_control) StdoutLine: {'line': b'symbolically linking /home/matthieu/ros2_ws/build/web_control/web/stream/webrtc/.venv/lib/python3.12/site-packages/pip/_vendor/rich/__pycache__/ansi.cpython-312.pyc -> /home/matthieu/ros2_ws/install/web_control/share/web_control/web/stream/webrtc/.venv/lib/python3.12/site-packages/pip/_vendor/rich/__pycache__\n'}
[2.082753] (web_control) StdoutLine: {'line': b'symbolically linking /home/matthieu/ros2_ws/build/web_control/web/stream/webrtc/.venv/lib/python3.12/site-packages/pip/_vendor/rich/__pycache__/file_proxy.cpython-312.pyc -> /home/matthieu/ros2_ws/install/web_control/share/web_control/web/stream/webrtc/.venv/lib/python3.12/site-packages/pip/_vendor/rich/__pycache__\n'}
[2.082860] (web_control) StdoutLine: {'line': b'symbolically linking /home/matthieu/ros2_ws/build/web_control/web/stream/webrtc/.venv/lib/python3.12/site-packages/pip/_vendor/rich/__pycache__/_stack.cpython-312.pyc -> /home/matthieu/ros2_ws/install/web_control/share/web_control/web/stream/webrtc/.venv/lib/python3.12/site-packages/pip/_vendor/rich/__pycache__\n'}
[2.082966] (web_control) StdoutLine: {'line': b'symbolically linking /home/matthieu/ros2_ws/build/web_control/web/stream/webrtc/.venv/lib/python3.12/site-packages/pip/_vendor/rich/__pycache__/scope.cpython-312.pyc -> /home/matthieu/ros2_ws/install/web_control/share/web_control/web/stream/webrtc/.venv/lib/python3.12/site-packages/pip/_vendor/rich/__pycache__\n'}
[2.083073] (web_control) StdoutLine: {'line': b'symbolically linking /home/matthieu/ros2_ws/build/web_control/web/stream/webrtc/.venv/lib/python3.12/site-packages/pip/_vendor/rich/__pycache__/color_triplet.cpython-312.pyc -> /home/matthieu/ros2_ws/install/web_control/share/web_control/web/stream/webrtc/.venv/lib/python3.12/site-packages/pip/_vendor/rich/__pycache__\n'}
[2.083197] (web_control) StdoutLine: {'line': b'symbolically linking /home/matthieu/ros2_ws/build/web_control/web/stream/webrtc/.venv/lib/python3.12/site-packages/pip/_vendor/rich/__pycache__/emoji.cpython-312.pyc -> /home/matthieu/ros2_ws/install/web_control/share/web_control/web/stream/webrtc/.venv/lib/python3.12/site-packages/pip/_vendor/rich/__pycache__\n'}
[2.083309] (web_control) StdoutLine: {'line': b'symbolically linking /home/matthieu/ros2_ws/build/web_control/web/stream/webrtc/.venv/lib/python3.12/site-packages/pip/_vendor/rich/__pycache__/json.cpython-312.pyc -> /home/matthieu/ros2_ws/install/web_control/share/web_control/web/stream/webrtc/.venv/lib/python3.12/site-packages/pip/_vendor/rich/__pycache__\n'}
[2.083402] (web_control) StdoutLine: {'line': b'symbolically linking /home/matthieu/ros2_ws/build/web_control/web/stream/webrtc/.venv/lib/python3.12/site-packages/pip/_vendor/rich/__pycache__/panel.cpython-312.pyc -> /home/matthieu/ros2_ws/install/web_control/share/web_control/web/stream/webrtc/.venv/lib/python3.12/site-packages/pip/_vendor/rich/__pycache__\n'}
[2.083493] (web_control) StdoutLine: {'line': b'symbolically linking /home/matthieu/ros2_ws/build/web_control/web/stream/webrtc/.venv/lib/python3.12/site-packages/pip/_vendor/rich/__pycache__/_wrap.cpython-312.pyc -> /home/matthieu/ros2_ws/install/web_control/share/web_control/web/stream/webrtc/.venv/lib/python3.12/site-packages/pip/_vendor/rich/__pycache__\n'}
[2.083585] (web_control) StdoutLine: {'line': b'symbolically linking /home/matthieu/ros2_ws/build/web_control/web/stream/webrtc/.venv/lib/python3.12/site-packages/pip/_vendor/rich/__pycache__/_spinners.cpython-312.pyc -> /home/matthieu/ros2_ws/install/web_control/share/web_control/web/stream/webrtc/.venv/lib/python3.12/site-packages/pip/_vendor/rich/__pycache__\n'}
[2.083731] (web_control) StdoutLine: {'line': b'symbolically linking /home/matthieu/ros2_ws/build/web_control/web/stream/webrtc/.venv/lib/python3.12/site-packages/pip/_vendor/rich/__pycache__/_windows_renderer.cpython-312.pyc -> /home/matthieu/ros2_ws/install/web_control/share/web_control/web/stream/webrtc/.venv/lib/python3.12/site-packages/pip/_vendor/rich/__pycache__\n'}
[2.083838] (web_control) StdoutLine: {'line': b'symbolically linking /home/matthieu/ros2_ws/build/web_control/web/stream/webrtc/.venv/lib/python3.12/site-packages/pip/_vendor/rich/__pycache__/align.cpython-312.pyc -> /home/matthieu/ros2_ws/install/web_control/share/web_control/web/stream/webrtc/.venv/lib/python3.12/site-packages/pip/_vendor/rich/__pycache__\n'}
[2.083933] (web_control) StdoutLine: {'line': b'symbolically linking /home/matthieu/ros2_ws/build/web_control/web/stream/webrtc/.venv/lib/python3.12/site-packages/pip/_vendor/rich/__pycache__/pretty.cpython-312.pyc -> /home/matthieu/ros2_ws/install/web_control/share/web_control/web/stream/webrtc/.venv/lib/python3.12/site-packages/pip/_vendor/rich/__pycache__\n'}
[2.084026] (web_control) StdoutLine: {'line': b'symbolically linking /home/matthieu/ros2_ws/build/web_control/web/stream/webrtc/.venv/lib/python3.12/site-packages/pip/_vendor/rich/__pycache__/palette.cpython-312.pyc -> /home/matthieu/ros2_ws/install/web_control/share/web_control/web/stream/webrtc/.venv/lib/python3.12/site-packages/pip/_vendor/rich/__pycache__\n'}
[2.084124] (web_control) StdoutLine: {'line': b'symbolically linking /home/matthieu/ros2_ws/build/web_control/web/stream/webrtc/.venv/lib/python3.12/site-packages/pip/_vendor/rich/__pycache__/padding.cpython-312.pyc -> /home/matthieu/ros2_ws/install/web_control/share/web_control/web/stream/webrtc/.venv/lib/python3.12/site-packages/pip/_vendor/rich/__pycache__\n'}
[2.084220] (web_control) StdoutLine: {'line': b'symbolically linking /home/matthieu/ros2_ws/build/web_control/web/stream/webrtc/.venv/lib/python3.12/site-packages/pip/_vendor/resolvelib/resolvers.py -> /home/matthieu/ros2_ws/install/web_control/share/web_control/web/stream/webrtc/.venv/lib/python3.12/site-packages/pip/_vendor/resolvelib\n'}
[2.084338] (web_control) StdoutLine: {'line': b'symbolically linking /home/matthieu/ros2_ws/build/web_control/web/stream/webrtc/.venv/lib/python3.12/site-packages/pip/_vendor/resolvelib/reporters.py -> /home/matthieu/ros2_ws/install/web_control/share/web_control/web/stream/webrtc/.venv/lib/python3.12/site-packages/pip/_vendor/resolvelib\n'}
[2.084434] (web_control) StdoutLine: {'line': b'symbolically linking /home/matthieu/ros2_ws/build/web_control/web/stream/webrtc/.venv/lib/python3.12/site-packages/pip/_vendor/resolvelib/structs.py -> /home/matthieu/ros2_ws/install/web_control/share/web_control/web/stream/webrtc/.venv/lib/python3.12/site-packages/pip/_vendor/resolvelib\n'}
[2.084529] (web_control) StdoutLine: {'line': b'symbolically linking /home/matthieu/ros2_ws/build/web_control/web/stream/webrtc/.venv/lib/python3.12/site-packages/pip/_vendor/resolvelib/providers.py -> /home/matthieu/ros2_ws/install/web_control/share/web_control/web/stream/webrtc/.venv/lib/python3.12/site-packages/pip/_vendor/resolvelib\n'}
[2.084622] (web_control) StdoutLine: {'line': b'symbolically linking /home/matthieu/ros2_ws/build/web_control/web/stream/webrtc/.venv/lib/python3.12/site-packages/pip/_vendor/resolvelib/__init__.py -> /home/matthieu/ros2_ws/install/web_control/share/web_control/web/stream/webrtc/.venv/lib/python3.12/site-packages/pip/_vendor/resolvelib\n'}
[2.084718] (web_control) StdoutLine: {'line': b'symbolically linking /home/matthieu/ros2_ws/build/web_control/web/stream/webrtc/.venv/lib/python3.12/site-packages/pip/_vendor/resolvelib/__pycache__/resolvers.cpython-312.pyc -> /home/matthieu/ros2_ws/install/web_control/share/web_control/web/stream/webrtc/.venv/lib/python3.12/site-packages/pip/_vendor/resolvelib/__pycache__\n'}
[2.084813] (web_control) StdoutLine: {'line': b'symbolically linking /home/matthieu/ros2_ws/build/web_control/web/stream/webrtc/.venv/lib/python3.12/site-packages/pip/_vendor/resolvelib/__pycache__/reporters.cpython-312.pyc -> /home/matthieu/ros2_ws/install/web_control/share/web_control/web/stream/webrtc/.venv/lib/python3.12/site-packages/pip/_vendor/resolvelib/__pycache__\n'}
[2.084915] (web_control) StdoutLine: {'line': b'symbolically linking /home/matthieu/ros2_ws/build/web_control/web/stream/webrtc/.venv/lib/python3.12/site-packages/pip/_vendor/resolvelib/__pycache__/structs.cpython-312.pyc -> /home/matthieu/ros2_ws/install/web_control/share/web_control/web/stream/webrtc/.venv/lib/python3.12/site-packages/pip/_vendor/resolvelib/__pycache__\n'}
[2.084988] (web_control) StdoutLine: {'line': b'symbolically linking /home/matthieu/ros2_ws/build/web_control/web/stream/webrtc/.venv/lib/python3.12/site-packages/pip/_vendor/resolvelib/__pycache__/__init__.cpython-312.pyc -> /home/matthieu/ros2_ws/install/web_control/share/web_control/web/stream/webrtc/.venv/lib/python3.12/site-packages/pip/_vendor/resolvelib/__pycache__\n'}
[2.085081] (web_control) StdoutLine: {'line': b'symbolically linking /home/matthieu/ros2_ws/build/web_control/web/stream/webrtc/.venv/lib/python3.12/site-packages/pip/_vendor/resolvelib/__pycache__/providers.cpython-312.pyc -> /home/matthieu/ros2_ws/install/web_control/share/web_control/web/stream/webrtc/.venv/lib/python3.12/site-packages/pip/_vendor/resolvelib/__pycache__\n'}
[2.085177] (web_control) StdoutLine: {'line': b'symbolically linking /home/matthieu/ros2_ws/build/web_control/web/stream/webrtc/.venv/lib/python3.12/site-packages/pip/_vendor/resolvelib/compat/collections_abc.py -> /home/matthieu/ros2_ws/install/web_control/share/web_control/web/stream/webrtc/.venv/lib/python3.12/site-packages/pip/_vendor/resolvelib/compat\n'}
[2.085277] (web_control) StdoutLine: {'line': b'symbolically linking /home/matthieu/ros2_ws/build/web_control/web/stream/webrtc/.venv/lib/python3.12/site-packages/pip/_vendor/resolvelib/compat/__init__.py -> /home/matthieu/ros2_ws/install/web_control/share/web_control/web/stream/webrtc/.venv/lib/python3.12/site-packages/pip/_vendor/resolvelib/compat\n'}
[2.085392] (web_control) StdoutLine: {'line': b'symbolically linking /home/matthieu/ros2_ws/build/web_control/web/stream/webrtc/.venv/lib/python3.12/site-packages/pip/_vendor/resolvelib/compat/__pycache__/collections_abc.cpython-312.pyc -> /home/matthieu/ros2_ws/install/web_control/share/web_control/web/stream/webrtc/.venv/lib/python3.12/site-packages/pip/_vendor/resolvelib/compat/__pycache__\n'}
[2.085487] (web_control) StdoutLine: {'line': b'symbolically linking /home/matthieu/ros2_ws/build/web_control/web/stream/webrtc/.venv/lib/python3.12/site-packages/pip/_vendor/resolvelib/compat/__pycache__/__init__.cpython-312.pyc -> /home/matthieu/ros2_ws/install/web_control/share/web_control/web/stream/webrtc/.venv/lib/python3.12/site-packages/pip/_vendor/resolvelib/compat/__pycache__\n'}
[2.085574] (web_control) StdoutLine: {'line': b'symbolically linking /home/matthieu/ros2_ws/build/web_control/web/stream/webrtc/.venv/lib/python3.12/site-packages/pip/_vendor/msgpack/fallback.py -> /home/matthieu/ros2_ws/install/web_control/share/web_control/web/stream/webrtc/.venv/lib/python3.12/site-packages/pip/_vendor/msgpack\n'}
[2.085662] (web_control) StdoutLine: {'line': b'symbolically linking /home/matthieu/ros2_ws/build/web_control/web/stream/webrtc/.venv/lib/python3.12/site-packages/pip/_vendor/msgpack/ext.py -> /home/matthieu/ros2_ws/install/web_control/share/web_control/web/stream/webrtc/.venv/lib/python3.12/site-packages/pip/_vendor/msgpack\n'}
[2.085752] (web_control) StdoutLine: {'line': b'symbolically linking /home/matthieu/ros2_ws/build/web_control/web/stream/webrtc/.venv/lib/python3.12/site-packages/pip/_vendor/msgpack/exceptions.py -> /home/matthieu/ros2_ws/install/web_control/share/web_control/web/stream/webrtc/.venv/lib/python3.12/site-packages/pip/_vendor/msgpack\n'}
[2.085838] (web_control) StdoutLine: {'line': b'symbolically linking /home/matthieu/ros2_ws/build/web_control/web/stream/webrtc/.venv/lib/python3.12/site-packages/pip/_vendor/msgpack/__init__.py -> /home/matthieu/ros2_ws/install/web_control/share/web_control/web/stream/webrtc/.venv/lib/python3.12/site-packages/pip/_vendor/msgpack\n'}
[2.085930] (web_control) StdoutLine: {'line': b'symbolically linking /home/matthieu/ros2_ws/build/web_control/web/stream/webrtc/.venv/lib/python3.12/site-packages/pip/_vendor/msgpack/__pycache__/ext.cpython-312.pyc -> /home/matthieu/ros2_ws/install/web_control/share/web_control/web/stream/webrtc/.venv/lib/python3.12/site-packages/pip/_vendor/msgpack/__pycache__\n'}
[2.086018] (web_control) StdoutLine: {'line': b'symbolically linking /home/matthieu/ros2_ws/build/web_control/web/stream/webrtc/.venv/lib/python3.12/site-packages/pip/_vendor/msgpack/__pycache__/exceptions.cpython-312.pyc -> /home/matthieu/ros2_ws/install/web_control/share/web_control/web/stream/webrtc/.venv/lib/python3.12/site-packages/pip/_vendor/msgpack/__pycache__\n'}
[2.086106] (web_control) StdoutLine: {'line': b'symbolically linking /home/matthieu/ros2_ws/build/web_control/web/stream/webrtc/.venv/lib/python3.12/site-packages/pip/_vendor/msgpack/__pycache__/__init__.cpython-312.pyc -> /home/matthieu/ros2_ws/install/web_control/share/web_control/web/stream/webrtc/.venv/lib/python3.12/site-packages/pip/_vendor/msgpack/__pycache__\n'}
[2.086198] (web_control) StdoutLine: {'line': b'symbolically linking /home/matthieu/ros2_ws/build/web_control/web/stream/webrtc/.venv/lib/python3.12/site-packages/pip/_vendor/msgpack/__pycache__/fallback.cpython-312.pyc -> /home/matthieu/ros2_ws/install/web_control/share/web_control/web/stream/webrtc/.venv/lib/python3.12/site-packages/pip/_vendor/msgpack/__pycache__\n'}
[2.086329] (web_control) StdoutLine: {'line': b'symbolically linking /home/matthieu/ros2_ws/build/web_control/web/stream/webrtc/.venv/lib/python3.12/site-packages/pip/_vendor/pyparsing/util.py -> /home/matthieu/ros2_ws/install/web_control/share/web_control/web/stream/webrtc/.venv/lib/python3.12/site-packages/pip/_vendor/pyparsing\n'}
[2.086422] (web_control) StdoutLine: {'line': b'symbolically linking /home/matthieu/ros2_ws/build/web_control/web/stream/webrtc/.venv/lib/python3.12/site-packages/pip/_vendor/pyparsing/unicode.py -> /home/matthieu/ros2_ws/install/web_control/share/web_control/web/stream/webrtc/.venv/lib/python3.12/site-packages/pip/_vendor/pyparsing\n'}
[2.086508] (web_control) StdoutLine: {'line': b'symbolically linking /home/matthieu/ros2_ws/build/web_control/web/stream/webrtc/.venv/lib/python3.12/site-packages/pip/_vendor/pyparsing/testing.py -> /home/matthieu/ros2_ws/install/web_control/share/web_control/web/stream/webrtc/.venv/lib/python3.12/site-packages/pip/_vendor/pyparsing\n'}
[2.086596] (web_control) StdoutLine: {'line': b'symbolically linking /home/matthieu/ros2_ws/build/web_control/web/stream/webrtc/.venv/lib/python3.12/site-packages/pip/_vendor/pyparsing/actions.py -> /home/matthieu/ros2_ws/install/web_control/share/web_control/web/stream/webrtc/.venv/lib/python3.12/site-packages/pip/_vendor/pyparsing\n'}
[2.086691] (web_control) StdoutLine: {'line': b'symbolically linking /home/matthieu/ros2_ws/build/web_control/web/stream/webrtc/.venv/lib/python3.12/site-packages/pip/_vendor/pyparsing/core.py -> /home/matthieu/ros2_ws/install/web_control/share/web_control/web/stream/webrtc/.venv/lib/python3.12/site-packages/pip/_vendor/pyparsing\n'}
[2.086761] (web_control) StdoutLine: {'line': b'symbolically linking /home/matthieu/ros2_ws/build/web_control/web/stream/webrtc/.venv/lib/python3.12/site-packages/pip/_vendor/pyparsing/results.py -> /home/matthieu/ros2_ws/install/web_control/share/web_control/web/stream/webrtc/.venv/lib/python3.12/site-packages/pip/_vendor/pyparsing\n'}
[2.086853] (web_control) StdoutLine: {'line': b'symbolically linking /home/matthieu/ros2_ws/build/web_control/web/stream/webrtc/.venv/lib/python3.12/site-packages/pip/_vendor/pyparsing/common.py -> /home/matthieu/ros2_ws/install/web_control/share/web_control/web/stream/webrtc/.venv/lib/python3.12/site-packages/pip/_vendor/pyparsing\n'}
[2.086957] (web_control) StdoutLine: {'line': b'symbolically linking /home/matthieu/ros2_ws/build/web_control/web/stream/webrtc/.venv/lib/python3.12/site-packages/pip/_vendor/pyparsing/helpers.py -> /home/matthieu/ros2_ws/install/web_control/share/web_control/web/stream/webrtc/.venv/lib/python3.12/site-packages/pip/_vendor/pyparsing\n'}
[2.087052] (web_control) StdoutLine: {'line': b'symbolically linking /home/matthieu/ros2_ws/build/web_control/web/stream/webrtc/.venv/lib/python3.12/site-packages/pip/_vendor/pyparsing/exceptions.py -> /home/matthieu/ros2_ws/install/web_control/share/web_control/web/stream/webrtc/.venv/lib/python3.12/site-packages/pip/_vendor/pyparsing\n'}
[2.087123] (web_control) StdoutLine: {'line': b'symbolically linking /home/matthieu/ros2_ws/build/web_control/web/stream/webrtc/.venv/lib/python3.12/site-packages/pip/_vendor/pyparsing/__init__.py -> /home/matthieu/ros2_ws/install/web_control/share/web_control/web/stream/webrtc/.venv/lib/python3.12/site-packages/pip/_vendor/pyparsing\n'}
[2.087207] (web_control) StdoutLine: {'line': b'symbolically linking /home/matthieu/ros2_ws/build/web_control/web/stream/webrtc/.venv/lib/python3.12/site-packages/pip/_vendor/pyparsing/__pycache__/common.cpython-312.pyc -> /home/matthieu/ros2_ws/install/web_control/share/web_control/web/stream/webrtc/.venv/lib/python3.12/site-packages/pip/_vendor/pyparsing/__pycache__\n'}
[2.087306] (web_control) StdoutLine: {'line': b'symbolically linking /home/matthieu/ros2_ws/build/web_control/web/stream/webrtc/.venv/lib/python3.12/site-packages/pip/_vendor/pyparsing/__pycache__/helpers.cpython-312.pyc -> /home/matthieu/ros2_ws/install/web_control/share/web_control/web/stream/webrtc/.venv/lib/python3.12/site-packages/pip/_vendor/pyparsing/__pycache__\n'}
[2.087395] (web_control) StdoutLine: {'line': b'symbolically linking /home/matthieu/ros2_ws/build/web_control/web/stream/webrtc/.venv/lib/python3.12/site-packages/pip/_vendor/pyparsing/__pycache__/unicode.cpython-312.pyc -> /home/matthieu/ros2_ws/install/web_control/share/web_control/web/stream/webrtc/.venv/lib/python3.12/site-packages/pip/_vendor/pyparsing/__pycache__\n'}
[2.087488] (web_control) StdoutLine: {'line': b'symbolically linking /home/matthieu/ros2_ws/build/web_control/web/stream/webrtc/.venv/lib/python3.12/site-packages/pip/_vendor/pyparsing/__pycache__/results.cpython-312.pyc -> /home/matthieu/ros2_ws/install/web_control/share/web_control/web/stream/webrtc/.venv/lib/python3.12/site-packages/pip/_vendor/pyparsing/__pycache__\n'}
[2.087606] (web_control) StdoutLine: {'line': b'symbolically linking /home/matthieu/ros2_ws/build/web_control/web/stream/webrtc/.venv/lib/python3.12/site-packages/pip/_vendor/pyparsing/__pycache__/core.cpython-312.pyc -> /home/matthieu/ros2_ws/install/web_control/share/web_control/web/stream/webrtc/.venv/lib/python3.12/site-packages/pip/_vendor/pyparsing/__pycache__\n'}
[2.087696] (web_control) StdoutLine: {'line': b'symbolically linking /home/matthieu/ros2_ws/build/web_control/web/stream/webrtc/.venv/lib/python3.12/site-packages/pip/_vendor/pyparsing/__pycache__/exceptions.cpython-312.pyc -> /home/matthieu/ros2_ws/install/web_control/share/web_control/web/stream/webrtc/.venv/lib/python3.12/site-packages/pip/_vendor/pyparsing/__pycache__\n'}
[2.087802] (web_control) StdoutLine: {'line': b'symbolically linking /home/matthieu/ros2_ws/build/web_control/web/stream/webrtc/.venv/lib/python3.12/site-packages/pip/_vendor/pyparsing/__pycache__/util.cpython-312.pyc -> /home/matthieu/ros2_ws/install/web_control/share/web_control/web/stream/webrtc/.venv/lib/python3.12/site-packages/pip/_vendor/pyparsing/__pycache__\n'}
[2.087875] (web_control) StdoutLine: {'line': b'symbolically linking /home/matthieu/ros2_ws/build/web_control/web/stream/webrtc/.venv/lib/python3.12/site-packages/pip/_vendor/pyparsing/__pycache__/__init__.cpython-312.pyc -> /home/matthieu/ros2_ws/install/web_control/share/web_control/web/stream/webrtc/.venv/lib/python3.12/site-packages/pip/_vendor/pyparsing/__pycache__\n'}
[2.087969] (web_control) StdoutLine: {'line': b'symbolically linking /home/matthieu/ros2_ws/build/web_control/web/stream/webrtc/.venv/lib/python3.12/site-packages/pip/_vendor/pyparsing/__pycache__/actions.cpython-312.pyc -> /home/matthieu/ros2_ws/install/web_control/share/web_control/web/stream/webrtc/.venv/lib/python3.12/site-packages/pip/_vendor/pyparsing/__pycache__\n'}
[2.088060] (web_control) StdoutLine: {'line': b'symbolically linking /home/matthieu/ros2_ws/build/web_control/web/stream/webrtc/.venv/lib/python3.12/site-packages/pip/_vendor/pyparsing/__pycache__/testing.cpython-312.pyc -> /home/matthieu/ros2_ws/install/web_control/share/web_control/web/stream/webrtc/.venv/lib/python3.12/site-packages/pip/_vendor/pyparsing/__pycache__\n'}
[2.088145] (web_control) StdoutLine: {'line': b'symbolically linking /home/matthieu/ros2_ws/build/web_control/web/stream/webrtc/.venv/lib/python3.12/site-packages/pip/_vendor/pyparsing/diagram/__init__.py -> /home/matthieu/ros2_ws/install/web_control/share/web_control/web/stream/webrtc/.venv/lib/python3.12/site-packages/pip/_vendor/pyparsing/diagram\n'}
[2.088234] (web_control) StdoutLine: {'line': b'symbolically linking /home/matthieu/ros2_ws/build/web_control/web/stream/webrtc/.venv/lib/python3.12/site-packages/pip/_vendor/pyparsing/diagram/__pycache__/__init__.cpython-312.pyc -> /home/matthieu/ros2_ws/install/web_control/share/web_control/web/stream/webrtc/.venv/lib/python3.12/site-packages/pip/_vendor/pyparsing/diagram/__pycache__\n'}
[2.088342] (web_control) StdoutLine: {'line': b'symbolically linking /home/matthieu/ros2_ws/build/web_control/web/stream/webrtc/.venv/lib/python3.12/site-packages/pip/_vendor/distro/distro.py -> /home/matthieu/ros2_ws/install/web_control/share/web_control/web/stream/webrtc/.venv/lib/python3.12/site-packages/pip/_vendor/distro\n'}
[2.088432] (web_control) StdoutLine: {'line': b'symbolically linking /home/matthieu/ros2_ws/build/web_control/web/stream/webrtc/.venv/lib/python3.12/site-packages/pip/_vendor/distro/__main__.py -> /home/matthieu/ros2_ws/install/web_control/share/web_control/web/stream/webrtc/.venv/lib/python3.12/site-packages/pip/_vendor/distro\n'}
[2.088520] (web_control) StdoutLine: {'line': b'symbolically linking /home/matthieu/ros2_ws/build/web_control/web/stream/webrtc/.venv/lib/python3.12/site-packages/pip/_vendor/distro/__init__.py -> /home/matthieu/ros2_ws/install/web_control/share/web_control/web/stream/webrtc/.venv/lib/python3.12/site-packages/pip/_vendor/distro\n'}
[2.088614] (web_control) StdoutLine: {'line': b'symbolically linking /home/matthieu/ros2_ws/build/web_control/web/stream/webrtc/.venv/lib/python3.12/site-packages/pip/_vendor/distro/__pycache__/distro.cpython-312.pyc -> /home/matthieu/ros2_ws/install/web_control/share/web_control/web/stream/webrtc/.venv/lib/python3.12/site-packages/pip/_vendor/distro/__pycache__\n'}
[2.088703] (web_control) StdoutLine: {'line': b'symbolically linking /home/matthieu/ros2_ws/build/web_control/web/stream/webrtc/.venv/lib/python3.12/site-packages/pip/_vendor/distro/__pycache__/__main__.cpython-312.pyc -> /home/matthieu/ros2_ws/install/web_control/share/web_control/web/stream/webrtc/.venv/lib/python3.12/site-packages/pip/_vendor/distro/__pycache__\n'}
[2.088791] (web_control) StdoutLine: {'line': b'symbolically linking /home/matthieu/ros2_ws/build/web_control/web/stream/webrtc/.venv/lib/python3.12/site-packages/pip/_vendor/distro/__pycache__/__init__.cpython-312.pyc -> /home/matthieu/ros2_ws/install/web_control/share/web_control/web/stream/webrtc/.venv/lib/python3.12/site-packages/pip/_vendor/distro/__pycache__\n'}
[2.088877] (web_control) StdoutLine: {'line': b'symbolically linking /home/matthieu/ros2_ws/build/web_control/web/stream/webrtc/.venv/lib/python3.12/site-packages/pip/_vendor/platformdirs/macos.py -> /home/matthieu/ros2_ws/install/web_control/share/web_control/web/stream/webrtc/.venv/lib/python3.12/site-packages/pip/_vendor/platformdirs\n'}
[2.088955] (web_control) StdoutLine: {'line': b'symbolically linking /home/matthieu/ros2_ws/build/web_control/web/stream/webrtc/.venv/lib/python3.12/site-packages/pip/_vendor/platformdirs/unix.py -> /home/matthieu/ros2_ws/install/web_control/share/web_control/web/stream/webrtc/.venv/lib/python3.12/site-packages/pip/_vendor/platformdirs\n'}
[2.089041] (web_control) StdoutLine: {'line': b'symbolically linking /home/matthieu/ros2_ws/build/web_control/web/stream/webrtc/.venv/lib/python3.12/site-packages/pip/_vendor/platformdirs/windows.py -> /home/matthieu/ros2_ws/install/web_control/share/web_control/web/stream/webrtc/.venv/lib/python3.12/site-packages/pip/_vendor/platformdirs\n'}
[2.089120] (web_control) StdoutLine: {'line': b'symbolically linking /home/matthieu/ros2_ws/build/web_control/web/stream/webrtc/.venv/lib/python3.12/site-packages/pip/_vendor/platformdirs/__main__.py -> /home/matthieu/ros2_ws/install/web_control/share/web_control/web/stream/webrtc/.venv/lib/python3.12/site-packages/pip/_vendor/platformdirs\n'}
[2.089216] (web_control) StdoutLine: {'line': b'symbolically linking /home/matthieu/ros2_ws/build/web_control/web/stream/webrtc/.venv/lib/python3.12/site-packages/pip/_vendor/platformdirs/android.py -> /home/matthieu/ros2_ws/install/web_control/share/web_control/web/stream/webrtc/.venv/lib/python3.12/site-packages/pip/_vendor/platformdirs\n'}
[2.089320] (web_control) StdoutLine: {'line': b'symbolically linking /home/matthieu/ros2_ws/build/web_control/web/stream/webrtc/.venv/lib/python3.12/site-packages/pip/_vendor/platformdirs/api.py -> /home/matthieu/ros2_ws/install/web_control/share/web_control/web/stream/webrtc/.venv/lib/python3.12/site-packages/pip/_vendor/platformdirs\n'}
[2.089433] (web_control) StdoutLine: {'line': b'symbolically linking /home/matthieu/ros2_ws/build/web_control/web/stream/webrtc/.venv/lib/python3.12/site-packages/pip/_vendor/platformdirs/version.py -> /home/matthieu/ros2_ws/install/web_control/share/web_control/web/stream/webrtc/.venv/lib/python3.12/site-packages/pip/_vendor/platformdirs\n'}
[2.089500] (web_control) StdoutLine: {'line': b'symbolically linking /home/matthieu/ros2_ws/build/web_control/web/stream/webrtc/.venv/lib/python3.12/site-packages/pip/_vendor/platformdirs/__init__.py -> /home/matthieu/ros2_ws/install/web_control/share/web_control/web/stream/webrtc/.venv/lib/python3.12/site-packages/pip/_vendor/platformdirs\n'}
[2.089586] (web_control) StdoutLine: {'line': b'symbolically linking /home/matthieu/ros2_ws/build/web_control/web/stream/webrtc/.venv/lib/python3.12/site-packages/pip/_vendor/platformdirs/__pycache__/api.cpython-312.pyc -> /home/matthieu/ros2_ws/install/web_control/share/web_control/web/stream/webrtc/.venv/lib/python3.12/site-packages/pip/_vendor/platformdirs/__pycache__\n'}
[2.089674] (web_control) StdoutLine: {'line': b'symbolically linking /home/matthieu/ros2_ws/build/web_control/web/stream/webrtc/.venv/lib/python3.12/site-packages/pip/_vendor/platformdirs/__pycache__/version.cpython-312.pyc -> /home/matthieu/ros2_ws/install/web_control/share/web_control/web/stream/webrtc/.venv/lib/python3.12/site-packages/pip/_vendor/platformdirs/__pycache__\n'}
[2.089798] (web_control) StdoutLine: {'line': b'symbolically linking /home/matthieu/ros2_ws/build/web_control/web/stream/webrtc/.venv/lib/python3.12/site-packages/pip/_vendor/platformdirs/__pycache__/android.cpython-312.pyc -> /home/matthieu/ros2_ws/install/web_control/share/web_control/web/stream/webrtc/.venv/lib/python3.12/site-packages/pip/_vendor/platformdirs/__pycache__\n'}
[2.089871] (web_control) StdoutLine: {'line': b'symbolically linking /home/matthieu/ros2_ws/build/web_control/web/stream/webrtc/.venv/lib/python3.12/site-packages/pip/_vendor/platformdirs/__pycache__/__main__.cpython-312.pyc -> /home/matthieu/ros2_ws/install/web_control/share/web_control/web/stream/webrtc/.venv/lib/python3.12/site-packages/pip/_vendor/platformdirs/__pycache__\n'}
[2.089963] (web_control) StdoutLine: {'line': b'symbolically linking /home/matthieu/ros2_ws/build/web_control/web/stream/webrtc/.venv/lib/python3.12/site-packages/pip/_vendor/platformdirs/__pycache__/macos.cpython-312.pyc -> /home/matthieu/ros2_ws/install/web_control/share/web_control/web/stream/webrtc/.venv/lib/python3.12/site-packages/pip/_vendor/platformdirs/__pycache__\n'}
[2.090047] (web_control) StdoutLine: {'line': b'symbolically linking /home/matthieu/ros2_ws/build/web_control/web/stream/webrtc/.venv/lib/python3.12/site-packages/pip/_vendor/platformdirs/__pycache__/__init__.cpython-312.pyc -> /home/matthieu/ros2_ws/install/web_control/share/web_control/web/stream/webrtc/.venv/lib/python3.12/site-packages/pip/_vendor/platformdirs/__pycache__\n'}
[2.090116] (web_control) StdoutLine: {'line': b'symbolically linking /home/matthieu/ros2_ws/build/web_control/web/stream/webrtc/.venv/lib/python3.12/site-packages/pip/_vendor/platformdirs/__pycache__/unix.cpython-312.pyc -> /home/matthieu/ros2_ws/install/web_control/share/web_control/web/stream/webrtc/.venv/lib/python3.12/site-packages/pip/_vendor/platformdirs/__pycache__\n'}
[2.090210] (web_control) StdoutLine: {'line': b'symbolically linking /home/matthieu/ros2_ws/build/web_control/web/stream/webrtc/.venv/lib/python3.12/site-packages/pip/_vendor/platformdirs/__pycache__/windows.cpython-312.pyc -> /home/matthieu/ros2_ws/install/web_control/share/web_control/web/stream/webrtc/.venv/lib/python3.12/site-packages/pip/_vendor/platformdirs/__pycache__\n'}
[2.090292] (web_control) StdoutLine: {'line': b'symbolically linking /home/matthieu/ros2_ws/build/web_control/web/stream/webrtc/.venv/lib/python3.12/site-packages/pip/_vendor/packaging/_musllinux.py -> /home/matthieu/ros2_ws/install/web_control/share/web_control/web/stream/webrtc/.venv/lib/python3.12/site-packages/pip/_vendor/packaging\n'}
[2.090387] (web_control) StdoutLine: {'line': b'symbolically linking /home/matthieu/ros2_ws/build/web_control/web/stream/webrtc/.venv/lib/python3.12/site-packages/pip/_vendor/packaging/requirements.py -> /home/matthieu/ros2_ws/install/web_control/share/web_control/web/stream/webrtc/.venv/lib/python3.12/site-packages/pip/_vendor/packaging\n'}
[2.090454] (web_control) StdoutLine: {'line': b'symbolically linking /home/matthieu/ros2_ws/build/web_control/web/stream/webrtc/.venv/lib/python3.12/site-packages/pip/_vendor/packaging/specifiers.py -> /home/matthieu/ros2_ws/install/web_control/share/web_control/web/stream/webrtc/.venv/lib/python3.12/site-packages/pip/_vendor/packaging\n'}
[2.090549] (web_control) StdoutLine: {'line': b'symbolically linking /home/matthieu/ros2_ws/build/web_control/web/stream/webrtc/.venv/lib/python3.12/site-packages/pip/_vendor/packaging/__about__.py -> /home/matthieu/ros2_ws/install/web_control/share/web_control/web/stream/webrtc/.venv/lib/python3.12/site-packages/pip/_vendor/packaging\n'}
[2.090633] (web_control) StdoutLine: {'line': b'symbolically linking /home/matthieu/ros2_ws/build/web_control/web/stream/webrtc/.venv/lib/python3.12/site-packages/pip/_vendor/packaging/_manylinux.py -> /home/matthieu/ros2_ws/install/web_control/share/web_control/web/stream/webrtc/.venv/lib/python3.12/site-packages/pip/_vendor/packaging\n'}
[2.090717] (web_control) StdoutLine: {'line': b'symbolically linking /home/matthieu/ros2_ws/build/web_control/web/stream/webrtc/.venv/lib/python3.12/site-packages/pip/_vendor/packaging/markers.py -> /home/matthieu/ros2_ws/install/web_control/share/web_control/web/stream/webrtc/.venv/lib/python3.12/site-packages/pip/_vendor/packaging\n'}
[2.090811] (web_control) StdoutLine: {'line': b'symbolically linking /home/matthieu/ros2_ws/build/web_control/web/stream/webrtc/.venv/lib/python3.12/site-packages/pip/_vendor/packaging/_structures.py -> /home/matthieu/ros2_ws/install/web_control/share/web_control/web/stream/webrtc/.venv/lib/python3.12/site-packages/pip/_vendor/packaging\n'}
[2.090892] (web_control) StdoutLine: {'line': b'symbolically linking /home/matthieu/ros2_ws/build/web_control/web/stream/webrtc/.venv/lib/python3.12/site-packages/pip/_vendor/packaging/tags.py -> /home/matthieu/ros2_ws/install/web_control/share/web_control/web/stream/webrtc/.venv/lib/python3.12/site-packages/pip/_vendor/packaging\n'}
[2.090977] (web_control) StdoutLine: {'line': b'symbolically linking /home/matthieu/ros2_ws/build/web_control/web/stream/webrtc/.venv/lib/python3.12/site-packages/pip/_vendor/packaging/utils.py -> /home/matthieu/ros2_ws/install/web_control/share/web_control/web/stream/webrtc/.venv/lib/python3.12/site-packages/pip/_vendor/packaging\n'}
[2.091079] (web_control) StdoutLine: {'line': b'symbolically linking /home/matthieu/ros2_ws/build/web_control/web/stream/webrtc/.venv/lib/python3.12/site-packages/pip/_vendor/packaging/version.py -> /home/matthieu/ros2_ws/install/web_control/share/web_control/web/stream/webrtc/.venv/lib/python3.12/site-packages/pip/_vendor/packaging\n'}
[2.091157] (web_control) StdoutLine: {'line': b'symbolically linking /home/matthieu/ros2_ws/build/web_control/web/stream/webrtc/.venv/lib/python3.12/site-packages/pip/_vendor/packaging/__init__.py -> /home/matthieu/ros2_ws/install/web_control/share/web_control/web/stream/webrtc/.venv/lib/python3.12/site-packages/pip/_vendor/packaging\n'}
[2.091279] (web_control) StdoutLine: {'line': b'symbolically linking /home/matthieu/ros2_ws/build/web_control/web/stream/webrtc/.venv/lib/python3.12/site-packages/pip/_vendor/packaging/__pycache__/_manylinux.cpython-312.pyc -> /home/matthieu/ros2_ws/install/web_control/share/web_control/web/stream/webrtc/.venv/lib/python3.12/site-packages/pip/_vendor/packaging/__pycache__\n'}
[2.091353] (web_control) StdoutLine: {'line': b'symbolically linking /home/matthieu/ros2_ws/build/web_control/web/stream/webrtc/.venv/lib/python3.12/site-packages/pip/_vendor/packaging/__pycache__/__about__.cpython-312.pyc -> /home/matthieu/ros2_ws/install/web_control/share/web_control/web/stream/webrtc/.venv/lib/python3.12/site-packages/pip/_vendor/packaging/__pycache__\n'}
[2.091447] (web_control) StdoutLine: {'line': b'symbolically linking /home/matthieu/ros2_ws/build/web_control/web/stream/webrtc/.venv/lib/python3.12/site-packages/pip/_vendor/packaging/__pycache__/_musllinux.cpython-312.pyc -> /home/matthieu/ros2_ws/install/web_control/share/web_control/web/stream/webrtc/.venv/lib/python3.12/site-packages/pip/_vendor/packaging/__pycache__\n'}
[2.091517] (web_control) StdoutLine: {'line': b'symbolically linking /home/matthieu/ros2_ws/build/web_control/web/stream/webrtc/.venv/lib/python3.12/site-packages/pip/_vendor/packaging/__pycache__/version.cpython-312.pyc -> /home/matthieu/ros2_ws/install/web_control/share/web_control/web/stream/webrtc/.venv/lib/python3.12/site-packages/pip/_vendor/packaging/__pycache__\n'}
[2.091600] (web_control) StdoutLine: {'line': b'symbolically linking /home/matthieu/ros2_ws/build/web_control/web/stream/webrtc/.venv/lib/python3.12/site-packages/pip/_vendor/packaging/__pycache__/_structures.cpython-312.pyc -> /home/matthieu/ros2_ws/install/web_control/share/web_control/web/stream/webrtc/.venv/lib/python3.12/site-packages/pip/_vendor/packaging/__pycache__\n'}
[2.091694] (web_control) StdoutLine: {'line': b'symbolically linking /home/matthieu/ros2_ws/build/web_control/web/stream/webrtc/.venv/lib/python3.12/site-packages/pip/_vendor/packaging/__pycache__/requirements.cpython-312.pyc -> /home/matthieu/ros2_ws/install/web_control/share/web_control/web/stream/webrtc/.venv/lib/python3.12/site-packages/pip/_vendor/packaging/__pycache__\n'}
[2.091773] (web_control) StdoutLine: {'line': b'symbolically linking /home/matthieu/ros2_ws/build/web_control/web/stream/webrtc/.venv/lib/python3.12/site-packages/pip/_vendor/packaging/__pycache__/tags.cpython-312.pyc -> /home/matthieu/ros2_ws/install/web_control/share/web_control/web/stream/webrtc/.venv/lib/python3.12/site-packages/pip/_vendor/packaging/__pycache__\n'}
[2.091871] (web_control) StdoutLine: {'line': b'symbolically linking /home/matthieu/ros2_ws/build/web_control/web/stream/webrtc/.venv/lib/python3.12/site-packages/pip/_vendor/packaging/__pycache__/__init__.cpython-312.pyc -> /home/matthieu/ros2_ws/install/web_control/share/web_control/web/stream/webrtc/.venv/lib/python3.12/site-packages/pip/_vendor/packaging/__pycache__\n'}
[2.091944] (web_control) StdoutLine: {'line': b'symbolically linking /home/matthieu/ros2_ws/build/web_control/web/stream/webrtc/.venv/lib/python3.12/site-packages/pip/_vendor/packaging/__pycache__/specifiers.cpython-312.pyc -> /home/matthieu/ros2_ws/install/web_control/share/web_control/web/stream/webrtc/.venv/lib/python3.12/site-packages/pip/_vendor/packaging/__pycache__\n'}
[2.092034] (web_control) StdoutLine: {'line': b'symbolically linking /home/matthieu/ros2_ws/build/web_control/web/stream/webrtc/.venv/lib/python3.12/site-packages/pip/_vendor/packaging/__pycache__/markers.cpython-312.pyc -> /home/matthieu/ros2_ws/install/web_control/share/web_control/web/stream/webrtc/.venv/lib/python3.12/site-packages/pip/_vendor/packaging/__pycache__\n'}
[2.092131] (web_control) StdoutLine: {'line': b'symbolically linking /home/matthieu/ros2_ws/build/web_control/web/stream/webrtc/.venv/lib/python3.12/site-packages/pip/_vendor/packaging/__pycache__/utils.cpython-312.pyc -> /home/matthieu/ros2_ws/install/web_control/share/web_control/web/stream/webrtc/.venv/lib/python3.12/site-packages/pip/_vendor/packaging/__pycache__\n'}
[2.092202] (web_control) StdoutLine: {'line': b'symbolically linking /home/matthieu/ros2_ws/build/web_control/web/stream/webrtc/.venv/lib/python3.12/site-packages/pip/_vendor/colorama/ansi.py -> /home/matthieu/ros2_ws/install/web_control/share/web_control/web/stream/webrtc/.venv/lib/python3.12/site-packages/pip/_vendor/colorama\n'}
[2.092307] (web_control) StdoutLine: {'line': b'symbolically linking /home/matthieu/ros2_ws/build/web_control/web/stream/webrtc/.venv/lib/python3.12/site-packages/pip/_vendor/colorama/winterm.py -> /home/matthieu/ros2_ws/install/web_control/share/web_control/web/stream/webrtc/.venv/lib/python3.12/site-packages/pip/_vendor/colorama\n'}
[2.092381] (web_control) StdoutLine: {'line': b'symbolically linking /home/matthieu/ros2_ws/build/web_control/web/stream/webrtc/.venv/lib/python3.12/site-packages/pip/_vendor/colorama/win32.py -> /home/matthieu/ros2_ws/install/web_control/share/web_control/web/stream/webrtc/.venv/lib/python3.12/site-packages/pip/_vendor/colorama\n'}
[2.092477] (web_control) StdoutLine: {'line': b'symbolically linking /home/matthieu/ros2_ws/build/web_control/web/stream/webrtc/.venv/lib/python3.12/site-packages/pip/_vendor/colorama/initialise.py -> /home/matthieu/ros2_ws/install/web_control/share/web_control/web/stream/webrtc/.venv/lib/python3.12/site-packages/pip/_vendor/colorama\n'}
[2.092557] (web_control) StdoutLine: {'line': b'symbolically linking /home/matthieu/ros2_ws/build/web_control/web/stream/webrtc/.venv/lib/python3.12/site-packages/pip/_vendor/colorama/ansitowin32.py -> /home/matthieu/ros2_ws/install/web_control/share/web_control/web/stream/webrtc/.venv/lib/python3.12/site-packages/pip/_vendor/colorama\n'}
[2.092631] (web_control) StdoutLine: {'line': b'symbolically linking /home/matthieu/ros2_ws/build/web_control/web/stream/webrtc/.venv/lib/python3.12/site-packages/pip/_vendor/colorama/__init__.py -> /home/matthieu/ros2_ws/install/web_control/share/web_control/web/stream/webrtc/.venv/lib/python3.12/site-packages/pip/_vendor/colorama\n'}
[2.092740] (web_control) StdoutLine: {'line': b'symbolically linking /home/matthieu/ros2_ws/build/web_control/web/stream/webrtc/.venv/lib/python3.12/site-packages/pip/_vendor/colorama/__pycache__/winterm.cpython-312.pyc -> /home/matthieu/ros2_ws/install/web_control/share/web_control/web/stream/webrtc/.venv/lib/python3.12/site-packages/pip/_vendor/colorama/__pycache__\n'}
[2.092837] (web_control) StdoutLine: {'line': b'symbolically linking /home/matthieu/ros2_ws/build/web_control/web/stream/webrtc/.venv/lib/python3.12/site-packages/pip/_vendor/colorama/__pycache__/win32.cpython-312.pyc -> /home/matthieu/ros2_ws/install/web_control/share/web_control/web/stream/webrtc/.venv/lib/python3.12/site-packages/pip/_vendor/colorama/__pycache__\n'}
[2.092914] (web_control) StdoutLine: {'line': b'symbolically linking /home/matthieu/ros2_ws/build/web_control/web/stream/webrtc/.venv/lib/python3.12/site-packages/pip/_vendor/colorama/__pycache__/ansitowin32.cpython-312.pyc -> /home/matthieu/ros2_ws/install/web_control/share/web_control/web/stream/webrtc/.venv/lib/python3.12/site-packages/pip/_vendor/colorama/__pycache__\n'}
[2.093010] (web_control) StdoutLine: {'line': b'symbolically linking /home/matthieu/ros2_ws/build/web_control/web/stream/webrtc/.venv/lib/python3.12/site-packages/pip/_vendor/colorama/__pycache__/__init__.cpython-312.pyc -> /home/matthieu/ros2_ws/install/web_control/share/web_control/web/stream/webrtc/.venv/lib/python3.12/site-packages/pip/_vendor/colorama/__pycache__\n'}
[2.093083] (web_control) StdoutLine: {'line': b'symbolically linking /home/matthieu/ros2_ws/build/web_control/web/stream/webrtc/.venv/lib/python3.12/site-packages/pip/_vendor/colorama/__pycache__/ansi.cpython-312.pyc -> /home/matthieu/ros2_ws/install/web_control/share/web_control/web/stream/webrtc/.venv/lib/python3.12/site-packages/pip/_vendor/colorama/__pycache__\n'}
[2.093181] (web_control) StdoutLine: {'line': b'symbolically linking /home/matthieu/ros2_ws/build/web_control/web/stream/webrtc/.venv/lib/python3.12/site-packages/pip/_vendor/colorama/__pycache__/initialise.cpython-312.pyc -> /home/matthieu/ros2_ws/install/web_control/share/web_control/web/stream/webrtc/.venv/lib/python3.12/site-packages/pip/_vendor/colorama/__pycache__\n'}
[2.093268] (web_control) StdoutLine: {'line': b'symbolically linking /home/matthieu/ros2_ws/build/web_control/web/stream/webrtc/.venv/lib/python3.12/site-packages/pip/_vendor/colorama/tests/ansi_test.py -> /home/matthieu/ros2_ws/install/web_control/share/web_control/web/stream/webrtc/.venv/lib/python3.12/site-packages/pip/_vendor/colorama/tests\n'}
[2.093385] (web_control) StdoutLine: {'line': b'symbolically linking /home/matthieu/ros2_ws/build/web_control/web/stream/webrtc/.venv/lib/python3.12/site-packages/pip/_vendor/colorama/tests/winterm_test.py -> /home/matthieu/ros2_ws/install/web_control/share/web_control/web/stream/webrtc/.venv/lib/python3.12/site-packages/pip/_vendor/colorama/tests\n'}
[2.093476] (web_control) StdoutLine: {'line': b'symbolically linking /home/matthieu/ros2_ws/build/web_control/web/stream/webrtc/.venv/lib/python3.12/site-packages/pip/_vendor/colorama/tests/isatty_test.py -> /home/matthieu/ros2_ws/install/web_control/share/web_control/web/stream/webrtc/.venv/lib/python3.12/site-packages/pip/_vendor/colorama/tests\n'}
[2.093543] (web_control) StdoutLine: {'line': b'symbolically linking /home/matthieu/ros2_ws/build/web_control/web/stream/webrtc/.venv/lib/python3.12/site-packages/pip/_vendor/colorama/tests/ansitowin32_test.py -> /home/matthieu/ros2_ws/install/web_control/share/web_control/web/stream/webrtc/.venv/lib/python3.12/site-packages/pip/_vendor/colorama/tests\n'}
[2.093623] (web_control) StdoutLine: {'line': b'symbolically linking /home/matthieu/ros2_ws/build/web_control/web/stream/webrtc/.venv/lib/python3.12/site-packages/pip/_vendor/colorama/tests/initialise_test.py -> /home/matthieu/ros2_ws/install/web_control/share/web_control/web/stream/webrtc/.venv/lib/python3.12/site-packages/pip/_vendor/colorama/tests\n'}
[2.093708] (web_control) StdoutLine: {'line': b'symbolically linking /home/matthieu/ros2_ws/build/web_control/web/stream/webrtc/.venv/lib/python3.12/site-packages/pip/_vendor/colorama/tests/utils.py -> /home/matthieu/ros2_ws/install/web_control/share/web_control/web/stream/webrtc/.venv/lib/python3.12/site-packages/pip/_vendor/colorama/tests\n'}
[2.093795] (web_control) StdoutLine: {'line': b'symbolically linking /home/matthieu/ros2_ws/build/web_control/web/stream/webrtc/.venv/lib/python3.12/site-packages/pip/_vendor/colorama/tests/__init__.py -> /home/matthieu/ros2_ws/install/web_control/share/web_control/web/stream/webrtc/.venv/lib/python3.12/site-packages/pip/_vendor/colorama/tests\n'}
[2.093874] (web_control) StdoutLine: {'line': b'symbolically linking /home/matthieu/ros2_ws/build/web_control/web/stream/webrtc/.venv/lib/python3.12/site-packages/pip/_vendor/colorama/tests/__pycache__/ansi_test.cpython-312.pyc -> /home/matthieu/ros2_ws/install/web_control/share/web_control/web/stream/webrtc/.venv/lib/python3.12/site-packages/pip/_vendor/colorama/tests/__pycache__\n'}
[2.093965] (web_control) StdoutLine: {'line': b'symbolically linking /home/matthieu/ros2_ws/build/web_control/web/stream/webrtc/.venv/lib/python3.12/site-packages/pip/_vendor/colorama/tests/__pycache__/winterm_test.cpython-312.pyc -> /home/matthieu/ros2_ws/install/web_control/share/web_control/web/stream/webrtc/.venv/lib/python3.12/site-packages/pip/_vendor/colorama/tests/__pycache__\n'}
[2.094054] (web_control) StdoutLine: {'line': b'symbolically linking /home/matthieu/ros2_ws/build/web_control/web/stream/webrtc/.venv/lib/python3.12/site-packages/pip/_vendor/colorama/tests/__pycache__/ansitowin32_test.cpython-312.pyc -> /home/matthieu/ros2_ws/install/web_control/share/web_control/web/stream/webrtc/.venv/lib/python3.12/site-packages/pip/_vendor/colorama/tests/__pycache__\n'}
[2.094145] (web_control) StdoutLine: {'line': b'symbolically linking /home/matthieu/ros2_ws/build/web_control/web/stream/webrtc/.venv/lib/python3.12/site-packages/pip/_vendor/colorama/tests/__pycache__/isatty_test.cpython-312.pyc -> /home/matthieu/ros2_ws/install/web_control/share/web_control/web/stream/webrtc/.venv/lib/python3.12/site-packages/pip/_vendor/colorama/tests/__pycache__\n'}
[2.094246] (web_control) StdoutLine: {'line': b'symbolically linking /home/matthieu/ros2_ws/build/web_control/web/stream/webrtc/.venv/lib/python3.12/site-packages/pip/_vendor/colorama/tests/__pycache__/__init__.cpython-312.pyc -> /home/matthieu/ros2_ws/install/web_control/share/web_control/web/stream/webrtc/.venv/lib/python3.12/site-packages/pip/_vendor/colorama/tests/__pycache__\n'}
[2.094322] (web_control) StdoutLine: {'line': b'symbolically linking /home/matthieu/ros2_ws/build/web_control/web/stream/webrtc/.venv/lib/python3.12/site-packages/pip/_vendor/colorama/tests/__pycache__/utils.cpython-312.pyc -> /home/matthieu/ros2_ws/install/web_control/share/web_control/web/stream/webrtc/.venv/lib/python3.12/site-packages/pip/_vendor/colorama/tests/__pycache__\n'}
[2.094432] (web_control) StdoutLine: {'line': b'symbolically linking /home/matthieu/ros2_ws/build/web_control/web/stream/webrtc/.venv/lib/python3.12/site-packages/pip/_vendor/colorama/tests/__pycache__/initialise_test.cpython-312.pyc -> /home/matthieu/ros2_ws/install/web_control/share/web_control/web/stream/webrtc/.venv/lib/python3.12/site-packages/pip/_vendor/colorama/tests/__pycache__\n'}
[2.094533] (web_control) StdoutLine: {'line': b'symbolically linking /home/matthieu/ros2_ws/build/web_control/web/stream/webrtc/.venv/lib/python3.12/site-packages/pip/_vendor/tomli/_parser.py -> /home/matthieu/ros2_ws/install/web_control/share/web_control/web/stream/webrtc/.venv/lib/python3.12/site-packages/pip/_vendor/tomli\n'}
[2.094626] (web_control) StdoutLine: {'line': b'symbolically linking /home/matthieu/ros2_ws/build/web_control/web/stream/webrtc/.venv/lib/python3.12/site-packages/pip/_vendor/tomli/_re.py -> /home/matthieu/ros2_ws/install/web_control/share/web_control/web/stream/webrtc/.venv/lib/python3.12/site-packages/pip/_vendor/tomli\n'}
[2.094715] (web_control) StdoutLine: {'line': b'symbolically linking /home/matthieu/ros2_ws/build/web_control/web/stream/webrtc/.venv/lib/python3.12/site-packages/pip/_vendor/tomli/_types.py -> /home/matthieu/ros2_ws/install/web_control/share/web_control/web/stream/webrtc/.venv/lib/python3.12/site-packages/pip/_vendor/tomli\n'}
[2.094814] (web_control) StdoutLine: {'line': b'symbolically linking /home/matthieu/ros2_ws/build/web_control/web/stream/webrtc/.venv/lib/python3.12/site-packages/pip/_vendor/tomli/__init__.py -> /home/matthieu/ros2_ws/install/web_control/share/web_control/web/stream/webrtc/.venv/lib/python3.12/site-packages/pip/_vendor/tomli\n'}
[2.094918] (web_control) StdoutLine: {'line': b'symbolically linking /home/matthieu/ros2_ws/build/web_control/web/stream/webrtc/.venv/lib/python3.12/site-packages/pip/_vendor/tomli/__pycache__/_re.cpython-312.pyc -> /home/matthieu/ros2_ws/install/web_control/share/web_control/web/stream/webrtc/.venv/lib/python3.12/site-packages/pip/_vendor/tomli/__pycache__\n'}
[2.095006] (web_control) StdoutLine: {'line': b'symbolically linking /home/matthieu/ros2_ws/build/web_control/web/stream/webrtc/.venv/lib/python3.12/site-packages/pip/_vendor/tomli/__pycache__/_types.cpython-312.pyc -> /home/matthieu/ros2_ws/install/web_control/share/web_control/web/stream/webrtc/.venv/lib/python3.12/site-packages/pip/_vendor/tomli/__pycache__\n'}
[2.095106] (web_control) StdoutLine: {'line': b'symbolically linking /home/matthieu/ros2_ws/build/web_control/web/stream/webrtc/.venv/lib/python3.12/site-packages/pip/_vendor/tomli/__pycache__/__init__.cpython-312.pyc -> /home/matthieu/ros2_ws/install/web_control/share/web_control/web/stream/webrtc/.venv/lib/python3.12/site-packages/pip/_vendor/tomli/__pycache__\n'}
[2.095190] (web_control) StdoutLine: {'line': b'symbolically linking /home/matthieu/ros2_ws/build/web_control/web/stream/webrtc/.venv/lib/python3.12/site-packages/pip/_vendor/tomli/__pycache__/_parser.cpython-312.pyc -> /home/matthieu/ros2_ws/install/web_control/share/web_control/web/stream/webrtc/.venv/lib/python3.12/site-packages/pip/_vendor/tomli/__pycache__\n'}
[2.095308] (web_control) StdoutLine: {'line': b'symbolically linking /home/matthieu/ros2_ws/build/web_control/web/stream/webrtc/.venv/lib/python3.12/site-packages/pip/_vendor/truststore/_api.py -> /home/matthieu/ros2_ws/install/web_control/share/web_control/web/stream/webrtc/.venv/lib/python3.12/site-packages/pip/_vendor/truststore\n'}
[2.095399] (web_control) StdoutLine: {'line': b'symbolically linking /home/matthieu/ros2_ws/build/web_control/web/stream/webrtc/.venv/lib/python3.12/site-packages/pip/_vendor/truststore/_ssl_constants.py -> /home/matthieu/ros2_ws/install/web_control/share/web_control/web/stream/webrtc/.venv/lib/python3.12/site-packages/pip/_vendor/truststore\n'}
[2.095506] (web_control) StdoutLine: {'line': b'symbolically linking /home/matthieu/ros2_ws/build/web_control/web/stream/webrtc/.venv/lib/python3.12/site-packages/pip/_vendor/truststore/_macos.py -> /home/matthieu/ros2_ws/install/web_control/share/web_control/web/stream/webrtc/.venv/lib/python3.12/site-packages/pip/_vendor/truststore\n'}
[2.095608] (web_control) StdoutLine: {'line': b'symbolically linking /home/matthieu/ros2_ws/build/web_control/web/stream/webrtc/.venv/lib/python3.12/site-packages/pip/_vendor/truststore/_windows.py -> /home/matthieu/ros2_ws/install/web_control/share/web_control/web/stream/webrtc/.venv/lib/python3.12/site-packages/pip/_vendor/truststore\n'}
[2.095710] (web_control) StdoutLine: {'line': b'symbolically linking /home/matthieu/ros2_ws/build/web_control/web/stream/webrtc/.venv/lib/python3.12/site-packages/pip/_vendor/truststore/_openssl.py -> /home/matthieu/ros2_ws/install/web_control/share/web_control/web/stream/webrtc/.venv/lib/python3.12/site-packages/pip/_vendor/truststore\n'}
[2.095819] (web_control) StdoutLine: {'line': b'symbolically linking /home/matthieu/ros2_ws/build/web_control/web/stream/webrtc/.venv/lib/python3.12/site-packages/pip/_vendor/truststore/__init__.py -> /home/matthieu/ros2_ws/install/web_control/share/web_control/web/stream/webrtc/.venv/lib/python3.12/site-packages/pip/_vendor/truststore\n'}
[2.095928] (web_control) StdoutLine: {'line': b'symbolically linking /home/matthieu/ros2_ws/build/web_control/web/stream/webrtc/.venv/lib/python3.12/site-packages/pip/_vendor/truststore/__pycache__/_macos.cpython-312.pyc -> /home/matthieu/ros2_ws/install/web_control/share/web_control/web/stream/webrtc/.venv/lib/python3.12/site-packages/pip/_vendor/truststore/__pycache__\n'}
[2.096032] (web_control) StdoutLine: {'line': b'symbolically linking /home/matthieu/ros2_ws/build/web_control/web/stream/webrtc/.venv/lib/python3.12/site-packages/pip/_vendor/truststore/__pycache__/_api.cpython-312.pyc -> /home/matthieu/ros2_ws/install/web_control/share/web_control/web/stream/webrtc/.venv/lib/python3.12/site-packages/pip/_vendor/truststore/__pycache__\n'}
[2.096135] (web_control) StdoutLine: {'line': b'symbolically linking /home/matthieu/ros2_ws/build/web_control/web/stream/webrtc/.venv/lib/python3.12/site-packages/pip/_vendor/truststore/__pycache__/_windows.cpython-312.pyc -> /home/matthieu/ros2_ws/install/web_control/share/web_control/web/stream/webrtc/.venv/lib/python3.12/site-packages/pip/_vendor/truststore/__pycache__\n'}
[2.096243] (web_control) StdoutLine: {'line': b'symbolically linking /home/matthieu/ros2_ws/build/web_control/web/stream/webrtc/.venv/lib/python3.12/site-packages/pip/_vendor/truststore/__pycache__/_ssl_constants.cpython-312.pyc -> /home/matthieu/ros2_ws/install/web_control/share/web_control/web/stream/webrtc/.venv/lib/python3.12/site-packages/pip/_vendor/truststore/__pycache__\n'}
[2.096358] (web_control) StdoutLine: {'line': b'symbolically linking /home/matthieu/ros2_ws/build/web_control/web/stream/webrtc/.venv/lib/python3.12/site-packages/pip/_vendor/truststore/__pycache__/__init__.cpython-312.pyc -> /home/matthieu/ros2_ws/install/web_control/share/web_control/web/stream/webrtc/.venv/lib/python3.12/site-packages/pip/_vendor/truststore/__pycache__\n'}
[2.096467] (web_control) StdoutLine: {'line': b'symbolically linking /home/matthieu/ros2_ws/build/web_control/web/stream/webrtc/.venv/lib/python3.12/site-packages/pip/_vendor/truststore/__pycache__/_openssl.cpython-312.pyc -> /home/matthieu/ros2_ws/install/web_control/share/web_control/web/stream/webrtc/.venv/lib/python3.12/site-packages/pip/_vendor/truststore/__pycache__\n'}
[2.096571] (web_control) StdoutLine: {'line': b'symbolically linking /home/matthieu/ros2_ws/build/web_control/web/stream/webrtc/.venv/lib/python3.12/site-packages/pip/_vendor/urllib3/request.py -> /home/matthieu/ros2_ws/install/web_control/share/web_control/web/stream/webrtc/.venv/lib/python3.12/site-packages/pip/_vendor/urllib3\n'}
[2.096664] (web_control) StdoutLine: {'line': b'symbolically linking /home/matthieu/ros2_ws/build/web_control/web/stream/webrtc/.venv/lib/python3.12/site-packages/pip/_vendor/urllib3/response.py -> /home/matthieu/ros2_ws/install/web_control/share/web_control/web/stream/webrtc/.venv/lib/python3.12/site-packages/pip/_vendor/urllib3\n'}
[2.096752] (web_control) StdoutLine: {'line': b'symbolically linking /home/matthieu/ros2_ws/build/web_control/web/stream/webrtc/.venv/lib/python3.12/site-packages/pip/_vendor/urllib3/poolmanager.py -> /home/matthieu/ros2_ws/install/web_control/share/web_control/web/stream/webrtc/.venv/lib/python3.12/site-packages/pip/_vendor/urllib3\n'}
[2.096838] (web_control) StdoutLine: {'line': b'symbolically linking /home/matthieu/ros2_ws/build/web_control/web/stream/webrtc/.venv/lib/python3.12/site-packages/pip/_vendor/urllib3/_version.py -> /home/matthieu/ros2_ws/install/web_control/share/web_control/web/stream/webrtc/.venv/lib/python3.12/site-packages/pip/_vendor/urllib3\n'}
[2.096930] (web_control) StdoutLine: {'line': b'symbolically linking /home/matthieu/ros2_ws/build/web_control/web/stream/webrtc/.venv/lib/python3.12/site-packages/pip/_vendor/urllib3/connection.py -> /home/matthieu/ros2_ws/install/web_control/share/web_control/web/stream/webrtc/.venv/lib/python3.12/site-packages/pip/_vendor/urllib3\n'}
[2.097018] (web_control) StdoutLine: {'line': b'symbolically linking /home/matthieu/ros2_ws/build/web_control/web/stream/webrtc/.venv/lib/python3.12/site-packages/pip/_vendor/urllib3/filepost.py -> /home/matthieu/ros2_ws/install/web_control/share/web_control/web/stream/webrtc/.venv/lib/python3.12/site-packages/pip/_vendor/urllib3\n'}
[2.097108] (web_control) StdoutLine: {'line': b'symbolically linking /home/matthieu/ros2_ws/build/web_control/web/stream/webrtc/.venv/lib/python3.12/site-packages/pip/_vendor/urllib3/fields.py -> /home/matthieu/ros2_ws/install/web_control/share/web_control/web/stream/webrtc/.venv/lib/python3.12/site-packages/pip/_vendor/urllib3\n'}
[2.097193] (web_control) StdoutLine: {'line': b'symbolically linking /home/matthieu/ros2_ws/build/web_control/web/stream/webrtc/.venv/lib/python3.12/site-packages/pip/_vendor/urllib3/exceptions.py -> /home/matthieu/ros2_ws/install/web_control/share/web_control/web/stream/webrtc/.venv/lib/python3.12/site-packages/pip/_vendor/urllib3\n'}
[2.097284] (web_control) StdoutLine: {'line': b'symbolically linking /home/matthieu/ros2_ws/build/web_control/web/stream/webrtc/.venv/lib/python3.12/site-packages/pip/_vendor/urllib3/_collections.py -> /home/matthieu/ros2_ws/install/web_control/share/web_control/web/stream/webrtc/.venv/lib/python3.12/site-packages/pip/_vendor/urllib3\n'}
[2.097394] (web_control) StdoutLine: {'line': b'symbolically linking /home/matthieu/ros2_ws/build/web_control/web/stream/webrtc/.venv/lib/python3.12/site-packages/pip/_vendor/urllib3/connectionpool.py -> /home/matthieu/ros2_ws/install/web_control/share/web_control/web/stream/webrtc/.venv/lib/python3.12/site-packages/pip/_vendor/urllib3\n'}
[2.097484] (web_control) StdoutLine: {'line': b'symbolically linking /home/matthieu/ros2_ws/build/web_control/web/stream/webrtc/.venv/lib/python3.12/site-packages/pip/_vendor/urllib3/__init__.py -> /home/matthieu/ros2_ws/install/web_control/share/web_control/web/stream/webrtc/.venv/lib/python3.12/site-packages/pip/_vendor/urllib3\n'}
[2.097571] (web_control) StdoutLine: {'line': b'symbolically linking /home/matthieu/ros2_ws/build/web_control/web/stream/webrtc/.venv/lib/python3.12/site-packages/pip/_vendor/urllib3/util/request.py -> /home/matthieu/ros2_ws/install/web_control/share/web_control/web/stream/webrtc/.venv/lib/python3.12/site-packages/pip/_vendor/urllib3/util\n'}
[2.097660] (web_control) StdoutLine: {'line': b'symbolically linking /home/matthieu/ros2_ws/build/web_control/web/stream/webrtc/.venv/lib/python3.12/site-packages/pip/_vendor/urllib3/util/ssl_.py -> /home/matthieu/ros2_ws/install/web_control/share/web_control/web/stream/webrtc/.venv/lib/python3.12/site-packages/pip/_vendor/urllib3/util\n'}
[2.097746] (web_control) StdoutLine: {'line': b'symbolically linking /home/matthieu/ros2_ws/build/web_control/web/stream/webrtc/.venv/lib/python3.12/site-packages/pip/_vendor/urllib3/util/response.py -> /home/matthieu/ros2_ws/install/web_control/share/web_control/web/stream/webrtc/.venv/lib/python3.12/site-packages/pip/_vendor/urllib3/util\n'}
[2.097832] (web_control) StdoutLine: {'line': b'symbolically linking /home/matthieu/ros2_ws/build/web_control/web/stream/webrtc/.venv/lib/python3.12/site-packages/pip/_vendor/urllib3/util/ssltransport.py -> /home/matthieu/ros2_ws/install/web_control/share/web_control/web/stream/webrtc/.venv/lib/python3.12/site-packages/pip/_vendor/urllib3/util\n'}
[2.097928] (web_control) StdoutLine: {'line': b'symbolically linking /home/matthieu/ros2_ws/build/web_control/web/stream/webrtc/.venv/lib/python3.12/site-packages/pip/_vendor/urllib3/util/timeout.py -> /home/matthieu/ros2_ws/install/web_control/share/web_control/web/stream/webrtc/.venv/lib/python3.12/site-packages/pip/_vendor/urllib3/util\n'}
[2.098019] (web_control) StdoutLine: {'line': b'symbolically linking /home/matthieu/ros2_ws/build/web_control/web/stream/webrtc/.venv/lib/python3.12/site-packages/pip/_vendor/urllib3/util/wait.py -> /home/matthieu/ros2_ws/install/web_control/share/web_control/web/stream/webrtc/.venv/lib/python3.12/site-packages/pip/_vendor/urllib3/util\n'}
[2.098086] (web_control) StdoutLine: {'line': b'symbolically linking /home/matthieu/ros2_ws/build/web_control/web/stream/webrtc/.venv/lib/python3.12/site-packages/pip/_vendor/urllib3/util/connection.py -> /home/matthieu/ros2_ws/install/web_control/share/web_control/web/stream/webrtc/.venv/lib/python3.12/site-packages/pip/_vendor/urllib3/util\n'}
[2.098181] (web_control) StdoutLine: {'line': b'symbolically linking /home/matthieu/ros2_ws/build/web_control/web/stream/webrtc/.venv/lib/python3.12/site-packages/pip/_vendor/urllib3/util/queue.py -> /home/matthieu/ros2_ws/install/web_control/share/web_control/web/stream/webrtc/.venv/lib/python3.12/site-packages/pip/_vendor/urllib3/util\n'}
[2.098253] (web_control) StdoutLine: {'line': b'symbolically linking /home/matthieu/ros2_ws/build/web_control/web/stream/webrtc/.venv/lib/python3.12/site-packages/pip/_vendor/urllib3/util/ssl_match_hostname.py -> /home/matthieu/ros2_ws/install/web_control/share/web_control/web/stream/webrtc/.venv/lib/python3.12/site-packages/pip/_vendor/urllib3/util\n'}
[2.098362] (web_control) StdoutLine: {'line': b'symbolically linking /home/matthieu/ros2_ws/build/web_control/web/stream/webrtc/.venv/lib/python3.12/site-packages/pip/_vendor/urllib3/util/proxy.py -> /home/matthieu/ros2_ws/install/web_control/share/web_control/web/stream/webrtc/.venv/lib/python3.12/site-packages/pip/_vendor/urllib3/util\n'}
[2.098483] (web_control) StdoutLine: {'line': b'symbolically linking /home/matthieu/ros2_ws/build/web_control/web/stream/webrtc/.venv/lib/python3.12/site-packages/pip/_vendor/urllib3/util/retry.py -> /home/matthieu/ros2_ws/install/web_control/share/web_control/web/stream/webrtc/.venv/lib/python3.12/site-packages/pip/_vendor/urllib3/util\n'}
[2.098582] (web_control) StdoutLine: {'line': b'symbolically linking /home/matthieu/ros2_ws/build/web_control/web/stream/webrtc/.venv/lib/python3.12/site-packages/pip/_vendor/urllib3/util/url.py -> /home/matthieu/ros2_ws/install/web_control/share/web_control/web/stream/webrtc/.venv/lib/python3.12/site-packages/pip/_vendor/urllib3/util\n'}
[2.098673] (web_control) StdoutLine: {'line': b'symbolically linking /home/matthieu/ros2_ws/build/web_control/web/stream/webrtc/.venv/lib/python3.12/site-packages/pip/_vendor/urllib3/util/__init__.py -> /home/matthieu/ros2_ws/install/web_control/share/web_control/web/stream/webrtc/.venv/lib/python3.12/site-packages/pip/_vendor/urllib3/util\n'}
[2.098758] (web_control) StdoutLine: {'line': b'symbolically linking /home/matthieu/ros2_ws/build/web_control/web/stream/webrtc/.venv/lib/python3.12/site-packages/pip/_vendor/urllib3/util/__pycache__/timeout.cpython-312.pyc -> /home/matthieu/ros2_ws/install/web_control/share/web_control/web/stream/webrtc/.venv/lib/python3.12/site-packages/pip/_vendor/urllib3/util/__pycache__\n'}
[2.098867] (web_control) StdoutLine: {'line': b'symbolically linking /home/matthieu/ros2_ws/build/web_control/web/stream/webrtc/.venv/lib/python3.12/site-packages/pip/_vendor/urllib3/util/__pycache__/response.cpython-312.pyc -> /home/matthieu/ros2_ws/install/web_control/share/web_control/web/stream/webrtc/.venv/lib/python3.12/site-packages/pip/_vendor/urllib3/util/__pycache__\n'}
[2.098958] (web_control) StdoutLine: {'line': b'symbolically linking /home/matthieu/ros2_ws/build/web_control/web/stream/webrtc/.venv/lib/python3.12/site-packages/pip/_vendor/urllib3/util/__pycache__/ssl_.cpython-312.pyc -> /home/matthieu/ros2_ws/install/web_control/share/web_control/web/stream/webrtc/.venv/lib/python3.12/site-packages/pip/_vendor/urllib3/util/__pycache__\n'}
[2.099073] (web_control) StdoutLine: {'line': b'symbolically linking /home/matthieu/ros2_ws/build/web_control/web/stream/webrtc/.venv/lib/python3.12/site-packages/pip/_vendor/urllib3/util/__pycache__/request.cpython-312.pyc -> /home/matthieu/ros2_ws/install/web_control/share/web_control/web/stream/webrtc/.venv/lib/python3.12/site-packages/pip/_vendor/urllib3/util/__pycache__\n'}
[2.099148] (web_control) StdoutLine: {'line': b'symbolically linking /home/matthieu/ros2_ws/build/web_control/web/stream/webrtc/.venv/lib/python3.12/site-packages/pip/_vendor/urllib3/util/__pycache__/url.cpython-312.pyc -> /home/matthieu/ros2_ws/install/web_control/share/web_control/web/stream/webrtc/.venv/lib/python3.12/site-packages/pip/_vendor/urllib3/util/__pycache__\n'}
[2.099353] (web_control) StdoutLine: {'line': b'symbolically linking /home/matthieu/ros2_ws/build/web_control/web/stream/webrtc/.venv/lib/python3.12/site-packages/pip/_vendor/urllib3/util/__pycache__/connection.cpython-312.pyc -> /home/matthieu/ros2_ws/install/web_control/share/web_control/web/stream/webrtc/.venv/lib/python3.12/site-packages/pip/_vendor/urllib3/util/__pycache__\n'}
[2.099610] (web_control) StdoutLine: {'line': b'symbolically linking /home/matthieu/ros2_ws/build/web_control/web/stream/webrtc/.venv/lib/python3.12/site-packages/pip/_vendor/urllib3/util/__pycache__/proxy.cpython-312.pyc -> /home/matthieu/ros2_ws/install/web_control/share/web_control/web/stream/webrtc/.venv/lib/python3.12/site-packages/pip/_vendor/urllib3/util/__pycache__\n'}
[2.099773] (web_control) StdoutLine: {'line': b'symbolically linking /home/matthieu/ros2_ws/build/web_control/web/stream/webrtc/.venv/lib/python3.12/site-packages/pip/_vendor/urllib3/util/__pycache__/ssltransport.cpython-312.pyc -> /home/matthieu/ros2_ws/install/web_control/share/web_control/web/stream/webrtc/.venv/lib/python3.12/site-packages/pip/_vendor/urllib3/util/__pycache__\n'}
[2.099881] (web_control) StdoutLine: {'line': b'symbolically linking /home/matthieu/ros2_ws/build/web_control/web/stream/webrtc/.venv/lib/python3.12/site-packages/pip/_vendor/urllib3/util/__pycache__/ssl_match_hostname.cpython-312.pyc -> /home/matthieu/ros2_ws/install/web_control/share/web_control/web/stream/webrtc/.venv/lib/python3.12/site-packages/pip/_vendor/urllib3/util/__pycache__\n'}
[2.099976] (web_control) StdoutLine: {'line': b'symbolically linking /home/matthieu/ros2_ws/build/web_control/web/stream/webrtc/.venv/lib/python3.12/site-packages/pip/_vendor/urllib3/util/__pycache__/queue.cpython-312.pyc -> /home/matthieu/ros2_ws/install/web_control/share/web_control/web/stream/webrtc/.venv/lib/python3.12/site-packages/pip/_vendor/urllib3/util/__pycache__\n'}
[2.100098] (web_control) StdoutLine: {'line': b'symbolically linking /home/matthieu/ros2_ws/build/web_control/web/stream/webrtc/.venv/lib/python3.12/site-packages/pip/_vendor/urllib3/util/__pycache__/wait.cpython-312.pyc -> /home/matthieu/ros2_ws/install/web_control/share/web_control/web/stream/webrtc/.venv/lib/python3.12/site-packages/pip/_vendor/urllib3/util/__pycache__\n'}
[2.100178] (web_control) StdoutLine: {'line': b'symbolically linking /home/matthieu/ros2_ws/build/web_control/web/stream/webrtc/.venv/lib/python3.12/site-packages/pip/_vendor/urllib3/util/__pycache__/retry.cpython-312.pyc -> /home/matthieu/ros2_ws/install/web_control/share/web_control/web/stream/webrtc/.venv/lib/python3.12/site-packages/pip/_vendor/urllib3/util/__pycache__\n'}
[2.100308] (web_control) StdoutLine: {'line': b'symbolically linking /home/matthieu/ros2_ws/build/web_control/web/stream/webrtc/.venv/lib/python3.12/site-packages/pip/_vendor/urllib3/util/__pycache__/__init__.cpython-312.pyc -> /home/matthieu/ros2_ws/install/web_control/share/web_control/web/stream/webrtc/.venv/lib/python3.12/site-packages/pip/_vendor/urllib3/util/__pycache__\n'}
[2.100393] (web_control) StdoutLine: {'line': b'symbolically linking /home/matthieu/ros2_ws/build/web_control/web/stream/webrtc/.venv/lib/python3.12/site-packages/pip/_vendor/urllib3/__pycache__/response.cpython-312.pyc -> /home/matthieu/ros2_ws/install/web_control/share/web_control/web/stream/webrtc/.venv/lib/python3.12/site-packages/pip/_vendor/urllib3/__pycache__\n'}
[2.100518] (web_control) StdoutLine: {'line': b'symbolically linking /home/matthieu/ros2_ws/build/web_control/web/stream/webrtc/.venv/lib/python3.12/site-packages/pip/_vendor/urllib3/__pycache__/_collections.cpython-312.pyc -> /home/matthieu/ros2_ws/install/web_control/share/web_control/web/stream/webrtc/.venv/lib/python3.12/site-packages/pip/_vendor/urllib3/__pycache__\n'}
[2.100629] (web_control) StdoutLine: {'line': b'symbolically linking /home/matthieu/ros2_ws/build/web_control/web/stream/webrtc/.venv/lib/python3.12/site-packages/pip/_vendor/urllib3/__pycache__/request.cpython-312.pyc -> /home/matthieu/ros2_ws/install/web_control/share/web_control/web/stream/webrtc/.venv/lib/python3.12/site-packages/pip/_vendor/urllib3/__pycache__\n'}
[2.100706] (web_control) StdoutLine: {'line': b'symbolically linking /home/matthieu/ros2_ws/build/web_control/web/stream/webrtc/.venv/lib/python3.12/site-packages/pip/_vendor/urllib3/__pycache__/connection.cpython-312.pyc -> /home/matthieu/ros2_ws/install/web_control/share/web_control/web/stream/webrtc/.venv/lib/python3.12/site-packages/pip/_vendor/urllib3/__pycache__\n'}
[2.100819] (web_control) StdoutLine: {'line': b'symbolically linking /home/matthieu/ros2_ws/build/web_control/web/stream/webrtc/.venv/lib/python3.12/site-packages/pip/_vendor/urllib3/__pycache__/_version.cpython-312.pyc -> /home/matthieu/ros2_ws/install/web_control/share/web_control/web/stream/webrtc/.venv/lib/python3.12/site-packages/pip/_vendor/urllib3/__pycache__\n'}
[2.100908] (web_control) StdoutLine: {'line': b'symbolically linking /home/matthieu/ros2_ws/build/web_control/web/stream/webrtc/.venv/lib/python3.12/site-packages/pip/_vendor/urllib3/__pycache__/connectionpool.cpython-312.pyc -> /home/matthieu/ros2_ws/install/web_control/share/web_control/web/stream/webrtc/.venv/lib/python3.12/site-packages/pip/_vendor/urllib3/__pycache__\n'}
[2.101017] (web_control) StdoutLine: {'line': b'symbolically linking /home/matthieu/ros2_ws/build/web_control/web/stream/webrtc/.venv/lib/python3.12/site-packages/pip/_vendor/urllib3/__pycache__/poolmanager.cpython-312.pyc -> /home/matthieu/ros2_ws/install/web_control/share/web_control/web/stream/webrtc/.venv/lib/python3.12/site-packages/pip/_vendor/urllib3/__pycache__\n'}
[2.101110] (web_control) StdoutLine: {'line': b'symbolically linking /home/matthieu/ros2_ws/build/web_control/web/stream/webrtc/.venv/lib/python3.12/site-packages/pip/_vendor/urllib3/__pycache__/exceptions.cpython-312.pyc -> /home/matthieu/ros2_ws/install/web_control/share/web_control/web/stream/webrtc/.venv/lib/python3.12/site-packages/pip/_vendor/urllib3/__pycache__\n'}
[2.101235] (web_control) StdoutLine: {'line': b'symbolically linking /home/matthieu/ros2_ws/build/web_control/web/stream/webrtc/.venv/lib/python3.12/site-packages/pip/_vendor/urllib3/__pycache__/filepost.cpython-312.pyc -> /home/matthieu/ros2_ws/install/web_control/share/web_control/web/stream/webrtc/.venv/lib/python3.12/site-packages/pip/_vendor/urllib3/__pycache__\n'}
[2.101348] (web_control) StdoutLine: {'line': b'symbolically linking /home/matthieu/ros2_ws/build/web_control/web/stream/webrtc/.venv/lib/python3.12/site-packages/pip/_vendor/urllib3/__pycache__/__init__.cpython-312.pyc -> /home/matthieu/ros2_ws/install/web_control/share/web_control/web/stream/webrtc/.venv/lib/python3.12/site-packages/pip/_vendor/urllib3/__pycache__\n'}
[2.101479] (web_control) StdoutLine: {'line': b'symbolically linking /home/matthieu/ros2_ws/build/web_control/web/stream/webrtc/.venv/lib/python3.12/site-packages/pip/_vendor/urllib3/__pycache__/fields.cpython-312.pyc -> /home/matthieu/ros2_ws/install/web_control/share/web_control/web/stream/webrtc/.venv/lib/python3.12/site-packages/pip/_vendor/urllib3/__pycache__\n'}
[2.101589] (web_control) StdoutLine: {'line': b'symbolically linking /home/matthieu/ros2_ws/build/web_control/web/stream/webrtc/.venv/lib/python3.12/site-packages/pip/_vendor/urllib3/contrib/pyopenssl.py -> /home/matthieu/ros2_ws/install/web_control/share/web_control/web/stream/webrtc/.venv/lib/python3.12/site-packages/pip/_vendor/urllib3/contrib\n'}
[2.101668] (web_control) StdoutLine: {'line': b'symbolically linking /home/matthieu/ros2_ws/build/web_control/web/stream/webrtc/.venv/lib/python3.12/site-packages/pip/_vendor/urllib3/contrib/_appengine_environ.py -> /home/matthieu/ros2_ws/install/web_control/share/web_control/web/stream/webrtc/.venv/lib/python3.12/site-packages/pip/_vendor/urllib3/contrib\n'}
[2.101776] (web_control) StdoutLine: {'line': b'symbolically linking /home/matthieu/ros2_ws/build/web_control/web/stream/webrtc/.venv/lib/python3.12/site-packages/pip/_vendor/urllib3/contrib/appengine.py -> /home/matthieu/ros2_ws/install/web_control/share/web_control/web/stream/webrtc/.venv/lib/python3.12/site-packages/pip/_vendor/urllib3/contrib\n'}
[2.101875] (web_control) StdoutLine: {'line': b'symbolically linking /home/matthieu/ros2_ws/build/web_control/web/stream/webrtc/.venv/lib/python3.12/site-packages/pip/_vendor/urllib3/contrib/socks.py -> /home/matthieu/ros2_ws/install/web_control/share/web_control/web/stream/webrtc/.venv/lib/python3.12/site-packages/pip/_vendor/urllib3/contrib\n'}
[2.102016] (web_control) StdoutLine: {'line': b'symbolically linking /home/matthieu/ros2_ws/build/web_control/web/stream/webrtc/.venv/lib/python3.12/site-packages/pip/_vendor/urllib3/contrib/securetransport.py -> /home/matthieu/ros2_ws/install/web_control/share/web_control/web/stream/webrtc/.venv/lib/python3.12/site-packages/pip/_vendor/urllib3/contrib\n'}
[2.102131] (web_control) StdoutLine: {'line': b'symbolically linking /home/matthieu/ros2_ws/build/web_control/web/stream/webrtc/.venv/lib/python3.12/site-packages/pip/_vendor/urllib3/contrib/ntlmpool.py -> /home/matthieu/ros2_ws/install/web_control/share/web_control/web/stream/webrtc/.venv/lib/python3.12/site-packages/pip/_vendor/urllib3/contrib\n'}
[2.102223] (web_control) StdoutLine: {'line': b'symbolically linking /home/matthieu/ros2_ws/build/web_control/web/stream/webrtc/.venv/lib/python3.12/site-packages/pip/_vendor/urllib3/contrib/__init__.py -> /home/matthieu/ros2_ws/install/web_control/share/web_control/web/stream/webrtc/.venv/lib/python3.12/site-packages/pip/_vendor/urllib3/contrib\n'}
[2.102439] (web_control) StdoutLine: {'line': b'symbolically linking /home/matthieu/ros2_ws/build/web_control/web/stream/webrtc/.venv/lib/python3.12/site-packages/pip/_vendor/urllib3/contrib/__pycache__/ntlmpool.cpython-312.pyc -> /home/matthieu/ros2_ws/install/web_control/share/web_control/web/stream/webrtc/.venv/lib/python3.12/site-packages/pip/_vendor/urllib3/contrib/__pycache__\n'}
[2.102756] (web_control) StdoutLine: {'line': b'symbolically linking /home/matthieu/ros2_ws/build/web_control/web/stream/webrtc/.venv/lib/python3.12/site-packages/pip/_vendor/urllib3/contrib/__pycache__/socks.cpython-312.pyc -> /home/matthieu/ros2_ws/install/web_control/share/web_control/web/stream/webrtc/.venv/lib/python3.12/site-packages/pip/_vendor/urllib3/contrib/__pycache__\n'}
[2.102847] (web_control) StdoutLine: {'line': b'symbolically linking /home/matthieu/ros2_ws/build/web_control/web/stream/webrtc/.venv/lib/python3.12/site-packages/pip/_vendor/urllib3/contrib/__pycache__/securetransport.cpython-312.pyc -> /home/matthieu/ros2_ws/install/web_control/share/web_control/web/stream/webrtc/.venv/lib/python3.12/site-packages/pip/_vendor/urllib3/contrib/__pycache__\n'}
[2.102963] (web_control) StdoutLine: {'line': b'symbolically linking /home/matthieu/ros2_ws/build/web_control/web/stream/webrtc/.venv/lib/python3.12/site-packages/pip/_vendor/urllib3/contrib/__pycache__/_appengine_environ.cpython-312.pyc -> /home/matthieu/ros2_ws/install/web_control/share/web_control/web/stream/webrtc/.venv/lib/python3.12/site-packages/pip/_vendor/urllib3/contrib/__pycache__\n'}
[2.103044] (web_control) StdoutLine: {'line': b'symbolically linking /home/matthieu/ros2_ws/build/web_control/web/stream/webrtc/.venv/lib/python3.12/site-packages/pip/_vendor/urllib3/contrib/__pycache__/pyopenssl.cpython-312.pyc -> /home/matthieu/ros2_ws/install/web_control/share/web_control/web/stream/webrtc/.venv/lib/python3.12/site-packages/pip/_vendor/urllib3/contrib/__pycache__\n'}
[2.103136] (web_control) StdoutLine: {'line': b'symbolically linking /home/matthieu/ros2_ws/build/web_control/web/stream/webrtc/.venv/lib/python3.12/site-packages/pip/_vendor/urllib3/contrib/__pycache__/appengine.cpython-312.pyc -> /home/matthieu/ros2_ws/install/web_control/share/web_control/web/stream/webrtc/.venv/lib/python3.12/site-packages/pip/_vendor/urllib3/contrib/__pycache__\n'}
[2.103249] (web_control) StdoutLine: {'line': b'symbolically linking /home/matthieu/ros2_ws/build/web_control/web/stream/webrtc/.venv/lib/python3.12/site-packages/pip/_vendor/urllib3/contrib/__pycache__/__init__.cpython-312.pyc -> /home/matthieu/ros2_ws/install/web_control/share/web_control/web/stream/webrtc/.venv/lib/python3.12/site-packages/pip/_vendor/urllib3/contrib/__pycache__\n'}
[2.103416] (web_control) StdoutLine: {'line': b'symbolically linking /home/matthieu/ros2_ws/build/web_control/web/stream/webrtc/.venv/lib/python3.12/site-packages/pip/_vendor/urllib3/contrib/_securetransport/bindings.py -> /home/matthieu/ros2_ws/install/web_control/share/web_control/web/stream/webrtc/.venv/lib/python3.12/site-packages/pip/_vendor/urllib3/contrib/_securetransport\n'}
[2.103711] (web_control) StdoutLine: {'line': b'symbolically linking /home/matthieu/ros2_ws/build/web_control/web/stream/webrtc/.venv/lib/python3.12/site-packages/pip/_vendor/urllib3/contrib/_securetransport/low_level.py -> /home/matthieu/ros2_ws/install/web_control/share/web_control/web/stream/webrtc/.venv/lib/python3.12/site-packages/pip/_vendor/urllib3/contrib/_securetransport\n'}
[2.103803] (web_control) StdoutLine: {'line': b'symbolically linking /home/matthieu/ros2_ws/build/web_control/web/stream/webrtc/.venv/lib/python3.12/site-packages/pip/_vendor/urllib3/contrib/_securetransport/__init__.py -> /home/matthieu/ros2_ws/install/web_control/share/web_control/web/stream/webrtc/.venv/lib/python3.12/site-packages/pip/_vendor/urllib3/contrib/_securetransport\n'}
[2.103933] (web_control) StdoutLine: {'line': b'symbolically linking /home/matthieu/ros2_ws/build/web_control/web/stream/webrtc/.venv/lib/python3.12/site-packages/pip/_vendor/urllib3/contrib/_securetransport/__pycache__/low_level.cpython-312.pyc -> /home/matthieu/ros2_ws/install/web_control/share/web_control/web/stream/webrtc/.venv/lib/python3.12/site-packages/pip/_vendor/urllib3/contrib/_securetransport/__pycache__\n'}
[2.104017] (web_control) StdoutLine: {'line': b'symbolically linking /home/matthieu/ros2_ws/build/web_control/web/stream/webrtc/.venv/lib/python3.12/site-packages/pip/_vendor/urllib3/contrib/_securetransport/__pycache__/bindings.cpython-312.pyc -> /home/matthieu/ros2_ws/install/web_control/share/web_control/web/stream/webrtc/.venv/lib/python3.12/site-packages/pip/_vendor/urllib3/contrib/_securetransport/__pycache__\n'}
[2.104137] (web_control) StdoutLine: {'line': b'symbolically linking /home/matthieu/ros2_ws/build/web_control/web/stream/webrtc/.venv/lib/python3.12/site-packages/pip/_vendor/urllib3/contrib/_securetransport/__pycache__/__init__.cpython-312.pyc -> /home/matthieu/ros2_ws/install/web_control/share/web_control/web/stream/webrtc/.venv/lib/python3.12/site-packages/pip/_vendor/urllib3/contrib/_securetransport/__pycache__\n'}
[2.104217] (web_control) StdoutLine: {'line': b'symbolically linking /home/matthieu/ros2_ws/build/web_control/web/stream/webrtc/.venv/lib/python3.12/site-packages/pip/_vendor/urllib3/packages/six.py -> /home/matthieu/ros2_ws/install/web_control/share/web_control/web/stream/webrtc/.venv/lib/python3.12/site-packages/pip/_vendor/urllib3/packages\n'}
[2.104342] (web_control) StdoutLine: {'line': b'symbolically linking /home/matthieu/ros2_ws/build/web_control/web/stream/webrtc/.venv/lib/python3.12/site-packages/pip/_vendor/urllib3/packages/__init__.py -> /home/matthieu/ros2_ws/install/web_control/share/web_control/web/stream/webrtc/.venv/lib/python3.12/site-packages/pip/_vendor/urllib3/packages\n'}
[2.104448] (web_control) StdoutLine: {'line': b'symbolically linking /home/matthieu/ros2_ws/build/web_control/web/stream/webrtc/.venv/lib/python3.12/site-packages/pip/_vendor/urllib3/packages/backports/weakref_finalize.py -> /home/matthieu/ros2_ws/install/web_control/share/web_control/web/stream/webrtc/.venv/lib/python3.12/site-packages/pip/_vendor/urllib3/packages/backports\n'}
[2.104547] (web_control) StdoutLine: {'line': b'symbolically linking /home/matthieu/ros2_ws/build/web_control/web/stream/webrtc/.venv/lib/python3.12/site-packages/pip/_vendor/urllib3/packages/backports/makefile.py -> /home/matthieu/ros2_ws/install/web_control/share/web_control/web/stream/webrtc/.venv/lib/python3.12/site-packages/pip/_vendor/urllib3/packages/backports\n'}
[2.104631] (web_control) StdoutLine: {'line': b'symbolically linking /home/matthieu/ros2_ws/build/web_control/web/stream/webrtc/.venv/lib/python3.12/site-packages/pip/_vendor/urllib3/packages/backports/__init__.py -> /home/matthieu/ros2_ws/install/web_control/share/web_control/web/stream/webrtc/.venv/lib/python3.12/site-packages/pip/_vendor/urllib3/packages/backports\n'}
[2.104738] (web_control) StdoutLine: {'line': b'symbolically linking /home/matthieu/ros2_ws/build/web_control/web/stream/webrtc/.venv/lib/python3.12/site-packages/pip/_vendor/urllib3/packages/backports/__pycache__/makefile.cpython-312.pyc -> /home/matthieu/ros2_ws/install/web_control/share/web_control/web/stream/webrtc/.venv/lib/python3.12/site-packages/pip/_vendor/urllib3/packages/backports/__pycache__\n'}
[2.104824] (web_control) StdoutLine: {'line': b'symbolically linking /home/matthieu/ros2_ws/build/web_control/web/stream/webrtc/.venv/lib/python3.12/site-packages/pip/_vendor/urllib3/packages/backports/__pycache__/weakref_finalize.cpython-312.pyc -> /home/matthieu/ros2_ws/install/web_control/share/web_control/web/stream/webrtc/.venv/lib/python3.12/site-packages/pip/_vendor/urllib3/packages/backports/__pycache__\n'}
[2.104942] (web_control) StdoutLine: {'line': b'symbolically linking /home/matthieu/ros2_ws/build/web_control/web/stream/webrtc/.venv/lib/python3.12/site-packages/pip/_vendor/urllib3/packages/backports/__pycache__/__init__.cpython-312.pyc -> /home/matthieu/ros2_ws/install/web_control/share/web_control/web/stream/webrtc/.venv/lib/python3.12/site-packages/pip/_vendor/urllib3/packages/backports/__pycache__\n'}
[2.105030] (web_control) StdoutLine: {'line': b'symbolically linking /home/matthieu/ros2_ws/build/web_control/web/stream/webrtc/.venv/lib/python3.12/site-packages/pip/_vendor/urllib3/packages/__pycache__/six.cpython-312.pyc -> /home/matthieu/ros2_ws/install/web_control/share/web_control/web/stream/webrtc/.venv/lib/python3.12/site-packages/pip/_vendor/urllib3/packages/__pycache__\n'}
[2.105158] (web_control) StdoutLine: {'line': b'symbolically linking /home/matthieu/ros2_ws/build/web_control/web/stream/webrtc/.venv/lib/python3.12/site-packages/pip/_vendor/urllib3/packages/__pycache__/__init__.cpython-312.pyc -> /home/matthieu/ros2_ws/install/web_control/share/web_control/web/stream/webrtc/.venv/lib/python3.12/site-packages/pip/_vendor/urllib3/packages/__pycache__\n'}
[2.105236] (web_control) StdoutLine: {'line': b'symbolically linking /home/matthieu/ros2_ws/build/web_control/web/stream/webrtc/.venv/lib/python3.12/site-packages/pip/_internal/configuration.py -> /home/matthieu/ros2_ws/install/web_control/share/web_control/web/stream/webrtc/.venv/lib/python3.12/site-packages/pip/_internal\n'}
[2.105381] (web_control) StdoutLine: {'line': b'symbolically linking /home/matthieu/ros2_ws/build/web_control/web/stream/webrtc/.venv/lib/python3.12/site-packages/pip/_internal/main.py -> /home/matthieu/ros2_ws/install/web_control/share/web_control/web/stream/webrtc/.venv/lib/python3.12/site-packages/pip/_internal\n'}
[2.105464] (web_control) StdoutLine: {'line': b'symbolically linking /home/matthieu/ros2_ws/build/web_control/web/stream/webrtc/.venv/lib/python3.12/site-packages/pip/_internal/wheel_builder.py -> /home/matthieu/ros2_ws/install/web_control/share/web_control/web/stream/webrtc/.venv/lib/python3.12/site-packages/pip/_internal\n'}
[2.105566] (web_control) StdoutLine: {'line': b'symbolically linking /home/matthieu/ros2_ws/build/web_control/web/stream/webrtc/.venv/lib/python3.12/site-packages/pip/_internal/cache.py -> /home/matthieu/ros2_ws/install/web_control/share/web_control/web/stream/webrtc/.venv/lib/python3.12/site-packages/pip/_internal\n'}
[2.105660] (web_control) StdoutLine: {'line': b'symbolically linking /home/matthieu/ros2_ws/build/web_control/web/stream/webrtc/.venv/lib/python3.12/site-packages/pip/_internal/pyproject.py -> /home/matthieu/ros2_ws/install/web_control/share/web_control/web/stream/webrtc/.venv/lib/python3.12/site-packages/pip/_internal\n'}
[2.105737] (web_control) StdoutLine: {'line': b'symbolically linking /home/matthieu/ros2_ws/build/web_control/web/stream/webrtc/.venv/lib/python3.12/site-packages/pip/_internal/build_env.py -> /home/matthieu/ros2_ws/install/web_control/share/web_control/web/stream/webrtc/.venv/lib/python3.12/site-packages/pip/_internal\n'}
[2.105840] (web_control) StdoutLine: {'line': b'symbolically linking /home/matthieu/ros2_ws/build/web_control/web/stream/webrtc/.venv/lib/python3.12/site-packages/pip/_internal/self_outdated_check.py -> /home/matthieu/ros2_ws/install/web_control/share/web_control/web/stream/webrtc/.venv/lib/python3.12/site-packages/pip/_internal\n'}
[2.105920] (web_control) StdoutLine: {'line': b'symbolically linking /home/matthieu/ros2_ws/build/web_control/web/stream/webrtc/.venv/lib/python3.12/site-packages/pip/_internal/exceptions.py -> /home/matthieu/ros2_ws/install/web_control/share/web_control/web/stream/webrtc/.venv/lib/python3.12/site-packages/pip/_internal\n'}
[2.106026] (web_control) StdoutLine: {'line': b'symbolically linking /home/matthieu/ros2_ws/build/web_control/web/stream/webrtc/.venv/lib/python3.12/site-packages/pip/_internal/__init__.py -> /home/matthieu/ros2_ws/install/web_control/share/web_control/web/stream/webrtc/.venv/lib/python3.12/site-packages/pip/_internal\n'}
[2.106109] (web_control) StdoutLine: {'line': b'symbolically linking /home/matthieu/ros2_ws/build/web_control/web/stream/webrtc/.venv/lib/python3.12/site-packages/pip/_internal/resolution/base.py -> /home/matthieu/ros2_ws/install/web_control/share/web_control/web/stream/webrtc/.venv/lib/python3.12/site-packages/pip/_internal/resolution\n'}
[2.106211] (web_control) StdoutLine: {'line': b'symbolically linking /home/matthieu/ros2_ws/build/web_control/web/stream/webrtc/.venv/lib/python3.12/site-packages/pip/_internal/resolution/__init__.py -> /home/matthieu/ros2_ws/install/web_control/share/web_control/web/stream/webrtc/.venv/lib/python3.12/site-packages/pip/_internal/resolution\n'}
[2.106305] (web_control) StdoutLine: {'line': b'symbolically linking /home/matthieu/ros2_ws/build/web_control/web/stream/webrtc/.venv/lib/python3.12/site-packages/pip/_internal/resolution/__pycache__/base.cpython-312.pyc -> /home/matthieu/ros2_ws/install/web_control/share/web_control/web/stream/webrtc/.venv/lib/python3.12/site-packages/pip/_internal/resolution/__pycache__\n'}
[2.106416] (web_control) StdoutLine: {'line': b'symbolically linking /home/matthieu/ros2_ws/build/web_control/web/stream/webrtc/.venv/lib/python3.12/site-packages/pip/_internal/resolution/__pycache__/__init__.cpython-312.pyc -> /home/matthieu/ros2_ws/install/web_control/share/web_control/web/stream/webrtc/.venv/lib/python3.12/site-packages/pip/_internal/resolution/__pycache__\n'}
[2.106496] (web_control) StdoutLine: {'line': b'symbolically linking /home/matthieu/ros2_ws/build/web_control/web/stream/webrtc/.venv/lib/python3.12/site-packages/pip/_internal/resolution/legacy/resolver.py -> /home/matthieu/ros2_ws/install/web_control/share/web_control/web/stream/webrtc/.venv/lib/python3.12/site-packages/pip/_internal/resolution/legacy\n'}
[2.106588] (web_control) StdoutLine: {'line': b'symbolically linking /home/matthieu/ros2_ws/build/web_control/web/stream/webrtc/.venv/lib/python3.12/site-packages/pip/_internal/resolution/legacy/__init__.py -> /home/matthieu/ros2_ws/install/web_control/share/web_control/web/stream/webrtc/.venv/lib/python3.12/site-packages/pip/_internal/resolution/legacy\n'}
[2.106676] (web_control) StdoutLine: {'line': b'symbolically linking /home/matthieu/ros2_ws/build/web_control/web/stream/webrtc/.venv/lib/python3.12/site-packages/pip/_internal/resolution/legacy/__pycache__/resolver.cpython-312.pyc -> /home/matthieu/ros2_ws/install/web_control/share/web_control/web/stream/webrtc/.venv/lib/python3.12/site-packages/pip/_internal/resolution/legacy/__pycache__\n'}
[2.106747] (-) TimerEvent: {}
[2.106844] (web_control) StdoutLine: {'line': b'symbolically linking /home/matthieu/ros2_ws/build/web_control/web/stream/webrtc/.venv/lib/python3.12/site-packages/pip/_internal/resolution/legacy/__pycache__/__init__.cpython-312.pyc -> /home/matthieu/ros2_ws/install/web_control/share/web_control/web/stream/webrtc/.venv/lib/python3.12/site-packages/pip/_internal/resolution/legacy/__pycache__\n'}
[2.106938] (web_control) StdoutLine: {'line': b'symbolically linking /home/matthieu/ros2_ws/build/web_control/web/stream/webrtc/.venv/lib/python3.12/site-packages/pip/_internal/resolution/resolvelib/base.py -> /home/matthieu/ros2_ws/install/web_control/share/web_control/web/stream/webrtc/.venv/lib/python3.12/site-packages/pip/_internal/resolution/resolvelib\n'}
[2.107011] (web_control) StdoutLine: {'line': b'symbolically linking /home/matthieu/ros2_ws/build/web_control/web/stream/webrtc/.venv/lib/python3.12/site-packages/pip/_internal/resolution/resolvelib/provider.py -> /home/matthieu/ros2_ws/install/web_control/share/web_control/web/stream/webrtc/.venv/lib/python3.12/site-packages/pip/_internal/resolution/resolvelib\n'}
[2.107080] (web_control) StdoutLine: {'line': b'symbolically linking /home/matthieu/ros2_ws/build/web_control/web/stream/webrtc/.venv/lib/python3.12/site-packages/pip/_internal/resolution/resolvelib/requirements.py -> /home/matthieu/ros2_ws/install/web_control/share/web_control/web/stream/webrtc/.venv/lib/python3.12/site-packages/pip/_internal/resolution/resolvelib\n'}
[2.107180] (web_control) StdoutLine: {'line': b'symbolically linking /home/matthieu/ros2_ws/build/web_control/web/stream/webrtc/.venv/lib/python3.12/site-packages/pip/_internal/resolution/resolvelib/candidates.py -> /home/matthieu/ros2_ws/install/web_control/share/web_control/web/stream/webrtc/.venv/lib/python3.12/site-packages/pip/_internal/resolution/resolvelib\n'}
[2.107258] (web_control) StdoutLine: {'line': b'symbolically linking /home/matthieu/ros2_ws/build/web_control/web/stream/webrtc/.venv/lib/python3.12/site-packages/pip/_internal/resolution/resolvelib/resolver.py -> /home/matthieu/ros2_ws/install/web_control/share/web_control/web/stream/webrtc/.venv/lib/python3.12/site-packages/pip/_internal/resolution/resolvelib\n'}
[2.107333] (web_control) StdoutLine: {'line': b'symbolically linking /home/matthieu/ros2_ws/build/web_control/web/stream/webrtc/.venv/lib/python3.12/site-packages/pip/_internal/resolution/resolvelib/reporter.py -> /home/matthieu/ros2_ws/install/web_control/share/web_control/web/stream/webrtc/.venv/lib/python3.12/site-packages/pip/_internal/resolution/resolvelib\n'}
[2.107433] (web_control) StdoutLine: {'line': b'symbolically linking /home/matthieu/ros2_ws/build/web_control/web/stream/webrtc/.venv/lib/python3.12/site-packages/pip/_internal/resolution/resolvelib/found_candidates.py -> /home/matthieu/ros2_ws/install/web_control/share/web_control/web/stream/webrtc/.venv/lib/python3.12/site-packages/pip/_internal/resolution/resolvelib\n'}
[2.107502] (web_control) StdoutLine: {'line': b'symbolically linking /home/matthieu/ros2_ws/build/web_control/web/stream/webrtc/.venv/lib/python3.12/site-packages/pip/_internal/resolution/resolvelib/factory.py -> /home/matthieu/ros2_ws/install/web_control/share/web_control/web/stream/webrtc/.venv/lib/python3.12/site-packages/pip/_internal/resolution/resolvelib\n'}
[2.107570] (web_control) StdoutLine: {'line': b'symbolically linking /home/matthieu/ros2_ws/build/web_control/web/stream/webrtc/.venv/lib/python3.12/site-packages/pip/_internal/resolution/resolvelib/__init__.py -> /home/matthieu/ros2_ws/install/web_control/share/web_control/web/stream/webrtc/.venv/lib/python3.12/site-packages/pip/_internal/resolution/resolvelib\n'}
[2.107667] (web_control) StdoutLine: {'line': b'symbolically linking /home/matthieu/ros2_ws/build/web_control/web/stream/webrtc/.venv/lib/python3.12/site-packages/pip/_internal/resolution/resolvelib/__pycache__/candidates.cpython-312.pyc -> /home/matthieu/ros2_ws/install/web_control/share/web_control/web/stream/webrtc/.venv/lib/python3.12/site-packages/pip/_internal/resolution/resolvelib/__pycache__\n'}
[2.107741] (web_control) StdoutLine: {'line': b'symbolically linking /home/matthieu/ros2_ws/build/web_control/web/stream/webrtc/.venv/lib/python3.12/site-packages/pip/_internal/resolution/resolvelib/__pycache__/resolver.cpython-312.pyc -> /home/matthieu/ros2_ws/install/web_control/share/web_control/web/stream/webrtc/.venv/lib/python3.12/site-packages/pip/_internal/resolution/resolvelib/__pycache__\n'}
[2.107830] (web_control) StdoutLine: {'line': b'symbolically linking /home/matthieu/ros2_ws/build/web_control/web/stream/webrtc/.venv/lib/python3.12/site-packages/pip/_internal/resolution/resolvelib/__pycache__/base.cpython-312.pyc -> /home/matthieu/ros2_ws/install/web_control/share/web_control/web/stream/webrtc/.venv/lib/python3.12/site-packages/pip/_internal/resolution/resolvelib/__pycache__\n'}
[2.107908] (web_control) StdoutLine: {'line': b'symbolically linking /home/matthieu/ros2_ws/build/web_control/web/stream/webrtc/.venv/lib/python3.12/site-packages/pip/_internal/resolution/resolvelib/__pycache__/reporter.cpython-312.pyc -> /home/matthieu/ros2_ws/install/web_control/share/web_control/web/stream/webrtc/.venv/lib/python3.12/site-packages/pip/_internal/resolution/resolvelib/__pycache__\n'}
[2.108004] (web_control) StdoutLine: {'line': b'symbolically linking /home/matthieu/ros2_ws/build/web_control/web/stream/webrtc/.venv/lib/python3.12/site-packages/pip/_internal/resolution/resolvelib/__pycache__/provider.cpython-312.pyc -> /home/matthieu/ros2_ws/install/web_control/share/web_control/web/stream/webrtc/.venv/lib/python3.12/site-packages/pip/_internal/resolution/resolvelib/__pycache__\n'}
[2.108082] (web_control) StdoutLine: {'line': b'symbolically linking /home/matthieu/ros2_ws/build/web_control/web/stream/webrtc/.venv/lib/python3.12/site-packages/pip/_internal/resolution/resolvelib/__pycache__/requirements.cpython-312.pyc -> /home/matthieu/ros2_ws/install/web_control/share/web_control/web/stream/webrtc/.venv/lib/python3.12/site-packages/pip/_internal/resolution/resolvelib/__pycache__\n'}
[2.108182] (web_control) StdoutLine: {'line': b'symbolically linking /home/matthieu/ros2_ws/build/web_control/web/stream/webrtc/.venv/lib/python3.12/site-packages/pip/_internal/resolution/resolvelib/__pycache__/factory.cpython-312.pyc -> /home/matthieu/ros2_ws/install/web_control/share/web_control/web/stream/webrtc/.venv/lib/python3.12/site-packages/pip/_internal/resolution/resolvelib/__pycache__\n'}
[2.108267] (web_control) StdoutLine: {'line': b'symbolically linking /home/matthieu/ros2_ws/build/web_control/web/stream/webrtc/.venv/lib/python3.12/site-packages/pip/_internal/resolution/resolvelib/__pycache__/found_candidates.cpython-312.pyc -> /home/matthieu/ros2_ws/install/web_control/share/web_control/web/stream/webrtc/.venv/lib/python3.12/site-packages/pip/_internal/resolution/resolvelib/__pycache__\n'}
[2.108372] (web_control) StdoutLine: {'line': b'symbolically linking /home/matthieu/ros2_ws/build/web_control/web/stream/webrtc/.venv/lib/python3.12/site-packages/pip/_internal/resolution/resolvelib/__pycache__/__init__.cpython-312.pyc -> /home/matthieu/ros2_ws/install/web_control/share/web_control/web/stream/webrtc/.venv/lib/python3.12/site-packages/pip/_internal/resolution/resolvelib/__pycache__\n'}
[2.108473] (web_control) StdoutLine: {'line': b'symbolically linking /home/matthieu/ros2_ws/build/web_control/web/stream/webrtc/.venv/lib/python3.12/site-packages/pip/_internal/operations/prepare.py -> /home/matthieu/ros2_ws/install/web_control/share/web_control/web/stream/webrtc/.venv/lib/python3.12/site-packages/pip/_internal/operations\n'}
[2.108551] (web_control) StdoutLine: {'line': b'symbolically linking /home/matthieu/ros2_ws/build/web_control/web/stream/webrtc/.venv/lib/python3.12/site-packages/pip/_internal/operations/freeze.py -> /home/matthieu/ros2_ws/install/web_control/share/web_control/web/stream/webrtc/.venv/lib/python3.12/site-packages/pip/_internal/operations\n'}
[2.108650] (web_control) StdoutLine: {'line': b'symbolically linking /home/matthieu/ros2_ws/build/web_control/web/stream/webrtc/.venv/lib/python3.12/site-packages/pip/_internal/operations/check.py -> /home/matthieu/ros2_ws/install/web_control/share/web_control/web/stream/webrtc/.venv/lib/python3.12/site-packages/pip/_internal/operations\n'}
[2.108751] (web_control) StdoutLine: {'line': b'symbolically linking /home/matthieu/ros2_ws/build/web_control/web/stream/webrtc/.venv/lib/python3.12/site-packages/pip/_internal/operations/__init__.py -> /home/matthieu/ros2_ws/install/web_control/share/web_control/web/stream/webrtc/.venv/lib/python3.12/site-packages/pip/_internal/operations\n'}
[2.108829] (web_control) StdoutLine: {'line': b'symbolically linking /home/matthieu/ros2_ws/build/web_control/web/stream/webrtc/.venv/lib/python3.12/site-packages/pip/_internal/operations/build/wheel_legacy.py -> /home/matthieu/ros2_ws/install/web_control/share/web_control/web/stream/webrtc/.venv/lib/python3.12/site-packages/pip/_internal/operations/build\n'}
[2.108933] (web_control) StdoutLine: {'line': b'symbolically linking /home/matthieu/ros2_ws/build/web_control/web/stream/webrtc/.venv/lib/python3.12/site-packages/pip/_internal/operations/build/build_tracker.py -> /home/matthieu/ros2_ws/install/web_control/share/web_control/web/stream/webrtc/.venv/lib/python3.12/site-packages/pip/_internal/operations/build\n'}
[2.109006] (web_control) StdoutLine: {'line': b'symbolically linking /home/matthieu/ros2_ws/build/web_control/web/stream/webrtc/.venv/lib/python3.12/site-packages/pip/_internal/operations/build/metadata.py -> /home/matthieu/ros2_ws/install/web_control/share/web_control/web/stream/webrtc/.venv/lib/python3.12/site-packages/pip/_internal/operations/build\n'}
[2.109103] (web_control) StdoutLine: {'line': b'symbolically linking /home/matthieu/ros2_ws/build/web_control/web/stream/webrtc/.venv/lib/python3.12/site-packages/pip/_internal/operations/build/wheel_editable.py -> /home/matthieu/ros2_ws/install/web_control/share/web_control/web/stream/webrtc/.venv/lib/python3.12/site-packages/pip/_internal/operations/build\n'}
[2.109182] (web_control) StdoutLine: {'line': b'symbolically linking /home/matthieu/ros2_ws/build/web_control/web/stream/webrtc/.venv/lib/python3.12/site-packages/pip/_internal/operations/build/metadata_editable.py -> /home/matthieu/ros2_ws/install/web_control/share/web_control/web/stream/webrtc/.venv/lib/python3.12/site-packages/pip/_internal/operations/build\n'}
[2.109293] (web_control) StdoutLine: {'line': b'symbolically linking /home/matthieu/ros2_ws/build/web_control/web/stream/webrtc/.venv/lib/python3.12/site-packages/pip/_internal/operations/build/wheel.py -> /home/matthieu/ros2_ws/install/web_control/share/web_control/web/stream/webrtc/.venv/lib/python3.12/site-packages/pip/_internal/operations/build\n'}
[2.109374] (web_control) StdoutLine: {'line': b'symbolically linking /home/matthieu/ros2_ws/build/web_control/web/stream/webrtc/.venv/lib/python3.12/site-packages/pip/_internal/operations/build/metadata_legacy.py -> /home/matthieu/ros2_ws/install/web_control/share/web_control/web/stream/webrtc/.venv/lib/python3.12/site-packages/pip/_internal/operations/build\n'}
[2.109476] (web_control) StdoutLine: {'line': b'symbolically linking /home/matthieu/ros2_ws/build/web_control/web/stream/webrtc/.venv/lib/python3.12/site-packages/pip/_internal/operations/build/__init__.py -> /home/matthieu/ros2_ws/install/web_control/share/web_control/web/stream/webrtc/.venv/lib/python3.12/site-packages/pip/_internal/operations/build\n'}
[2.109553] (web_control) StdoutLine: {'line': b'symbolically linking /home/matthieu/ros2_ws/build/web_control/web/stream/webrtc/.venv/lib/python3.12/site-packages/pip/_internal/operations/build/__pycache__/metadata_legacy.cpython-312.pyc -> /home/matthieu/ros2_ws/install/web_control/share/web_control/web/stream/webrtc/.venv/lib/python3.12/site-packages/pip/_internal/operations/build/__pycache__\n'}
[2.109648] (web_control) StdoutLine: {'line': b'symbolically linking /home/matthieu/ros2_ws/build/web_control/web/stream/webrtc/.venv/lib/python3.12/site-packages/pip/_internal/operations/build/__pycache__/wheel_legacy.cpython-312.pyc -> /home/matthieu/ros2_ws/install/web_control/share/web_control/web/stream/webrtc/.venv/lib/python3.12/site-packages/pip/_internal/operations/build/__pycache__\n'}
[2.109753] (web_control) StdoutLine: {'line': b'symbolically linking /home/matthieu/ros2_ws/build/web_control/web/stream/webrtc/.venv/lib/python3.12/site-packages/pip/_internal/operations/build/__pycache__/wheel_editable.cpython-312.pyc -> /home/matthieu/ros2_ws/install/web_control/share/web_control/web/stream/webrtc/.venv/lib/python3.12/site-packages/pip/_internal/operations/build/__pycache__\n'}
[2.109939] (web_control) StdoutLine: {'line': b'symbolically linking /home/matthieu/ros2_ws/build/web_control/web/stream/webrtc/.venv/lib/python3.12/site-packages/pip/_internal/operations/build/__pycache__/wheel.cpython-312.pyc -> /home/matthieu/ros2_ws/install/web_control/share/web_control/web/stream/webrtc/.venv/lib/python3.12/site-packages/pip/_internal/operations/build/__pycache__\n'}
[2.110207] (web_control) StdoutLine: {'line': b'symbolically linking /home/matthieu/ros2_ws/build/web_control/web/stream/webrtc/.venv/lib/python3.12/site-packages/pip/_internal/operations/build/__pycache__/__init__.cpython-312.pyc -> /home/matthieu/ros2_ws/install/web_control/share/web_control/web/stream/webrtc/.venv/lib/python3.12/site-packages/pip/_internal/operations/build/__pycache__\n'}
[2.110315] (web_control) StdoutLine: {'line': b'symbolically linking /home/matthieu/ros2_ws/build/web_control/web/stream/webrtc/.venv/lib/python3.12/site-packages/pip/_internal/operations/build/__pycache__/metadata.cpython-312.pyc -> /home/matthieu/ros2_ws/install/web_control/share/web_control/web/stream/webrtc/.venv/lib/python3.12/site-packages/pip/_internal/operations/build/__pycache__\n'}
[2.110447] (web_control) StdoutLine: {'line': b'symbolically linking /home/matthieu/ros2_ws/build/web_control/web/stream/webrtc/.venv/lib/python3.12/site-packages/pip/_internal/operations/build/__pycache__/metadata_editable.cpython-312.pyc -> /home/matthieu/ros2_ws/install/web_control/share/web_control/web/stream/webrtc/.venv/lib/python3.12/site-packages/pip/_internal/operations/build/__pycache__\n'}
[2.110587] (web_control) StdoutLine: {'line': b'symbolically linking /home/matthieu/ros2_ws/build/web_control/web/stream/webrtc/.venv/lib/python3.12/site-packages/pip/_internal/operations/build/__pycache__/build_tracker.cpython-312.pyc -> /home/matthieu/ros2_ws/install/web_control/share/web_control/web/stream/webrtc/.venv/lib/python3.12/site-packages/pip/_internal/operations/build/__pycache__\n'}
[2.110690] (web_control) StdoutLine: {'line': b'symbolically linking /home/matthieu/ros2_ws/build/web_control/web/stream/webrtc/.venv/lib/python3.12/site-packages/pip/_internal/operations/install/wheel.py -> /home/matthieu/ros2_ws/install/web_control/share/web_control/web/stream/webrtc/.venv/lib/python3.12/site-packages/pip/_internal/operations/install\n'}
[2.110852] (web_control) StdoutLine: {'line': b'symbolically linking /home/matthieu/ros2_ws/build/web_control/web/stream/webrtc/.venv/lib/python3.12/site-packages/pip/_internal/operations/install/editable_legacy.py -> /home/matthieu/ros2_ws/install/web_control/share/web_control/web/stream/webrtc/.venv/lib/python3.12/site-packages/pip/_internal/operations/install\n'}
[2.110948] (web_control) StdoutLine: {'line': b'symbolically linking /home/matthieu/ros2_ws/build/web_control/web/stream/webrtc/.venv/lib/python3.12/site-packages/pip/_internal/operations/install/__init__.py -> /home/matthieu/ros2_ws/install/web_control/share/web_control/web/stream/webrtc/.venv/lib/python3.12/site-packages/pip/_internal/operations/install\n'}
[2.111040] (web_control) StdoutLine: {'line': b'symbolically linking /home/matthieu/ros2_ws/build/web_control/web/stream/webrtc/.venv/lib/python3.12/site-packages/pip/_internal/operations/install/__pycache__/wheel.cpython-312.pyc -> /home/matthieu/ros2_ws/install/web_control/share/web_control/web/stream/webrtc/.venv/lib/python3.12/site-packages/pip/_internal/operations/install/__pycache__\n'}
[2.111159] (web_control) StdoutLine: {'line': b'symbolically linking /home/matthieu/ros2_ws/build/web_control/web/stream/webrtc/.venv/lib/python3.12/site-packages/pip/_internal/operations/install/__pycache__/editable_legacy.cpython-312.pyc -> /home/matthieu/ros2_ws/install/web_control/share/web_control/web/stream/webrtc/.venv/lib/python3.12/site-packages/pip/_internal/operations/install/__pycache__\n'}
[2.111266] (web_control) StdoutLine: {'line': b'symbolically linking /home/matthieu/ros2_ws/build/web_control/web/stream/webrtc/.venv/lib/python3.12/site-packages/pip/_internal/operations/install/__pycache__/__init__.cpython-312.pyc -> /home/matthieu/ros2_ws/install/web_control/share/web_control/web/stream/webrtc/.venv/lib/python3.12/site-packages/pip/_internal/operations/install/__pycache__\n'}
[2.111402] (web_control) StdoutLine: {'line': b'symbolically linking /home/matthieu/ros2_ws/build/web_control/web/stream/webrtc/.venv/lib/python3.12/site-packages/pip/_internal/operations/__pycache__/prepare.cpython-312.pyc -> /home/matthieu/ros2_ws/install/web_control/share/web_control/web/stream/webrtc/.venv/lib/python3.12/site-packages/pip/_internal/operations/__pycache__\n'}
[2.111502] (web_control) StdoutLine: {'line': b'symbolically linking /home/matthieu/ros2_ws/build/web_control/web/stream/webrtc/.venv/lib/python3.12/site-packages/pip/_internal/operations/__pycache__/check.cpython-312.pyc -> /home/matthieu/ros2_ws/install/web_control/share/web_control/web/stream/webrtc/.venv/lib/python3.12/site-packages/pip/_internal/operations/__pycache__\n'}
[2.111623] (web_control) StdoutLine: {'line': b'symbolically linking /home/matthieu/ros2_ws/build/web_control/web/stream/webrtc/.venv/lib/python3.12/site-packages/pip/_internal/operations/__pycache__/__init__.cpython-312.pyc -> /home/matthieu/ros2_ws/install/web_control/share/web_control/web/stream/webrtc/.venv/lib/python3.12/site-packages/pip/_internal/operations/__pycache__\n'}
[2.111718] (web_control) StdoutLine: {'line': b'symbolically linking /home/matthieu/ros2_ws/build/web_control/web/stream/webrtc/.venv/lib/python3.12/site-packages/pip/_internal/operations/__pycache__/freeze.cpython-312.pyc -> /home/matthieu/ros2_ws/install/web_control/share/web_control/web/stream/webrtc/.venv/lib/python3.12/site-packages/pip/_internal/operations/__pycache__\n'}
[2.111842] (web_control) StdoutLine: {'line': b'symbolically linking /home/matthieu/ros2_ws/build/web_control/web/stream/webrtc/.venv/lib/python3.12/site-packages/pip/_internal/models/target_python.py -> /home/matthieu/ros2_ws/install/web_control/share/web_control/web/stream/webrtc/.venv/lib/python3.12/site-packages/pip/_internal/models\n'}
[2.111931] (web_control) StdoutLine: {'line': b'symbolically linking /home/matthieu/ros2_ws/build/web_control/web/stream/webrtc/.venv/lib/python3.12/site-packages/pip/_internal/models/scheme.py -> /home/matthieu/ros2_ws/install/web_control/share/web_control/web/stream/webrtc/.venv/lib/python3.12/site-packages/pip/_internal/models\n'}
[2.112006] (web_control) StdoutLine: {'line': b'symbolically linking /home/matthieu/ros2_ws/build/web_control/web/stream/webrtc/.venv/lib/python3.12/site-packages/pip/_internal/models/index.py -> /home/matthieu/ros2_ws/install/web_control/share/web_control/web/stream/webrtc/.venv/lib/python3.12/site-packages/pip/_internal/models\n'}
[2.112103] (web_control) StdoutLine: {'line': b'symbolically linking /home/matthieu/ros2_ws/build/web_control/web/stream/webrtc/.venv/lib/python3.12/site-packages/pip/_internal/models/search_scope.py -> /home/matthieu/ros2_ws/install/web_control/share/web_control/web/stream/webrtc/.venv/lib/python3.12/site-packages/pip/_internal/models\n'}
[2.112179] (web_control) StdoutLine: {'line': b'symbolically linking /home/matthieu/ros2_ws/build/web_control/web/stream/webrtc/.venv/lib/python3.12/site-packages/pip/_internal/models/selection_prefs.py -> /home/matthieu/ros2_ws/install/web_control/share/web_control/web/stream/webrtc/.venv/lib/python3.12/site-packages/pip/_internal/models\n'}
[2.112290] (web_control) StdoutLine: {'line': b'symbolically linking /home/matthieu/ros2_ws/build/web_control/web/stream/webrtc/.venv/lib/python3.12/site-packages/pip/_internal/models/link.py -> /home/matthieu/ros2_ws/install/web_control/share/web_control/web/stream/webrtc/.venv/lib/python3.12/site-packages/pip/_internal/models\n'}
[2.112393] (web_control) StdoutLine: {'line': b'symbolically linking /home/matthieu/ros2_ws/build/web_control/web/stream/webrtc/.venv/lib/python3.12/site-packages/pip/_internal/models/candidate.py -> /home/matthieu/ros2_ws/install/web_control/share/web_control/web/stream/webrtc/.venv/lib/python3.12/site-packages/pip/_internal/models\n'}
[2.112468] (web_control) StdoutLine: {'line': b'symbolically linking /home/matthieu/ros2_ws/build/web_control/web/stream/webrtc/.venv/lib/python3.12/site-packages/pip/_internal/models/installation_report.py -> /home/matthieu/ros2_ws/install/web_control/share/web_control/web/stream/webrtc/.venv/lib/python3.12/site-packages/pip/_internal/models\n'}
[2.112565] (web_control) StdoutLine: {'line': b'symbolically linking /home/matthieu/ros2_ws/build/web_control/web/stream/webrtc/.venv/lib/python3.12/site-packages/pip/_internal/models/direct_url.py -> /home/matthieu/ros2_ws/install/web_control/share/web_control/web/stream/webrtc/.venv/lib/python3.12/site-packages/pip/_internal/models\n'}
[2.112640] (web_control) StdoutLine: {'line': b'symbolically linking /home/matthieu/ros2_ws/build/web_control/web/stream/webrtc/.venv/lib/python3.12/site-packages/pip/_internal/models/wheel.py -> /home/matthieu/ros2_ws/install/web_control/share/web_control/web/stream/webrtc/.venv/lib/python3.12/site-packages/pip/_internal/models\n'}
[2.112738] (web_control) StdoutLine: {'line': b'symbolically linking /home/matthieu/ros2_ws/build/web_control/web/stream/webrtc/.venv/lib/python3.12/site-packages/pip/_internal/models/__init__.py -> /home/matthieu/ros2_ws/install/web_control/share/web_control/web/stream/webrtc/.venv/lib/python3.12/site-packages/pip/_internal/models\n'}
[2.112814] (web_control) StdoutLine: {'line': b'symbolically linking /home/matthieu/ros2_ws/build/web_control/web/stream/webrtc/.venv/lib/python3.12/site-packages/pip/_internal/models/format_control.py -> /home/matthieu/ros2_ws/install/web_control/share/web_control/web/stream/webrtc/.venv/lib/python3.12/site-packages/pip/_internal/models\n'}
[2.112916] (web_control) StdoutLine: {'line': b'symbolically linking /home/matthieu/ros2_ws/build/web_control/web/stream/webrtc/.venv/lib/python3.12/site-packages/pip/_internal/models/__pycache__/index.cpython-312.pyc -> /home/matthieu/ros2_ws/install/web_control/share/web_control/web/stream/webrtc/.venv/lib/python3.12/site-packages/pip/_internal/models/__pycache__\n'}
[2.112993] (web_control) StdoutLine: {'line': b'symbolically linking /home/matthieu/ros2_ws/build/web_control/web/stream/webrtc/.venv/lib/python3.12/site-packages/pip/_internal/models/__pycache__/direct_url.cpython-312.pyc -> /home/matthieu/ros2_ws/install/web_control/share/web_control/web/stream/webrtc/.venv/lib/python3.12/site-packages/pip/_internal/models/__pycache__\n'}
[2.113098] (web_control) StdoutLine: {'line': b'symbolically linking /home/matthieu/ros2_ws/build/web_control/web/stream/webrtc/.venv/lib/python3.12/site-packages/pip/_internal/models/__pycache__/search_scope.cpython-312.pyc -> /home/matthieu/ros2_ws/install/web_control/share/web_control/web/stream/webrtc/.venv/lib/python3.12/site-packages/pip/_internal/models/__pycache__\n'}
[2.113187] (web_control) StdoutLine: {'line': b'symbolically linking /home/matthieu/ros2_ws/build/web_control/web/stream/webrtc/.venv/lib/python3.12/site-packages/pip/_internal/models/__pycache__/wheel.cpython-312.pyc -> /home/matthieu/ros2_ws/install/web_control/share/web_control/web/stream/webrtc/.venv/lib/python3.12/site-packages/pip/_internal/models/__pycache__\n'}
[2.113302] (web_control) StdoutLine: {'line': b'symbolically linking /home/matthieu/ros2_ws/build/web_control/web/stream/webrtc/.venv/lib/python3.12/site-packages/pip/_internal/models/__pycache__/link.cpython-312.pyc -> /home/matthieu/ros2_ws/install/web_control/share/web_control/web/stream/webrtc/.venv/lib/python3.12/site-packages/pip/_internal/models/__pycache__\n'}
[2.113584] (web_control) StdoutLine: {'line': b'symbolically linking /home/matthieu/ros2_ws/build/web_control/web/stream/webrtc/.venv/lib/python3.12/site-packages/pip/_internal/models/__pycache__/target_python.cpython-312.pyc -> /home/matthieu/ros2_ws/install/web_control/share/web_control/web/stream/webrtc/.venv/lib/python3.12/site-packages/pip/_internal/models/__pycache__\n'}
[2.113754] (web_control) StdoutLine: {'line': b'symbolically linking /home/matthieu/ros2_ws/build/web_control/web/stream/webrtc/.venv/lib/python3.12/site-packages/pip/_internal/models/__pycache__/scheme.cpython-312.pyc -> /home/matthieu/ros2_ws/install/web_control/share/web_control/web/stream/webrtc/.venv/lib/python3.12/site-packages/pip/_internal/models/__pycache__\n'}
[2.113865] (web_control) StdoutLine: {'line': b'symbolically linking /home/matthieu/ros2_ws/build/web_control/web/stream/webrtc/.venv/lib/python3.12/site-packages/pip/_internal/models/__pycache__/selection_prefs.cpython-312.pyc -> /home/matthieu/ros2_ws/install/web_control/share/web_control/web/stream/webrtc/.venv/lib/python3.12/site-packages/pip/_internal/models/__pycache__\n'}
[2.113957] (web_control) StdoutLine: {'line': b'symbolically linking /home/matthieu/ros2_ws/build/web_control/web/stream/webrtc/.venv/lib/python3.12/site-packages/pip/_internal/models/__pycache__/installation_report.cpython-312.pyc -> /home/matthieu/ros2_ws/install/web_control/share/web_control/web/stream/webrtc/.venv/lib/python3.12/site-packages/pip/_internal/models/__pycache__\n'}
[2.114036] (web_control) StdoutLine: {'line': b'symbolically linking /home/matthieu/ros2_ws/build/web_control/web/stream/webrtc/.venv/lib/python3.12/site-packages/pip/_internal/models/__pycache__/candidate.cpython-312.pyc -> /home/matthieu/ros2_ws/install/web_control/share/web_control/web/stream/webrtc/.venv/lib/python3.12/site-packages/pip/_internal/models/__pycache__\n'}
[2.114153] (web_control) StdoutLine: {'line': b'symbolically linking /home/matthieu/ros2_ws/build/web_control/web/stream/webrtc/.venv/lib/python3.12/site-packages/pip/_internal/models/__pycache__/format_control.cpython-312.pyc -> /home/matthieu/ros2_ws/install/web_control/share/web_control/web/stream/webrtc/.venv/lib/python3.12/site-packages/pip/_internal/models/__pycache__\n'}
[2.114286] (web_control) StdoutLine: {'line': b'symbolically linking /home/matthieu/ros2_ws/build/web_control/web/stream/webrtc/.venv/lib/python3.12/site-packages/pip/_internal/models/__pycache__/__init__.cpython-312.pyc -> /home/matthieu/ros2_ws/install/web_control/share/web_control/web/stream/webrtc/.venv/lib/python3.12/site-packages/pip/_internal/models/__pycache__\n'}
[2.114387] (web_control) StdoutLine: {'line': b'symbolically linking /home/matthieu/ros2_ws/build/web_control/web/stream/webrtc/.venv/lib/python3.12/site-packages/pip/_internal/cli/progress_bars.py -> /home/matthieu/ros2_ws/install/web_control/share/web_control/web/stream/webrtc/.venv/lib/python3.12/site-packages/pip/_internal/cli\n'}
[2.114476] (web_control) StdoutLine: {'line': b'symbolically linking /home/matthieu/ros2_ws/build/web_control/web/stream/webrtc/.venv/lib/python3.12/site-packages/pip/_internal/cli/main.py -> /home/matthieu/ros2_ws/install/web_control/share/web_control/web/stream/webrtc/.venv/lib/python3.12/site-packages/pip/_internal/cli\n'}
[2.114586] (web_control) StdoutLine: {'line': b'symbolically linking /home/matthieu/ros2_ws/build/web_control/web/stream/webrtc/.venv/lib/python3.12/site-packages/pip/_internal/cli/spinners.py -> /home/matthieu/ros2_ws/install/web_control/share/web_control/web/stream/webrtc/.venv/lib/python3.12/site-packages/pip/_internal/cli\n'}
[2.114697] (web_control) StdoutLine: {'line': b'symbolically linking /home/matthieu/ros2_ws/build/web_control/web/stream/webrtc/.venv/lib/python3.12/site-packages/pip/_internal/cli/cmdoptions.py -> /home/matthieu/ros2_ws/install/web_control/share/web_control/web/stream/webrtc/.venv/lib/python3.12/site-packages/pip/_internal/cli\n'}
[2.114796] (web_control) StdoutLine: {'line': b'symbolically linking /home/matthieu/ros2_ws/build/web_control/web/stream/webrtc/.venv/lib/python3.12/site-packages/pip/_internal/cli/command_context.py -> /home/matthieu/ros2_ws/install/web_control/share/web_control/web/stream/webrtc/.venv/lib/python3.12/site-packages/pip/_internal/cli\n'}
[2.114880] (web_control) StdoutLine: {'line': b'symbolically linking /home/matthieu/ros2_ws/build/web_control/web/stream/webrtc/.venv/lib/python3.12/site-packages/pip/_internal/cli/base_command.py -> /home/matthieu/ros2_ws/install/web_control/share/web_control/web/stream/webrtc/.venv/lib/python3.12/site-packages/pip/_internal/cli\n'}
[2.114986] (web_control) StdoutLine: {'line': b'symbolically linking /home/matthieu/ros2_ws/build/web_control/web/stream/webrtc/.venv/lib/python3.12/site-packages/pip/_internal/cli/parser.py -> /home/matthieu/ros2_ws/install/web_control/share/web_control/web/stream/webrtc/.venv/lib/python3.12/site-packages/pip/_internal/cli\n'}
[2.115106] (web_control) StdoutLine: {'line': b'symbolically linking /home/matthieu/ros2_ws/build/web_control/web/stream/webrtc/.venv/lib/python3.12/site-packages/pip/_internal/cli/status_codes.py -> /home/matthieu/ros2_ws/install/web_control/share/web_control/web/stream/webrtc/.venv/lib/python3.12/site-packages/pip/_internal/cli\n'}
[2.115194] (web_control) StdoutLine: {'line': b'symbolically linking /home/matthieu/ros2_ws/build/web_control/web/stream/webrtc/.venv/lib/python3.12/site-packages/pip/_internal/cli/req_command.py -> /home/matthieu/ros2_ws/install/web_control/share/web_control/web/stream/webrtc/.venv/lib/python3.12/site-packages/pip/_internal/cli\n'}
[2.115289] (web_control) StdoutLine: {'line': b'symbolically linking /home/matthieu/ros2_ws/build/web_control/web/stream/webrtc/.venv/lib/python3.12/site-packages/pip/_internal/cli/autocompletion.py -> /home/matthieu/ros2_ws/install/web_control/share/web_control/web/stream/webrtc/.venv/lib/python3.12/site-packages/pip/_internal/cli\n'}
[2.115393] (web_control) StdoutLine: {'line': b'symbolically linking /home/matthieu/ros2_ws/build/web_control/web/stream/webrtc/.venv/lib/python3.12/site-packages/pip/_internal/cli/main_parser.py -> /home/matthieu/ros2_ws/install/web_control/share/web_control/web/stream/webrtc/.venv/lib/python3.12/site-packages/pip/_internal/cli\n'}
[2.115464] (web_control) StdoutLine: {'line': b'symbolically linking /home/matthieu/ros2_ws/build/web_control/web/stream/webrtc/.venv/lib/python3.12/site-packages/pip/_internal/cli/__init__.py -> /home/matthieu/ros2_ws/install/web_control/share/web_control/web/stream/webrtc/.venv/lib/python3.12/site-packages/pip/_internal/cli\n'}
[2.115561] (web_control) StdoutLine: {'line': b'symbolically linking /home/matthieu/ros2_ws/build/web_control/web/stream/webrtc/.venv/lib/python3.12/site-packages/pip/_internal/cli/__pycache__/command_context.cpython-312.pyc -> /home/matthieu/ros2_ws/install/web_control/share/web_control/web/stream/webrtc/.venv/lib/python3.12/site-packages/pip/_internal/cli/__pycache__\n'}
[2.115643] (web_control) StdoutLine: {'line': b'symbolically linking /home/matthieu/ros2_ws/build/web_control/web/stream/webrtc/.venv/lib/python3.12/site-packages/pip/_internal/cli/__pycache__/spinners.cpython-312.pyc -> /home/matthieu/ros2_ws/install/web_control/share/web_control/web/stream/webrtc/.venv/lib/python3.12/site-packages/pip/_internal/cli/__pycache__\n'}
[2.115743] (web_control) StdoutLine: {'line': b'symbolically linking /home/matthieu/ros2_ws/build/web_control/web/stream/webrtc/.venv/lib/python3.12/site-packages/pip/_internal/cli/__pycache__/autocompletion.cpython-312.pyc -> /home/matthieu/ros2_ws/install/web_control/share/web_control/web/stream/webrtc/.venv/lib/python3.12/site-packages/pip/_internal/cli/__pycache__\n'}
[2.115811] (web_control) StdoutLine: {'line': b'symbolically linking /home/matthieu/ros2_ws/build/web_control/web/stream/webrtc/.venv/lib/python3.12/site-packages/pip/_internal/cli/__pycache__/progress_bars.cpython-312.pyc -> /home/matthieu/ros2_ws/install/web_control/share/web_control/web/stream/webrtc/.venv/lib/python3.12/site-packages/pip/_internal/cli/__pycache__\n'}
[2.115917] (web_control) StdoutLine: {'line': b'symbolically linking /home/matthieu/ros2_ws/build/web_control/web/stream/webrtc/.venv/lib/python3.12/site-packages/pip/_internal/cli/__pycache__/main.cpython-312.pyc -> /home/matthieu/ros2_ws/install/web_control/share/web_control/web/stream/webrtc/.venv/lib/python3.12/site-packages/pip/_internal/cli/__pycache__\n'}
[2.116028] (web_control) StdoutLine: {'line': b'symbolically linking /home/matthieu/ros2_ws/build/web_control/web/stream/webrtc/.venv/lib/python3.12/site-packages/pip/_internal/cli/__pycache__/base_command.cpython-312.pyc -> /home/matthieu/ros2_ws/install/web_control/share/web_control/web/stream/webrtc/.venv/lib/python3.12/site-packages/pip/_internal/cli/__pycache__\n'}
[2.116102] (web_control) StdoutLine: {'line': b'symbolically linking /home/matthieu/ros2_ws/build/web_control/web/stream/webrtc/.venv/lib/python3.12/site-packages/pip/_internal/cli/__pycache__/cmdoptions.cpython-312.pyc -> /home/matthieu/ros2_ws/install/web_control/share/web_control/web/stream/webrtc/.venv/lib/python3.12/site-packages/pip/_internal/cli/__pycache__\n'}
[2.116206] (web_control) StdoutLine: {'line': b'symbolically linking /home/matthieu/ros2_ws/build/web_control/web/stream/webrtc/.venv/lib/python3.12/site-packages/pip/_internal/cli/__pycache__/main_parser.cpython-312.pyc -> /home/matthieu/ros2_ws/install/web_control/share/web_control/web/stream/webrtc/.venv/lib/python3.12/site-packages/pip/_internal/cli/__pycache__\n'}
[2.116288] (web_control) StdoutLine: {'line': b'symbolically linking /home/matthieu/ros2_ws/build/web_control/web/stream/webrtc/.venv/lib/python3.12/site-packages/pip/_internal/cli/__pycache__/status_codes.cpython-312.pyc -> /home/matthieu/ros2_ws/install/web_control/share/web_control/web/stream/webrtc/.venv/lib/python3.12/site-packages/pip/_internal/cli/__pycache__\n'}
[2.116394] (web_control) StdoutLine: {'line': b'symbolically linking /home/matthieu/ros2_ws/build/web_control/web/stream/webrtc/.venv/lib/python3.12/site-packages/pip/_internal/cli/__pycache__/__init__.cpython-312.pyc -> /home/matthieu/ros2_ws/install/web_control/share/web_control/web/stream/webrtc/.venv/lib/python3.12/site-packages/pip/_internal/cli/__pycache__\n'}
[2.116468] (web_control) StdoutLine: {'line': b'symbolically linking /home/matthieu/ros2_ws/build/web_control/web/stream/webrtc/.venv/lib/python3.12/site-packages/pip/_internal/cli/__pycache__/req_command.cpython-312.pyc -> /home/matthieu/ros2_ws/install/web_control/share/web_control/web/stream/webrtc/.venv/lib/python3.12/site-packages/pip/_internal/cli/__pycache__\n'}
[2.116558] (web_control) StdoutLine: {'line': b'symbolically linking /home/matthieu/ros2_ws/build/web_control/web/stream/webrtc/.venv/lib/python3.12/site-packages/pip/_internal/cli/__pycache__/parser.cpython-312.pyc -> /home/matthieu/ros2_ws/install/web_control/share/web_control/web/stream/webrtc/.venv/lib/python3.12/site-packages/pip/_internal/cli/__pycache__\n'}
[2.116658] (web_control) StdoutLine: {'line': b'symbolically linking /home/matthieu/ros2_ws/build/web_control/web/stream/webrtc/.venv/lib/python3.12/site-packages/pip/_internal/network/session.py -> /home/matthieu/ros2_ws/install/web_control/share/web_control/web/stream/webrtc/.venv/lib/python3.12/site-packages/pip/_internal/network\n'}
[2.116729] (web_control) StdoutLine: {'line': b'symbolically linking /home/matthieu/ros2_ws/build/web_control/web/stream/webrtc/.venv/lib/python3.12/site-packages/pip/_internal/network/cache.py -> /home/matthieu/ros2_ws/install/web_control/share/web_control/web/stream/webrtc/.venv/lib/python3.12/site-packages/pip/_internal/network\n'}
[2.116817] (web_control) StdoutLine: {'line': b'symbolically linking /home/matthieu/ros2_ws/build/web_control/web/stream/webrtc/.venv/lib/python3.12/site-packages/pip/_internal/network/auth.py -> /home/matthieu/ros2_ws/install/web_control/share/web_control/web/stream/webrtc/.venv/lib/python3.12/site-packages/pip/_internal/network\n'}
[2.116903] (web_control) StdoutLine: {'line': b'symbolically linking /home/matthieu/ros2_ws/build/web_control/web/stream/webrtc/.venv/lib/python3.12/site-packages/pip/_internal/network/lazy_wheel.py -> /home/matthieu/ros2_ws/install/web_control/share/web_control/web/stream/webrtc/.venv/lib/python3.12/site-packages/pip/_internal/network\n'}
[2.117003] (web_control) StdoutLine: {'line': b'symbolically linking /home/matthieu/ros2_ws/build/web_control/web/stream/webrtc/.venv/lib/python3.12/site-packages/pip/_internal/network/download.py -> /home/matthieu/ros2_ws/install/web_control/share/web_control/web/stream/webrtc/.venv/lib/python3.12/site-packages/pip/_internal/network\n'}
[2.117074] (web_control) StdoutLine: {'line': b'symbolically linking /home/matthieu/ros2_ws/build/web_control/web/stream/webrtc/.venv/lib/python3.12/site-packages/pip/_internal/network/utils.py -> /home/matthieu/ros2_ws/install/web_control/share/web_control/web/stream/webrtc/.venv/lib/python3.12/site-packages/pip/_internal/network\n'}
[2.117177] (web_control) StdoutLine: {'line': b'symbolically linking /home/matthieu/ros2_ws/build/web_control/web/stream/webrtc/.venv/lib/python3.12/site-packages/pip/_internal/network/xmlrpc.py -> /home/matthieu/ros2_ws/install/web_control/share/web_control/web/stream/webrtc/.venv/lib/python3.12/site-packages/pip/_internal/network\n'}
[2.117259] (web_control) StdoutLine: {'line': b'symbolically linking /home/matthieu/ros2_ws/build/web_control/web/stream/webrtc/.venv/lib/python3.12/site-packages/pip/_internal/network/__init__.py -> /home/matthieu/ros2_ws/install/web_control/share/web_control/web/stream/webrtc/.venv/lib/python3.12/site-packages/pip/_internal/network\n'}
[2.117360] (web_control) StdoutLine: {'line': b'symbolically linking /home/matthieu/ros2_ws/build/web_control/web/stream/webrtc/.venv/lib/python3.12/site-packages/pip/_internal/network/__pycache__/auth.cpython-312.pyc -> /home/matthieu/ros2_ws/install/web_control/share/web_control/web/stream/webrtc/.venv/lib/python3.12/site-packages/pip/_internal/network/__pycache__\n'}
[2.117441] (web_control) StdoutLine: {'line': b'symbolically linking /home/matthieu/ros2_ws/build/web_control/web/stream/webrtc/.venv/lib/python3.12/site-packages/pip/_internal/network/__pycache__/lazy_wheel.cpython-312.pyc -> /home/matthieu/ros2_ws/install/web_control/share/web_control/web/stream/webrtc/.venv/lib/python3.12/site-packages/pip/_internal/network/__pycache__\n'}
[2.117537] (web_control) StdoutLine: {'line': b'symbolically linking /home/matthieu/ros2_ws/build/web_control/web/stream/webrtc/.venv/lib/python3.12/site-packages/pip/_internal/network/__pycache__/download.cpython-312.pyc -> /home/matthieu/ros2_ws/install/web_control/share/web_control/web/stream/webrtc/.venv/lib/python3.12/site-packages/pip/_internal/network/__pycache__\n'}
[2.117607] (web_control) StdoutLine: {'line': b'symbolically linking /home/matthieu/ros2_ws/build/web_control/web/stream/webrtc/.venv/lib/python3.12/site-packages/pip/_internal/network/__pycache__/xmlrpc.cpython-312.pyc -> /home/matthieu/ros2_ws/install/web_control/share/web_control/web/stream/webrtc/.venv/lib/python3.12/site-packages/pip/_internal/network/__pycache__\n'}
[2.117703] (web_control) StdoutLine: {'line': b'symbolically linking /home/matthieu/ros2_ws/build/web_control/web/stream/webrtc/.venv/lib/python3.12/site-packages/pip/_internal/network/__pycache__/session.cpython-312.pyc -> /home/matthieu/ros2_ws/install/web_control/share/web_control/web/stream/webrtc/.venv/lib/python3.12/site-packages/pip/_internal/network/__pycache__\n'}
[2.117773] (web_control) StdoutLine: {'line': b'symbolically linking /home/matthieu/ros2_ws/build/web_control/web/stream/webrtc/.venv/lib/python3.12/site-packages/pip/_internal/network/__pycache__/cache.cpython-312.pyc -> /home/matthieu/ros2_ws/install/web_control/share/web_control/web/stream/webrtc/.venv/lib/python3.12/site-packages/pip/_internal/network/__pycache__\n'}
[2.117858] (web_control) StdoutLine: {'line': b'symbolically linking /home/matthieu/ros2_ws/build/web_control/web/stream/webrtc/.venv/lib/python3.12/site-packages/pip/_internal/network/__pycache__/__init__.cpython-312.pyc -> /home/matthieu/ros2_ws/install/web_control/share/web_control/web/stream/webrtc/.venv/lib/python3.12/site-packages/pip/_internal/network/__pycache__\n'}
[2.117950] (web_control) StdoutLine: {'line': b'symbolically linking /home/matthieu/ros2_ws/build/web_control/web/stream/webrtc/.venv/lib/python3.12/site-packages/pip/_internal/network/__pycache__/utils.cpython-312.pyc -> /home/matthieu/ros2_ws/install/web_control/share/web_control/web/stream/webrtc/.venv/lib/python3.12/site-packages/pip/_internal/network/__pycache__\n'}
[2.118051] (web_control) StdoutLine: {'line': b'symbolically linking /home/matthieu/ros2_ws/build/web_control/web/stream/webrtc/.venv/lib/python3.12/site-packages/pip/_internal/locations/_distutils.py -> /home/matthieu/ros2_ws/install/web_control/share/web_control/web/stream/webrtc/.venv/lib/python3.12/site-packages/pip/_internal/locations\n'}
[2.118121] (web_control) StdoutLine: {'line': b'symbolically linking /home/matthieu/ros2_ws/build/web_control/web/stream/webrtc/.venv/lib/python3.12/site-packages/pip/_internal/locations/base.py -> /home/matthieu/ros2_ws/install/web_control/share/web_control/web/stream/webrtc/.venv/lib/python3.12/site-packages/pip/_internal/locations\n'}
[2.118211] (web_control) StdoutLine: {'line': b'symbolically linking /home/matthieu/ros2_ws/build/web_control/web/stream/webrtc/.venv/lib/python3.12/site-packages/pip/_internal/locations/_sysconfig.py -> /home/matthieu/ros2_ws/install/web_control/share/web_control/web/stream/webrtc/.venv/lib/python3.12/site-packages/pip/_internal/locations\n'}
[2.118315] (web_control) StdoutLine: {'line': b'symbolically linking /home/matthieu/ros2_ws/build/web_control/web/stream/webrtc/.venv/lib/python3.12/site-packages/pip/_internal/locations/__init__.py -> /home/matthieu/ros2_ws/install/web_control/share/web_control/web/stream/webrtc/.venv/lib/python3.12/site-packages/pip/_internal/locations\n'}
[2.118426] (web_control) StdoutLine: {'line': b'symbolically linking /home/matthieu/ros2_ws/build/web_control/web/stream/webrtc/.venv/lib/python3.12/site-packages/pip/_internal/locations/__pycache__/_distutils.cpython-312.pyc -> /home/matthieu/ros2_ws/install/web_control/share/web_control/web/stream/webrtc/.venv/lib/python3.12/site-packages/pip/_internal/locations/__pycache__\n'}
[2.118523] (web_control) StdoutLine: {'line': b'symbolically linking /home/matthieu/ros2_ws/build/web_control/web/stream/webrtc/.venv/lib/python3.12/site-packages/pip/_internal/locations/__pycache__/_sysconfig.cpython-312.pyc -> /home/matthieu/ros2_ws/install/web_control/share/web_control/web/stream/webrtc/.venv/lib/python3.12/site-packages/pip/_internal/locations/__pycache__\n'}
[2.118597] (web_control) StdoutLine: {'line': b'symbolically linking /home/matthieu/ros2_ws/build/web_control/web/stream/webrtc/.venv/lib/python3.12/site-packages/pip/_internal/locations/__pycache__/base.cpython-312.pyc -> /home/matthieu/ros2_ws/install/web_control/share/web_control/web/stream/webrtc/.venv/lib/python3.12/site-packages/pip/_internal/locations/__pycache__\n'}
[2.118692] (web_control) StdoutLine: {'line': b'symbolically linking /home/matthieu/ros2_ws/build/web_control/web/stream/webrtc/.venv/lib/python3.12/site-packages/pip/_internal/locations/__pycache__/__init__.cpython-312.pyc -> /home/matthieu/ros2_ws/install/web_control/share/web_control/web/stream/webrtc/.venv/lib/python3.12/site-packages/pip/_internal/locations/__pycache__\n'}
[2.118764] (web_control) StdoutLine: {'line': b'symbolically linking /home/matthieu/ros2_ws/build/web_control/web/stream/webrtc/.venv/lib/python3.12/site-packages/pip/_internal/metadata/base.py -> /home/matthieu/ros2_ws/install/web_control/share/web_control/web/stream/webrtc/.venv/lib/python3.12/site-packages/pip/_internal/metadata\n'}
[2.118861] (web_control) StdoutLine: {'line': b'symbolically linking /home/matthieu/ros2_ws/build/web_control/web/stream/webrtc/.venv/lib/python3.12/site-packages/pip/_internal/metadata/pkg_resources.py -> /home/matthieu/ros2_ws/install/web_control/share/web_control/web/stream/webrtc/.venv/lib/python3.12/site-packages/pip/_internal/metadata\n'}
[2.118938] (web_control) StdoutLine: {'line': b'symbolically linking /home/matthieu/ros2_ws/build/web_control/web/stream/webrtc/.venv/lib/python3.12/site-packages/pip/_internal/metadata/_json.py -> /home/matthieu/ros2_ws/install/web_control/share/web_control/web/stream/webrtc/.venv/lib/python3.12/site-packages/pip/_internal/metadata\n'}
[2.119034] (web_control) StdoutLine: {'line': b'symbolically linking /home/matthieu/ros2_ws/build/web_control/web/stream/webrtc/.venv/lib/python3.12/site-packages/pip/_internal/metadata/__init__.py -> /home/matthieu/ros2_ws/install/web_control/share/web_control/web/stream/webrtc/.venv/lib/python3.12/site-packages/pip/_internal/metadata\n'}
[2.119106] (web_control) StdoutLine: {'line': b'symbolically linking /home/matthieu/ros2_ws/build/web_control/web/stream/webrtc/.venv/lib/python3.12/site-packages/pip/_internal/metadata/__pycache__/_json.cpython-312.pyc -> /home/matthieu/ros2_ws/install/web_control/share/web_control/web/stream/webrtc/.venv/lib/python3.12/site-packages/pip/_internal/metadata/__pycache__\n'}
[2.119203] (web_control) StdoutLine: {'line': b'symbolically linking /home/matthieu/ros2_ws/build/web_control/web/stream/webrtc/.venv/lib/python3.12/site-packages/pip/_internal/metadata/__pycache__/pkg_resources.cpython-312.pyc -> /home/matthieu/ros2_ws/install/web_control/share/web_control/web/stream/webrtc/.venv/lib/python3.12/site-packages/pip/_internal/metadata/__pycache__\n'}
[2.119304] (web_control) StdoutLine: {'line': b'symbolically linking /home/matthieu/ros2_ws/build/web_control/web/stream/webrtc/.venv/lib/python3.12/site-packages/pip/_internal/metadata/__pycache__/base.cpython-312.pyc -> /home/matthieu/ros2_ws/install/web_control/share/web_control/web/stream/webrtc/.venv/lib/python3.12/site-packages/pip/_internal/metadata/__pycache__\n'}
[2.119380] (web_control) StdoutLine: {'line': b'symbolically linking /home/matthieu/ros2_ws/build/web_control/web/stream/webrtc/.venv/lib/python3.12/site-packages/pip/_internal/metadata/__pycache__/__init__.cpython-312.pyc -> /home/matthieu/ros2_ws/install/web_control/share/web_control/web/stream/webrtc/.venv/lib/python3.12/site-packages/pip/_internal/metadata/__pycache__\n'}
[2.119480] (web_control) StdoutLine: {'line': b'symbolically linking /home/matthieu/ros2_ws/build/web_control/web/stream/webrtc/.venv/lib/python3.12/site-packages/pip/_internal/metadata/importlib/_envs.py -> /home/matthieu/ros2_ws/install/web_control/share/web_control/web/stream/webrtc/.venv/lib/python3.12/site-packages/pip/_internal/metadata/importlib\n'}
[2.119561] (web_control) StdoutLine: {'line': b'symbolically linking /home/matthieu/ros2_ws/build/web_control/web/stream/webrtc/.venv/lib/python3.12/site-packages/pip/_internal/metadata/importlib/_dists.py -> /home/matthieu/ros2_ws/install/web_control/share/web_control/web/stream/webrtc/.venv/lib/python3.12/site-packages/pip/_internal/metadata/importlib\n'}
[2.119655] (web_control) StdoutLine: {'line': b'symbolically linking /home/matthieu/ros2_ws/build/web_control/web/stream/webrtc/.venv/lib/python3.12/site-packages/pip/_internal/metadata/importlib/_compat.py -> /home/matthieu/ros2_ws/install/web_control/share/web_control/web/stream/webrtc/.venv/lib/python3.12/site-packages/pip/_internal/metadata/importlib\n'}
[2.119725] (web_control) StdoutLine: {'line': b'symbolically linking /home/matthieu/ros2_ws/build/web_control/web/stream/webrtc/.venv/lib/python3.12/site-packages/pip/_internal/metadata/importlib/__init__.py -> /home/matthieu/ros2_ws/install/web_control/share/web_control/web/stream/webrtc/.venv/lib/python3.12/site-packages/pip/_internal/metadata/importlib\n'}
[2.119821] (web_control) StdoutLine: {'line': b'symbolically linking /home/matthieu/ros2_ws/build/web_control/web/stream/webrtc/.venv/lib/python3.12/site-packages/pip/_internal/metadata/importlib/__pycache__/_compat.cpython-312.pyc -> /home/matthieu/ros2_ws/install/web_control/share/web_control/web/stream/webrtc/.venv/lib/python3.12/site-packages/pip/_internal/metadata/importlib/__pycache__\n'}
[2.119899] (web_control) StdoutLine: {'line': b'symbolically linking /home/matthieu/ros2_ws/build/web_control/web/stream/webrtc/.venv/lib/python3.12/site-packages/pip/_internal/metadata/importlib/__pycache__/_envs.cpython-312.pyc -> /home/matthieu/ros2_ws/install/web_control/share/web_control/web/stream/webrtc/.venv/lib/python3.12/site-packages/pip/_internal/metadata/importlib/__pycache__\n'}
[2.119993] (web_control) StdoutLine: {'line': b'symbolically linking /home/matthieu/ros2_ws/build/web_control/web/stream/webrtc/.venv/lib/python3.12/site-packages/pip/_internal/metadata/importlib/__pycache__/_dists.cpython-312.pyc -> /home/matthieu/ros2_ws/install/web_control/share/web_control/web/stream/webrtc/.venv/lib/python3.12/site-packages/pip/_internal/metadata/importlib/__pycache__\n'}
[2.120061] (web_control) StdoutLine: {'line': b'symbolically linking /home/matthieu/ros2_ws/build/web_control/web/stream/webrtc/.venv/lib/python3.12/site-packages/pip/_internal/metadata/importlib/__pycache__/__init__.cpython-312.pyc -> /home/matthieu/ros2_ws/install/web_control/share/web_control/web/stream/webrtc/.venv/lib/python3.12/site-packages/pip/_internal/metadata/importlib/__pycache__\n'}
[2.120151] (web_control) StdoutLine: {'line': b'symbolically linking /home/matthieu/ros2_ws/build/web_control/web/stream/webrtc/.venv/lib/python3.12/site-packages/pip/_internal/__pycache__/wheel_builder.cpython-312.pyc -> /home/matthieu/ros2_ws/install/web_control/share/web_control/web/stream/webrtc/.venv/lib/python3.12/site-packages/pip/_internal/__pycache__\n'}
[2.120251] (web_control) StdoutLine: {'line': b'symbolically linking /home/matthieu/ros2_ws/build/web_control/web/stream/webrtc/.venv/lib/python3.12/site-packages/pip/_internal/__pycache__/self_outdated_check.cpython-312.pyc -> /home/matthieu/ros2_ws/install/web_control/share/web_control/web/stream/webrtc/.venv/lib/python3.12/site-packages/pip/_internal/__pycache__\n'}
[2.120331] (web_control) StdoutLine: {'line': b'symbolically linking /home/matthieu/ros2_ws/build/web_control/web/stream/webrtc/.venv/lib/python3.12/site-packages/pip/_internal/__pycache__/main.cpython-312.pyc -> /home/matthieu/ros2_ws/install/web_control/share/web_control/web/stream/webrtc/.venv/lib/python3.12/site-packages/pip/_internal/__pycache__\n'}
[2.120419] (web_control) StdoutLine: {'line': b'symbolically linking /home/matthieu/ros2_ws/build/web_control/web/stream/webrtc/.venv/lib/python3.12/site-packages/pip/_internal/__pycache__/pyproject.cpython-312.pyc -> /home/matthieu/ros2_ws/install/web_control/share/web_control/web/stream/webrtc/.venv/lib/python3.12/site-packages/pip/_internal/__pycache__\n'}
[2.120506] (web_control) StdoutLine: {'line': b'symbolically linking /home/matthieu/ros2_ws/build/web_control/web/stream/webrtc/.venv/lib/python3.12/site-packages/pip/_internal/__pycache__/exceptions.cpython-312.pyc -> /home/matthieu/ros2_ws/install/web_control/share/web_control/web/stream/webrtc/.venv/lib/python3.12/site-packages/pip/_internal/__pycache__\n'}
[2.120608] (web_control) StdoutLine: {'line': b'symbolically linking /home/matthieu/ros2_ws/build/web_control/web/stream/webrtc/.venv/lib/python3.12/site-packages/pip/_internal/__pycache__/build_env.cpython-312.pyc -> /home/matthieu/ros2_ws/install/web_control/share/web_control/web/stream/webrtc/.venv/lib/python3.12/site-packages/pip/_internal/__pycache__\n'}
[2.120678] (web_control) StdoutLine: {'line': b'symbolically linking /home/matthieu/ros2_ws/build/web_control/web/stream/webrtc/.venv/lib/python3.12/site-packages/pip/_internal/__pycache__/configuration.cpython-312.pyc -> /home/matthieu/ros2_ws/install/web_control/share/web_control/web/stream/webrtc/.venv/lib/python3.12/site-packages/pip/_internal/__pycache__\n'}
[2.120773] (web_control) StdoutLine: {'line': b'symbolically linking /home/matthieu/ros2_ws/build/web_control/web/stream/webrtc/.venv/lib/python3.12/site-packages/pip/_internal/__pycache__/cache.cpython-312.pyc -> /home/matthieu/ros2_ws/install/web_control/share/web_control/web/stream/webrtc/.venv/lib/python3.12/site-packages/pip/_internal/__pycache__\n'}
[2.120846] (web_control) StdoutLine: {'line': b'symbolically linking /home/matthieu/ros2_ws/build/web_control/web/stream/webrtc/.venv/lib/python3.12/site-packages/pip/_internal/__pycache__/__init__.cpython-312.pyc -> /home/matthieu/ros2_ws/install/web_control/share/web_control/web/stream/webrtc/.venv/lib/python3.12/site-packages/pip/_internal/__pycache__\n'}
[2.120942] (web_control) StdoutLine: {'line': b'symbolically linking /home/matthieu/ros2_ws/build/web_control/web/stream/webrtc/.venv/lib/python3.12/site-packages/pip/_internal/distributions/installed.py -> /home/matthieu/ros2_ws/install/web_control/share/web_control/web/stream/webrtc/.venv/lib/python3.12/site-packages/pip/_internal/distributions\n'}
[2.121012] (web_control) StdoutLine: {'line': b'symbolically linking /home/matthieu/ros2_ws/build/web_control/web/stream/webrtc/.venv/lib/python3.12/site-packages/pip/_internal/distributions/base.py -> /home/matthieu/ros2_ws/install/web_control/share/web_control/web/stream/webrtc/.venv/lib/python3.12/site-packages/pip/_internal/distributions\n'}
[2.121114] (web_control) StdoutLine: {'line': b'symbolically linking /home/matthieu/ros2_ws/build/web_control/web/stream/webrtc/.venv/lib/python3.12/site-packages/pip/_internal/distributions/sdist.py -> /home/matthieu/ros2_ws/install/web_control/share/web_control/web/stream/webrtc/.venv/lib/python3.12/site-packages/pip/_internal/distributions\n'}
[2.121225] (web_control) StdoutLine: {'line': b'symbolically linking /home/matthieu/ros2_ws/build/web_control/web/stream/webrtc/.venv/lib/python3.12/site-packages/pip/_internal/distributions/wheel.py -> /home/matthieu/ros2_ws/install/web_control/share/web_control/web/stream/webrtc/.venv/lib/python3.12/site-packages/pip/_internal/distributions\n'}
[2.121308] (web_control) StdoutLine: {'line': b'symbolically linking /home/matthieu/ros2_ws/build/web_control/web/stream/webrtc/.venv/lib/python3.12/site-packages/pip/_internal/distributions/__init__.py -> /home/matthieu/ros2_ws/install/web_control/share/web_control/web/stream/webrtc/.venv/lib/python3.12/site-packages/pip/_internal/distributions\n'}
[2.121400] (web_control) StdoutLine: {'line': b'symbolically linking /home/matthieu/ros2_ws/build/web_control/web/stream/webrtc/.venv/lib/python3.12/site-packages/pip/_internal/distributions/__pycache__/base.cpython-312.pyc -> /home/matthieu/ros2_ws/install/web_control/share/web_control/web/stream/webrtc/.venv/lib/python3.12/site-packages/pip/_internal/distributions/__pycache__\n'}
[2.121509] (web_control) StdoutLine: {'line': b'symbolically linking /home/matthieu/ros2_ws/build/web_control/web/stream/webrtc/.venv/lib/python3.12/site-packages/pip/_internal/distributions/__pycache__/wheel.cpython-312.pyc -> /home/matthieu/ros2_ws/install/web_control/share/web_control/web/stream/webrtc/.venv/lib/python3.12/site-packages/pip/_internal/distributions/__pycache__\n'}
[2.121583] (web_control) StdoutLine: {'line': b'symbolically linking /home/matthieu/ros2_ws/build/web_control/web/stream/webrtc/.venv/lib/python3.12/site-packages/pip/_internal/distributions/__pycache__/installed.cpython-312.pyc -> /home/matthieu/ros2_ws/install/web_control/share/web_control/web/stream/webrtc/.venv/lib/python3.12/site-packages/pip/_internal/distributions/__pycache__\n'}
[2.121680] (web_control) StdoutLine: {'line': b'symbolically linking /home/matthieu/ros2_ws/build/web_control/web/stream/webrtc/.venv/lib/python3.12/site-packages/pip/_internal/distributions/__pycache__/sdist.cpython-312.pyc -> /home/matthieu/ros2_ws/install/web_control/share/web_control/web/stream/webrtc/.venv/lib/python3.12/site-packages/pip/_internal/distributions/__pycache__\n'}
[2.121784] (web_control) StdoutLine: {'line': b'symbolically linking /home/matthieu/ros2_ws/build/web_control/web/stream/webrtc/.venv/lib/python3.12/site-packages/pip/_internal/distributions/__pycache__/__init__.cpython-312.pyc -> /home/matthieu/ros2_ws/install/web_control/share/web_control/web/stream/webrtc/.venv/lib/python3.12/site-packages/pip/_internal/distributions/__pycache__\n'}
[2.121976] (web_control) StdoutLine: {'line': b'symbolically linking /home/matthieu/ros2_ws/build/web_control/web/stream/webrtc/.venv/lib/python3.12/site-packages/pip/_internal/req/req_file.py -> /home/matthieu/ros2_ws/install/web_control/share/web_control/web/stream/webrtc/.venv/lib/python3.12/site-packages/pip/_internal/req\n'}
[2.122051] (web_control) StdoutLine: {'line': b'symbolically linking /home/matthieu/ros2_ws/build/web_control/web/stream/webrtc/.venv/lib/python3.12/site-packages/pip/_internal/req/constructors.py -> /home/matthieu/ros2_ws/install/web_control/share/web_control/web/stream/webrtc/.venv/lib/python3.12/site-packages/pip/_internal/req\n'}
[2.122159] (web_control) StdoutLine: {'line': b'symbolically linking /home/matthieu/ros2_ws/build/web_control/web/stream/webrtc/.venv/lib/python3.12/site-packages/pip/_internal/req/req_set.py -> /home/matthieu/ros2_ws/install/web_control/share/web_control/web/stream/webrtc/.venv/lib/python3.12/site-packages/pip/_internal/req\n'}
[2.122244] (web_control) StdoutLine: {'line': b'symbolically linking /home/matthieu/ros2_ws/build/web_control/web/stream/webrtc/.venv/lib/python3.12/site-packages/pip/_internal/req/req_install.py -> /home/matthieu/ros2_ws/install/web_control/share/web_control/web/stream/webrtc/.venv/lib/python3.12/site-packages/pip/_internal/req\n'}
[2.122364] (web_control) StdoutLine: {'line': b'symbolically linking /home/matthieu/ros2_ws/build/web_control/web/stream/webrtc/.venv/lib/python3.12/site-packages/pip/_internal/req/req_uninstall.py -> /home/matthieu/ros2_ws/install/web_control/share/web_control/web/stream/webrtc/.venv/lib/python3.12/site-packages/pip/_internal/req\n'}
[2.122440] (web_control) StdoutLine: {'line': b'symbolically linking /home/matthieu/ros2_ws/build/web_control/web/stream/webrtc/.venv/lib/python3.12/site-packages/pip/_internal/req/__init__.py -> /home/matthieu/ros2_ws/install/web_control/share/web_control/web/stream/webrtc/.venv/lib/python3.12/site-packages/pip/_internal/req\n'}
[2.122542] (web_control) StdoutLine: {'line': b'symbolically linking /home/matthieu/ros2_ws/build/web_control/web/stream/webrtc/.venv/lib/python3.12/site-packages/pip/_internal/req/__pycache__/req_install.cpython-312.pyc -> /home/matthieu/ros2_ws/install/web_control/share/web_control/web/stream/webrtc/.venv/lib/python3.12/site-packages/pip/_internal/req/__pycache__\n'}
[2.122621] (web_control) StdoutLine: {'line': b'symbolically linking /home/matthieu/ros2_ws/build/web_control/web/stream/webrtc/.venv/lib/python3.12/site-packages/pip/_internal/req/__pycache__/req_file.cpython-312.pyc -> /home/matthieu/ros2_ws/install/web_control/share/web_control/web/stream/webrtc/.venv/lib/python3.12/site-packages/pip/_internal/req/__pycache__\n'}
[2.122720] (web_control) StdoutLine: {'line': b'symbolically linking /home/matthieu/ros2_ws/build/web_control/web/stream/webrtc/.venv/lib/python3.12/site-packages/pip/_internal/req/__pycache__/req_uninstall.cpython-312.pyc -> /home/matthieu/ros2_ws/install/web_control/share/web_control/web/stream/webrtc/.venv/lib/python3.12/site-packages/pip/_internal/req/__pycache__\n'}
[2.122792] (web_control) StdoutLine: {'line': b'symbolically linking /home/matthieu/ros2_ws/build/web_control/web/stream/webrtc/.venv/lib/python3.12/site-packages/pip/_internal/req/__pycache__/constructors.cpython-312.pyc -> /home/matthieu/ros2_ws/install/web_control/share/web_control/web/stream/webrtc/.venv/lib/python3.12/site-packages/pip/_internal/req/__pycache__\n'}
[2.122891] (web_control) StdoutLine: {'line': b'symbolically linking /home/matthieu/ros2_ws/build/web_control/web/stream/webrtc/.venv/lib/python3.12/site-packages/pip/_internal/req/__pycache__/__init__.cpython-312.pyc -> /home/matthieu/ros2_ws/install/web_control/share/web_control/web/stream/webrtc/.venv/lib/python3.12/site-packages/pip/_internal/req/__pycache__\n'}
[2.122967] (web_control) StdoutLine: {'line': b'symbolically linking /home/matthieu/ros2_ws/build/web_control/web/stream/webrtc/.venv/lib/python3.12/site-packages/pip/_internal/req/__pycache__/req_set.cpython-312.pyc -> /home/matthieu/ros2_ws/install/web_control/share/web_control/web/stream/webrtc/.venv/lib/python3.12/site-packages/pip/_internal/req/__pycache__\n'}
[2.123057] (web_control) StdoutLine: {'line': b'symbolically linking /home/matthieu/ros2_ws/build/web_control/web/stream/webrtc/.venv/lib/python3.12/site-packages/pip/_internal/utils/encoding.py -> /home/matthieu/ros2_ws/install/web_control/share/web_control/web/stream/webrtc/.venv/lib/python3.12/site-packages/pip/_internal/utils\n'}
[2.123150] (web_control) StdoutLine: {'line': b'symbolically linking /home/matthieu/ros2_ws/build/web_control/web/stream/webrtc/.venv/lib/python3.12/site-packages/pip/_internal/utils/appdirs.py -> /home/matthieu/ros2_ws/install/web_control/share/web_control/web/stream/webrtc/.venv/lib/python3.12/site-packages/pip/_internal/utils\n'}
[2.123249] (web_control) StdoutLine: {'line': b'symbolically linking /home/matthieu/ros2_ws/build/web_control/web/stream/webrtc/.venv/lib/python3.12/site-packages/pip/_internal/utils/direct_url_helpers.py -> /home/matthieu/ros2_ws/install/web_control/share/web_control/web/stream/webrtc/.venv/lib/python3.12/site-packages/pip/_internal/utils\n'}
[2.123359] (web_control) StdoutLine: {'line': b'symbolically linking /home/matthieu/ros2_ws/build/web_control/web/stream/webrtc/.venv/lib/python3.12/site-packages/pip/_internal/utils/filetypes.py -> /home/matthieu/ros2_ws/install/web_control/share/web_control/web/stream/webrtc/.venv/lib/python3.12/site-packages/pip/_internal/utils\n'}
[2.123434] (web_control) StdoutLine: {'line': b'symbolically linking /home/matthieu/ros2_ws/build/web_control/web/stream/webrtc/.venv/lib/python3.12/site-packages/pip/_internal/utils/setuptools_build.py -> /home/matthieu/ros2_ws/install/web_control/share/web_control/web/stream/webrtc/.venv/lib/python3.12/site-packages/pip/_internal/utils\n'}
[2.123532] (web_control) StdoutLine: {'line': b'symbolically linking /home/matthieu/ros2_ws/build/web_control/web/stream/webrtc/.venv/lib/python3.12/site-packages/pip/_internal/utils/temp_dir.py -> /home/matthieu/ros2_ws/install/web_control/share/web_control/web/stream/webrtc/.venv/lib/python3.12/site-packages/pip/_internal/utils\n'}
[2.123610] (web_control) StdoutLine: {'line': b'symbolically linking /home/matthieu/ros2_ws/build/web_control/web/stream/webrtc/.venv/lib/python3.12/site-packages/pip/_internal/utils/glibc.py -> /home/matthieu/ros2_ws/install/web_control/share/web_control/web/stream/webrtc/.venv/lib/python3.12/site-packages/pip/_internal/utils\n'}
[2.123726] (web_control) StdoutLine: {'line': b'symbolically linking /home/matthieu/ros2_ws/build/web_control/web/stream/webrtc/.venv/lib/python3.12/site-packages/pip/_internal/utils/unpacking.py -> /home/matthieu/ros2_ws/install/web_control/share/web_control/web/stream/webrtc/.venv/lib/python3.12/site-packages/pip/_internal/utils\n'}
[2.123805] (web_control) StdoutLine: {'line': b'symbolically linking /home/matthieu/ros2_ws/build/web_control/web/stream/webrtc/.venv/lib/python3.12/site-packages/pip/_internal/utils/urls.py -> /home/matthieu/ros2_ws/install/web_control/share/web_control/web/stream/webrtc/.venv/lib/python3.12/site-packages/pip/_internal/utils\n'}
[2.123908] (web_control) StdoutLine: {'line': b'symbolically linking /home/matthieu/ros2_ws/build/web_control/web/stream/webrtc/.venv/lib/python3.12/site-packages/pip/_internal/utils/datetime.py -> /home/matthieu/ros2_ws/install/web_control/share/web_control/web/stream/webrtc/.venv/lib/python3.12/site-packages/pip/_internal/utils\n'}
[2.124008] (web_control) StdoutLine: {'line': b'symbolically linking /home/matthieu/ros2_ws/build/web_control/web/stream/webrtc/.venv/lib/python3.12/site-packages/pip/_internal/utils/hashes.py -> /home/matthieu/ros2_ws/install/web_control/share/web_control/web/stream/webrtc/.venv/lib/python3.12/site-packages/pip/_internal/utils\n'}
[2.124095] (web_control) StdoutLine: {'line': b'symbolically linking /home/matthieu/ros2_ws/build/web_control/web/stream/webrtc/.venv/lib/python3.12/site-packages/pip/_internal/utils/subprocess.py -> /home/matthieu/ros2_ws/install/web_control/share/web_control/web/stream/webrtc/.venv/lib/python3.12/site-packages/pip/_internal/utils\n'}
[2.124187] (web_control) StdoutLine: {'line': b'symbolically linking /home/matthieu/ros2_ws/build/web_control/web/stream/webrtc/.venv/lib/python3.12/site-packages/pip/_internal/utils/logging.py -> /home/matthieu/ros2_ws/install/web_control/share/web_control/web/stream/webrtc/.venv/lib/python3.12/site-packages/pip/_internal/utils\n'}
[2.124287] (web_control) StdoutLine: {'line': b'symbolically linking /home/matthieu/ros2_ws/build/web_control/web/stream/webrtc/.venv/lib/python3.12/site-packages/pip/_internal/utils/entrypoints.py -> /home/matthieu/ros2_ws/install/web_control/share/web_control/web/stream/webrtc/.venv/lib/python3.12/site-packages/pip/_internal/utils\n'}
[2.124406] (web_control) StdoutLine: {'line': b'symbolically linking /home/matthieu/ros2_ws/build/web_control/web/stream/webrtc/.venv/lib/python3.12/site-packages/pip/_internal/utils/misc.py -> /home/matthieu/ros2_ws/install/web_control/share/web_control/web/stream/webrtc/.venv/lib/python3.12/site-packages/pip/_internal/utils\n'}
[2.124501] (web_control) StdoutLine: {'line': b'symbolically linking /home/matthieu/ros2_ws/build/web_control/web/stream/webrtc/.venv/lib/python3.12/site-packages/pip/_internal/utils/compatibility_tags.py -> /home/matthieu/ros2_ws/install/web_control/share/web_control/web/stream/webrtc/.venv/lib/python3.12/site-packages/pip/_internal/utils\n'}
[2.124595] (web_control) StdoutLine: {'line': b'symbolically linking /home/matthieu/ros2_ws/build/web_control/web/stream/webrtc/.venv/lib/python3.12/site-packages/pip/_internal/utils/virtualenv.py -> /home/matthieu/ros2_ws/install/web_control/share/web_control/web/stream/webrtc/.venv/lib/python3.12/site-packages/pip/_internal/utils\n'}
[2.124678] (web_control) StdoutLine: {'line': b'symbolically linking /home/matthieu/ros2_ws/build/web_control/web/stream/webrtc/.venv/lib/python3.12/site-packages/pip/_internal/utils/compat.py -> /home/matthieu/ros2_ws/install/web_control/share/web_control/web/stream/webrtc/.venv/lib/python3.12/site-packages/pip/_internal/utils\n'}
[2.124770] (web_control) StdoutLine: {'line': b'symbolically linking /home/matthieu/ros2_ws/build/web_control/web/stream/webrtc/.venv/lib/python3.12/site-packages/pip/_internal/utils/models.py -> /home/matthieu/ros2_ws/install/web_control/share/web_control/web/stream/webrtc/.venv/lib/python3.12/site-packages/pip/_internal/utils\n'}
[2.124864] (web_control) StdoutLine: {'line': b'symbolically linking /home/matthieu/ros2_ws/build/web_control/web/stream/webrtc/.venv/lib/python3.12/site-packages/pip/_internal/utils/filesystem.py -> /home/matthieu/ros2_ws/install/web_control/share/web_control/web/stream/webrtc/.venv/lib/python3.12/site-packages/pip/_internal/utils\n'}
[2.124945] (web_control) StdoutLine: {'line': b'symbolically linking /home/matthieu/ros2_ws/build/web_control/web/stream/webrtc/.venv/lib/python3.12/site-packages/pip/_internal/utils/_jaraco_text.py -> /home/matthieu/ros2_ws/install/web_control/share/web_control/web/stream/webrtc/.venv/lib/python3.12/site-packages/pip/_internal/utils\n'}
[2.125026] (web_control) StdoutLine: {'line': b'symbolically linking /home/matthieu/ros2_ws/build/web_control/web/stream/webrtc/.venv/lib/python3.12/site-packages/pip/_internal/utils/packaging.py -> /home/matthieu/ros2_ws/install/web_control/share/web_control/web/stream/webrtc/.venv/lib/python3.12/site-packages/pip/_internal/utils\n'}
[2.125113] (web_control) StdoutLine: {'line': b'symbolically linking /home/matthieu/ros2_ws/build/web_control/web/stream/webrtc/.venv/lib/python3.12/site-packages/pip/_internal/utils/wheel.py -> /home/matthieu/ros2_ws/install/web_control/share/web_control/web/stream/webrtc/.venv/lib/python3.12/site-packages/pip/_internal/utils\n'}
[2.125202] (web_control) StdoutLine: {'line': b'symbolically linking /home/matthieu/ros2_ws/build/web_control/web/stream/webrtc/.venv/lib/python3.12/site-packages/pip/_internal/utils/_log.py -> /home/matthieu/ros2_ws/install/web_control/share/web_control/web/stream/webrtc/.venv/lib/python3.12/site-packages/pip/_internal/utils\n'}
[2.125299] (web_control) StdoutLine: {'line': b'symbolically linking /home/matthieu/ros2_ws/build/web_control/web/stream/webrtc/.venv/lib/python3.12/site-packages/pip/_internal/utils/egg_link.py -> /home/matthieu/ros2_ws/install/web_control/share/web_control/web/stream/webrtc/.venv/lib/python3.12/site-packages/pip/_internal/utils\n'}
[2.125390] (web_control) StdoutLine: {'line': b'symbolically linking /home/matthieu/ros2_ws/build/web_control/web/stream/webrtc/.venv/lib/python3.12/site-packages/pip/_internal/utils/deprecation.py -> /home/matthieu/ros2_ws/install/web_control/share/web_control/web/stream/webrtc/.venv/lib/python3.12/site-packages/pip/_internal/utils\n'}
[2.125483] (web_control) StdoutLine: {'line': b'symbolically linking /home/matthieu/ros2_ws/build/web_control/web/stream/webrtc/.venv/lib/python3.12/site-packages/pip/_internal/utils/__init__.py -> /home/matthieu/ros2_ws/install/web_control/share/web_control/web/stream/webrtc/.venv/lib/python3.12/site-packages/pip/_internal/utils\n'}
[2.125572] (web_control) StdoutLine: {'line': b'symbolically linking /home/matthieu/ros2_ws/build/web_control/web/stream/webrtc/.venv/lib/python3.12/site-packages/pip/_internal/utils/__pycache__/entrypoints.cpython-312.pyc -> /home/matthieu/ros2_ws/install/web_control/share/web_control/web/stream/webrtc/.venv/lib/python3.12/site-packages/pip/_internal/utils/__pycache__\n'}
[2.125660] (web_control) StdoutLine: {'line': b'symbolically linking /home/matthieu/ros2_ws/build/web_control/web/stream/webrtc/.venv/lib/python3.12/site-packages/pip/_internal/utils/__pycache__/misc.cpython-312.pyc -> /home/matthieu/ros2_ws/install/web_control/share/web_control/web/stream/webrtc/.venv/lib/python3.12/site-packages/pip/_internal/utils/__pycache__\n'}
[2.125751] (web_control) StdoutLine: {'line': b'symbolically linking /home/matthieu/ros2_ws/build/web_control/web/stream/webrtc/.venv/lib/python3.12/site-packages/pip/_internal/utils/__pycache__/datetime.cpython-312.pyc -> /home/matthieu/ros2_ws/install/web_control/share/web_control/web/stream/webrtc/.venv/lib/python3.12/site-packages/pip/_internal/utils/__pycache__\n'}
[2.125854] (web_control) StdoutLine: {'line': b'symbolically linking /home/matthieu/ros2_ws/build/web_control/web/stream/webrtc/.venv/lib/python3.12/site-packages/pip/_internal/utils/__pycache__/deprecation.cpython-312.pyc -> /home/matthieu/ros2_ws/install/web_control/share/web_control/web/stream/webrtc/.venv/lib/python3.12/site-packages/pip/_internal/utils/__pycache__\n'}
[2.125923] (web_control) StdoutLine: {'line': b'symbolically linking /home/matthieu/ros2_ws/build/web_control/web/stream/webrtc/.venv/lib/python3.12/site-packages/pip/_internal/utils/__pycache__/temp_dir.cpython-312.pyc -> /home/matthieu/ros2_ws/install/web_control/share/web_control/web/stream/webrtc/.venv/lib/python3.12/site-packages/pip/_internal/utils/__pycache__\n'}
[2.126017] (web_control) StdoutLine: {'line': b'symbolically linking /home/matthieu/ros2_ws/build/web_control/web/stream/webrtc/.venv/lib/python3.12/site-packages/pip/_internal/utils/__pycache__/virtualenv.cpython-312.pyc -> /home/matthieu/ros2_ws/install/web_control/share/web_control/web/stream/webrtc/.venv/lib/python3.12/site-packages/pip/_internal/utils/__pycache__\n'}
[2.126086] (web_control) StdoutLine: {'line': b'symbolically linking /home/matthieu/ros2_ws/build/web_control/web/stream/webrtc/.venv/lib/python3.12/site-packages/pip/_internal/utils/__pycache__/glibc.cpython-312.pyc -> /home/matthieu/ros2_ws/install/web_control/share/web_control/web/stream/webrtc/.venv/lib/python3.12/site-packages/pip/_internal/utils/__pycache__\n'}
[2.126182] (web_control) StdoutLine: {'line': b'symbolically linking /home/matthieu/ros2_ws/build/web_control/web/stream/webrtc/.venv/lib/python3.12/site-packages/pip/_internal/utils/__pycache__/direct_url_helpers.cpython-312.pyc -> /home/matthieu/ros2_ws/install/web_control/share/web_control/web/stream/webrtc/.venv/lib/python3.12/site-packages/pip/_internal/utils/__pycache__\n'}
[2.126274] (web_control) StdoutLine: {'line': b'symbolically linking /home/matthieu/ros2_ws/build/web_control/web/stream/webrtc/.venv/lib/python3.12/site-packages/pip/_internal/utils/__pycache__/_log.cpython-312.pyc -> /home/matthieu/ros2_ws/install/web_control/share/web_control/web/stream/webrtc/.venv/lib/python3.12/site-packages/pip/_internal/utils/__pycache__\n'}
[2.126388] (web_control) StdoutLine: {'line': b'symbolically linking /home/matthieu/ros2_ws/build/web_control/web/stream/webrtc/.venv/lib/python3.12/site-packages/pip/_internal/utils/__pycache__/models.cpython-312.pyc -> /home/matthieu/ros2_ws/install/web_control/share/web_control/web/stream/webrtc/.venv/lib/python3.12/site-packages/pip/_internal/utils/__pycache__\n'}
[2.126459] (web_control) StdoutLine: {'line': b'symbolically linking /home/matthieu/ros2_ws/build/web_control/web/stream/webrtc/.venv/lib/python3.12/site-packages/pip/_internal/utils/__pycache__/setuptools_build.cpython-312.pyc -> /home/matthieu/ros2_ws/install/web_control/share/web_control/web/stream/webrtc/.venv/lib/python3.12/site-packages/pip/_internal/utils/__pycache__\n'}
[2.126545] (web_control) StdoutLine: {'line': b'symbolically linking /home/matthieu/ros2_ws/build/web_control/web/stream/webrtc/.venv/lib/python3.12/site-packages/pip/_internal/utils/__pycache__/packaging.cpython-312.pyc -> /home/matthieu/ros2_ws/install/web_control/share/web_control/web/stream/webrtc/.venv/lib/python3.12/site-packages/pip/_internal/utils/__pycache__\n'}
[2.126631] (web_control) StdoutLine: {'line': b'symbolically linking /home/matthieu/ros2_ws/build/web_control/web/stream/webrtc/.venv/lib/python3.12/site-packages/pip/_internal/utils/__pycache__/wheel.cpython-312.pyc -> /home/matthieu/ros2_ws/install/web_control/share/web_control/web/stream/webrtc/.venv/lib/python3.12/site-packages/pip/_internal/utils/__pycache__\n'}
[2.126725] (web_control) StdoutLine: {'line': b'symbolically linking /home/matthieu/ros2_ws/build/web_control/web/stream/webrtc/.venv/lib/python3.12/site-packages/pip/_internal/utils/__pycache__/logging.cpython-312.pyc -> /home/matthieu/ros2_ws/install/web_control/share/web_control/web/stream/webrtc/.venv/lib/python3.12/site-packages/pip/_internal/utils/__pycache__\n'}
[2.126837] (web_control) StdoutLine: {'line': b'symbolically linking /home/matthieu/ros2_ws/build/web_control/web/stream/webrtc/.venv/lib/python3.12/site-packages/pip/_internal/utils/__pycache__/encoding.cpython-312.pyc -> /home/matthieu/ros2_ws/install/web_control/share/web_control/web/stream/webrtc/.venv/lib/python3.12/site-packages/pip/_internal/utils/__pycache__\n'}
[2.126930] (web_control) StdoutLine: {'line': b'symbolically linking /home/matthieu/ros2_ws/build/web_control/web/stream/webrtc/.venv/lib/python3.12/site-packages/pip/_internal/utils/__pycache__/hashes.cpython-312.pyc -> /home/matthieu/ros2_ws/install/web_control/share/web_control/web/stream/webrtc/.venv/lib/python3.12/site-packages/pip/_internal/utils/__pycache__\n'}
[2.127000] (web_control) StdoutLine: {'line': b'symbolically linking /home/matthieu/ros2_ws/build/web_control/web/stream/webrtc/.venv/lib/python3.12/site-packages/pip/_internal/utils/__pycache__/urls.cpython-312.pyc -> /home/matthieu/ros2_ws/install/web_control/share/web_control/web/stream/webrtc/.venv/lib/python3.12/site-packages/pip/_internal/utils/__pycache__\n'}
[2.127098] (web_control) StdoutLine: {'line': b'symbolically linking /home/matthieu/ros2_ws/build/web_control/web/stream/webrtc/.venv/lib/python3.12/site-packages/pip/_internal/utils/__pycache__/appdirs.cpython-312.pyc -> /home/matthieu/ros2_ws/install/web_control/share/web_control/web/stream/webrtc/.venv/lib/python3.12/site-packages/pip/_internal/utils/__pycache__\n'}
[2.127198] (web_control) StdoutLine: {'line': b'symbolically linking /home/matthieu/ros2_ws/build/web_control/web/stream/webrtc/.venv/lib/python3.12/site-packages/pip/_internal/utils/__pycache__/__init__.cpython-312.pyc -> /home/matthieu/ros2_ws/install/web_control/share/web_control/web/stream/webrtc/.venv/lib/python3.12/site-packages/pip/_internal/utils/__pycache__\n'}
[2.127298] (web_control) StdoutLine: {'line': b'symbolically linking /home/matthieu/ros2_ws/build/web_control/web/stream/webrtc/.venv/lib/python3.12/site-packages/pip/_internal/utils/__pycache__/unpacking.cpython-312.pyc -> /home/matthieu/ros2_ws/install/web_control/share/web_control/web/stream/webrtc/.venv/lib/python3.12/site-packages/pip/_internal/utils/__pycache__\n'}
[2.127372] (web_control) StdoutLine: {'line': b'symbolically linking /home/matthieu/ros2_ws/build/web_control/web/stream/webrtc/.venv/lib/python3.12/site-packages/pip/_internal/utils/__pycache__/egg_link.cpython-312.pyc -> /home/matthieu/ros2_ws/install/web_control/share/web_control/web/stream/webrtc/.venv/lib/python3.12/site-packages/pip/_internal/utils/__pycache__\n'}
[2.127464] (web_control) StdoutLine: {'line': b'symbolically linking /home/matthieu/ros2_ws/build/web_control/web/stream/webrtc/.venv/lib/python3.12/site-packages/pip/_internal/utils/__pycache__/subprocess.cpython-312.pyc -> /home/matthieu/ros2_ws/install/web_control/share/web_control/web/stream/webrtc/.venv/lib/python3.12/site-packages/pip/_internal/utils/__pycache__\n'}
[2.127534] (web_control) StdoutLine: {'line': b'symbolically linking /home/matthieu/ros2_ws/build/web_control/web/stream/webrtc/.venv/lib/python3.12/site-packages/pip/_internal/utils/__pycache__/filetypes.cpython-312.pyc -> /home/matthieu/ros2_ws/install/web_control/share/web_control/web/stream/webrtc/.venv/lib/python3.12/site-packages/pip/_internal/utils/__pycache__\n'}
[2.127627] (web_control) StdoutLine: {'line': b'symbolically linking /home/matthieu/ros2_ws/build/web_control/web/stream/webrtc/.venv/lib/python3.12/site-packages/pip/_internal/utils/__pycache__/compatibility_tags.cpython-312.pyc -> /home/matthieu/ros2_ws/install/web_control/share/web_control/web/stream/webrtc/.venv/lib/python3.12/site-packages/pip/_internal/utils/__pycache__\n'}
[2.127714] (web_control) StdoutLine: {'line': b'symbolically linking /home/matthieu/ros2_ws/build/web_control/web/stream/webrtc/.venv/lib/python3.12/site-packages/pip/_internal/utils/__pycache__/compat.cpython-312.pyc -> /home/matthieu/ros2_ws/install/web_control/share/web_control/web/stream/webrtc/.venv/lib/python3.12/site-packages/pip/_internal/utils/__pycache__\n'}
[2.127797] (web_control) StdoutLine: {'line': b'symbolically linking /home/matthieu/ros2_ws/build/web_control/web/stream/webrtc/.venv/lib/python3.12/site-packages/pip/_internal/utils/__pycache__/filesystem.cpython-312.pyc -> /home/matthieu/ros2_ws/install/web_control/share/web_control/web/stream/webrtc/.venv/lib/python3.12/site-packages/pip/_internal/utils/__pycache__\n'}
[2.127866] (web_control) StdoutLine: {'line': b'symbolically linking /home/matthieu/ros2_ws/build/web_control/web/stream/webrtc/.venv/lib/python3.12/site-packages/pip/_internal/utils/__pycache__/_jaraco_text.cpython-312.pyc -> /home/matthieu/ros2_ws/install/web_control/share/web_control/web/stream/webrtc/.venv/lib/python3.12/site-packages/pip/_internal/utils/__pycache__\n'}
[2.127958] (web_control) StdoutLine: {'line': b'symbolically linking /home/matthieu/ros2_ws/build/web_control/web/stream/webrtc/.venv/lib/python3.12/site-packages/pip/_internal/index/collector.py -> /home/matthieu/ros2_ws/install/web_control/share/web_control/web/stream/webrtc/.venv/lib/python3.12/site-packages/pip/_internal/index\n'}
[2.128052] (web_control) StdoutLine: {'line': b'symbolically linking /home/matthieu/ros2_ws/build/web_control/web/stream/webrtc/.venv/lib/python3.12/site-packages/pip/_internal/index/package_finder.py -> /home/matthieu/ros2_ws/install/web_control/share/web_control/web/stream/webrtc/.venv/lib/python3.12/site-packages/pip/_internal/index\n'}
[2.128121] (web_control) StdoutLine: {'line': b'symbolically linking /home/matthieu/ros2_ws/build/web_control/web/stream/webrtc/.venv/lib/python3.12/site-packages/pip/_internal/index/sources.py -> /home/matthieu/ros2_ws/install/web_control/share/web_control/web/stream/webrtc/.venv/lib/python3.12/site-packages/pip/_internal/index\n'}
[2.128205] (web_control) StdoutLine: {'line': b'symbolically linking /home/matthieu/ros2_ws/build/web_control/web/stream/webrtc/.venv/lib/python3.12/site-packages/pip/_internal/index/__init__.py -> /home/matthieu/ros2_ws/install/web_control/share/web_control/web/stream/webrtc/.venv/lib/python3.12/site-packages/pip/_internal/index\n'}
[2.128328] (web_control) StdoutLine: {'line': b'symbolically linking /home/matthieu/ros2_ws/build/web_control/web/stream/webrtc/.venv/lib/python3.12/site-packages/pip/_internal/index/__pycache__/sources.cpython-312.pyc -> /home/matthieu/ros2_ws/install/web_control/share/web_control/web/stream/webrtc/.venv/lib/python3.12/site-packages/pip/_internal/index/__pycache__\n'}
[2.128405] (web_control) StdoutLine: {'line': b'symbolically linking /home/matthieu/ros2_ws/build/web_control/web/stream/webrtc/.venv/lib/python3.12/site-packages/pip/_internal/index/__pycache__/__init__.cpython-312.pyc -> /home/matthieu/ros2_ws/install/web_control/share/web_control/web/stream/webrtc/.venv/lib/python3.12/site-packages/pip/_internal/index/__pycache__\n'}
[2.128505] (web_control) StdoutLine: {'line': b'symbolically linking /home/matthieu/ros2_ws/build/web_control/web/stream/webrtc/.venv/lib/python3.12/site-packages/pip/_internal/index/__pycache__/package_finder.cpython-312.pyc -> /home/matthieu/ros2_ws/install/web_control/share/web_control/web/stream/webrtc/.venv/lib/python3.12/site-packages/pip/_internal/index/__pycache__\n'}
[2.128581] (web_control) StdoutLine: {'line': b'symbolically linking /home/matthieu/ros2_ws/build/web_control/web/stream/webrtc/.venv/lib/python3.12/site-packages/pip/_internal/index/__pycache__/collector.cpython-312.pyc -> /home/matthieu/ros2_ws/install/web_control/share/web_control/web/stream/webrtc/.venv/lib/python3.12/site-packages/pip/_internal/index/__pycache__\n'}
[2.128684] (web_control) StdoutLine: {'line': b'symbolically linking /home/matthieu/ros2_ws/build/web_control/web/stream/webrtc/.venv/lib/python3.12/site-packages/pip/_internal/vcs/git.py -> /home/matthieu/ros2_ws/install/web_control/share/web_control/web/stream/webrtc/.venv/lib/python3.12/site-packages/pip/_internal/vcs\n'}
[2.128760] (web_control) StdoutLine: {'line': b'symbolically linking /home/matthieu/ros2_ws/build/web_control/web/stream/webrtc/.venv/lib/python3.12/site-packages/pip/_internal/vcs/versioncontrol.py -> /home/matthieu/ros2_ws/install/web_control/share/web_control/web/stream/webrtc/.venv/lib/python3.12/site-packages/pip/_internal/vcs\n'}
[2.128859] (web_control) StdoutLine: {'line': b'symbolically linking /home/matthieu/ros2_ws/build/web_control/web/stream/webrtc/.venv/lib/python3.12/site-packages/pip/_internal/vcs/mercurial.py -> /home/matthieu/ros2_ws/install/web_control/share/web_control/web/stream/webrtc/.venv/lib/python3.12/site-packages/pip/_internal/vcs\n'}
[2.128946] (web_control) StdoutLine: {'line': b'symbolically linking /home/matthieu/ros2_ws/build/web_control/web/stream/webrtc/.venv/lib/python3.12/site-packages/pip/_internal/vcs/bazaar.py -> /home/matthieu/ros2_ws/install/web_control/share/web_control/web/stream/webrtc/.venv/lib/python3.12/site-packages/pip/_internal/vcs\n'}
[2.129019] (web_control) StdoutLine: {'line': b'symbolically linking /home/matthieu/ros2_ws/build/web_control/web/stream/webrtc/.venv/lib/python3.12/site-packages/pip/_internal/vcs/subversion.py -> /home/matthieu/ros2_ws/install/web_control/share/web_control/web/stream/webrtc/.venv/lib/python3.12/site-packages/pip/_internal/vcs\n'}
[2.129117] (web_control) StdoutLine: {'line': b'symbolically linking /home/matthieu/ros2_ws/build/web_control/web/stream/webrtc/.venv/lib/python3.12/site-packages/pip/_internal/vcs/__init__.py -> /home/matthieu/ros2_ws/install/web_control/share/web_control/web/stream/webrtc/.venv/lib/python3.12/site-packages/pip/_internal/vcs\n'}
[2.129226] (web_control) StdoutLine: {'line': b'symbolically linking /home/matthieu/ros2_ws/build/web_control/web/stream/webrtc/.venv/lib/python3.12/site-packages/pip/_internal/vcs/__pycache__/mercurial.cpython-312.pyc -> /home/matthieu/ros2_ws/install/web_control/share/web_control/web/stream/webrtc/.venv/lib/python3.12/site-packages/pip/_internal/vcs/__pycache__\n'}
[2.129342] (web_control) StdoutLine: {'line': b'symbolically linking /home/matthieu/ros2_ws/build/web_control/web/stream/webrtc/.venv/lib/python3.12/site-packages/pip/_internal/vcs/__pycache__/subversion.cpython-312.pyc -> /home/matthieu/ros2_ws/install/web_control/share/web_control/web/stream/webrtc/.venv/lib/python3.12/site-packages/pip/_internal/vcs/__pycache__\n'}
[2.129443] (web_control) StdoutLine: {'line': b'symbolically linking /home/matthieu/ros2_ws/build/web_control/web/stream/webrtc/.venv/lib/python3.12/site-packages/pip/_internal/vcs/__pycache__/versioncontrol.cpython-312.pyc -> /home/matthieu/ros2_ws/install/web_control/share/web_control/web/stream/webrtc/.venv/lib/python3.12/site-packages/pip/_internal/vcs/__pycache__\n'}
[2.129516] (web_control) StdoutLine: {'line': b'symbolically linking /home/matthieu/ros2_ws/build/web_control/web/stream/webrtc/.venv/lib/python3.12/site-packages/pip/_internal/vcs/__pycache__/__init__.cpython-312.pyc -> /home/matthieu/ros2_ws/install/web_control/share/web_control/web/stream/webrtc/.venv/lib/python3.12/site-packages/pip/_internal/vcs/__pycache__\n'}
[2.129615] (web_control) StdoutLine: {'line': b'symbolically linking /home/matthieu/ros2_ws/build/web_control/web/stream/webrtc/.venv/lib/python3.12/site-packages/pip/_internal/vcs/__pycache__/git.cpython-312.pyc -> /home/matthieu/ros2_ws/install/web_control/share/web_control/web/stream/webrtc/.venv/lib/python3.12/site-packages/pip/_internal/vcs/__pycache__\n'}
[2.129688] (web_control) StdoutLine: {'line': b'symbolically linking /home/matthieu/ros2_ws/build/web_control/web/stream/webrtc/.venv/lib/python3.12/site-packages/pip/_internal/vcs/__pycache__/bazaar.cpython-312.pyc -> /home/matthieu/ros2_ws/install/web_control/share/web_control/web/stream/webrtc/.venv/lib/python3.12/site-packages/pip/_internal/vcs/__pycache__\n'}
[2.129782] (web_control) StdoutLine: {'line': b'symbolically linking /home/matthieu/ros2_ws/build/web_control/web/stream/webrtc/.venv/lib/python3.12/site-packages/pip/_internal/commands/configuration.py -> /home/matthieu/ros2_ws/install/web_control/share/web_control/web/stream/webrtc/.venv/lib/python3.12/site-packages/pip/_internal/commands\n'}
[2.129875] (web_control) StdoutLine: {'line': b'symbolically linking /home/matthieu/ros2_ws/build/web_control/web/stream/webrtc/.venv/lib/python3.12/site-packages/pip/_internal/commands/install.py -> /home/matthieu/ros2_ws/install/web_control/share/web_control/web/stream/webrtc/.venv/lib/python3.12/site-packages/pip/_internal/commands\n'}
[2.129979] (web_control) StdoutLine: {'line': b'symbolically linking /home/matthieu/ros2_ws/build/web_control/web/stream/webrtc/.venv/lib/python3.12/site-packages/pip/_internal/commands/inspect.py -> /home/matthieu/ros2_ws/install/web_control/share/web_control/web/stream/webrtc/.venv/lib/python3.12/site-packages/pip/_internal/commands\n'}
[2.130056] (web_control) StdoutLine: {'line': b'symbolically linking /home/matthieu/ros2_ws/build/web_control/web/stream/webrtc/.venv/lib/python3.12/site-packages/pip/_internal/commands/debug.py -> /home/matthieu/ros2_ws/install/web_control/share/web_control/web/stream/webrtc/.venv/lib/python3.12/site-packages/pip/_internal/commands\n'}
[2.130149] (web_control) StdoutLine: {'line': b'symbolically linking /home/matthieu/ros2_ws/build/web_control/web/stream/webrtc/.venv/lib/python3.12/site-packages/pip/_internal/commands/list.py -> /home/matthieu/ros2_ws/install/web_control/share/web_control/web/stream/webrtc/.venv/lib/python3.12/site-packages/pip/_internal/commands\n'}
[2.130258] (web_control) StdoutLine: {'line': b'symbolically linking /home/matthieu/ros2_ws/build/web_control/web/stream/webrtc/.venv/lib/python3.12/site-packages/pip/_internal/commands/cache.py -> /home/matthieu/ros2_ws/install/web_control/share/web_control/web/stream/webrtc/.venv/lib/python3.12/site-packages/pip/_internal/commands\n'}
[2.130338] (web_control) StdoutLine: {'line': b'symbolically linking /home/matthieu/ros2_ws/build/web_control/web/stream/webrtc/.venv/lib/python3.12/site-packages/pip/_internal/commands/freeze.py -> /home/matthieu/ros2_ws/install/web_control/share/web_control/web/stream/webrtc/.venv/lib/python3.12/site-packages/pip/_internal/commands\n'}
[2.130432] (web_control) StdoutLine: {'line': b'symbolically linking /home/matthieu/ros2_ws/build/web_control/web/stream/webrtc/.venv/lib/python3.12/site-packages/pip/_internal/commands/index.py -> /home/matthieu/ros2_ws/install/web_control/share/web_control/web/stream/webrtc/.venv/lib/python3.12/site-packages/pip/_internal/commands\n'}
[2.130525] (web_control) StdoutLine: {'line': b'symbolically linking /home/matthieu/ros2_ws/build/web_control/web/stream/webrtc/.venv/lib/python3.12/site-packages/pip/_internal/commands/uninstall.py -> /home/matthieu/ros2_ws/install/web_control/share/web_control/web/stream/webrtc/.venv/lib/python3.12/site-packages/pip/_internal/commands\n'}
[2.130618] (web_control) StdoutLine: {'line': b'symbolically linking /home/matthieu/ros2_ws/build/web_control/web/stream/webrtc/.venv/lib/python3.12/site-packages/pip/_internal/commands/check.py -> /home/matthieu/ros2_ws/install/web_control/share/web_control/web/stream/webrtc/.venv/lib/python3.12/site-packages/pip/_internal/commands\n'}
[2.130709] (web_control) StdoutLine: {'line': b'symbolically linking /home/matthieu/ros2_ws/build/web_control/web/stream/webrtc/.venv/lib/python3.12/site-packages/pip/_internal/commands/help.py -> /home/matthieu/ros2_ws/install/web_control/share/web_control/web/stream/webrtc/.venv/lib/python3.12/site-packages/pip/_internal/commands\n'}
[2.130802] (web_control) StdoutLine: {'line': b'symbolically linking /home/matthieu/ros2_ws/build/web_control/web/stream/webrtc/.venv/lib/python3.12/site-packages/pip/_internal/commands/show.py -> /home/matthieu/ros2_ws/install/web_control/share/web_control/web/stream/webrtc/.venv/lib/python3.12/site-packages/pip/_internal/commands\n'}
[2.130896] (web_control) StdoutLine: {'line': b'symbolically linking /home/matthieu/ros2_ws/build/web_control/web/stream/webrtc/.venv/lib/python3.12/site-packages/pip/_internal/commands/hash.py -> /home/matthieu/ros2_ws/install/web_control/share/web_control/web/stream/webrtc/.venv/lib/python3.12/site-packages/pip/_internal/commands\n'}
[2.130989] (web_control) StdoutLine: {'line': b'symbolically linking /home/matthieu/ros2_ws/build/web_control/web/stream/webrtc/.venv/lib/python3.12/site-packages/pip/_internal/commands/wheel.py -> /home/matthieu/ros2_ws/install/web_control/share/web_control/web/stream/webrtc/.venv/lib/python3.12/site-packages/pip/_internal/commands\n'}
[2.131083] (web_control) StdoutLine: {'line': b'symbolically linking /home/matthieu/ros2_ws/build/web_control/web/stream/webrtc/.venv/lib/python3.12/site-packages/pip/_internal/commands/completion.py -> /home/matthieu/ros2_ws/install/web_control/share/web_control/web/stream/webrtc/.venv/lib/python3.12/site-packages/pip/_internal/commands\n'}
[2.131181] (web_control) StdoutLine: {'line': b'symbolically linking /home/matthieu/ros2_ws/build/web_control/web/stream/webrtc/.venv/lib/python3.12/site-packages/pip/_internal/commands/search.py -> /home/matthieu/ros2_ws/install/web_control/share/web_control/web/stream/webrtc/.venv/lib/python3.12/site-packages/pip/_internal/commands\n'}
[2.131300] (web_control) StdoutLine: {'line': b'symbolically linking /home/matthieu/ros2_ws/build/web_control/web/stream/webrtc/.venv/lib/python3.12/site-packages/pip/_internal/commands/download.py -> /home/matthieu/ros2_ws/install/web_control/share/web_control/web/stream/webrtc/.venv/lib/python3.12/site-packages/pip/_internal/commands\n'}
[2.131389] (web_control) StdoutLine: {'line': b'symbolically linking /home/matthieu/ros2_ws/build/web_control/web/stream/webrtc/.venv/lib/python3.12/site-packages/pip/_internal/commands/__init__.py -> /home/matthieu/ros2_ws/install/web_control/share/web_control/web/stream/webrtc/.venv/lib/python3.12/site-packages/pip/_internal/commands\n'}
[2.131483] (web_control) StdoutLine: {'line': b'symbolically linking /home/matthieu/ros2_ws/build/web_control/web/stream/webrtc/.venv/lib/python3.12/site-packages/pip/_internal/commands/__pycache__/inspect.cpython-312.pyc -> /home/matthieu/ros2_ws/install/web_control/share/web_control/web/stream/webrtc/.venv/lib/python3.12/site-packages/pip/_internal/commands/__pycache__\n'}
[2.131584] (web_control) StdoutLine: {'line': b'symbolically linking /home/matthieu/ros2_ws/build/web_control/web/stream/webrtc/.venv/lib/python3.12/site-packages/pip/_internal/commands/__pycache__/show.cpython-312.pyc -> /home/matthieu/ros2_ws/install/web_control/share/web_control/web/stream/webrtc/.venv/lib/python3.12/site-packages/pip/_internal/commands/__pycache__\n'}
[2.131685] (web_control) StdoutLine: {'line': b'symbolically linking /home/matthieu/ros2_ws/build/web_control/web/stream/webrtc/.venv/lib/python3.12/site-packages/pip/_internal/commands/__pycache__/index.cpython-312.pyc -> /home/matthieu/ros2_ws/install/web_control/share/web_control/web/stream/webrtc/.venv/lib/python3.12/site-packages/pip/_internal/commands/__pycache__\n'}
[2.131789] (web_control) StdoutLine: {'line': b'symbolically linking /home/matthieu/ros2_ws/build/web_control/web/stream/webrtc/.venv/lib/python3.12/site-packages/pip/_internal/commands/__pycache__/install.cpython-312.pyc -> /home/matthieu/ros2_ws/install/web_control/share/web_control/web/stream/webrtc/.venv/lib/python3.12/site-packages/pip/_internal/commands/__pycache__\n'}
[2.131870] (web_control) StdoutLine: {'line': b'symbolically linking /home/matthieu/ros2_ws/build/web_control/web/stream/webrtc/.venv/lib/python3.12/site-packages/pip/_internal/commands/__pycache__/completion.cpython-312.pyc -> /home/matthieu/ros2_ws/install/web_control/share/web_control/web/stream/webrtc/.venv/lib/python3.12/site-packages/pip/_internal/commands/__pycache__\n'}
[2.131973] (web_control) StdoutLine: {'line': b'symbolically linking /home/matthieu/ros2_ws/build/web_control/web/stream/webrtc/.venv/lib/python3.12/site-packages/pip/_internal/commands/__pycache__/download.cpython-312.pyc -> /home/matthieu/ros2_ws/install/web_control/share/web_control/web/stream/webrtc/.venv/lib/python3.12/site-packages/pip/_internal/commands/__pycache__\n'}
[2.132049] (web_control) StdoutLine: {'line': b'symbolically linking /home/matthieu/ros2_ws/build/web_control/web/stream/webrtc/.venv/lib/python3.12/site-packages/pip/_internal/commands/__pycache__/hash.cpython-312.pyc -> /home/matthieu/ros2_ws/install/web_control/share/web_control/web/stream/webrtc/.venv/lib/python3.12/site-packages/pip/_internal/commands/__pycache__\n'}
[2.132152] (web_control) StdoutLine: {'line': b'symbolically linking /home/matthieu/ros2_ws/build/web_control/web/stream/webrtc/.venv/lib/python3.12/site-packages/pip/_internal/commands/__pycache__/wheel.cpython-312.pyc -> /home/matthieu/ros2_ws/install/web_control/share/web_control/web/stream/webrtc/.venv/lib/python3.12/site-packages/pip/_internal/commands/__pycache__\n'}
[2.132229] (web_control) StdoutLine: {'line': b'symbolically linking /home/matthieu/ros2_ws/build/web_control/web/stream/webrtc/.venv/lib/python3.12/site-packages/pip/_internal/commands/__pycache__/check.cpython-312.pyc -> /home/matthieu/ros2_ws/install/web_control/share/web_control/web/stream/webrtc/.venv/lib/python3.12/site-packages/pip/_internal/commands/__pycache__\n'}
[2.132341] (web_control) StdoutLine: {'line': b'symbolically linking /home/matthieu/ros2_ws/build/web_control/web/stream/webrtc/.venv/lib/python3.12/site-packages/pip/_internal/commands/__pycache__/search.cpython-312.pyc -> /home/matthieu/ros2_ws/install/web_control/share/web_control/web/stream/webrtc/.venv/lib/python3.12/site-packages/pip/_internal/commands/__pycache__\n'}
[2.132414] (web_control) StdoutLine: {'line': b'symbolically linking /home/matthieu/ros2_ws/build/web_control/web/stream/webrtc/.venv/lib/python3.12/site-packages/pip/_internal/commands/__pycache__/debug.cpython-312.pyc -> /home/matthieu/ros2_ws/install/web_control/share/web_control/web/stream/webrtc/.venv/lib/python3.12/site-packages/pip/_internal/commands/__pycache__\n'}
[2.132500] (web_control) StdoutLine: {'line': b'symbolically linking /home/matthieu/ros2_ws/build/web_control/web/stream/webrtc/.venv/lib/python3.12/site-packages/pip/_internal/commands/__pycache__/help.cpython-312.pyc -> /home/matthieu/ros2_ws/install/web_control/share/web_control/web/stream/webrtc/.venv/lib/python3.12/site-packages/pip/_internal/commands/__pycache__\n'}
[2.132588] (web_control) StdoutLine: {'line': b'symbolically linking /home/matthieu/ros2_ws/build/web_control/web/stream/webrtc/.venv/lib/python3.12/site-packages/pip/_internal/commands/__pycache__/uninstall.cpython-312.pyc -> /home/matthieu/ros2_ws/install/web_control/share/web_control/web/stream/webrtc/.venv/lib/python3.12/site-packages/pip/_internal/commands/__pycache__\n'}
[2.132680] (web_control) StdoutLine: {'line': b'symbolically linking /home/matthieu/ros2_ws/build/web_control/web/stream/webrtc/.venv/lib/python3.12/site-packages/pip/_internal/commands/__pycache__/configuration.cpython-312.pyc -> /home/matthieu/ros2_ws/install/web_control/share/web_control/web/stream/webrtc/.venv/lib/python3.12/site-packages/pip/_internal/commands/__pycache__\n'}
[2.132779] (web_control) StdoutLine: {'line': b'symbolically linking /home/matthieu/ros2_ws/build/web_control/web/stream/webrtc/.venv/lib/python3.12/site-packages/pip/_internal/commands/__pycache__/cache.cpython-312.pyc -> /home/matthieu/ros2_ws/install/web_control/share/web_control/web/stream/webrtc/.venv/lib/python3.12/site-packages/pip/_internal/commands/__pycache__\n'}
[2.132881] (web_control) StdoutLine: {'line': b'symbolically linking /home/matthieu/ros2_ws/build/web_control/web/stream/webrtc/.venv/lib/python3.12/site-packages/pip/_internal/commands/__pycache__/__init__.cpython-312.pyc -> /home/matthieu/ros2_ws/install/web_control/share/web_control/web/stream/webrtc/.venv/lib/python3.12/site-packages/pip/_internal/commands/__pycache__\n'}
[2.132955] (web_control) StdoutLine: {'line': b'symbolically linking /home/matthieu/ros2_ws/build/web_control/web/stream/webrtc/.venv/lib/python3.12/site-packages/pip/_internal/commands/__pycache__/list.cpython-312.pyc -> /home/matthieu/ros2_ws/install/web_control/share/web_control/web/stream/webrtc/.venv/lib/python3.12/site-packages/pip/_internal/commands/__pycache__\n'}
[2.133048] (web_control) StdoutLine: {'line': b'symbolically linking /home/matthieu/ros2_ws/build/web_control/web/stream/webrtc/.venv/lib/python3.12/site-packages/pip/_internal/commands/__pycache__/freeze.cpython-312.pyc -> /home/matthieu/ros2_ws/install/web_control/share/web_control/web/stream/webrtc/.venv/lib/python3.12/site-packages/pip/_internal/commands/__pycache__\n'}
[2.133141] (web_control) StdoutLine: {'line': b'symbolically linking /home/matthieu/ros2_ws/build/web_control/web/stream/webrtc/.venv/lib/python3.12/site-packages/pip/__pycache__/__main__.cpython-312.pyc -> /home/matthieu/ros2_ws/install/web_control/share/web_control/web/stream/webrtc/.venv/lib/python3.12/site-packages/pip/__pycache__\n'}
[2.133240] (web_control) StdoutLine: {'line': b'symbolically linking /home/matthieu/ros2_ws/build/web_control/web/stream/webrtc/.venv/lib/python3.12/site-packages/pip/__pycache__/__init__.cpython-312.pyc -> /home/matthieu/ros2_ws/install/web_control/share/web_control/web/stream/webrtc/.venv/lib/python3.12/site-packages/pip/__pycache__\n'}
[2.133336] (web_control) StdoutLine: {'line': b'symbolically linking /home/matthieu/ros2_ws/build/web_control/web/stream/webrtc/.venv/lib/python3.12/site-packages/pip/__pycache__/__pip-runner__.cpython-312.pyc -> /home/matthieu/ros2_ws/install/web_control/share/web_control/web/stream/webrtc/.venv/lib/python3.12/site-packages/pip/__pycache__\n'}
[2.133423] (web_control) StdoutLine: {'line': b'symbolically linking /home/matthieu/ros2_ws/build/web_control/web/stream/webrtc/.venv/lib/python3.12/site-packages/ifaddr-0.2.0.dist-info/WHEEL -> /home/matthieu/ros2_ws/install/web_control/share/web_control/web/stream/webrtc/.venv/lib/python3.12/site-packages/ifaddr-0.2.0.dist-info\n'}
[2.133514] (web_control) StdoutLine: {'line': b'symbolically linking /home/matthieu/ros2_ws/build/web_control/web/stream/webrtc/.venv/lib/python3.12/site-packages/ifaddr-0.2.0.dist-info/RECORD -> /home/matthieu/ros2_ws/install/web_control/share/web_control/web/stream/webrtc/.venv/lib/python3.12/site-packages/ifaddr-0.2.0.dist-info\n'}
[2.133611] (web_control) StdoutLine: {'line': b'symbolically linking /home/matthieu/ros2_ws/build/web_control/web/stream/webrtc/.venv/lib/python3.12/site-packages/ifaddr-0.2.0.dist-info/INSTALLER -> /home/matthieu/ros2_ws/install/web_control/share/web_control/web/stream/webrtc/.venv/lib/python3.12/site-packages/ifaddr-0.2.0.dist-info\n'}
[2.133700] (web_control) StdoutLine: {'line': b'symbolically linking /home/matthieu/ros2_ws/build/web_control/web/stream/webrtc/.venv/lib/python3.12/site-packages/ifaddr-0.2.0.dist-info/LICENSE.txt -> /home/matthieu/ros2_ws/install/web_control/share/web_control/web/stream/webrtc/.venv/lib/python3.12/site-packages/ifaddr-0.2.0.dist-info\n'}
[2.133791] (web_control) StdoutLine: {'line': b'symbolically linking /home/matthieu/ros2_ws/build/web_control/web/stream/webrtc/.venv/lib/python3.12/site-packages/ifaddr-0.2.0.dist-info/top_level.txt -> /home/matthieu/ros2_ws/install/web_control/share/web_control/web/stream/webrtc/.venv/lib/python3.12/site-packages/ifaddr-0.2.0.dist-info\n'}
[2.133887] (web_control) StdoutLine: {'line': b'symbolically linking /home/matthieu/ros2_ws/build/web_control/web/stream/webrtc/.venv/lib/python3.12/site-packages/ifaddr-0.2.0.dist-info/METADATA -> /home/matthieu/ros2_ws/install/web_control/share/web_control/web/stream/webrtc/.venv/lib/python3.12/site-packages/ifaddr-0.2.0.dist-info\n'}
[2.133981] (web_control) StdoutLine: {'line': b'symbolically linking /home/matthieu/ros2_ws/build/web_control/web/stream/webrtc/.venv/lib/python3.12/site-packages/aiortc/stats.py -> /home/matthieu/ros2_ws/install/web_control/share/web_control/web/stream/webrtc/.venv/lib/python3.12/site-packages/aiortc\n'}
[2.134072] (web_control) StdoutLine: {'line': b'symbolically linking /home/matthieu/ros2_ws/build/web_control/web/stream/webrtc/.venv/lib/python3.12/site-packages/aiortc/rtcicetransport.py -> /home/matthieu/ros2_ws/install/web_control/share/web_control/web/stream/webrtc/.venv/lib/python3.12/site-packages/aiortc\n'}
[2.134168] (web_control) StdoutLine: {'line': b'symbolically linking /home/matthieu/ros2_ws/build/web_control/web/stream/webrtc/.venv/lib/python3.12/site-packages/aiortc/rtcdtlstransport.py -> /home/matthieu/ros2_ws/install/web_control/share/web_control/web/stream/webrtc/.venv/lib/python3.12/site-packages/aiortc\n'}
[2.134267] (web_control) StdoutLine: {'line': b'symbolically linking /home/matthieu/ros2_ws/build/web_control/web/stream/webrtc/.venv/lib/python3.12/site-packages/aiortc/rtcrtpparameters.py -> /home/matthieu/ros2_ws/install/web_control/share/web_control/web/stream/webrtc/.venv/lib/python3.12/site-packages/aiortc\n'}
[2.134385] (web_control) StdoutLine: {'line': b'symbolically linking /home/matthieu/ros2_ws/build/web_control/web/stream/webrtc/.venv/lib/python3.12/site-packages/aiortc/rtcsessiondescription.py -> /home/matthieu/ros2_ws/install/web_control/share/web_control/web/stream/webrtc/.venv/lib/python3.12/site-packages/aiortc\n'}
[2.134476] (web_control) StdoutLine: {'line': b'symbolically linking /home/matthieu/ros2_ws/build/web_control/web/stream/webrtc/.venv/lib/python3.12/site-packages/aiortc/rtcconfiguration.py -> /home/matthieu/ros2_ws/install/web_control/share/web_control/web/stream/webrtc/.venv/lib/python3.12/site-packages/aiortc\n'}
[2.134570] (web_control) StdoutLine: {'line': b'symbolically linking /home/matthieu/ros2_ws/build/web_control/web/stream/webrtc/.venv/lib/python3.12/site-packages/aiortc/rtcrtptransceiver.py -> /home/matthieu/ros2_ws/install/web_control/share/web_control/web/stream/webrtc/.venv/lib/python3.12/site-packages/aiortc\n'}
[2.134665] (web_control) StdoutLine: {'line': b'symbolically linking /home/matthieu/ros2_ws/build/web_control/web/stream/webrtc/.venv/lib/python3.12/site-packages/aiortc/rtcdatachannel.py -> /home/matthieu/ros2_ws/install/web_control/share/web_control/web/stream/webrtc/.venv/lib/python3.12/site-packages/aiortc\n'}
[2.134765] (web_control) StdoutLine: {'line': b'symbolically linking /home/matthieu/ros2_ws/build/web_control/web/stream/webrtc/.venv/lib/python3.12/site-packages/aiortc/events.py -> /home/matthieu/ros2_ws/install/web_control/share/web_control/web/stream/webrtc/.venv/lib/python3.12/site-packages/aiortc\n'}
[2.134863] (web_control) StdoutLine: {'line': b'symbolically linking /home/matthieu/ros2_ws/build/web_control/web/stream/webrtc/.venv/lib/python3.12/site-packages/aiortc/rtp.py -> /home/matthieu/ros2_ws/install/web_control/share/web_control/web/stream/webrtc/.venv/lib/python3.12/site-packages/aiortc\n'}
[2.134966] (web_control) StdoutLine: {'line': b'symbolically linking /home/matthieu/ros2_ws/build/web_control/web/stream/webrtc/.venv/lib/python3.12/site-packages/aiortc/rtcsctptransport.py -> /home/matthieu/ros2_ws/install/web_control/share/web_control/web/stream/webrtc/.venv/lib/python3.12/site-packages/aiortc\n'}
[2.135040] (web_control) StdoutLine: {'line': b'symbolically linking /home/matthieu/ros2_ws/build/web_control/web/stream/webrtc/.venv/lib/python3.12/site-packages/aiortc/mediastreams.py -> /home/matthieu/ros2_ws/install/web_control/share/web_control/web/stream/webrtc/.venv/lib/python3.12/site-packages/aiortc\n'}
[2.135139] (web_control) StdoutLine: {'line': b'symbolically linking /home/matthieu/ros2_ws/build/web_control/web/stream/webrtc/.venv/lib/python3.12/site-packages/aiortc/clock.py -> /home/matthieu/ros2_ws/install/web_control/share/web_control/web/stream/webrtc/.venv/lib/python3.12/site-packages/aiortc\n'}
[2.135242] (web_control) StdoutLine: {'line': b'symbolically linking /home/matthieu/ros2_ws/build/web_control/web/stream/webrtc/.venv/lib/python3.12/site-packages/aiortc/jitterbuffer.py -> /home/matthieu/ros2_ws/install/web_control/share/web_control/web/stream/webrtc/.venv/lib/python3.12/site-packages/aiortc\n'}
[2.135342] (web_control) StdoutLine: {'line': b'symbolically linking /home/matthieu/ros2_ws/build/web_control/web/stream/webrtc/.venv/lib/python3.12/site-packages/aiortc/sdp.py -> /home/matthieu/ros2_ws/install/web_control/share/web_control/web/stream/webrtc/.venv/lib/python3.12/site-packages/aiortc\n'}
[2.135437] (web_control) StdoutLine: {'line': b'symbolically linking /home/matthieu/ros2_ws/build/web_control/web/stream/webrtc/.venv/lib/python3.12/site-packages/aiortc/rtcpeerconnection.py -> /home/matthieu/ros2_ws/install/web_control/share/web_control/web/stream/webrtc/.venv/lib/python3.12/site-packages/aiortc\n'}
[2.135548] (web_control) StdoutLine: {'line': b'symbolically linking /home/matthieu/ros2_ws/build/web_control/web/stream/webrtc/.venv/lib/python3.12/site-packages/aiortc/rate.py -> /home/matthieu/ros2_ws/install/web_control/share/web_control/web/stream/webrtc/.venv/lib/python3.12/site-packages/aiortc\n'}
[2.135644] (web_control) StdoutLine: {'line': b'symbolically linking /home/matthieu/ros2_ws/build/web_control/web/stream/webrtc/.venv/lib/python3.12/site-packages/aiortc/exceptions.py -> /home/matthieu/ros2_ws/install/web_control/share/web_control/web/stream/webrtc/.venv/lib/python3.12/site-packages/aiortc\n'}
[2.135731] (web_control) StdoutLine: {'line': b'symbolically linking /home/matthieu/ros2_ws/build/web_control/web/stream/webrtc/.venv/lib/python3.12/site-packages/aiortc/utils.py -> /home/matthieu/ros2_ws/install/web_control/share/web_control/web/stream/webrtc/.venv/lib/python3.12/site-packages/aiortc\n'}
[2.135940] (web_control) StdoutLine: {'line': b'symbolically linking /home/matthieu/ros2_ws/build/web_control/web/stream/webrtc/.venv/lib/python3.12/site-packages/aiortc/rtcrtpreceiver.py -> /home/matthieu/ros2_ws/install/web_control/share/web_control/web/stream/webrtc/.venv/lib/python3.12/site-packages/aiortc\n'}
[2.136281] (web_control) StdoutLine: {'line': b'symbolically linking /home/matthieu/ros2_ws/build/web_control/web/stream/webrtc/.venv/lib/python3.12/site-packages/aiortc/__init__.py -> /home/matthieu/ros2_ws/install/web_control/share/web_control/web/stream/webrtc/.venv/lib/python3.12/site-packages/aiortc\n'}
[2.136465] (web_control) StdoutLine: {'line': b'symbolically linking /home/matthieu/ros2_ws/build/web_control/web/stream/webrtc/.venv/lib/python3.12/site-packages/aiortc/rtcrtpsender.py -> /home/matthieu/ros2_ws/install/web_control/share/web_control/web/stream/webrtc/.venv/lib/python3.12/site-packages/aiortc\n'}
[2.136577] (web_control) StdoutLine: {'line': b'symbolically linking /home/matthieu/ros2_ws/build/web_control/web/stream/webrtc/.venv/lib/python3.12/site-packages/aiortc/__pycache__/rtcrtpreceiver.cpython-312.pyc -> /home/matthieu/ros2_ws/install/web_control/share/web_control/web/stream/webrtc/.venv/lib/python3.12/site-packages/aiortc/__pycache__\n'}
[2.136661] (web_control) StdoutLine: {'line': b'symbolically linking /home/matthieu/ros2_ws/build/web_control/web/stream/webrtc/.venv/lib/python3.12/site-packages/aiortc/__pycache__/rtcsctptransport.cpython-312.pyc -> /home/matthieu/ros2_ws/install/web_control/share/web_control/web/stream/webrtc/.venv/lib/python3.12/site-packages/aiortc/__pycache__\n'}
[2.136771] (web_control) StdoutLine: {'line': b'symbolically linking /home/matthieu/ros2_ws/build/web_control/web/stream/webrtc/.venv/lib/python3.12/site-packages/aiortc/__pycache__/jitterbuffer.cpython-312.pyc -> /home/matthieu/ros2_ws/install/web_control/share/web_control/web/stream/webrtc/.venv/lib/python3.12/site-packages/aiortc/__pycache__\n'}
[2.136851] (web_control) StdoutLine: {'line': b'symbolically linking /home/matthieu/ros2_ws/build/web_control/web/stream/webrtc/.venv/lib/python3.12/site-packages/aiortc/__pycache__/rtp.cpython-312.pyc -> /home/matthieu/ros2_ws/install/web_control/share/web_control/web/stream/webrtc/.venv/lib/python3.12/site-packages/aiortc/__pycache__\n'}
[2.136963] (web_control) StdoutLine: {'line': b'symbolically linking /home/matthieu/ros2_ws/build/web_control/web/stream/webrtc/.venv/lib/python3.12/site-packages/aiortc/__pycache__/rtcrtptransceiver.cpython-312.pyc -> /home/matthieu/ros2_ws/install/web_control/share/web_control/web/stream/webrtc/.venv/lib/python3.12/site-packages/aiortc/__pycache__\n'}
[2.137072] (web_control) StdoutLine: {'line': b'symbolically linking /home/matthieu/ros2_ws/build/web_control/web/stream/webrtc/.venv/lib/python3.12/site-packages/aiortc/__pycache__/mediastreams.cpython-312.pyc -> /home/matthieu/ros2_ws/install/web_control/share/web_control/web/stream/webrtc/.venv/lib/python3.12/site-packages/aiortc/__pycache__\n'}
[2.137206] (web_control) StdoutLine: {'line': b'symbolically linking /home/matthieu/ros2_ws/build/web_control/web/stream/webrtc/.venv/lib/python3.12/site-packages/aiortc/__pycache__/rtcpeerconnection.cpython-312.pyc -> /home/matthieu/ros2_ws/install/web_control/share/web_control/web/stream/webrtc/.venv/lib/python3.12/site-packages/aiortc/__pycache__\n'}
[2.137364] (web_control) StdoutLine: {'line': b'symbolically linking /home/matthieu/ros2_ws/build/web_control/web/stream/webrtc/.venv/lib/python3.12/site-packages/aiortc/__pycache__/rtcrtpsender.cpython-312.pyc -> /home/matthieu/ros2_ws/install/web_control/share/web_control/web/stream/webrtc/.venv/lib/python3.12/site-packages/aiortc/__pycache__\n'}
[2.137453] (web_control) StdoutLine: {'line': b'symbolically linking /home/matthieu/ros2_ws/build/web_control/web/stream/webrtc/.venv/lib/python3.12/site-packages/aiortc/__pycache__/stats.cpython-312.pyc -> /home/matthieu/ros2_ws/install/web_control/share/web_control/web/stream/webrtc/.venv/lib/python3.12/site-packages/aiortc/__pycache__\n'}
[2.137590] (web_control) StdoutLine: {'line': b'symbolically linking /home/matthieu/ros2_ws/build/web_control/web/stream/webrtc/.venv/lib/python3.12/site-packages/aiortc/__pycache__/sdp.cpython-312.pyc -> /home/matthieu/ros2_ws/install/web_control/share/web_control/web/stream/webrtc/.venv/lib/python3.12/site-packages/aiortc/__pycache__\n'}
[2.137673] (web_control) StdoutLine: {'line': b'symbolically linking /home/matthieu/ros2_ws/build/web_control/web/stream/webrtc/.venv/lib/python3.12/site-packages/aiortc/__pycache__/rtcicetransport.cpython-312.pyc -> /home/matthieu/ros2_ws/install/web_control/share/web_control/web/stream/webrtc/.venv/lib/python3.12/site-packages/aiortc/__pycache__\n'}
[2.137772] (web_control) StdoutLine: {'line': b'symbolically linking /home/matthieu/ros2_ws/build/web_control/web/stream/webrtc/.venv/lib/python3.12/site-packages/aiortc/__pycache__/rtcrtpparameters.cpython-312.pyc -> /home/matthieu/ros2_ws/install/web_control/share/web_control/web/stream/webrtc/.venv/lib/python3.12/site-packages/aiortc/__pycache__\n'}
[2.137898] (web_control) StdoutLine: {'line': b'symbolically linking /home/matthieu/ros2_ws/build/web_control/web/stream/webrtc/.venv/lib/python3.12/site-packages/aiortc/__pycache__/rtcdtlstransport.cpython-312.pyc -> /home/matthieu/ros2_ws/install/web_control/share/web_control/web/stream/webrtc/.venv/lib/python3.12/site-packages/aiortc/__pycache__\n'}
[2.138019] (web_control) StdoutLine: {'line': b'symbolically linking /home/matthieu/ros2_ws/build/web_control/web/stream/webrtc/.venv/lib/python3.12/site-packages/aiortc/__pycache__/exceptions.cpython-312.pyc -> /home/matthieu/ros2_ws/install/web_control/share/web_control/web/stream/webrtc/.venv/lib/python3.12/site-packages/aiortc/__pycache__\n'}
[2.138105] (web_control) StdoutLine: {'line': b'symbolically linking /home/matthieu/ros2_ws/build/web_control/web/stream/webrtc/.venv/lib/python3.12/site-packages/aiortc/__pycache__/events.cpython-312.pyc -> /home/matthieu/ros2_ws/install/web_control/share/web_control/web/stream/webrtc/.venv/lib/python3.12/site-packages/aiortc/__pycache__\n'}
[2.138232] (web_control) StdoutLine: {'line': b'symbolically linking /home/matthieu/ros2_ws/build/web_control/web/stream/webrtc/.venv/lib/python3.12/site-packages/aiortc/__pycache__/clock.cpython-312.pyc -> /home/matthieu/ros2_ws/install/web_control/share/web_control/web/stream/webrtc/.venv/lib/python3.12/site-packages/aiortc/__pycache__\n'}
[2.138353] (web_control) StdoutLine: {'line': b'symbolically linking /home/matthieu/ros2_ws/build/web_control/web/stream/webrtc/.venv/lib/python3.12/site-packages/aiortc/__pycache__/rate.cpython-312.pyc -> /home/matthieu/ros2_ws/install/web_control/share/web_control/web/stream/webrtc/.venv/lib/python3.12/site-packages/aiortc/__pycache__\n'}
[2.138463] (web_control) StdoutLine: {'line': b'symbolically linking /home/matthieu/ros2_ws/build/web_control/web/stream/webrtc/.venv/lib/python3.12/site-packages/aiortc/__pycache__/__init__.cpython-312.pyc -> /home/matthieu/ros2_ws/install/web_control/share/web_control/web/stream/webrtc/.venv/lib/python3.12/site-packages/aiortc/__pycache__\n'}
[2.138577] (web_control) StdoutLine: {'line': b'symbolically linking /home/matthieu/ros2_ws/build/web_control/web/stream/webrtc/.venv/lib/python3.12/site-packages/aiortc/__pycache__/rtcdatachannel.cpython-312.pyc -> /home/matthieu/ros2_ws/install/web_control/share/web_control/web/stream/webrtc/.venv/lib/python3.12/site-packages/aiortc/__pycache__\n'}
[2.138658] (web_control) StdoutLine: {'line': b'symbolically linking /home/matthieu/ros2_ws/build/web_control/web/stream/webrtc/.venv/lib/python3.12/site-packages/aiortc/__pycache__/rtcsessiondescription.cpython-312.pyc -> /home/matthieu/ros2_ws/install/web_control/share/web_control/web/stream/webrtc/.venv/lib/python3.12/site-packages/aiortc/__pycache__\n'}
[2.138763] (web_control) StdoutLine: {'line': b'symbolically linking /home/matthieu/ros2_ws/build/web_control/web/stream/webrtc/.venv/lib/python3.12/site-packages/aiortc/__pycache__/utils.cpython-312.pyc -> /home/matthieu/ros2_ws/install/web_control/share/web_control/web/stream/webrtc/.venv/lib/python3.12/site-packages/aiortc/__pycache__\n'}
[2.138844] (web_control) StdoutLine: {'line': b'symbolically linking /home/matthieu/ros2_ws/build/web_control/web/stream/webrtc/.venv/lib/python3.12/site-packages/aiortc/__pycache__/rtcconfiguration.cpython-312.pyc -> /home/matthieu/ros2_ws/install/web_control/share/web_control/web/stream/webrtc/.venv/lib/python3.12/site-packages/aiortc/__pycache__\n'}
[2.138940] (web_control) StdoutLine: {'line': b'symbolically linking /home/matthieu/ros2_ws/build/web_control/web/stream/webrtc/.venv/lib/python3.12/site-packages/aiortc/codecs/_opus.abi3.so -> /home/matthieu/ros2_ws/install/web_control/share/web_control/web/stream/webrtc/.venv/lib/python3.12/site-packages/aiortc/codecs\n'}
[2.139043] (web_control) StdoutLine: {'line': b'symbolically linking /home/matthieu/ros2_ws/build/web_control/web/stream/webrtc/.venv/lib/python3.12/site-packages/aiortc/codecs/_vpx.abi3.so -> /home/matthieu/ros2_ws/install/web_control/share/web_control/web/stream/webrtc/.venv/lib/python3.12/site-packages/aiortc/codecs\n'}
[2.139150] (web_control) StdoutLine: {'line': b'symbolically linking /home/matthieu/ros2_ws/build/web_control/web/stream/webrtc/.venv/lib/python3.12/site-packages/aiortc/codecs/base.py -> /home/matthieu/ros2_ws/install/web_control/share/web_control/web/stream/webrtc/.venv/lib/python3.12/site-packages/aiortc/codecs\n'}
[2.139231] (web_control) StdoutLine: {'line': b'symbolically linking /home/matthieu/ros2_ws/build/web_control/web/stream/webrtc/.venv/lib/python3.12/site-packages/aiortc/codecs/_vpx.pyi -> /home/matthieu/ros2_ws/install/web_control/share/web_control/web/stream/webrtc/.venv/lib/python3.12/site-packages/aiortc/codecs\n'}
[2.139411] (web_control) StdoutLine: {'line': b'symbolically linking /home/matthieu/ros2_ws/build/web_control/web/stream/webrtc/.venv/lib/python3.12/site-packages/aiortc/codecs/h264.py -> /home/matthieu/ros2_ws/install/web_control/share/web_control/web/stream/webrtc/.venv/lib/python3.12/site-packages/aiortc/codecs\n'}
[2.139749] (web_control) StdoutLine: {'line': b'symbolically linking /home/matthieu/ros2_ws/build/web_control/web/stream/webrtc/.venv/lib/python3.12/site-packages/aiortc/codecs/g711.py -> /home/matthieu/ros2_ws/install/web_control/share/web_control/web/stream/webrtc/.venv/lib/python3.12/site-packages/aiortc/codecs\n'}
[2.139888] (web_control) StdoutLine: {'line': b'symbolically linking /home/matthieu/ros2_ws/build/web_control/web/stream/webrtc/.venv/lib/python3.12/site-packages/aiortc/codecs/opus.py -> /home/matthieu/ros2_ws/install/web_control/share/web_control/web/stream/webrtc/.venv/lib/python3.12/site-packages/aiortc/codecs\n'}
[2.139998] (web_control) StdoutLine: {'line': b'symbolically linking /home/matthieu/ros2_ws/build/web_control/web/stream/webrtc/.venv/lib/python3.12/site-packages/aiortc/codecs/vpx.py -> /home/matthieu/ros2_ws/install/web_control/share/web_control/web/stream/webrtc/.venv/lib/python3.12/site-packages/aiortc/codecs\n'}
[2.140080] (web_control) StdoutLine: {'line': b'symbolically linking /home/matthieu/ros2_ws/build/web_control/web/stream/webrtc/.venv/lib/python3.12/site-packages/aiortc/codecs/_opus.pyi -> /home/matthieu/ros2_ws/install/web_control/share/web_control/web/stream/webrtc/.venv/lib/python3.12/site-packages/aiortc/codecs\n'}
[2.140190] (web_control) StdoutLine: {'line': b'symbolically linking /home/matthieu/ros2_ws/build/web_control/web/stream/webrtc/.venv/lib/python3.12/site-packages/aiortc/codecs/__init__.py -> /home/matthieu/ros2_ws/install/web_control/share/web_control/web/stream/webrtc/.venv/lib/python3.12/site-packages/aiortc/codecs\n'}
[2.140311] (web_control) StdoutLine: {'line': b'symbolically linking /home/matthieu/ros2_ws/build/web_control/web/stream/webrtc/.venv/lib/python3.12/site-packages/aiortc/codecs/__pycache__/vpx.cpython-312.pyc -> /home/matthieu/ros2_ws/install/web_control/share/web_control/web/stream/webrtc/.venv/lib/python3.12/site-packages/aiortc/codecs/__pycache__\n'}
[2.140623] (web_control) StdoutLine: {'line': b'symbolically linking /home/matthieu/ros2_ws/build/web_control/web/stream/webrtc/.venv/lib/python3.12/site-packages/aiortc/codecs/__pycache__/h264.cpython-312.pyc -> /home/matthieu/ros2_ws/install/web_control/share/web_control/web/stream/webrtc/.venv/lib/python3.12/site-packages/aiortc/codecs/__pycache__\n'}
[2.140853] (web_control) StdoutLine: {'line': b'symbolically linking /home/matthieu/ros2_ws/build/web_control/web/stream/webrtc/.venv/lib/python3.12/site-packages/aiortc/codecs/__pycache__/g711.cpython-312.pyc -> /home/matthieu/ros2_ws/install/web_control/share/web_control/web/stream/webrtc/.venv/lib/python3.12/site-packages/aiortc/codecs/__pycache__\n'}
[2.140941] (web_control) StdoutLine: {'line': b'symbolically linking /home/matthieu/ros2_ws/build/web_control/web/stream/webrtc/.venv/lib/python3.12/site-packages/aiortc/codecs/__pycache__/base.cpython-312.pyc -> /home/matthieu/ros2_ws/install/web_control/share/web_control/web/stream/webrtc/.venv/lib/python3.12/site-packages/aiortc/codecs/__pycache__\n'}
[2.141021] (web_control) StdoutLine: {'line': b'symbolically linking /home/matthieu/ros2_ws/build/web_control/web/stream/webrtc/.venv/lib/python3.12/site-packages/aiortc/codecs/__pycache__/opus.cpython-312.pyc -> /home/matthieu/ros2_ws/install/web_control/share/web_control/web/stream/webrtc/.venv/lib/python3.12/site-packages/aiortc/codecs/__pycache__\n'}
[2.141124] (web_control) StdoutLine: {'line': b'symbolically linking /home/matthieu/ros2_ws/build/web_control/web/stream/webrtc/.venv/lib/python3.12/site-packages/aiortc/codecs/__pycache__/__init__.cpython-312.pyc -> /home/matthieu/ros2_ws/install/web_control/share/web_control/web/stream/webrtc/.venv/lib/python3.12/site-packages/aiortc/codecs/__pycache__\n'}
[2.141206] (web_control) StdoutLine: {'line': b'symbolically linking /home/matthieu/ros2_ws/build/web_control/web/stream/webrtc/.venv/lib/python3.12/site-packages/aiortc/contrib/media.py -> /home/matthieu/ros2_ws/install/web_control/share/web_control/web/stream/webrtc/.venv/lib/python3.12/site-packages/aiortc/contrib\n'}
[2.141327] (web_control) StdoutLine: {'line': b'symbolically linking /home/matthieu/ros2_ws/build/web_control/web/stream/webrtc/.venv/lib/python3.12/site-packages/aiortc/contrib/signaling.py -> /home/matthieu/ros2_ws/install/web_control/share/web_control/web/stream/webrtc/.venv/lib/python3.12/site-packages/aiortc/contrib\n'}
[2.141428] (web_control) StdoutLine: {'line': b'symbolically linking /home/matthieu/ros2_ws/build/web_control/web/stream/webrtc/.venv/lib/python3.12/site-packages/aiortc/contrib/__init__.py -> /home/matthieu/ros2_ws/install/web_control/share/web_control/web/stream/webrtc/.venv/lib/python3.12/site-packages/aiortc/contrib\n'}
[2.141507] (web_control) StdoutLine: {'line': b'symbolically linking /home/matthieu/ros2_ws/build/web_control/web/stream/webrtc/.venv/lib/python3.12/site-packages/aiortc/contrib/__pycache__/media.cpython-312.pyc -> /home/matthieu/ros2_ws/install/web_control/share/web_control/web/stream/webrtc/.venv/lib/python3.12/site-packages/aiortc/contrib/__pycache__\n'}
[2.141614] (web_control) StdoutLine: {'line': b'symbolically linking /home/matthieu/ros2_ws/build/web_control/web/stream/webrtc/.venv/lib/python3.12/site-packages/aiortc/contrib/__pycache__/signaling.cpython-312.pyc -> /home/matthieu/ros2_ws/install/web_control/share/web_control/web/stream/webrtc/.venv/lib/python3.12/site-packages/aiortc/contrib/__pycache__\n'}
[2.141690] (web_control) StdoutLine: {'line': b'symbolically linking /home/matthieu/ros2_ws/build/web_control/web/stream/webrtc/.venv/lib/python3.12/site-packages/aiortc/contrib/__pycache__/__init__.cpython-312.pyc -> /home/matthieu/ros2_ws/install/web_control/share/web_control/web/stream/webrtc/.venv/lib/python3.12/site-packages/aiortc/contrib/__pycache__\n'}
[2.141766] (web_control) StdoutLine: {'line': b'symbolically linking /home/matthieu/ros2_ws/build/web_control/web/stream/webrtc/.venv/lib/python3.12/site-packages/aiosignal-1.4.0.dist-info/WHEEL -> /home/matthieu/ros2_ws/install/web_control/share/web_control/web/stream/webrtc/.venv/lib/python3.12/site-packages/aiosignal-1.4.0.dist-info\n'}
[2.141869] (web_control) StdoutLine: {'line': b'symbolically linking /home/matthieu/ros2_ws/build/web_control/web/stream/webrtc/.venv/lib/python3.12/site-packages/aiosignal-1.4.0.dist-info/RECORD -> /home/matthieu/ros2_ws/install/web_control/share/web_control/web/stream/webrtc/.venv/lib/python3.12/site-packages/aiosignal-1.4.0.dist-info\n'}
[2.141964] (web_control) StdoutLine: {'line': b'symbolically linking /home/matthieu/ros2_ws/build/web_control/web/stream/webrtc/.venv/lib/python3.12/site-packages/aiosignal-1.4.0.dist-info/INSTALLER -> /home/matthieu/ros2_ws/install/web_control/share/web_control/web/stream/webrtc/.venv/lib/python3.12/site-packages/aiosignal-1.4.0.dist-info\n'}
[2.142053] (web_control) StdoutLine: {'line': b'symbolically linking /home/matthieu/ros2_ws/build/web_control/web/stream/webrtc/.venv/lib/python3.12/site-packages/aiosignal-1.4.0.dist-info/top_level.txt -> /home/matthieu/ros2_ws/install/web_control/share/web_control/web/stream/webrtc/.venv/lib/python3.12/site-packages/aiosignal-1.4.0.dist-info\n'}
[2.142138] (web_control) StdoutLine: {'line': b'symbolically linking /home/matthieu/ros2_ws/build/web_control/web/stream/webrtc/.venv/lib/python3.12/site-packages/aiosignal-1.4.0.dist-info/METADATA -> /home/matthieu/ros2_ws/install/web_control/share/web_control/web/stream/webrtc/.venv/lib/python3.12/site-packages/aiosignal-1.4.0.dist-info\n'}
[2.142211] (web_control) StdoutLine: {'line': b'symbolically linking /home/matthieu/ros2_ws/build/web_control/web/stream/webrtc/.venv/lib/python3.12/site-packages/aiosignal-1.4.0.dist-info/licenses/LICENSE -> /home/matthieu/ros2_ws/install/web_control/share/web_control/web/stream/webrtc/.venv/lib/python3.12/site-packages/aiosignal-1.4.0.dist-info/licenses\n'}
[2.142331] (web_control) StdoutLine: {'line': b'symbolically linking /home/matthieu/ros2_ws/build/web_control/web/stream/webrtc/.venv/lib/python3.12/site-packages/aiohttp/_helpers.pyx -> /home/matthieu/ros2_ws/install/web_control/share/web_control/web/stream/webrtc/.venv/lib/python3.12/site-packages/aiohttp\n'}
[2.142410] (web_control) StdoutLine: {'line': b'symbolically linking /home/matthieu/ros2_ws/build/web_control/web/stream/webrtc/.venv/lib/python3.12/site-packages/aiohttp/_cparser.pxd -> /home/matthieu/ros2_ws/install/web_control/share/web_control/web/stream/webrtc/.venv/lib/python3.12/site-packages/aiohttp\n'}
[2.142508] (web_control) StdoutLine: {'line': b'symbolically linking /home/matthieu/ros2_ws/build/web_control/web/stream/webrtc/.venv/lib/python3.12/site-packages/aiohttp/http_writer.py -> /home/matthieu/ros2_ws/install/web_control/share/web_control/web/stream/webrtc/.venv/lib/python3.12/site-packages/aiohttp\n'}
[2.142584] (web_control) StdoutLine: {'line': b'symbolically linking /home/matthieu/ros2_ws/build/web_control/web/stream/webrtc/.venv/lib/python3.12/site-packages/aiohttp/_http_parser.pyx -> /home/matthieu/ros2_ws/install/web_control/share/web_control/web/stream/webrtc/.venv/lib/python3.12/site-packages/aiohttp\n'}
[2.142685] (web_control) StdoutLine: {'line': b'symbolically linking /home/matthieu/ros2_ws/build/web_control/web/stream/webrtc/.venv/lib/python3.12/site-packages/aiohttp/web_app.py -> /home/matthieu/ros2_ws/install/web_control/share/web_control/web/stream/webrtc/.venv/lib/python3.12/site-packages/aiohttp\n'}
[2.142779] (web_control) StdoutLine: {'line': b'symbolically linking /home/matthieu/ros2_ws/build/web_control/web/stream/webrtc/.venv/lib/python3.12/site-packages/aiohttp/multipart.py -> /home/matthieu/ros2_ws/install/web_control/share/web_control/web/stream/webrtc/.venv/lib/python3.12/site-packages/aiohttp\n'}
[2.142853] (web_control) StdoutLine: {'line': b'symbolically linking /home/matthieu/ros2_ws/build/web_control/web/stream/webrtc/.venv/lib/python3.12/site-packages/aiohttp/http_exceptions.py -> /home/matthieu/ros2_ws/install/web_control/share/web_control/web/stream/webrtc/.venv/lib/python3.12/site-packages/aiohttp\n'}
[2.142953] (web_control) StdoutLine: {'line': b'symbolically linking /home/matthieu/ros2_ws/build/web_control/web/stream/webrtc/.venv/lib/python3.12/site-packages/aiohttp/formdata.py -> /home/matthieu/ros2_ws/install/web_control/share/web_control/web/stream/webrtc/.venv/lib/python3.12/site-packages/aiohttp\n'}
[2.143029] (web_control) StdoutLine: {'line': b'symbolically linking /home/matthieu/ros2_ws/build/web_control/web/stream/webrtc/.venv/lib/python3.12/site-packages/aiohttp/_find_header.pxd -> /home/matthieu/ros2_ws/install/web_control/share/web_control/web/stream/webrtc/.venv/lib/python3.12/site-packages/aiohttp\n'}
[2.143129] (web_control) StdoutLine: {'line': b'symbolically linking /home/matthieu/ros2_ws/build/web_control/web/stream/webrtc/.venv/lib/python3.12/site-packages/aiohttp/web_ws.py -> /home/matthieu/ros2_ws/install/web_control/share/web_control/web/stream/webrtc/.venv/lib/python3.12/site-packages/aiohttp\n'}
[2.143227] (web_control) StdoutLine: {'line': b'symbolically linking /home/matthieu/ros2_ws/build/web_control/web/stream/webrtc/.venv/lib/python3.12/site-packages/aiohttp/tracing.py -> /home/matthieu/ros2_ws/install/web_control/share/web_control/web/stream/webrtc/.venv/lib/python3.12/site-packages/aiohttp\n'}
[2.143323] (web_control) StdoutLine: {'line': b'symbolically linking /home/matthieu/ros2_ws/build/web_control/web/stream/webrtc/.venv/lib/python3.12/site-packages/aiohttp/client_exceptions.py -> /home/matthieu/ros2_ws/install/web_control/share/web_control/web/stream/webrtc/.venv/lib/python3.12/site-packages/aiohttp\n'}
[2.143426] (web_control) StdoutLine: {'line': b'symbolically linking /home/matthieu/ros2_ws/build/web_control/web/stream/webrtc/.venv/lib/python3.12/site-packages/aiohttp/_http_writer.cpython-312-x86_64-linux-gnu.so -> /home/matthieu/ros2_ws/install/web_control/share/web_control/web/stream/webrtc/.venv/lib/python3.12/site-packages/aiohttp\n'}
[2.143502] (web_control) StdoutLine: {'line': b'symbolically linking /home/matthieu/ros2_ws/build/web_control/web/stream/webrtc/.venv/lib/python3.12/site-packages/aiohttp/connector.py -> /home/matthieu/ros2_ws/install/web_control/share/web_control/web/stream/webrtc/.venv/lib/python3.12/site-packages/aiohttp\n'}
[2.143600] (web_control) StdoutLine: {'line': b'symbolically linking /home/matthieu/ros2_ws/build/web_control/web/stream/webrtc/.venv/lib/python3.12/site-packages/aiohttp/client_reqrep.py -> /home/matthieu/ros2_ws/install/web_control/share/web_control/web/stream/webrtc/.venv/lib/python3.12/site-packages/aiohttp\n'}
[2.143675] (web_control) StdoutLine: {'line': b'symbolically linking /home/matthieu/ros2_ws/build/web_control/web/stream/webrtc/.venv/lib/python3.12/site-packages/aiohttp/_helpers.cpython-312-x86_64-linux-gnu.so -> /home/matthieu/ros2_ws/install/web_control/share/web_control/web/stream/webrtc/.venv/lib/python3.12/site-packages/aiohttp\n'}
[2.143773] (web_control) StdoutLine: {'line': b'symbolically linking /home/matthieu/ros2_ws/build/web_control/web/stream/webrtc/.venv/lib/python3.12/site-packages/aiohttp/web_exceptions.py -> /home/matthieu/ros2_ws/install/web_control/share/web_control/web/stream/webrtc/.venv/lib/python3.12/site-packages/aiohttp\n'}
[2.143848] (web_control) StdoutLine: {'line': b'symbolically linking /home/matthieu/ros2_ws/build/web_control/web/stream/webrtc/.venv/lib/python3.12/site-packages/aiohttp/web_middlewares.py -> /home/matthieu/ros2_ws/install/web_control/share/web_control/web/stream/webrtc/.venv/lib/python3.12/site-packages/aiohttp\n'}
[2.143947] (web_control) StdoutLine: {'line': b'symbolically linking /home/matthieu/ros2_ws/build/web_control/web/stream/webrtc/.venv/lib/python3.12/site-packages/aiohttp/test_utils.py -> /home/matthieu/ros2_ws/install/web_control/share/web_control/web/stream/webrtc/.venv/lib/python3.12/site-packages/aiohttp\n'}
[2.144021] (web_control) StdoutLine: {'line': b'symbolically linking /home/matthieu/ros2_ws/build/web_control/web/stream/webrtc/.venv/lib/python3.12/site-packages/aiohttp/_http_writer.pyx -> /home/matthieu/ros2_ws/install/web_control/share/web_control/web/stream/webrtc/.venv/lib/python3.12/site-packages/aiohttp\n'}
[2.144130] (web_control) StdoutLine: {'line': b'symbolically linking /home/matthieu/ros2_ws/build/web_control/web/stream/webrtc/.venv/lib/python3.12/site-packages/aiohttp/typedefs.py -> /home/matthieu/ros2_ws/install/web_control/share/web_control/web/stream/webrtc/.venv/lib/python3.12/site-packages/aiohttp\n'}
[2.144204] (web_control) StdoutLine: {'line': b'symbolically linking /home/matthieu/ros2_ws/build/web_control/web/stream/webrtc/.venv/lib/python3.12/site-packages/aiohttp/worker.py -> /home/matthieu/ros2_ws/install/web_control/share/web_control/web/stream/webrtc/.venv/lib/python3.12/site-packages/aiohttp\n'}
[2.144318] (web_control) StdoutLine: {'line': b'symbolically linking /home/matthieu/ros2_ws/build/web_control/web/stream/webrtc/.venv/lib/python3.12/site-packages/aiohttp/web_runner.py -> /home/matthieu/ros2_ws/install/web_control/share/web_control/web/stream/webrtc/.venv/lib/python3.12/site-packages/aiohttp\n'}
[2.144398] (web_control) StdoutLine: {'line': b'symbolically linking /home/matthieu/ros2_ws/build/web_control/web/stream/webrtc/.venv/lib/python3.12/site-packages/aiohttp/web_request.py -> /home/matthieu/ros2_ws/install/web_control/share/web_control/web/stream/webrtc/.venv/lib/python3.12/site-packages/aiohttp\n'}
[2.144496] (web_control) StdoutLine: {'line': b'symbolically linking /home/matthieu/ros2_ws/build/web_control/web/stream/webrtc/.venv/lib/python3.12/site-packages/aiohttp/web_urldispatcher.py -> /home/matthieu/ros2_ws/install/web_control/share/web_control/web/stream/webrtc/.venv/lib/python3.12/site-packages/aiohttp\n'}
[2.144588] (web_control) StdoutLine: {'line': b'symbolically linking /home/matthieu/ros2_ws/build/web_control/web/stream/webrtc/.venv/lib/python3.12/site-packages/aiohttp/client_ws.py -> /home/matthieu/ros2_ws/install/web_control/share/web_control/web/stream/webrtc/.venv/lib/python3.12/site-packages/aiohttp\n'}
[2.144663] (web_control) StdoutLine: {'line': b'symbolically linking /home/matthieu/ros2_ws/build/web_control/web/stream/webrtc/.venv/lib/python3.12/site-packages/aiohttp/tcp_helpers.py -> /home/matthieu/ros2_ws/install/web_control/share/web_control/web/stream/webrtc/.venv/lib/python3.12/site-packages/aiohttp\n'}
[2.144762] (web_control) StdoutLine: {'line': b'symbolically linking /home/matthieu/ros2_ws/build/web_control/web/stream/webrtc/.venv/lib/python3.12/site-packages/aiohttp/web_routedef.py -> /home/matthieu/ros2_ws/install/web_control/share/web_control/web/stream/webrtc/.venv/lib/python3.12/site-packages/aiohttp\n'}
[2.144840] (web_control) StdoutLine: {'line': b'symbolically linking /home/matthieu/ros2_ws/build/web_control/web/stream/webrtc/.venv/lib/python3.12/site-packages/aiohttp/http_parser.py -> /home/matthieu/ros2_ws/install/web_control/share/web_control/web/stream/webrtc/.venv/lib/python3.12/site-packages/aiohttp\n'}
[2.144938] (web_control) StdoutLine: {'line': b'symbolically linking /home/matthieu/ros2_ws/build/web_control/web/stream/webrtc/.venv/lib/python3.12/site-packages/aiohttp/pytest_plugin.py -> /home/matthieu/ros2_ws/install/web_control/share/web_control/web/stream/webrtc/.venv/lib/python3.12/site-packages/aiohttp\n'}
[2.145025] (web_control) StdoutLine: {'line': b'symbolically linking /home/matthieu/ros2_ws/build/web_control/web/stream/webrtc/.venv/lib/python3.12/site-packages/aiohttp/locks.py -> /home/matthieu/ros2_ws/install/web_control/share/web_control/web/stream/webrtc/.venv/lib/python3.12/site-packages/aiohttp\n'}
[2.145098] (web_control) StdoutLine: {'line': b'symbolically linking /home/matthieu/ros2_ws/build/web_control/web/stream/webrtc/.venv/lib/python3.12/site-packages/aiohttp/_http_parser.cpython-312-x86_64-linux-gnu.so -> /home/matthieu/ros2_ws/install/web_control/share/web_control/web/stream/webrtc/.venv/lib/python3.12/site-packages/aiohttp\n'}
[2.145197] (web_control) StdoutLine: {'line': b'symbolically linking /home/matthieu/ros2_ws/build/web_control/web/stream/webrtc/.venv/lib/python3.12/site-packages/aiohttp/client_proto.py -> /home/matthieu/ros2_ws/install/web_control/share/web_control/web/stream/webrtc/.venv/lib/python3.12/site-packages/aiohttp\n'}
[2.145286] (web_control) StdoutLine: {'line': b'symbolically linking /home/matthieu/ros2_ws/build/web_control/web/stream/webrtc/.venv/lib/python3.12/site-packages/aiohttp/web_log.py -> /home/matthieu/ros2_ws/install/web_control/share/web_control/web/stream/webrtc/.venv/lib/python3.12/site-packages/aiohttp\n'}
[2.145390] (web_control) StdoutLine: {'line': b'symbolically linking /home/matthieu/ros2_ws/build/web_control/web/stream/webrtc/.venv/lib/python3.12/site-packages/aiohttp/payload_streamer.py -> /home/matthieu/ros2_ws/install/web_control/share/web_control/web/stream/webrtc/.venv/lib/python3.12/site-packages/aiohttp\n'}
[2.145465] (web_control) StdoutLine: {'line': b'symbolically linking /home/matthieu/ros2_ws/build/web_control/web/stream/webrtc/.venv/lib/python3.12/site-packages/aiohttp/http.py -> /home/matthieu/ros2_ws/install/web_control/share/web_control/web/stream/webrtc/.venv/lib/python3.12/site-packages/aiohttp\n'}
[2.145561] (web_control) StdoutLine: {'line': b'symbolically linking /home/matthieu/ros2_ws/build/web_control/web/stream/webrtc/.venv/lib/python3.12/site-packages/aiohttp/payload.py -> /home/matthieu/ros2_ws/install/web_control/share/web_control/web/stream/webrtc/.venv/lib/python3.12/site-packages/aiohttp\n'}
[2.145662] (web_control) StdoutLine: {'line': b'symbolically linking /home/matthieu/ros2_ws/build/web_control/web/stream/webrtc/.venv/lib/python3.12/site-packages/aiohttp/log.py -> /home/matthieu/ros2_ws/install/web_control/share/web_control/web/stream/webrtc/.venv/lib/python3.12/site-packages/aiohttp\n'}
[2.145736] (web_control) StdoutLine: {'line': b'symbolically linking /home/matthieu/ros2_ws/build/web_control/web/stream/webrtc/.venv/lib/python3.12/site-packages/aiohttp/_helpers.pyi -> /home/matthieu/ros2_ws/install/web_control/share/web_control/web/stream/webrtc/.venv/lib/python3.12/site-packages/aiohttp\n'}
[2.145836] (web_control) StdoutLine: {'line': b'symbolically linking /home/matthieu/ros2_ws/build/web_control/web/stream/webrtc/.venv/lib/python3.12/site-packages/aiohttp/streams.py -> /home/matthieu/ros2_ws/install/web_control/share/web_control/web/stream/webrtc/.venv/lib/python3.12/site-packages/aiohttp\n'}
[2.145925] (web_control) StdoutLine: {'line': b'symbolically linking /home/matthieu/ros2_ws/build/web_control/web/stream/webrtc/.venv/lib/python3.12/site-packages/aiohttp/abc.py -> /home/matthieu/ros2_ws/install/web_control/share/web_control/web/stream/webrtc/.venv/lib/python3.12/site-packages/aiohttp\n'}
[2.145998] (web_control) StdoutLine: {'line': b'symbolically linking /home/matthieu/ros2_ws/build/web_control/web/stream/webrtc/.venv/lib/python3.12/site-packages/aiohttp/web_server.py -> /home/matthieu/ros2_ws/install/web_control/share/web_control/web/stream/webrtc/.venv/lib/python3.12/site-packages/aiohttp\n'}
[2.146097] (web_control) StdoutLine: {'line': b'symbolically linking /home/matthieu/ros2_ws/build/web_control/web/stream/webrtc/.venv/lib/python3.12/site-packages/aiohttp/web_response.py -> /home/matthieu/ros2_ws/install/web_control/share/web_control/web/stream/webrtc/.venv/lib/python3.12/site-packages/aiohttp\n'}
[2.146170] (web_control) StdoutLine: {'line': b'symbolically linking /home/matthieu/ros2_ws/build/web_control/web/stream/webrtc/.venv/lib/python3.12/site-packages/aiohttp/resolver.py -> /home/matthieu/ros2_ws/install/web_control/share/web_control/web/stream/webrtc/.venv/lib/python3.12/site-packages/aiohttp\n'}
[2.146278] (web_control) StdoutLine: {'line': b'symbolically linking /home/matthieu/ros2_ws/build/web_control/web/stream/webrtc/.venv/lib/python3.12/site-packages/aiohttp/py.typed -> /home/matthieu/ros2_ws/install/web_control/share/web_control/web/stream/webrtc/.venv/lib/python3.12/site-packages/aiohttp\n'}
[2.146363] (web_control) StdoutLine: {'line': b'symbolically linking /home/matthieu/ros2_ws/build/web_control/web/stream/webrtc/.venv/lib/python3.12/site-packages/aiohttp/_websocket.pyx -> /home/matthieu/ros2_ws/install/web_control/share/web_control/web/stream/webrtc/.venv/lib/python3.12/site-packages/aiohttp\n'}
[2.146456] (web_control) StdoutLine: {'line': b'symbolically linking /home/matthieu/ros2_ws/build/web_control/web/stream/webrtc/.venv/lib/python3.12/site-packages/aiohttp/hdrs.py -> /home/matthieu/ros2_ws/install/web_control/share/web_control/web/stream/webrtc/.venv/lib/python3.12/site-packages/aiohttp\n'}
[2.146543] (web_control) StdoutLine: {'line': b'symbolically linking /home/matthieu/ros2_ws/build/web_control/web/stream/webrtc/.venv/lib/python3.12/site-packages/aiohttp/web.py -> /home/matthieu/ros2_ws/install/web_control/share/web_control/web/stream/webrtc/.venv/lib/python3.12/site-packages/aiohttp\n'}
[2.146636] (web_control) StdoutLine: {'line': b'symbolically linking /home/matthieu/ros2_ws/build/web_control/web/stream/webrtc/.venv/lib/python3.12/site-packages/aiohttp/base_protocol.py -> /home/matthieu/ros2_ws/install/web_control/share/web_control/web/stream/webrtc/.venv/lib/python3.12/site-packages/aiohttp\n'}
[2.146747] (web_control) StdoutLine: {'line': b'symbolically linking /home/matthieu/ros2_ws/build/web_control/web/stream/webrtc/.venv/lib/python3.12/site-packages/aiohttp/web_protocol.py -> /home/matthieu/ros2_ws/install/web_control/share/web_control/web/stream/webrtc/.venv/lib/python3.12/site-packages/aiohttp\n'}
[2.146846] (web_control) StdoutLine: {'line': b'symbolically linking /home/matthieu/ros2_ws/build/web_control/web/stream/webrtc/.venv/lib/python3.12/site-packages/aiohttp/client.py -> /home/matthieu/ros2_ws/install/web_control/share/web_control/web/stream/webrtc/.venv/lib/python3.12/site-packages/aiohttp\n'}
[2.146939] (web_control) StdoutLine: {'line': b'symbolically linking /home/matthieu/ros2_ws/build/web_control/web/stream/webrtc/.venv/lib/python3.12/site-packages/aiohttp/web_fileresponse.py -> /home/matthieu/ros2_ws/install/web_control/share/web_control/web/stream/webrtc/.venv/lib/python3.12/site-packages/aiohttp\n'}
[2.147040] (web_control) StdoutLine: {'line': b'symbolically linking /home/matthieu/ros2_ws/build/web_control/web/stream/webrtc/.venv/lib/python3.12/site-packages/aiohttp/compression_utils.py -> /home/matthieu/ros2_ws/install/web_control/share/web_control/web/stream/webrtc/.venv/lib/python3.12/site-packages/aiohttp\n'}
[2.147113] (web_control) StdoutLine: {'line': b'symbolically linking /home/matthieu/ros2_ws/build/web_control/web/stream/webrtc/.venv/lib/python3.12/site-packages/aiohttp/helpers.py -> /home/matthieu/ros2_ws/install/web_control/share/web_control/web/stream/webrtc/.venv/lib/python3.12/site-packages/aiohttp\n'}
[2.147207] (web_control) StdoutLine: {'line': b'symbolically linking /home/matthieu/ros2_ws/build/web_control/web/stream/webrtc/.venv/lib/python3.12/site-packages/aiohttp/http_websocket.py -> /home/matthieu/ros2_ws/install/web_control/share/web_control/web/stream/webrtc/.venv/lib/python3.12/site-packages/aiohttp\n'}
[2.147307] (web_control) StdoutLine: {'line': b'symbolically linking /home/matthieu/ros2_ws/build/web_control/web/stream/webrtc/.venv/lib/python3.12/site-packages/aiohttp/_websocket.cpython-312-x86_64-linux-gnu.so -> /home/matthieu/ros2_ws/install/web_control/share/web_control/web/stream/webrtc/.venv/lib/python3.12/site-packages/aiohttp\n'}
[2.147395] (web_control) StdoutLine: {'line': b'symbolically linking /home/matthieu/ros2_ws/build/web_control/web/stream/webrtc/.venv/lib/python3.12/site-packages/aiohttp/cookiejar.py -> /home/matthieu/ros2_ws/install/web_control/share/web_control/web/stream/webrtc/.venv/lib/python3.12/site-packages/aiohttp\n'}
[2.147482] (web_control) StdoutLine: {'line': b'symbolically linking /home/matthieu/ros2_ws/build/web_control/web/stream/webrtc/.venv/lib/python3.12/site-packages/aiohttp/_headers.pxi -> /home/matthieu/ros2_ws/install/web_control/share/web_control/web/stream/webrtc/.venv/lib/python3.12/site-packages/aiohttp\n'}
[2.147587] (web_control) StdoutLine: {'line': b'symbolically linking /home/matthieu/ros2_ws/build/web_control/web/stream/webrtc/.venv/lib/python3.12/site-packages/aiohttp/__init__.py -> /home/matthieu/ros2_ws/install/web_control/share/web_control/web/stream/webrtc/.venv/lib/python3.12/site-packages/aiohttp\n'}
[2.147676] (web_control) StdoutLine: {'line': b'symbolically linking /home/matthieu/ros2_ws/build/web_control/web/stream/webrtc/.venv/lib/python3.12/site-packages/aiohttp/__pycache__/locks.cpython-312.pyc -> /home/matthieu/ros2_ws/install/web_control/share/web_control/web/stream/webrtc/.venv/lib/python3.12/site-packages/aiohttp/__pycache__\n'}
[2.147784] (web_control) StdoutLine: {'line': b'symbolically linking /home/matthieu/ros2_ws/build/web_control/web/stream/webrtc/.venv/lib/python3.12/site-packages/aiohttp/__pycache__/helpers.cpython-312.pyc -> /home/matthieu/ros2_ws/install/web_control/share/web_control/web/stream/webrtc/.venv/lib/python3.12/site-packages/aiohttp/__pycache__\n'}
[2.147895] (web_control) StdoutLine: {'line': b'symbolically linking /home/matthieu/ros2_ws/build/web_control/web/stream/webrtc/.venv/lib/python3.12/site-packages/aiohttp/__pycache__/hdrs.cpython-312.pyc -> /home/matthieu/ros2_ws/install/web_control/share/web_control/web/stream/webrtc/.venv/lib/python3.12/site-packages/aiohttp/__pycache__\n'}
[2.148004] (web_control) StdoutLine: {'line': b'symbolically linking /home/matthieu/ros2_ws/build/web_control/web/stream/webrtc/.venv/lib/python3.12/site-packages/aiohttp/__pycache__/worker.cpython-312.pyc -> /home/matthieu/ros2_ws/install/web_control/share/web_control/web/stream/webrtc/.venv/lib/python3.12/site-packages/aiohttp/__pycache__\n'}
[2.148111] (web_control) StdoutLine: {'line': b'symbolically linking /home/matthieu/ros2_ws/build/web_control/web/stream/webrtc/.venv/lib/python3.12/site-packages/aiohttp/__pycache__/base_protocol.cpython-312.pyc -> /home/matthieu/ros2_ws/install/web_control/share/web_control/web/stream/webrtc/.venv/lib/python3.12/site-packages/aiohttp/__pycache__\n'}
[2.148210] (web_control) StdoutLine: {'line': b'symbolically linking /home/matthieu/ros2_ws/build/web_control/web/stream/webrtc/.venv/lib/python3.12/site-packages/aiohttp/__pycache__/web_fileresponse.cpython-312.pyc -> /home/matthieu/ros2_ws/install/web_control/share/web_control/web/stream/webrtc/.venv/lib/python3.12/site-packages/aiohttp/__pycache__\n'}
[2.148310] (web_control) StdoutLine: {'line': b'symbolically linking /home/matthieu/ros2_ws/build/web_control/web/stream/webrtc/.venv/lib/python3.12/site-packages/aiohttp/__pycache__/formdata.cpython-312.pyc -> /home/matthieu/ros2_ws/install/web_control/share/web_control/web/stream/webrtc/.venv/lib/python3.12/site-packages/aiohttp/__pycache__\n'}
[2.148440] (web_control) StdoutLine: {'line': b'symbolically linking /home/matthieu/ros2_ws/build/web_control/web/stream/webrtc/.venv/lib/python3.12/site-packages/aiohttp/__pycache__/http_parser.cpython-312.pyc -> /home/matthieu/ros2_ws/install/web_control/share/web_control/web/stream/webrtc/.venv/lib/python3.12/site-packages/aiohttp/__pycache__\n'}
[2.148526] (web_control) StdoutLine: {'line': b'symbolically linking /home/matthieu/ros2_ws/build/web_control/web/stream/webrtc/.venv/lib/python3.12/site-packages/aiohttp/__pycache__/web_middlewares.cpython-312.pyc -> /home/matthieu/ros2_ws/install/web_control/share/web_control/web/stream/webrtc/.venv/lib/python3.12/site-packages/aiohttp/__pycache__\n'}
[2.148630] (web_control) StdoutLine: {'line': b'symbolically linking /home/matthieu/ros2_ws/build/web_control/web/stream/webrtc/.venv/lib/python3.12/site-packages/aiohttp/__pycache__/web_routedef.cpython-312.pyc -> /home/matthieu/ros2_ws/install/web_control/share/web_control/web/stream/webrtc/.venv/lib/python3.12/site-packages/aiohttp/__pycache__\n'}
[2.148719] (web_control) StdoutLine: {'line': b'symbolically linking /home/matthieu/ros2_ws/build/web_control/web/stream/webrtc/.venv/lib/python3.12/site-packages/aiohttp/__pycache__/web_log.cpython-312.pyc -> /home/matthieu/ros2_ws/install/web_control/share/web_control/web/stream/webrtc/.venv/lib/python3.12/site-packages/aiohttp/__pycache__\n'}
[2.148808] (web_control) StdoutLine: {'line': b'symbolically linking /home/matthieu/ros2_ws/build/web_control/web/stream/webrtc/.venv/lib/python3.12/site-packages/aiohttp/__pycache__/typedefs.cpython-312.pyc -> /home/matthieu/ros2_ws/install/web_control/share/web_control/web/stream/webrtc/.venv/lib/python3.12/site-packages/aiohttp/__pycache__\n'}
[2.148897] (web_control) StdoutLine: {'line': b'symbolically linking /home/matthieu/ros2_ws/build/web_control/web/stream/webrtc/.venv/lib/python3.12/site-packages/aiohttp/__pycache__/web_urldispatcher.cpython-312.pyc -> /home/matthieu/ros2_ws/install/web_control/share/web_control/web/stream/webrtc/.venv/lib/python3.12/site-packages/aiohttp/__pycache__\n'}
[2.148986] (web_control) StdoutLine: {'line': b'symbolically linking /home/matthieu/ros2_ws/build/web_control/web/stream/webrtc/.venv/lib/python3.12/site-packages/aiohttp/__pycache__/client_proto.cpython-312.pyc -> /home/matthieu/ros2_ws/install/web_control/share/web_control/web/stream/webrtc/.venv/lib/python3.12/site-packages/aiohttp/__pycache__\n'}
[2.149079] (web_control) StdoutLine: {'line': b'symbolically linking /home/matthieu/ros2_ws/build/web_control/web/stream/webrtc/.venv/lib/python3.12/site-packages/aiohttp/__pycache__/web.cpython-312.pyc -> /home/matthieu/ros2_ws/install/web_control/share/web_control/web/stream/webrtc/.venv/lib/python3.12/site-packages/aiohttp/__pycache__\n'}
[2.149170] (web_control) StdoutLine: {'line': b'symbolically linking /home/matthieu/ros2_ws/build/web_control/web/stream/webrtc/.venv/lib/python3.12/site-packages/aiohttp/__pycache__/client_reqrep.cpython-312.pyc -> /home/matthieu/ros2_ws/install/web_control/share/web_control/web/stream/webrtc/.venv/lib/python3.12/site-packages/aiohttp/__pycache__\n'}
[2.149265] (web_control) StdoutLine: {'line': b'symbolically linking /home/matthieu/ros2_ws/build/web_control/web/stream/webrtc/.venv/lib/python3.12/site-packages/aiohttp/__pycache__/http.cpython-312.pyc -> /home/matthieu/ros2_ws/install/web_control/share/web_control/web/stream/webrtc/.venv/lib/python3.12/site-packages/aiohttp/__pycache__\n'}
[2.149371] (web_control) StdoutLine: {'line': b'symbolically linking /home/matthieu/ros2_ws/build/web_control/web/stream/webrtc/.venv/lib/python3.12/site-packages/aiohttp/__pycache__/web_exceptions.cpython-312.pyc -> /home/matthieu/ros2_ws/install/web_control/share/web_control/web/stream/webrtc/.venv/lib/python3.12/site-packages/aiohttp/__pycache__\n'}
[2.149467] (web_control) StdoutLine: {'line': b'symbolically linking /home/matthieu/ros2_ws/build/web_control/web/stream/webrtc/.venv/lib/python3.12/site-packages/aiohttp/__pycache__/http_websocket.cpython-312.pyc -> /home/matthieu/ros2_ws/install/web_control/share/web_control/web/stream/webrtc/.venv/lib/python3.12/site-packages/aiohttp/__pycache__\n'}
[2.149561] (web_control) StdoutLine: {'line': b'symbolically linking /home/matthieu/ros2_ws/build/web_control/web/stream/webrtc/.venv/lib/python3.12/site-packages/aiohttp/__pycache__/tcp_helpers.cpython-312.pyc -> /home/matthieu/ros2_ws/install/web_control/share/web_control/web/stream/webrtc/.venv/lib/python3.12/site-packages/aiohttp/__pycache__\n'}
[2.149645] (web_control) StdoutLine: {'line': b'symbolically linking /home/matthieu/ros2_ws/build/web_control/web/stream/webrtc/.venv/lib/python3.12/site-packages/aiohttp/__pycache__/web_protocol.cpython-312.pyc -> /home/matthieu/ros2_ws/install/web_control/share/web_control/web/stream/webrtc/.venv/lib/python3.12/site-packages/aiohttp/__pycache__\n'}
[2.149737] (web_control) StdoutLine: {'line': b'symbolically linking /home/matthieu/ros2_ws/build/web_control/web/stream/webrtc/.venv/lib/python3.12/site-packages/aiohttp/__pycache__/log.cpython-312.pyc -> /home/matthieu/ros2_ws/install/web_control/share/web_control/web/stream/webrtc/.venv/lib/python3.12/site-packages/aiohttp/__pycache__\n'}
[2.149829] (web_control) StdoutLine: {'line': b'symbolically linking /home/matthieu/ros2_ws/build/web_control/web/stream/webrtc/.venv/lib/python3.12/site-packages/aiohttp/__pycache__/web_request.cpython-312.pyc -> /home/matthieu/ros2_ws/install/web_control/share/web_control/web/stream/webrtc/.venv/lib/python3.12/site-packages/aiohttp/__pycache__\n'}
[2.149920] (web_control) StdoutLine: {'line': b'symbolically linking /home/matthieu/ros2_ws/build/web_control/web/stream/webrtc/.venv/lib/python3.12/site-packages/aiohttp/__pycache__/resolver.cpython-312.pyc -> /home/matthieu/ros2_ws/install/web_control/share/web_control/web/stream/webrtc/.venv/lib/python3.12/site-packages/aiohttp/__pycache__\n'}
[2.150015] (web_control) StdoutLine: {'line': b'symbolically linking /home/matthieu/ros2_ws/build/web_control/web/stream/webrtc/.venv/lib/python3.12/site-packages/aiohttp/__pycache__/compression_utils.cpython-312.pyc -> /home/matthieu/ros2_ws/install/web_control/share/web_control/web/stream/webrtc/.venv/lib/python3.12/site-packages/aiohttp/__pycache__\n'}
[2.150118] (web_control) StdoutLine: {'line': b'symbolically linking /home/matthieu/ros2_ws/build/web_control/web/stream/webrtc/.venv/lib/python3.12/site-packages/aiohttp/__pycache__/abc.cpython-312.pyc -> /home/matthieu/ros2_ws/install/web_control/share/web_control/web/stream/webrtc/.venv/lib/python3.12/site-packages/aiohttp/__pycache__\n'}
[2.150196] (web_control) StdoutLine: {'line': b'symbolically linking /home/matthieu/ros2_ws/build/web_control/web/stream/webrtc/.venv/lib/python3.12/site-packages/aiohttp/__pycache__/client_exceptions.cpython-312.pyc -> /home/matthieu/ros2_ws/install/web_control/share/web_control/web/stream/webrtc/.venv/lib/python3.12/site-packages/aiohttp/__pycache__\n'}
[2.150298] (web_control) StdoutLine: {'line': b'symbolically linking /home/matthieu/ros2_ws/build/web_control/web/stream/webrtc/.venv/lib/python3.12/site-packages/aiohttp/__pycache__/test_utils.cpython-312.pyc -> /home/matthieu/ros2_ws/install/web_control/share/web_control/web/stream/webrtc/.venv/lib/python3.12/site-packages/aiohttp/__pycache__\n'}
[2.150404] (web_control) StdoutLine: {'line': b'symbolically linking /home/matthieu/ros2_ws/build/web_control/web/stream/webrtc/.venv/lib/python3.12/site-packages/aiohttp/__pycache__/tracing.cpython-312.pyc -> /home/matthieu/ros2_ws/install/web_control/share/web_control/web/stream/webrtc/.venv/lib/python3.12/site-packages/aiohttp/__pycache__\n'}
[2.150475] (web_control) StdoutLine: {'line': b'symbolically linking /home/matthieu/ros2_ws/build/web_control/web/stream/webrtc/.venv/lib/python3.12/site-packages/aiohttp/__pycache__/http_writer.cpython-312.pyc -> /home/matthieu/ros2_ws/install/web_control/share/web_control/web/stream/webrtc/.venv/lib/python3.12/site-packages/aiohttp/__pycache__\n'}
[2.150562] (web_control) StdoutLine: {'line': b'symbolically linking /home/matthieu/ros2_ws/build/web_control/web/stream/webrtc/.venv/lib/python3.12/site-packages/aiohttp/__pycache__/payload.cpython-312.pyc -> /home/matthieu/ros2_ws/install/web_control/share/web_control/web/stream/webrtc/.venv/lib/python3.12/site-packages/aiohttp/__pycache__\n'}
[2.150656] (web_control) StdoutLine: {'line': b'symbolically linking /home/matthieu/ros2_ws/build/web_control/web/stream/webrtc/.venv/lib/python3.12/site-packages/aiohttp/__pycache__/cookiejar.cpython-312.pyc -> /home/matthieu/ros2_ws/install/web_control/share/web_control/web/stream/webrtc/.venv/lib/python3.12/site-packages/aiohttp/__pycache__\n'}
[2.150753] (web_control) StdoutLine: {'line': b'symbolically linking /home/matthieu/ros2_ws/build/web_control/web/stream/webrtc/.venv/lib/python3.12/site-packages/aiohttp/__pycache__/web_app.cpython-312.pyc -> /home/matthieu/ros2_ws/install/web_control/share/web_control/web/stream/webrtc/.venv/lib/python3.12/site-packages/aiohttp/__pycache__\n'}
[2.150840] (web_control) StdoutLine: {'line': b'symbolically linking /home/matthieu/ros2_ws/build/web_control/web/stream/webrtc/.venv/lib/python3.12/site-packages/aiohttp/__pycache__/web_server.cpython-312.pyc -> /home/matthieu/ros2_ws/install/web_control/share/web_control/web/stream/webrtc/.venv/lib/python3.12/site-packages/aiohttp/__pycache__\n'}
[2.150927] (web_control) StdoutLine: {'line': b'symbolically linking /home/matthieu/ros2_ws/build/web_control/web/stream/webrtc/.venv/lib/python3.12/site-packages/aiohttp/__pycache__/web_ws.cpython-312.pyc -> /home/matthieu/ros2_ws/install/web_control/share/web_control/web/stream/webrtc/.venv/lib/python3.12/site-packages/aiohttp/__pycache__\n'}
[2.151014] (web_control) StdoutLine: {'line': b'symbolically linking /home/matthieu/ros2_ws/build/web_control/web/stream/webrtc/.venv/lib/python3.12/site-packages/aiohttp/__pycache__/__init__.cpython-312.pyc -> /home/matthieu/ros2_ws/install/web_control/share/web_control/web/stream/webrtc/.venv/lib/python3.12/site-packages/aiohttp/__pycache__\n'}
[2.151108] (web_control) StdoutLine: {'line': b'symbolically linking /home/matthieu/ros2_ws/build/web_control/web/stream/webrtc/.venv/lib/python3.12/site-packages/aiohttp/__pycache__/streams.cpython-312.pyc -> /home/matthieu/ros2_ws/install/web_control/share/web_control/web/stream/webrtc/.venv/lib/python3.12/site-packages/aiohttp/__pycache__\n'}
[2.151180] (web_control) StdoutLine: {'line': b'symbolically linking /home/matthieu/ros2_ws/build/web_control/web/stream/webrtc/.venv/lib/python3.12/site-packages/aiohttp/__pycache__/web_runner.cpython-312.pyc -> /home/matthieu/ros2_ws/install/web_control/share/web_control/web/stream/webrtc/.venv/lib/python3.12/site-packages/aiohttp/__pycache__\n'}
[2.151267] (web_control) StdoutLine: {'line': b'symbolically linking /home/matthieu/ros2_ws/build/web_control/web/stream/webrtc/.venv/lib/python3.12/site-packages/aiohttp/__pycache__/client_ws.cpython-312.pyc -> /home/matthieu/ros2_ws/install/web_control/share/web_control/web/stream/webrtc/.venv/lib/python3.12/site-packages/aiohttp/__pycache__\n'}
[2.151358] (web_control) StdoutLine: {'line': b'symbolically linking /home/matthieu/ros2_ws/build/web_control/web/stream/webrtc/.venv/lib/python3.12/site-packages/aiohttp/__pycache__/web_response.cpython-312.pyc -> /home/matthieu/ros2_ws/install/web_control/share/web_control/web/stream/webrtc/.venv/lib/python3.12/site-packages/aiohttp/__pycache__\n'}
[2.151446] (web_control) StdoutLine: {'line': b'symbolically linking /home/matthieu/ros2_ws/build/web_control/web/stream/webrtc/.venv/lib/python3.12/site-packages/aiohttp/__pycache__/multipart.cpython-312.pyc -> /home/matthieu/ros2_ws/install/web_control/share/web_control/web/stream/webrtc/.venv/lib/python3.12/site-packages/aiohttp/__pycache__\n'}
[2.151533] (web_control) StdoutLine: {'line': b'symbolically linking /home/matthieu/ros2_ws/build/web_control/web/stream/webrtc/.venv/lib/python3.12/site-packages/aiohttp/__pycache__/http_exceptions.cpython-312.pyc -> /home/matthieu/ros2_ws/install/web_control/share/web_control/web/stream/webrtc/.venv/lib/python3.12/site-packages/aiohttp/__pycache__\n'}
[2.151619] (web_control) StdoutLine: {'line': b'symbolically linking /home/matthieu/ros2_ws/build/web_control/web/stream/webrtc/.venv/lib/python3.12/site-packages/aiohttp/__pycache__/client.cpython-312.pyc -> /home/matthieu/ros2_ws/install/web_control/share/web_control/web/stream/webrtc/.venv/lib/python3.12/site-packages/aiohttp/__pycache__\n'}
[2.151712] (web_control) StdoutLine: {'line': b'symbolically linking /home/matthieu/ros2_ws/build/web_control/web/stream/webrtc/.venv/lib/python3.12/site-packages/aiohttp/__pycache__/connector.cpython-312.pyc -> /home/matthieu/ros2_ws/install/web_control/share/web_control/web/stream/webrtc/.venv/lib/python3.12/site-packages/aiohttp/__pycache__\n'}
[2.151804] (web_control) StdoutLine: {'line': b'symbolically linking /home/matthieu/ros2_ws/build/web_control/web/stream/webrtc/.venv/lib/python3.12/site-packages/aiohttp/__pycache__/pytest_plugin.cpython-312.pyc -> /home/matthieu/ros2_ws/install/web_control/share/web_control/web/stream/webrtc/.venv/lib/python3.12/site-packages/aiohttp/__pycache__\n'}
[2.151894] (web_control) StdoutLine: {'line': b'symbolically linking /home/matthieu/ros2_ws/build/web_control/web/stream/webrtc/.venv/lib/python3.12/site-packages/aiohttp/__pycache__/payload_streamer.cpython-312.pyc -> /home/matthieu/ros2_ws/install/web_control/share/web_control/web/stream/webrtc/.venv/lib/python3.12/site-packages/aiohttp/__pycache__\n'}
[2.151994] (web_control) StdoutLine: {'line': b'symbolically linking /home/matthieu/ros2_ws/build/web_control/web/stream/webrtc/.venv/lib/python3.12/site-packages/aiohttp/.hash/_http_writer.pyx.hash -> /home/matthieu/ros2_ws/install/web_control/share/web_control/web/stream/webrtc/.venv/lib/python3.12/site-packages/aiohttp/.hash\n'}
[2.152092] (web_control) StdoutLine: {'line': b'symbolically linking /home/matthieu/ros2_ws/build/web_control/web/stream/webrtc/.venv/lib/python3.12/site-packages/aiohttp/.hash/_websocket.pyx.hash -> /home/matthieu/ros2_ws/install/web_control/share/web_control/web/stream/webrtc/.venv/lib/python3.12/site-packages/aiohttp/.hash\n'}
[2.152191] (web_control) StdoutLine: {'line': b'symbolically linking /home/matthieu/ros2_ws/build/web_control/web/stream/webrtc/.venv/lib/python3.12/site-packages/aiohttp/.hash/_http_parser.pyx.hash -> /home/matthieu/ros2_ws/install/web_control/share/web_control/web/stream/webrtc/.venv/lib/python3.12/site-packages/aiohttp/.hash\n'}
[2.152294] (web_control) StdoutLine: {'line': b'symbolically linking /home/matthieu/ros2_ws/build/web_control/web/stream/webrtc/.venv/lib/python3.12/site-packages/aiohttp/.hash/_helpers.pyx.hash -> /home/matthieu/ros2_ws/install/web_control/share/web_control/web/stream/webrtc/.venv/lib/python3.12/site-packages/aiohttp/.hash\n'}
[2.152395] (web_control) StdoutLine: {'line': b'symbolically linking /home/matthieu/ros2_ws/build/web_control/web/stream/webrtc/.venv/lib/python3.12/site-packages/aiohttp/.hash/_cparser.pxd.hash -> /home/matthieu/ros2_ws/install/web_control/share/web_control/web/stream/webrtc/.venv/lib/python3.12/site-packages/aiohttp/.hash\n'}
[2.152470] (web_control) StdoutLine: {'line': b'symbolically linking /home/matthieu/ros2_ws/build/web_control/web/stream/webrtc/.venv/lib/python3.12/site-packages/aiohttp/.hash/_helpers.pyi.hash -> /home/matthieu/ros2_ws/install/web_control/share/web_control/web/stream/webrtc/.venv/lib/python3.12/site-packages/aiohttp/.hash\n'}
[2.152575] (web_control) StdoutLine: {'line': b'symbolically linking /home/matthieu/ros2_ws/build/web_control/web/stream/webrtc/.venv/lib/python3.12/site-packages/aiohttp/.hash/hdrs.py.hash -> /home/matthieu/ros2_ws/install/web_control/share/web_control/web/stream/webrtc/.venv/lib/python3.12/site-packages/aiohttp/.hash\n'}
[2.152648] (web_control) StdoutLine: {'line': b'symbolically linking /home/matthieu/ros2_ws/build/web_control/web/stream/webrtc/.venv/lib/python3.12/site-packages/aiohttp/.hash/_find_header.pxd.hash -> /home/matthieu/ros2_ws/install/web_control/share/web_control/web/stream/webrtc/.venv/lib/python3.12/site-packages/aiohttp/.hash\n'}
[2.152751] (web_control) StdoutLine: {'line': b'symbolically linking /home/matthieu/ros2_ws/build/web_control/web/stream/webrtc/.venv/lib/python3.12/site-packages/av-11.0.0.dist-info/WHEEL -> /home/matthieu/ros2_ws/install/web_control/share/web_control/web/stream/webrtc/.venv/lib/python3.12/site-packages/av-11.0.0.dist-info\n'}
[2.152825] (web_control) StdoutLine: {'line': b'symbolically linking /home/matthieu/ros2_ws/build/web_control/web/stream/webrtc/.venv/lib/python3.12/site-packages/av-11.0.0.dist-info/RECORD -> /home/matthieu/ros2_ws/install/web_control/share/web_control/web/stream/webrtc/.venv/lib/python3.12/site-packages/av-11.0.0.dist-info\n'}
[2.152920] (web_control) StdoutLine: {'line': b'symbolically linking /home/matthieu/ros2_ws/build/web_control/web/stream/webrtc/.venv/lib/python3.12/site-packages/av-11.0.0.dist-info/INSTALLER -> /home/matthieu/ros2_ws/install/web_control/share/web_control/web/stream/webrtc/.venv/lib/python3.12/site-packages/av-11.0.0.dist-info\n'}
[2.153026] (web_control) StdoutLine: {'line': b'symbolically linking /home/matthieu/ros2_ws/build/web_control/web/stream/webrtc/.venv/lib/python3.12/site-packages/av-11.0.0.dist-info/entry_points.txt -> /home/matthieu/ros2_ws/install/web_control/share/web_control/web/stream/webrtc/.venv/lib/python3.12/site-packages/av-11.0.0.dist-info\n'}
[2.153105] (web_control) StdoutLine: {'line': b'symbolically linking /home/matthieu/ros2_ws/build/web_control/web/stream/webrtc/.venv/lib/python3.12/site-packages/av-11.0.0.dist-info/top_level.txt -> /home/matthieu/ros2_ws/install/web_control/share/web_control/web/stream/webrtc/.venv/lib/python3.12/site-packages/av-11.0.0.dist-info\n'}
[2.153202] (web_control) StdoutLine: {'line': b'symbolically linking /home/matthieu/ros2_ws/build/web_control/web/stream/webrtc/.venv/lib/python3.12/site-packages/av-11.0.0.dist-info/METADATA -> /home/matthieu/ros2_ws/install/web_control/share/web_control/web/stream/webrtc/.venv/lib/python3.12/site-packages/av-11.0.0.dist-info\n'}
[2.153311] (web_control) StdoutLine: {'line': b'symbolically linking /home/matthieu/ros2_ws/build/web_control/web/stream/webrtc/.venv/lib/python3.12/site-packages/av-11.0.0.dist-info/licenses/AUTHORS.py -> /home/matthieu/ros2_ws/install/web_control/share/web_control/web/stream/webrtc/.venv/lib/python3.12/site-packages/av-11.0.0.dist-info/licenses\n'}
[2.153415] (web_control) StdoutLine: {'line': b'symbolically linking /home/matthieu/ros2_ws/build/web_control/web/stream/webrtc/.venv/lib/python3.12/site-packages/av-11.0.0.dist-info/licenses/LICENSE.txt -> /home/matthieu/ros2_ws/install/web_control/share/web_control/web/stream/webrtc/.venv/lib/python3.12/site-packages/av-11.0.0.dist-info/licenses\n'}
[2.153494] (web_control) StdoutLine: {'line': b'symbolically linking /home/matthieu/ros2_ws/build/web_control/web/stream/webrtc/.venv/lib/python3.12/site-packages/av-11.0.0.dist-info/licenses/AUTHORS.rst -> /home/matthieu/ros2_ws/install/web_control/share/web_control/web/stream/webrtc/.venv/lib/python3.12/site-packages/av-11.0.0.dist-info/licenses\n'}
[2.153590] (web_control) StdoutLine: {'line': b'symbolically linking /home/matthieu/ros2_ws/build/web_control/web/stream/webrtc/.venv/lib/python3.12/site-packages/av-11.0.0.dist-info/licenses/__pycache__/AUTHORS.cpython-312.pyc -> /home/matthieu/ros2_ws/install/web_control/share/web_control/web/stream/webrtc/.venv/lib/python3.12/site-packages/av-11.0.0.dist-info/licenses/__pycache__\n'}
[2.153683] (web_control) StdoutLine: {'line': b'symbolically linking /home/matthieu/ros2_ws/build/web_control/web/stream/webrtc/.venv/lib/python3.12/site-packages/frozenlist/_frozenlist.cpython-312-x86_64-linux-gnu.so -> /home/matthieu/ros2_ws/install/web_control/share/web_control/web/stream/webrtc/.venv/lib/python3.12/site-packages/frozenlist\n'}
[2.153788] (web_control) StdoutLine: {'line': b'symbolically linking /home/matthieu/ros2_ws/build/web_control/web/stream/webrtc/.venv/lib/python3.12/site-packages/frozenlist/_frozenlist.pyx -> /home/matthieu/ros2_ws/install/web_control/share/web_control/web/stream/webrtc/.venv/lib/python3.12/site-packages/frozenlist\n'}
[2.153863] (web_control) StdoutLine: {'line': b'symbolically linking /home/matthieu/ros2_ws/build/web_control/web/stream/webrtc/.venv/lib/python3.12/site-packages/frozenlist/__init__.pyi -> /home/matthieu/ros2_ws/install/web_control/share/web_control/web/stream/webrtc/.venv/lib/python3.12/site-packages/frozenlist\n'}
[2.153967] (web_control) StdoutLine: {'line': b'symbolically linking /home/matthieu/ros2_ws/build/web_control/web/stream/webrtc/.venv/lib/python3.12/site-packages/frozenlist/py.typed -> /home/matthieu/ros2_ws/install/web_control/share/web_control/web/stream/webrtc/.venv/lib/python3.12/site-packages/frozenlist\n'}
[2.154043] (web_control) StdoutLine: {'line': b'symbolically linking /home/matthieu/ros2_ws/build/web_control/web/stream/webrtc/.venv/lib/python3.12/site-packages/frozenlist/__init__.py -> /home/matthieu/ros2_ws/install/web_control/share/web_control/web/stream/webrtc/.venv/lib/python3.12/site-packages/frozenlist\n'}
[2.154146] (web_control) StdoutLine: {'line': b'symbolically linking /home/matthieu/ros2_ws/build/web_control/web/stream/webrtc/.venv/lib/python3.12/site-packages/frozenlist/__pycache__/__init__.cpython-312.pyc -> /home/matthieu/ros2_ws/install/web_control/share/web_control/web/stream/webrtc/.venv/lib/python3.12/site-packages/frozenlist/__pycache__\n'}
[2.154220] (web_control) StdoutLine: {'line': b'symbolically linking /home/matthieu/ros2_ws/build/web_control/web/stream/webrtc/.venv/lib/python3.12/site-packages/aioice/mdns.py -> /home/matthieu/ros2_ws/install/web_control/share/web_control/web/stream/webrtc/.venv/lib/python3.12/site-packages/aioice\n'}
[2.154332] (web_control) StdoutLine: {'line': b'symbolically linking /home/matthieu/ros2_ws/build/web_control/web/stream/webrtc/.venv/lib/python3.12/site-packages/aioice/stun.py -> /home/matthieu/ros2_ws/install/web_control/share/web_control/web/stream/webrtc/.venv/lib/python3.12/site-packages/aioice\n'}
[2.154409] (web_control) StdoutLine: {'line': b'symbolically linking /home/matthieu/ros2_ws/build/web_control/web/stream/webrtc/.venv/lib/python3.12/site-packages/aioice/ice.py -> /home/matthieu/ros2_ws/install/web_control/share/web_control/web/stream/webrtc/.venv/lib/python3.12/site-packages/aioice\n'}
[2.154511] (web_control) StdoutLine: {'line': b'symbolically linking /home/matthieu/ros2_ws/build/web_control/web/stream/webrtc/.venv/lib/python3.12/site-packages/aioice/candidate.py -> /home/matthieu/ros2_ws/install/web_control/share/web_control/web/stream/webrtc/.venv/lib/python3.12/site-packages/aioice\n'}
[2.154593] (web_control) StdoutLine: {'line': b'symbolically linking /home/matthieu/ros2_ws/build/web_control/web/stream/webrtc/.venv/lib/python3.12/site-packages/aioice/turn.py -> /home/matthieu/ros2_ws/install/web_control/share/web_control/web/stream/webrtc/.venv/lib/python3.12/site-packages/aioice\n'}
[2.154695] (web_control) StdoutLine: {'line': b'symbolically linking /home/matthieu/ros2_ws/build/web_control/web/stream/webrtc/.venv/lib/python3.12/site-packages/aioice/py.typed -> /home/matthieu/ros2_ws/install/web_control/share/web_control/web/stream/webrtc/.venv/lib/python3.12/site-packages/aioice\n'}
[2.154770] (web_control) StdoutLine: {'line': b'symbolically linking /home/matthieu/ros2_ws/build/web_control/web/stream/webrtc/.venv/lib/python3.12/site-packages/aioice/utils.py -> /home/matthieu/ros2_ws/install/web_control/share/web_control/web/stream/webrtc/.venv/lib/python3.12/site-packages/aioice\n'}
[2.154874] (web_control) StdoutLine: {'line': b'symbolically linking /home/matthieu/ros2_ws/build/web_control/web/stream/webrtc/.venv/lib/python3.12/site-packages/aioice/__init__.py -> /home/matthieu/ros2_ws/install/web_control/share/web_control/web/stream/webrtc/.venv/lib/python3.12/site-packages/aioice\n'}
[2.154957] (web_control) StdoutLine: {'line': b'symbolically linking /home/matthieu/ros2_ws/build/web_control/web/stream/webrtc/.venv/lib/python3.12/site-packages/aioice/__pycache__/turn.cpython-312.pyc -> /home/matthieu/ros2_ws/install/web_control/share/web_control/web/stream/webrtc/.venv/lib/python3.12/site-packages/aioice/__pycache__\n'}
[2.155057] (web_control) StdoutLine: {'line': b'symbolically linking /home/matthieu/ros2_ws/build/web_control/web/stream/webrtc/.venv/lib/python3.12/site-packages/aioice/__pycache__/stun.cpython-312.pyc -> /home/matthieu/ros2_ws/install/web_control/share/web_control/web/stream/webrtc/.venv/lib/python3.12/site-packages/aioice/__pycache__\n'}
[2.155133] (web_control) StdoutLine: {'line': b'symbolically linking /home/matthieu/ros2_ws/build/web_control/web/stream/webrtc/.venv/lib/python3.12/site-packages/aioice/__pycache__/candidate.cpython-312.pyc -> /home/matthieu/ros2_ws/install/web_control/share/web_control/web/stream/webrtc/.venv/lib/python3.12/site-packages/aioice/__pycache__\n'}
[2.155236] (web_control) StdoutLine: {'line': b'symbolically linking /home/matthieu/ros2_ws/build/web_control/web/stream/webrtc/.venv/lib/python3.12/site-packages/aioice/__pycache__/ice.cpython-312.pyc -> /home/matthieu/ros2_ws/install/web_control/share/web_control/web/stream/webrtc/.venv/lib/python3.12/site-packages/aioice/__pycache__\n'}
[2.155334] (web_control) StdoutLine: {'line': b'symbolically linking /home/matthieu/ros2_ws/build/web_control/web/stream/webrtc/.venv/lib/python3.12/site-packages/aioice/__pycache__/__init__.cpython-312.pyc -> /home/matthieu/ros2_ws/install/web_control/share/web_control/web/stream/webrtc/.venv/lib/python3.12/site-packages/aioice/__pycache__\n'}
[2.155406] (web_control) StdoutLine: {'line': b'symbolically linking /home/matthieu/ros2_ws/build/web_control/web/stream/webrtc/.venv/lib/python3.12/site-packages/aioice/__pycache__/mdns.cpython-312.pyc -> /home/matthieu/ros2_ws/install/web_control/share/web_control/web/stream/webrtc/.venv/lib/python3.12/site-packages/aioice/__pycache__\n'}
[2.155510] (web_control) StdoutLine: {'line': b'symbolically linking /home/matthieu/ros2_ws/build/web_control/web/stream/webrtc/.venv/lib/python3.12/site-packages/aioice/__pycache__/utils.cpython-312.pyc -> /home/matthieu/ros2_ws/install/web_control/share/web_control/web/stream/webrtc/.venv/lib/python3.12/site-packages/aioice/__pycache__\n'}
[2.155586] (web_control) StdoutLine: {'line': b'symbolically linking /home/matthieu/ros2_ws/build/web_control/web/stream/webrtc/.venv/lib/python3.12/site-packages/av/frame.cpython-312-x86_64-linux-gnu.so -> /home/matthieu/ros2_ws/install/web_control/share/web_control/web/stream/webrtc/.venv/lib/python3.12/site-packages/av\n'}
[2.155677] (web_control) StdoutLine: {'line': b'symbolically linking /home/matthieu/ros2_ws/build/web_control/web/stream/webrtc/.venv/lib/python3.12/site-packages/av/buffer.cpython-312-x86_64-linux-gnu.so -> /home/matthieu/ros2_ws/install/web_control/share/web_control/web/stream/webrtc/.venv/lib/python3.12/site-packages/av\n'}
[2.155782] (web_control) StdoutLine: {'line': b'symbolically linking /home/matthieu/ros2_ws/build/web_control/web/stream/webrtc/.venv/lib/python3.12/site-packages/av/packet.cpython-312-x86_64-linux-gnu.so -> /home/matthieu/ros2_ws/install/web_control/share/web_control/web/stream/webrtc/.venv/lib/python3.12/site-packages/av\n'}
[2.155855] (web_control) StdoutLine: {'line': b'symbolically linking /home/matthieu/ros2_ws/build/web_control/web/stream/webrtc/.venv/lib/python3.12/site-packages/av/frame.pxd -> /home/matthieu/ros2_ws/install/web_control/share/web_control/web/stream/webrtc/.venv/lib/python3.12/site-packages/av\n'}
[2.155958] (web_control) StdoutLine: {'line': b'symbolically linking /home/matthieu/ros2_ws/build/web_control/web/stream/webrtc/.venv/lib/python3.12/site-packages/av/format.pxd -> /home/matthieu/ros2_ws/install/web_control/share/web_control/web/stream/webrtc/.venv/lib/python3.12/site-packages/av\n'}
[2.156035] (web_control) StdoutLine: {'line': b'symbolically linking /home/matthieu/ros2_ws/build/web_control/web/stream/webrtc/.venv/lib/python3.12/site-packages/av/utils.pxd -> /home/matthieu/ros2_ws/install/web_control/share/web_control/web/stream/webrtc/.venv/lib/python3.12/site-packages/av\n'}
[2.156137] (web_control) StdoutLine: {'line': b'symbolically linking /home/matthieu/ros2_ws/build/web_control/web/stream/webrtc/.venv/lib/python3.12/site-packages/av/option.pxd -> /home/matthieu/ros2_ws/install/web_control/share/web_control/web/stream/webrtc/.venv/lib/python3.12/site-packages/av\n'}
[2.156213] (web_control) StdoutLine: {'line': b'symbolically linking /home/matthieu/ros2_ws/build/web_control/web/stream/webrtc/.venv/lib/python3.12/site-packages/av/utils.cpython-312-x86_64-linux-gnu.so -> /home/matthieu/ros2_ws/install/web_control/share/web_control/web/stream/webrtc/.venv/lib/python3.12/site-packages/av\n'}
[2.156330] (web_control) StdoutLine: {'line': b'symbolically linking /home/matthieu/ros2_ws/build/web_control/web/stream/webrtc/.venv/lib/python3.12/site-packages/av/_core.cpython-312-x86_64-linux-gnu.so -> /home/matthieu/ros2_ws/install/web_control/share/web_control/web/stream/webrtc/.venv/lib/python3.12/site-packages/av\n'}
[2.156406] (web_control) StdoutLine: {'line': b'symbolically linking /home/matthieu/ros2_ws/build/web_control/web/stream/webrtc/.venv/lib/python3.12/site-packages/av/stream.cpython-312-x86_64-linux-gnu.so -> /home/matthieu/ros2_ws/install/web_control/share/web_control/web/stream/webrtc/.venv/lib/python3.12/site-packages/av\n'}
[2.156508] (web_control) StdoutLine: {'line': b'symbolically linking /home/matthieu/ros2_ws/build/web_control/web/stream/webrtc/.venv/lib/python3.12/site-packages/av/logging.pxd -> /home/matthieu/ros2_ws/install/web_control/share/web_control/web/stream/webrtc/.venv/lib/python3.12/site-packages/av\n'}
[2.156580] (web_control) StdoutLine: {'line': b'symbolically linking /home/matthieu/ros2_ws/build/web_control/web/stream/webrtc/.venv/lib/python3.12/site-packages/av/descriptor.pxd -> /home/matthieu/ros2_ws/install/web_control/share/web_control/web/stream/webrtc/.venv/lib/python3.12/site-packages/av\n'}
[2.156669] (web_control) StdoutLine: {'line': b'symbolically linking /home/matthieu/ros2_ws/build/web_control/web/stream/webrtc/.venv/lib/python3.12/site-packages/av/descriptor.cpython-312-x86_64-linux-gnu.so -> /home/matthieu/ros2_ws/install/web_control/share/web_control/web/stream/webrtc/.venv/lib/python3.12/site-packages/av\n'}
[2.156756] (web_control) StdoutLine: {'line': b'symbolically linking /home/matthieu/ros2_ws/build/web_control/web/stream/webrtc/.venv/lib/python3.12/site-packages/av/plane.pxd -> /home/matthieu/ros2_ws/install/web_control/share/web_control/web/stream/webrtc/.venv/lib/python3.12/site-packages/av\n'}
[2.156844] (web_control) StdoutLine: {'line': b'symbolically linking /home/matthieu/ros2_ws/build/web_control/web/stream/webrtc/.venv/lib/python3.12/site-packages/av/dictionary.pxd -> /home/matthieu/ros2_ws/install/web_control/share/web_control/web/stream/webrtc/.venv/lib/python3.12/site-packages/av\n'}
[2.156939] (web_control) StdoutLine: {'line': b'symbolically linking /home/matthieu/ros2_ws/build/web_control/web/stream/webrtc/.venv/lib/python3.12/site-packages/av/option.cpython-312-x86_64-linux-gnu.so -> /home/matthieu/ros2_ws/install/web_control/share/web_control/web/stream/webrtc/.venv/lib/python3.12/site-packages/av\n'}
[2.157045] (web_control) StdoutLine: {'line': b'symbolically linking /home/matthieu/ros2_ws/build/web_control/web/stream/webrtc/.venv/lib/python3.12/site-packages/av/packet.pxd -> /home/matthieu/ros2_ws/install/web_control/share/web_control/web/stream/webrtc/.venv/lib/python3.12/site-packages/av\n'}
[2.157120] (web_control) StdoutLine: {'line': b'symbolically linking /home/matthieu/ros2_ws/build/web_control/web/stream/webrtc/.venv/lib/python3.12/site-packages/av/bytesource.pxd -> /home/matthieu/ros2_ws/install/web_control/share/web_control/web/stream/webrtc/.venv/lib/python3.12/site-packages/av\n'}
[2.157207] (web_control) StdoutLine: {'line': b'symbolically linking /home/matthieu/ros2_ws/build/web_control/web/stream/webrtc/.venv/lib/python3.12/site-packages/av/bytesource.cpython-312-x86_64-linux-gnu.so -> /home/matthieu/ros2_ws/install/web_control/share/web_control/web/stream/webrtc/.venv/lib/python3.12/site-packages/av\n'}
[2.157311] (web_control) StdoutLine: {'line': b'symbolically linking /home/matthieu/ros2_ws/build/web_control/web/stream/webrtc/.venv/lib/python3.12/site-packages/av/__main__.py -> /home/matthieu/ros2_ws/install/web_control/share/web_control/web/stream/webrtc/.venv/lib/python3.12/site-packages/av\n'}
[2.157411] (web_control) StdoutLine: {'line': b'symbolically linking /home/matthieu/ros2_ws/build/web_control/web/stream/webrtc/.venv/lib/python3.12/site-packages/av/dictionary.cpython-312-x86_64-linux-gnu.so -> /home/matthieu/ros2_ws/install/web_control/share/web_control/web/stream/webrtc/.venv/lib/python3.12/site-packages/av\n'}
[2.157516] (web_control) StdoutLine: {'line': b'symbolically linking /home/matthieu/ros2_ws/build/web_control/web/stream/webrtc/.venv/lib/python3.12/site-packages/av/buffer.pxd -> /home/matthieu/ros2_ws/install/web_control/share/web_control/web/stream/webrtc/.venv/lib/python3.12/site-packages/av\n'}
[2.157593] (web_control) StdoutLine: {'line': b'symbolically linking /home/matthieu/ros2_ws/build/web_control/web/stream/webrtc/.venv/lib/python3.12/site-packages/av/datasets.py -> /home/matthieu/ros2_ws/install/web_control/share/web_control/web/stream/webrtc/.venv/lib/python3.12/site-packages/av\n'}
[2.157715] (web_control) StdoutLine: {'line': b'symbolically linking /home/matthieu/ros2_ws/build/web_control/web/stream/webrtc/.venv/lib/python3.12/site-packages/av/__init__.pxd -> /home/matthieu/ros2_ws/install/web_control/share/web_control/web/stream/webrtc/.venv/lib/python3.12/site-packages/av\n'}
[2.157788] (web_control) StdoutLine: {'line': b'symbolically linking /home/matthieu/ros2_ws/build/web_control/web/stream/webrtc/.venv/lib/python3.12/site-packages/av/error.pxd -> /home/matthieu/ros2_ws/install/web_control/share/web_control/web/stream/webrtc/.venv/lib/python3.12/site-packages/av\n'}
[2.157891] (web_control) StdoutLine: {'line': b'symbolically linking /home/matthieu/ros2_ws/build/web_control/web/stream/webrtc/.venv/lib/python3.12/site-packages/av/plane.cpython-312-x86_64-linux-gnu.so -> /home/matthieu/ros2_ws/install/web_control/share/web_control/web/stream/webrtc/.venv/lib/python3.12/site-packages/av\n'}
[2.157969] (web_control) StdoutLine: {'line': b'symbolically linking /home/matthieu/ros2_ws/build/web_control/web/stream/webrtc/.venv/lib/python3.12/site-packages/av/about.py -> /home/matthieu/ros2_ws/install/web_control/share/web_control/web/stream/webrtc/.venv/lib/python3.12/site-packages/av\n'}
[2.158072] (web_control) StdoutLine: {'line': b'symbolically linking /home/matthieu/ros2_ws/build/web_control/web/stream/webrtc/.venv/lib/python3.12/site-packages/av/enum.pxd -> /home/matthieu/ros2_ws/install/web_control/share/web_control/web/stream/webrtc/.venv/lib/python3.12/site-packages/av\n'}
[2.158152] (web_control) StdoutLine: {'line': b'symbolically linking /home/matthieu/ros2_ws/build/web_control/web/stream/webrtc/.venv/lib/python3.12/site-packages/av/deprecation.py -> /home/matthieu/ros2_ws/install/web_control/share/web_control/web/stream/webrtc/.venv/lib/python3.12/site-packages/av\n'}
[2.158260] (web_control) StdoutLine: {'line': b'symbolically linking /home/matthieu/ros2_ws/build/web_control/web/stream/webrtc/.venv/lib/python3.12/site-packages/av/enum.cpython-312-x86_64-linux-gnu.so -> /home/matthieu/ros2_ws/install/web_control/share/web_control/web/stream/webrtc/.venv/lib/python3.12/site-packages/av\n'}
[2.158420] (web_control) StdoutLine: {'line': b'symbolically linking /home/matthieu/ros2_ws/build/web_control/web/stream/webrtc/.venv/lib/python3.12/site-packages/av/logging.cpython-312-x86_64-linux-gnu.so -> /home/matthieu/ros2_ws/install/web_control/share/web_control/web/stream/webrtc/.venv/lib/python3.12/site-packages/av\n'}
[2.158557] (web_control) StdoutLine: {'line': b'symbolically linking /home/matthieu/ros2_ws/build/web_control/web/stream/webrtc/.venv/lib/python3.12/site-packages/av/error.cpython-312-x86_64-linux-gnu.so -> /home/matthieu/ros2_ws/install/web_control/share/web_control/web/stream/webrtc/.venv/lib/python3.12/site-packages/av\n'}
[2.158677] (web_control) StdoutLine: {'line': b'symbolically linking /home/matthieu/ros2_ws/build/web_control/web/stream/webrtc/.venv/lib/python3.12/site-packages/av/stream.pxd -> /home/matthieu/ros2_ws/install/web_control/share/web_control/web/stream/webrtc/.venv/lib/python3.12/site-packages/av\n'}
[2.158822] (web_control) StdoutLine: {'line': b'symbolically linking /home/matthieu/ros2_ws/build/web_control/web/stream/webrtc/.venv/lib/python3.12/site-packages/av/format.cpython-312-x86_64-linux-gnu.so -> /home/matthieu/ros2_ws/install/web_control/share/web_control/web/stream/webrtc/.venv/lib/python3.12/site-packages/av\n'}
[2.158908] (web_control) StdoutLine: {'line': b'symbolically linking /home/matthieu/ros2_ws/build/web_control/web/stream/webrtc/.venv/lib/python3.12/site-packages/av/__init__.py -> /home/matthieu/ros2_ws/install/web_control/share/web_control/web/stream/webrtc/.venv/lib/python3.12/site-packages/av\n'}
[2.159002] (web_control) StdoutLine: {'line': b'symbolically linking /home/matthieu/ros2_ws/build/web_control/web/stream/webrtc/.venv/lib/python3.12/site-packages/av/sidedata/motionvectors.pxd -> /home/matthieu/ros2_ws/install/web_control/share/web_control/web/stream/webrtc/.venv/lib/python3.12/site-packages/av/sidedata\n'}
[2.159157] (web_control) StdoutLine: {'line': b'symbolically linking /home/matthieu/ros2_ws/build/web_control/web/stream/webrtc/.venv/lib/python3.12/site-packages/av/sidedata/motionvectors.cpython-312-x86_64-linux-gnu.so -> /home/matthieu/ros2_ws/install/web_control/share/web_control/web/stream/webrtc/.venv/lib/python3.12/site-packages/av/sidedata\n'}
[2.159243] (web_control) StdoutLine: {'line': b'symbolically linking /home/matthieu/ros2_ws/build/web_control/web/stream/webrtc/.venv/lib/python3.12/site-packages/av/sidedata/sidedata.cpython-312-x86_64-linux-gnu.so -> /home/matthieu/ros2_ws/install/web_control/share/web_control/web/stream/webrtc/.venv/lib/python3.12/site-packages/av/sidedata\n'}
[2.159377] (web_control) StdoutLine: {'line': b'symbolically linking /home/matthieu/ros2_ws/build/web_control/web/stream/webrtc/.venv/lib/python3.12/site-packages/av/sidedata/__init__.pxd -> /home/matthieu/ros2_ws/install/web_control/share/web_control/web/stream/webrtc/.venv/lib/python3.12/site-packages/av/sidedata\n'}
[2.159460] (web_control) StdoutLine: {'line': b'symbolically linking /home/matthieu/ros2_ws/build/web_control/web/stream/webrtc/.venv/lib/python3.12/site-packages/av/sidedata/sidedata.pxd -> /home/matthieu/ros2_ws/install/web_control/share/web_control/web/stream/webrtc/.venv/lib/python3.12/site-packages/av/sidedata\n'}
[2.159559] (web_control) StdoutLine: {'line': b'symbolically linking /home/matthieu/ros2_ws/build/web_control/web/stream/webrtc/.venv/lib/python3.12/site-packages/av/sidedata/__init__.py -> /home/matthieu/ros2_ws/install/web_control/share/web_control/web/stream/webrtc/.venv/lib/python3.12/site-packages/av/sidedata\n'}
[2.159653] (web_control) StdoutLine: {'line': b'symbolically linking /home/matthieu/ros2_ws/build/web_control/web/stream/webrtc/.venv/lib/python3.12/site-packages/av/sidedata/__pycache__/__init__.cpython-312.pyc -> /home/matthieu/ros2_ws/install/web_control/share/web_control/web/stream/webrtc/.venv/lib/python3.12/site-packages/av/sidedata/__pycache__\n'}
[2.159735] (web_control) StdoutLine: {'line': b'symbolically linking /home/matthieu/ros2_ws/build/web_control/web/stream/webrtc/.venv/lib/python3.12/site-packages/av/container/input.cpython-312-x86_64-linux-gnu.so -> /home/matthieu/ros2_ws/install/web_control/share/web_control/web/stream/webrtc/.venv/lib/python3.12/site-packages/av/container\n'}
[2.159847] (web_control) StdoutLine: {'line': b'symbolically linking /home/matthieu/ros2_ws/build/web_control/web/stream/webrtc/.venv/lib/python3.12/site-packages/av/container/pyio.cpython-312-x86_64-linux-gnu.so -> /home/matthieu/ros2_ws/install/web_control/share/web_control/web/stream/webrtc/.venv/lib/python3.12/site-packages/av/container\n'}
[2.159933] (web_control) StdoutLine: {'line': b'symbolically linking /home/matthieu/ros2_ws/build/web_control/web/stream/webrtc/.venv/lib/python3.12/site-packages/av/container/streams.pxd -> /home/matthieu/ros2_ws/install/web_control/share/web_control/web/stream/webrtc/.venv/lib/python3.12/site-packages/av/container\n'}
[2.160048] (web_control) StdoutLine: {'line': b'symbolically linking /home/matthieu/ros2_ws/build/web_control/web/stream/webrtc/.venv/lib/python3.12/site-packages/av/container/core.cpython-312-x86_64-linux-gnu.so -> /home/matthieu/ros2_ws/install/web_control/share/web_control/web/stream/webrtc/.venv/lib/python3.12/site-packages/av/container\n'}
[2.160137] (web_control) StdoutLine: {'line': b'symbolically linking /home/matthieu/ros2_ws/build/web_control/web/stream/webrtc/.venv/lib/python3.12/site-packages/av/container/__init__.pxd -> /home/matthieu/ros2_ws/install/web_control/share/web_control/web/stream/webrtc/.venv/lib/python3.12/site-packages/av/container\n'}
[2.160242] (web_control) StdoutLine: {'line': b'symbolically linking /home/matthieu/ros2_ws/build/web_control/web/stream/webrtc/.venv/lib/python3.12/site-packages/av/container/streams.cpython-312-x86_64-linux-gnu.so -> /home/matthieu/ros2_ws/install/web_control/share/web_control/web/stream/webrtc/.venv/lib/python3.12/site-packages/av/container\n'}
[2.160339] (web_control) StdoutLine: {'line': b'symbolically linking /home/matthieu/ros2_ws/build/web_control/web/stream/webrtc/.venv/lib/python3.12/site-packages/av/container/output.cpython-312-x86_64-linux-gnu.so -> /home/matthieu/ros2_ws/install/web_control/share/web_control/web/stream/webrtc/.venv/lib/python3.12/site-packages/av/container\n'}
[2.160415] (web_control) StdoutLine: {'line': b'symbolically linking /home/matthieu/ros2_ws/build/web_control/web/stream/webrtc/.venv/lib/python3.12/site-packages/av/container/input.pxd -> /home/matthieu/ros2_ws/install/web_control/share/web_control/web/stream/webrtc/.venv/lib/python3.12/site-packages/av/container\n'}
[2.160518] (web_control) StdoutLine: {'line': b'symbolically linking /home/matthieu/ros2_ws/build/web_control/web/stream/webrtc/.venv/lib/python3.12/site-packages/av/container/pyio.pxd -> /home/matthieu/ros2_ws/install/web_control/share/web_control/web/stream/webrtc/.venv/lib/python3.12/site-packages/av/container\n'}
[2.160595] (web_control) StdoutLine: {'line': b'symbolically linking /home/matthieu/ros2_ws/build/web_control/web/stream/webrtc/.venv/lib/python3.12/site-packages/av/container/output.pxd -> /home/matthieu/ros2_ws/install/web_control/share/web_control/web/stream/webrtc/.venv/lib/python3.12/site-packages/av/container\n'}
[2.160702] (web_control) StdoutLine: {'line': b'symbolically linking /home/matthieu/ros2_ws/build/web_control/web/stream/webrtc/.venv/lib/python3.12/site-packages/av/container/core.pxd -> /home/matthieu/ros2_ws/install/web_control/share/web_control/web/stream/webrtc/.venv/lib/python3.12/site-packages/av/container\n'}
[2.160801] (web_control) StdoutLine: {'line': b'symbolically linking /home/matthieu/ros2_ws/build/web_control/web/stream/webrtc/.venv/lib/python3.12/site-packages/av/container/__init__.py -> /home/matthieu/ros2_ws/install/web_control/share/web_control/web/stream/webrtc/.venv/lib/python3.12/site-packages/av/container\n'}
[2.160924] (web_control) StdoutLine: {'line': b'symbolically linking /home/matthieu/ros2_ws/build/web_control/web/stream/webrtc/.venv/lib/python3.12/site-packages/av/container/__pycache__/__init__.cpython-312.pyc -> /home/matthieu/ros2_ws/install/web_control/share/web_control/web/stream/webrtc/.venv/lib/python3.12/site-packages/av/container/__pycache__\n'}
[2.161003] (web_control) StdoutLine: {'line': b'symbolically linking /home/matthieu/ros2_ws/build/web_control/web/stream/webrtc/.venv/lib/python3.12/site-packages/av/video/frame.cpython-312-x86_64-linux-gnu.so -> /home/matthieu/ros2_ws/install/web_control/share/web_control/web/stream/webrtc/.venv/lib/python3.12/site-packages/av/video\n'}
[2.161110] (web_control) StdoutLine: {'line': b'symbolically linking /home/matthieu/ros2_ws/build/web_control/web/stream/webrtc/.venv/lib/python3.12/site-packages/av/video/frame.pxd -> /home/matthieu/ros2_ws/install/web_control/share/web_control/web/stream/webrtc/.venv/lib/python3.12/site-packages/av/video\n'}
[2.161202] (web_control) StdoutLine: {'line': b'symbolically linking /home/matthieu/ros2_ws/build/web_control/web/stream/webrtc/.venv/lib/python3.12/site-packages/av/video/format.pxd -> /home/matthieu/ros2_ws/install/web_control/share/web_control/web/stream/webrtc/.venv/lib/python3.12/site-packages/av/video\n'}
[2.161320] (web_control) StdoutLine: {'line': b'symbolically linking /home/matthieu/ros2_ws/build/web_control/web/stream/webrtc/.venv/lib/python3.12/site-packages/av/video/reformatter.cpython-312-x86_64-linux-gnu.so -> /home/matthieu/ros2_ws/install/web_control/share/web_control/web/stream/webrtc/.venv/lib/python3.12/site-packages/av/video\n'}
[2.161419] (web_control) StdoutLine: {'line': b'symbolically linking /home/matthieu/ros2_ws/build/web_control/web/stream/webrtc/.venv/lib/python3.12/site-packages/av/video/stream.cpython-312-x86_64-linux-gnu.so -> /home/matthieu/ros2_ws/install/web_control/share/web_control/web/stream/webrtc/.venv/lib/python3.12/site-packages/av/video\n'}
[2.161523] (web_control) StdoutLine: {'line': b'symbolically linking /home/matthieu/ros2_ws/build/web_control/web/stream/webrtc/.venv/lib/python3.12/site-packages/av/video/plane.pxd -> /home/matthieu/ros2_ws/install/web_control/share/web_control/web/stream/webrtc/.venv/lib/python3.12/site-packages/av/video\n'}
[2.161601] (web_control) StdoutLine: {'line': b'symbolically linking /home/matthieu/ros2_ws/build/web_control/web/stream/webrtc/.venv/lib/python3.12/site-packages/av/video/reformatter.pxd -> /home/matthieu/ros2_ws/install/web_control/share/web_control/web/stream/webrtc/.venv/lib/python3.12/site-packages/av/video\n'}
[2.161698] (web_control) StdoutLine: {'line': b'symbolically linking /home/matthieu/ros2_ws/build/web_control/web/stream/webrtc/.venv/lib/python3.12/site-packages/av/video/__init__.pxd -> /home/matthieu/ros2_ws/install/web_control/share/web_control/web/stream/webrtc/.venv/lib/python3.12/site-packages/av/video\n'}
[2.161805] (web_control) StdoutLine: {'line': b'symbolically linking /home/matthieu/ros2_ws/build/web_control/web/stream/webrtc/.venv/lib/python3.12/site-packages/av/video/plane.cpython-312-x86_64-linux-gnu.so -> /home/matthieu/ros2_ws/install/web_control/share/web_control/web/stream/webrtc/.venv/lib/python3.12/site-packages/av/video\n'}
[2.161884] (web_control) StdoutLine: {'line': b'symbolically linking /home/matthieu/ros2_ws/build/web_control/web/stream/webrtc/.venv/lib/python3.12/site-packages/av/video/codeccontext.cpython-312-x86_64-linux-gnu.so -> /home/matthieu/ros2_ws/install/web_control/share/web_control/web/stream/webrtc/.venv/lib/python3.12/site-packages/av/video\n'}
[2.161981] (web_control) StdoutLine: {'line': b'symbolically linking /home/matthieu/ros2_ws/build/web_control/web/stream/webrtc/.venv/lib/python3.12/site-packages/av/video/stream.pxd -> /home/matthieu/ros2_ws/install/web_control/share/web_control/web/stream/webrtc/.venv/lib/python3.12/site-packages/av/video\n'}
[2.162086] (web_control) StdoutLine: {'line': b'symbolically linking /home/matthieu/ros2_ws/build/web_control/web/stream/webrtc/.venv/lib/python3.12/site-packages/av/video/codeccontext.pxd -> /home/matthieu/ros2_ws/install/web_control/share/web_control/web/stream/webrtc/.venv/lib/python3.12/site-packages/av/video\n'}
[2.162184] (web_control) StdoutLine: {'line': b'symbolically linking /home/matthieu/ros2_ws/build/web_control/web/stream/webrtc/.venv/lib/python3.12/site-packages/av/video/format.cpython-312-x86_64-linux-gnu.so -> /home/matthieu/ros2_ws/install/web_control/share/web_control/web/stream/webrtc/.venv/lib/python3.12/site-packages/av/video\n'}
[2.162314] (web_control) StdoutLine: {'line': b'symbolically linking /home/matthieu/ros2_ws/build/web_control/web/stream/webrtc/.venv/lib/python3.12/site-packages/av/video/__init__.py -> /home/matthieu/ros2_ws/install/web_control/share/web_control/web/stream/webrtc/.venv/lib/python3.12/site-packages/av/video\n'}
[2.162391] (web_control) StdoutLine: {'line': b'symbolically linking /home/matthieu/ros2_ws/build/web_control/web/stream/webrtc/.venv/lib/python3.12/site-packages/av/video/__pycache__/__init__.cpython-312.pyc -> /home/matthieu/ros2_ws/install/web_control/share/web_control/web/stream/webrtc/.venv/lib/python3.12/site-packages/av/video/__pycache__\n'}
[2.162494] (web_control) StdoutLine: {'line': b'symbolically linking /home/matthieu/ros2_ws/build/web_control/web/stream/webrtc/.venv/lib/python3.12/site-packages/av/codec/codec.cpython-312-x86_64-linux-gnu.so -> /home/matthieu/ros2_ws/install/web_control/share/web_control/web/stream/webrtc/.venv/lib/python3.12/site-packages/av/codec\n'}
[2.162584] (web_control) StdoutLine: {'line': b'symbolically linking /home/matthieu/ros2_ws/build/web_control/web/stream/webrtc/.venv/lib/python3.12/site-packages/av/codec/context.cpython-312-x86_64-linux-gnu.so -> /home/matthieu/ros2_ws/install/web_control/share/web_control/web/stream/webrtc/.venv/lib/python3.12/site-packages/av/codec\n'}
[2.162660] (web_control) StdoutLine: {'line': b'symbolically linking /home/matthieu/ros2_ws/build/web_control/web/stream/webrtc/.venv/lib/python3.12/site-packages/av/codec/codec.pxd -> /home/matthieu/ros2_ws/install/web_control/share/web_control/web/stream/webrtc/.venv/lib/python3.12/site-packages/av/codec\n'}
[2.162767] (web_control) StdoutLine: {'line': b'symbolically linking /home/matthieu/ros2_ws/build/web_control/web/stream/webrtc/.venv/lib/python3.12/site-packages/av/codec/__init__.pxd -> /home/matthieu/ros2_ws/install/web_control/share/web_control/web/stream/webrtc/.venv/lib/python3.12/site-packages/av/codec\n'}
[2.162843] (web_control) StdoutLine: {'line': b'symbolically linking /home/matthieu/ros2_ws/build/web_control/web/stream/webrtc/.venv/lib/python3.12/site-packages/av/codec/context.pxd -> /home/matthieu/ros2_ws/install/web_control/share/web_control/web/stream/webrtc/.venv/lib/python3.12/site-packages/av/codec\n'}
[2.162947] (web_control) StdoutLine: {'line': b'symbolically linking /home/matthieu/ros2_ws/build/web_control/web/stream/webrtc/.venv/lib/python3.12/site-packages/av/codec/__init__.py -> /home/matthieu/ros2_ws/install/web_control/share/web_control/web/stream/webrtc/.venv/lib/python3.12/site-packages/av/codec\n'}
[2.163023] (web_control) StdoutLine: {'line': b'symbolically linking /home/matthieu/ros2_ws/build/web_control/web/stream/webrtc/.venv/lib/python3.12/site-packages/av/codec/__pycache__/__init__.cpython-312.pyc -> /home/matthieu/ros2_ws/install/web_control/share/web_control/web/stream/webrtc/.venv/lib/python3.12/site-packages/av/codec/__pycache__\n'}
[2.163124] (web_control) StdoutLine: {'line': b'symbolically linking /home/matthieu/ros2_ws/build/web_control/web/stream/webrtc/.venv/lib/python3.12/site-packages/av/__pycache__/deprecation.cpython-312.pyc -> /home/matthieu/ros2_ws/install/web_control/share/web_control/web/stream/webrtc/.venv/lib/python3.12/site-packages/av/__pycache__\n'}
[2.163215] (web_control) StdoutLine: {'line': b'symbolically linking /home/matthieu/ros2_ws/build/web_control/web/stream/webrtc/.venv/lib/python3.12/site-packages/av/__pycache__/about.cpython-312.pyc -> /home/matthieu/ros2_ws/install/web_control/share/web_control/web/stream/webrtc/.venv/lib/python3.12/site-packages/av/__pycache__\n'}
[2.163341] (web_control) StdoutLine: {'line': b'symbolically linking /home/matthieu/ros2_ws/build/web_control/web/stream/webrtc/.venv/lib/python3.12/site-packages/av/__pycache__/__main__.cpython-312.pyc -> /home/matthieu/ros2_ws/install/web_control/share/web_control/web/stream/webrtc/.venv/lib/python3.12/site-packages/av/__pycache__\n'}
[2.163425] (web_control) StdoutLine: {'line': b'symbolically linking /home/matthieu/ros2_ws/build/web_control/web/stream/webrtc/.venv/lib/python3.12/site-packages/av/__pycache__/__init__.cpython-312.pyc -> /home/matthieu/ros2_ws/install/web_control/share/web_control/web/stream/webrtc/.venv/lib/python3.12/site-packages/av/__pycache__\n'}
[2.163555] (web_control) StdoutLine: {'line': b'symbolically linking /home/matthieu/ros2_ws/build/web_control/web/stream/webrtc/.venv/lib/python3.12/site-packages/av/__pycache__/datasets.cpython-312.pyc -> /home/matthieu/ros2_ws/install/web_control/share/web_control/web/stream/webrtc/.venv/lib/python3.12/site-packages/av/__pycache__\n'}
[2.163638] (web_control) StdoutLine: {'line': b'symbolically linking /home/matthieu/ros2_ws/build/web_control/web/stream/webrtc/.venv/lib/python3.12/site-packages/av/subtitles/subtitle.pxd -> /home/matthieu/ros2_ws/install/web_control/share/web_control/web/stream/webrtc/.venv/lib/python3.12/site-packages/av/subtitles\n'}
[2.163760] (web_control) StdoutLine: {'line': b'symbolically linking /home/matthieu/ros2_ws/build/web_control/web/stream/webrtc/.venv/lib/python3.12/site-packages/av/subtitles/stream.cpython-312-x86_64-linux-gnu.so -> /home/matthieu/ros2_ws/install/web_control/share/web_control/web/stream/webrtc/.venv/lib/python3.12/site-packages/av/subtitles\n'}
[2.163875] (web_control) StdoutLine: {'line': b'symbolically linking /home/matthieu/ros2_ws/build/web_control/web/stream/webrtc/.venv/lib/python3.12/site-packages/av/subtitles/__init__.pxd -> /home/matthieu/ros2_ws/install/web_control/share/web_control/web/stream/webrtc/.venv/lib/python3.12/site-packages/av/subtitles\n'}
[2.163959] (web_control) StdoutLine: {'line': b'symbolically linking /home/matthieu/ros2_ws/build/web_control/web/stream/webrtc/.venv/lib/python3.12/site-packages/av/subtitles/subtitle.cpython-312-x86_64-linux-gnu.so -> /home/matthieu/ros2_ws/install/web_control/share/web_control/web/stream/webrtc/.venv/lib/python3.12/site-packages/av/subtitles\n'}
[2.164070] (web_control) StdoutLine: {'line': b'symbolically linking /home/matthieu/ros2_ws/build/web_control/web/stream/webrtc/.venv/lib/python3.12/site-packages/av/subtitles/codeccontext.cpython-312-x86_64-linux-gnu.so -> /home/matthieu/ros2_ws/install/web_control/share/web_control/web/stream/webrtc/.venv/lib/python3.12/site-packages/av/subtitles\n'}
[2.164155] (web_control) StdoutLine: {'line': b'symbolically linking /home/matthieu/ros2_ws/build/web_control/web/stream/webrtc/.venv/lib/python3.12/site-packages/av/subtitles/stream.pxd -> /home/matthieu/ros2_ws/install/web_control/share/web_control/web/stream/webrtc/.venv/lib/python3.12/site-packages/av/subtitles\n'}
[2.164270] (web_control) StdoutLine: {'line': b'symbolically linking /home/matthieu/ros2_ws/build/web_control/web/stream/webrtc/.venv/lib/python3.12/site-packages/av/subtitles/codeccontext.pxd -> /home/matthieu/ros2_ws/install/web_control/share/web_control/web/stream/webrtc/.venv/lib/python3.12/site-packages/av/subtitles\n'}
[2.164373] (web_control) StdoutLine: {'line': b'symbolically linking /home/matthieu/ros2_ws/build/web_control/web/stream/webrtc/.venv/lib/python3.12/site-packages/av/subtitles/__init__.py -> /home/matthieu/ros2_ws/install/web_control/share/web_control/web/stream/webrtc/.venv/lib/python3.12/site-packages/av/subtitles\n'}
[2.164461] (web_control) StdoutLine: {'line': b'symbolically linking /home/matthieu/ros2_ws/build/web_control/web/stream/webrtc/.venv/lib/python3.12/site-packages/av/subtitles/__pycache__/__init__.cpython-312.pyc -> /home/matthieu/ros2_ws/install/web_control/share/web_control/web/stream/webrtc/.venv/lib/python3.12/site-packages/av/subtitles/__pycache__\n'}
[2.164576] (web_control) StdoutLine: {'line': b'symbolically linking /home/matthieu/ros2_ws/build/web_control/web/stream/webrtc/.venv/lib/python3.12/site-packages/av/filter/context.cpython-312-x86_64-linux-gnu.so -> /home/matthieu/ros2_ws/install/web_control/share/web_control/web/stream/webrtc/.venv/lib/python3.12/site-packages/av/filter\n'}
[2.164658] (web_control) StdoutLine: {'line': b'symbolically linking /home/matthieu/ros2_ws/build/web_control/web/stream/webrtc/.venv/lib/python3.12/site-packages/av/filter/pad.cpython-312-x86_64-linux-gnu.so -> /home/matthieu/ros2_ws/install/web_control/share/web_control/web/stream/webrtc/.venv/lib/python3.12/site-packages/av/filter\n'}
[2.164770] (web_control) StdoutLine: {'line': b'symbolically linking /home/matthieu/ros2_ws/build/web_control/web/stream/webrtc/.venv/lib/python3.12/site-packages/av/filter/graph.pxd -> /home/matthieu/ros2_ws/install/web_control/share/web_control/web/stream/webrtc/.venv/lib/python3.12/site-packages/av/filter\n'}
[2.164852] (web_control) StdoutLine: {'line': b'symbolically linking /home/matthieu/ros2_ws/build/web_control/web/stream/webrtc/.venv/lib/python3.12/site-packages/av/filter/link.pxd -> /home/matthieu/ros2_ws/install/web_control/share/web_control/web/stream/webrtc/.venv/lib/python3.12/site-packages/av/filter\n'}
[2.164963] (web_control) StdoutLine: {'line': b'symbolically linking /home/matthieu/ros2_ws/build/web_control/web/stream/webrtc/.venv/lib/python3.12/site-packages/av/filter/__init__.pxd -> /home/matthieu/ros2_ws/install/web_control/share/web_control/web/stream/webrtc/.venv/lib/python3.12/site-packages/av/filter\n'}
[2.165045] (web_control) StdoutLine: {'line': b'symbolically linking /home/matthieu/ros2_ws/build/web_control/web/stream/webrtc/.venv/lib/python3.12/site-packages/av/filter/pad.pxd -> /home/matthieu/ros2_ws/install/web_control/share/web_control/web/stream/webrtc/.venv/lib/python3.12/site-packages/av/filter\n'}
[2.165157] (web_control) StdoutLine: {'line': b'symbolically linking /home/matthieu/ros2_ws/build/web_control/web/stream/webrtc/.venv/lib/python3.12/site-packages/av/filter/graph.cpython-312-x86_64-linux-gnu.so -> /home/matthieu/ros2_ws/install/web_control/share/web_control/web/stream/webrtc/.venv/lib/python3.12/site-packages/av/filter\n'}
[2.165246] (web_control) StdoutLine: {'line': b'symbolically linking /home/matthieu/ros2_ws/build/web_control/web/stream/webrtc/.venv/lib/python3.12/site-packages/av/filter/link.cpython-312-x86_64-linux-gnu.so -> /home/matthieu/ros2_ws/install/web_control/share/web_control/web/stream/webrtc/.venv/lib/python3.12/site-packages/av/filter\n'}
[2.165356] (web_control) StdoutLine: {'line': b'symbolically linking /home/matthieu/ros2_ws/build/web_control/web/stream/webrtc/.venv/lib/python3.12/site-packages/av/filter/context.pxd -> /home/matthieu/ros2_ws/install/web_control/share/web_control/web/stream/webrtc/.venv/lib/python3.12/site-packages/av/filter\n'}
[2.165443] (web_control) StdoutLine: {'line': b'symbolically linking /home/matthieu/ros2_ws/build/web_control/web/stream/webrtc/.venv/lib/python3.12/site-packages/av/filter/filter.cpython-312-x86_64-linux-gnu.so -> /home/matthieu/ros2_ws/install/web_control/share/web_control/web/stream/webrtc/.venv/lib/python3.12/site-packages/av/filter\n'}
[2.165556] (web_control) StdoutLine: {'line': b'symbolically linking /home/matthieu/ros2_ws/build/web_control/web/stream/webrtc/.venv/lib/python3.12/site-packages/av/filter/filter.pxd -> /home/matthieu/ros2_ws/install/web_control/share/web_control/web/stream/webrtc/.venv/lib/python3.12/site-packages/av/filter\n'}
[2.165645] (web_control) StdoutLine: {'line': b'symbolically linking /home/matthieu/ros2_ws/build/web_control/web/stream/webrtc/.venv/lib/python3.12/site-packages/av/filter/__init__.py -> /home/matthieu/ros2_ws/install/web_control/share/web_control/web/stream/webrtc/.venv/lib/python3.12/site-packages/av/filter\n'}
[2.165763] (web_control) StdoutLine: {'line': b'symbolically linking /home/matthieu/ros2_ws/build/web_control/web/stream/webrtc/.venv/lib/python3.12/site-packages/av/filter/__pycache__/__init__.cpython-312.pyc -> /home/matthieu/ros2_ws/install/web_control/share/web_control/web/stream/webrtc/.venv/lib/python3.12/site-packages/av/filter/__pycache__\n'}
[2.165848] (web_control) StdoutLine: {'line': b'symbolically linking /home/matthieu/ros2_ws/build/web_control/web/stream/webrtc/.venv/lib/python3.12/site-packages/av/data/stream.cpython-312-x86_64-linux-gnu.so -> /home/matthieu/ros2_ws/install/web_control/share/web_control/web/stream/webrtc/.venv/lib/python3.12/site-packages/av/data\n'}
[2.165961] (web_control) StdoutLine: {'line': b'symbolically linking /home/matthieu/ros2_ws/build/web_control/web/stream/webrtc/.venv/lib/python3.12/site-packages/av/data/__init__.pxd -> /home/matthieu/ros2_ws/install/web_control/share/web_control/web/stream/webrtc/.venv/lib/python3.12/site-packages/av/data\n'}
[2.166056] (web_control) StdoutLine: {'line': b'symbolically linking /home/matthieu/ros2_ws/build/web_control/web/stream/webrtc/.venv/lib/python3.12/site-packages/av/data/stream.pxd -> /home/matthieu/ros2_ws/install/web_control/share/web_control/web/stream/webrtc/.venv/lib/python3.12/site-packages/av/data\n'}
[2.166136] (web_control) StdoutLine: {'line': b'symbolically linking /home/matthieu/ros2_ws/build/web_control/web/stream/webrtc/.venv/lib/python3.12/site-packages/av/data/__init__.py -> /home/matthieu/ros2_ws/install/web_control/share/web_control/web/stream/webrtc/.venv/lib/python3.12/site-packages/av/data\n'}
[2.166252] (web_control) StdoutLine: {'line': b'symbolically linking /home/matthieu/ros2_ws/build/web_control/web/stream/webrtc/.venv/lib/python3.12/site-packages/av/data/__pycache__/__init__.cpython-312.pyc -> /home/matthieu/ros2_ws/install/web_control/share/web_control/web/stream/webrtc/.venv/lib/python3.12/site-packages/av/data/__pycache__\n'}
[2.166361] (web_control) StdoutLine: {'line': b'symbolically linking /home/matthieu/ros2_ws/build/web_control/web/stream/webrtc/.venv/lib/python3.12/site-packages/av/audio/frame.cpython-312-x86_64-linux-gnu.so -> /home/matthieu/ros2_ws/install/web_control/share/web_control/web/stream/webrtc/.venv/lib/python3.12/site-packages/av/audio\n'}
[2.166445] (web_control) StdoutLine: {'line': b'symbolically linking /home/matthieu/ros2_ws/build/web_control/web/stream/webrtc/.venv/lib/python3.12/site-packages/av/audio/frame.pxd -> /home/matthieu/ros2_ws/install/web_control/share/web_control/web/stream/webrtc/.venv/lib/python3.12/site-packages/av/audio\n'}
[2.166562] (web_control) StdoutLine: {'line': b'symbolically linking /home/matthieu/ros2_ws/build/web_control/web/stream/webrtc/.venv/lib/python3.12/site-packages/av/audio/resampler.cpython-312-x86_64-linux-gnu.so -> /home/matthieu/ros2_ws/install/web_control/share/web_control/web/stream/webrtc/.venv/lib/python3.12/site-packages/av/audio\n'}
[2.166720] (web_control) StdoutLine: {'line': b'symbolically linking /home/matthieu/ros2_ws/build/web_control/web/stream/webrtc/.venv/lib/python3.12/site-packages/av/audio/format.pxd -> /home/matthieu/ros2_ws/install/web_control/share/web_control/web/stream/webrtc/.venv/lib/python3.12/site-packages/av/audio\n'}
[2.166812] (web_control) StdoutLine: {'line': b'symbolically linking /home/matthieu/ros2_ws/build/web_control/web/stream/webrtc/.venv/lib/python3.12/site-packages/av/audio/stream.cpython-312-x86_64-linux-gnu.so -> /home/matthieu/ros2_ws/install/web_control/share/web_control/web/stream/webrtc/.venv/lib/python3.12/site-packages/av/audio\n'}
[2.166919] (web_control) StdoutLine: {'line': b'symbolically linking /home/matthieu/ros2_ws/build/web_control/web/stream/webrtc/.venv/lib/python3.12/site-packages/av/audio/fifo.cpython-312-x86_64-linux-gnu.so -> /home/matthieu/ros2_ws/install/web_control/share/web_control/web/stream/webrtc/.venv/lib/python3.12/site-packages/av/audio\n'}
[2.167002] (web_control) StdoutLine: {'line': b'symbolically linking /home/matthieu/ros2_ws/build/web_control/web/stream/webrtc/.venv/lib/python3.12/site-packages/av/audio/layout.pxd -> /home/matthieu/ros2_ws/install/web_control/share/web_control/web/stream/webrtc/.venv/lib/python3.12/site-packages/av/audio\n'}
[2.167112] (web_control) StdoutLine: {'line': b'symbolically linking /home/matthieu/ros2_ws/build/web_control/web/stream/webrtc/.venv/lib/python3.12/site-packages/av/audio/resampler.pxd -> /home/matthieu/ros2_ws/install/web_control/share/web_control/web/stream/webrtc/.venv/lib/python3.12/site-packages/av/audio\n'}
[2.167235] (web_control) StdoutLine: {'line': b'symbolically linking /home/matthieu/ros2_ws/build/web_control/web/stream/webrtc/.venv/lib/python3.12/site-packages/av/audio/plane.pxd -> /home/matthieu/ros2_ws/install/web_control/share/web_control/web/stream/webrtc/.venv/lib/python3.12/site-packages/av/audio\n'}
[2.167371] (web_control) StdoutLine: {'line': b'symbolically linking /home/matthieu/ros2_ws/build/web_control/web/stream/webrtc/.venv/lib/python3.12/site-packages/av/audio/__init__.pxd -> /home/matthieu/ros2_ws/install/web_control/share/web_control/web/stream/webrtc/.venv/lib/python3.12/site-packages/av/audio\n'}
[2.167465] (web_control) StdoutLine: {'line': b'symbolically linking /home/matthieu/ros2_ws/build/web_control/web/stream/webrtc/.venv/lib/python3.12/site-packages/av/audio/plane.cpython-312-x86_64-linux-gnu.so -> /home/matthieu/ros2_ws/install/web_control/share/web_control/web/stream/webrtc/.venv/lib/python3.12/site-packages/av/audio\n'}
[2.167591] (web_control) StdoutLine: {'line': b'symbolically linking /home/matthieu/ros2_ws/build/web_control/web/stream/webrtc/.venv/lib/python3.12/site-packages/av/audio/codeccontext.cpython-312-x86_64-linux-gnu.so -> /home/matthieu/ros2_ws/install/web_control/share/web_control/web/stream/webrtc/.venv/lib/python3.12/site-packages/av/audio\n'}
[2.167685] (web_control) StdoutLine: {'line': b'symbolically linking /home/matthieu/ros2_ws/build/web_control/web/stream/webrtc/.venv/lib/python3.12/site-packages/av/audio/fifo.pxd -> /home/matthieu/ros2_ws/install/web_control/share/web_control/web/stream/webrtc/.venv/lib/python3.12/site-packages/av/audio\n'}
[2.167777] (web_control) StdoutLine: {'line': b'symbolically linking /home/matthieu/ros2_ws/build/web_control/web/stream/webrtc/.venv/lib/python3.12/site-packages/av/audio/stream.pxd -> /home/matthieu/ros2_ws/install/web_control/share/web_control/web/stream/webrtc/.venv/lib/python3.12/site-packages/av/audio\n'}
[2.167901] (web_control) StdoutLine: {'line': b'symbolically linking /home/matthieu/ros2_ws/build/web_control/web/stream/webrtc/.venv/lib/python3.12/site-packages/av/audio/layout.cpython-312-x86_64-linux-gnu.so -> /home/matthieu/ros2_ws/install/web_control/share/web_control/web/stream/webrtc/.venv/lib/python3.12/site-packages/av/audio\n'}
[2.168013] (web_control) StdoutLine: {'line': b'symbolically linking /home/matthieu/ros2_ws/build/web_control/web/stream/webrtc/.venv/lib/python3.12/site-packages/av/audio/codeccontext.pxd -> /home/matthieu/ros2_ws/install/web_control/share/web_control/web/stream/webrtc/.venv/lib/python3.12/site-packages/av/audio\n'}
[2.168109] (web_control) StdoutLine: {'line': b'symbolically linking /home/matthieu/ros2_ws/build/web_control/web/stream/webrtc/.venv/lib/python3.12/site-packages/av/audio/format.cpython-312-x86_64-linux-gnu.so -> /home/matthieu/ros2_ws/install/web_control/share/web_control/web/stream/webrtc/.venv/lib/python3.12/site-packages/av/audio\n'}
[2.168201] (web_control) StdoutLine: {'line': b'symbolically linking /home/matthieu/ros2_ws/build/web_control/web/stream/webrtc/.venv/lib/python3.12/site-packages/av/audio/__init__.py -> /home/matthieu/ros2_ws/install/web_control/share/web_control/web/stream/webrtc/.venv/lib/python3.12/site-packages/av/audio\n'}
[2.168369] (web_control) StdoutLine: {'line': b'symbolically linking /home/matthieu/ros2_ws/build/web_control/web/stream/webrtc/.venv/lib/python3.12/site-packages/av/audio/__pycache__/__init__.cpython-312.pyc -> /home/matthieu/ros2_ws/install/web_control/share/web_control/web/stream/webrtc/.venv/lib/python3.12/site-packages/av/audio/__pycache__\n'}
[2.168462] (web_control) StdoutLine: {'line': b'symbolically linking /home/matthieu/ros2_ws/build/web_control/web/stream/webrtc/.venv/lib/python3.12/site-packages/attr/_cmp.pyi -> /home/matthieu/ros2_ws/install/web_control/share/web_control/web/stream/webrtc/.venv/lib/python3.12/site-packages/attr\n'}
[2.168551] (web_control) StdoutLine: {'line': b'symbolically linking /home/matthieu/ros2_ws/build/web_control/web/stream/webrtc/.venv/lib/python3.12/site-packages/attr/validators.pyi -> /home/matthieu/ros2_ws/install/web_control/share/web_control/web/stream/webrtc/.venv/lib/python3.12/site-packages/attr\n'}
[2.168705] (web_control) StdoutLine: {'line': b'symbolically linking /home/matthieu/ros2_ws/build/web_control/web/stream/webrtc/.venv/lib/python3.12/site-packages/attr/setters.py -> /home/matthieu/ros2_ws/install/web_control/share/web_control/web/stream/webrtc/.venv/lib/python3.12/site-packages/attr\n'}
[2.168934] (web_control) StdoutLine: {'line': b'symbolically linking /home/matthieu/ros2_ws/build/web_control/web/stream/webrtc/.venv/lib/python3.12/site-packages/attr/filters.py -> /home/matthieu/ros2_ws/install/web_control/share/web_control/web/stream/webrtc/.venv/lib/python3.12/site-packages/attr\n'}
[2.169027] (web_control) StdoutLine: {'line': b'symbolically linking /home/matthieu/ros2_ws/build/web_control/web/stream/webrtc/.venv/lib/python3.12/site-packages/attr/__init__.pyi -> /home/matthieu/ros2_ws/install/web_control/share/web_control/web/stream/webrtc/.venv/lib/python3.12/site-packages/attr\n'}
[2.169118] (web_control) StdoutLine: {'line': b'symbolically linking /home/matthieu/ros2_ws/build/web_control/web/stream/webrtc/.venv/lib/python3.12/site-packages/attr/_config.py -> /home/matthieu/ros2_ws/install/web_control/share/web_control/web/stream/webrtc/.venv/lib/python3.12/site-packages/attr\n'}
[2.169235] (web_control) StdoutLine: {'line': b'symbolically linking /home/matthieu/ros2_ws/build/web_control/web/stream/webrtc/.venv/lib/python3.12/site-packages/attr/_make.py -> /home/matthieu/ros2_ws/install/web_control/share/web_control/web/stream/webrtc/.venv/lib/python3.12/site-packages/attr\n'}
[2.169378] (web_control) StdoutLine: {'line': b'symbolically linking /home/matthieu/ros2_ws/build/web_control/web/stream/webrtc/.venv/lib/python3.12/site-packages/attr/converters.pyi -> /home/matthieu/ros2_ws/install/web_control/share/web_control/web/stream/webrtc/.venv/lib/python3.12/site-packages/attr\n'}
[2.169468] (web_control) StdoutLine: {'line': b'symbolically linking /home/matthieu/ros2_ws/build/web_control/web/stream/webrtc/.venv/lib/python3.12/site-packages/attr/_next_gen.py -> /home/matthieu/ros2_ws/install/web_control/share/web_control/web/stream/webrtc/.venv/lib/python3.12/site-packages/attr\n'}
[2.169558] (web_control) StdoutLine: {'line': b'symbolically linking /home/matthieu/ros2_ws/build/web_control/web/stream/webrtc/.venv/lib/python3.12/site-packages/attr/_version_info.pyi -> /home/matthieu/ros2_ws/install/web_control/share/web_control/web/stream/webrtc/.venv/lib/python3.12/site-packages/attr\n'}
[2.169647] (web_control) StdoutLine: {'line': b'symbolically linking /home/matthieu/ros2_ws/build/web_control/web/stream/webrtc/.venv/lib/python3.12/site-packages/attr/_cmp.py -> /home/matthieu/ros2_ws/install/web_control/share/web_control/web/stream/webrtc/.venv/lib/python3.12/site-packages/attr\n'}
[2.169777] (web_control) StdoutLine: {'line': b'symbolically linking /home/matthieu/ros2_ws/build/web_control/web/stream/webrtc/.venv/lib/python3.12/site-packages/attr/_compat.py -> /home/matthieu/ros2_ws/install/web_control/share/web_control/web/stream/webrtc/.venv/lib/python3.12/site-packages/attr\n'}
[2.169873] (web_control) StdoutLine: {'line': b'symbolically linking /home/matthieu/ros2_ws/build/web_control/web/stream/webrtc/.venv/lib/python3.12/site-packages/attr/filters.pyi -> /home/matthieu/ros2_ws/install/web_control/share/web_control/web/stream/webrtc/.venv/lib/python3.12/site-packages/attr\n'}
[2.169962] (web_control) StdoutLine: {'line': b'symbolically linking /home/matthieu/ros2_ws/build/web_control/web/stream/webrtc/.venv/lib/python3.12/site-packages/attr/_funcs.py -> /home/matthieu/ros2_ws/install/web_control/share/web_control/web/stream/webrtc/.venv/lib/python3.12/site-packages/attr\n'}
[2.170052] (web_control) StdoutLine: {'line': b'symbolically linking /home/matthieu/ros2_ws/build/web_control/web/stream/webrtc/.venv/lib/python3.12/site-packages/attr/py.typed -> /home/matthieu/ros2_ws/install/web_control/share/web_control/web/stream/webrtc/.venv/lib/python3.12/site-packages/attr\n'}
[2.170193] (web_control) StdoutLine: {'line': b'symbolically linking /home/matthieu/ros2_ws/build/web_control/web/stream/webrtc/.venv/lib/python3.12/site-packages/attr/converters.py -> /home/matthieu/ros2_ws/install/web_control/share/web_control/web/stream/webrtc/.venv/lib/python3.12/site-packages/attr\n'}
[2.170297] (web_control) StdoutLine: {'line': b'symbolically linking /home/matthieu/ros2_ws/build/web_control/web/stream/webrtc/.venv/lib/python3.12/site-packages/attr/_version_info.py -> /home/matthieu/ros2_ws/install/web_control/share/web_control/web/stream/webrtc/.venv/lib/python3.12/site-packages/attr\n'}
[2.170396] (web_control) StdoutLine: {'line': b'symbolically linking /home/matthieu/ros2_ws/build/web_control/web/stream/webrtc/.venv/lib/python3.12/site-packages/attr/exceptions.pyi -> /home/matthieu/ros2_ws/install/web_control/share/web_control/web/stream/webrtc/.venv/lib/python3.12/site-packages/attr\n'}
[2.170486] (web_control) StdoutLine: {'line': b'symbolically linking /home/matthieu/ros2_ws/build/web_control/web/stream/webrtc/.venv/lib/python3.12/site-packages/attr/validators.py -> /home/matthieu/ros2_ws/install/web_control/share/web_control/web/stream/webrtc/.venv/lib/python3.12/site-packages/attr\n'}
[2.170573] (web_control) StdoutLine: {'line': b'symbolically linking /home/matthieu/ros2_ws/build/web_control/web/stream/webrtc/.venv/lib/python3.12/site-packages/attr/exceptions.py -> /home/matthieu/ros2_ws/install/web_control/share/web_control/web/stream/webrtc/.venv/lib/python3.12/site-packages/attr\n'}
[2.170703] (web_control) StdoutLine: {'line': b'symbolically linking /home/matthieu/ros2_ws/build/web_control/web/stream/webrtc/.venv/lib/python3.12/site-packages/attr/_typing_compat.pyi -> /home/matthieu/ros2_ws/install/web_control/share/web_control/web/stream/webrtc/.venv/lib/python3.12/site-packages/attr\n'}
[2.170790] (web_control) StdoutLine: {'line': b'symbolically linking /home/matthieu/ros2_ws/build/web_control/web/stream/webrtc/.venv/lib/python3.12/site-packages/attr/__init__.py -> /home/matthieu/ros2_ws/install/web_control/share/web_control/web/stream/webrtc/.venv/lib/python3.12/site-packages/attr\n'}
[2.170878] (web_control) StdoutLine: {'line': b'symbolically linking /home/matthieu/ros2_ws/build/web_control/web/stream/webrtc/.venv/lib/python3.12/site-packages/attr/setters.pyi -> /home/matthieu/ros2_ws/install/web_control/share/web_control/web/stream/webrtc/.venv/lib/python3.12/site-packages/attr\n'}
[2.170962] (web_control) StdoutLine: {'line': b'symbolically linking /home/matthieu/ros2_ws/build/web_control/web/stream/webrtc/.venv/lib/python3.12/site-packages/attr/__pycache__/validators.cpython-312.pyc -> /home/matthieu/ros2_ws/install/web_control/share/web_control/web/stream/webrtc/.venv/lib/python3.12/site-packages/attr/__pycache__\n'}
[2.171045] (web_control) StdoutLine: {'line': b'symbolically linking /home/matthieu/ros2_ws/build/web_control/web/stream/webrtc/.venv/lib/python3.12/site-packages/attr/__pycache__/_next_gen.cpython-312.pyc -> /home/matthieu/ros2_ws/install/web_control/share/web_control/web/stream/webrtc/.venv/lib/python3.12/site-packages/attr/__pycache__\n'}
[2.171167] (web_control) StdoutLine: {'line': b'symbolically linking /home/matthieu/ros2_ws/build/web_control/web/stream/webrtc/.venv/lib/python3.12/site-packages/attr/__pycache__/_funcs.cpython-312.pyc -> /home/matthieu/ros2_ws/install/web_control/share/web_control/web/stream/webrtc/.venv/lib/python3.12/site-packages/attr/__pycache__\n'}
[2.171289] (web_control) StdoutLine: {'line': b'symbolically linking /home/matthieu/ros2_ws/build/web_control/web/stream/webrtc/.venv/lib/python3.12/site-packages/attr/__pycache__/setters.cpython-312.pyc -> /home/matthieu/ros2_ws/install/web_control/share/web_control/web/stream/webrtc/.venv/lib/python3.12/site-packages/attr/__pycache__\n'}
[2.171369] (web_control) StdoutLine: {'line': b'symbolically linking /home/matthieu/ros2_ws/build/web_control/web/stream/webrtc/.venv/lib/python3.12/site-packages/attr/__pycache__/filters.cpython-312.pyc -> /home/matthieu/ros2_ws/install/web_control/share/web_control/web/stream/webrtc/.venv/lib/python3.12/site-packages/attr/__pycache__\n'}
[2.171447] (web_control) StdoutLine: {'line': b'symbolically linking /home/matthieu/ros2_ws/build/web_control/web/stream/webrtc/.venv/lib/python3.12/site-packages/attr/__pycache__/_compat.cpython-312.pyc -> /home/matthieu/ros2_ws/install/web_control/share/web_control/web/stream/webrtc/.venv/lib/python3.12/site-packages/attr/__pycache__\n'}
[2.171526] (web_control) StdoutLine: {'line': b'symbolically linking /home/matthieu/ros2_ws/build/web_control/web/stream/webrtc/.venv/lib/python3.12/site-packages/attr/__pycache__/_cmp.cpython-312.pyc -> /home/matthieu/ros2_ws/install/web_control/share/web_control/web/stream/webrtc/.venv/lib/python3.12/site-packages/attr/__pycache__\n'}
[2.171646] (web_control) StdoutLine: {'line': b'symbolically linking /home/matthieu/ros2_ws/build/web_control/web/stream/webrtc/.venv/lib/python3.12/site-packages/attr/__pycache__/_version_info.cpython-312.pyc -> /home/matthieu/ros2_ws/install/web_control/share/web_control/web/stream/webrtc/.venv/lib/python3.12/site-packages/attr/__pycache__\n'}
[2.171726] (web_control) StdoutLine: {'line': b'symbolically linking /home/matthieu/ros2_ws/build/web_control/web/stream/webrtc/.venv/lib/python3.12/site-packages/attr/__pycache__/exceptions.cpython-312.pyc -> /home/matthieu/ros2_ws/install/web_control/share/web_control/web/stream/webrtc/.venv/lib/python3.12/site-packages/attr/__pycache__\n'}
[2.171806] (web_control) StdoutLine: {'line': b'symbolically linking /home/matthieu/ros2_ws/build/web_control/web/stream/webrtc/.venv/lib/python3.12/site-packages/attr/__pycache__/_config.cpython-312.pyc -> /home/matthieu/ros2_ws/install/web_control/share/web_control/web/stream/webrtc/.venv/lib/python3.12/site-packages/attr/__pycache__\n'}
[2.171885] (web_control) StdoutLine: {'line': b'symbolically linking /home/matthieu/ros2_ws/build/web_control/web/stream/webrtc/.venv/lib/python3.12/site-packages/attr/__pycache__/converters.cpython-312.pyc -> /home/matthieu/ros2_ws/install/web_control/share/web_control/web/stream/webrtc/.venv/lib/python3.12/site-packages/attr/__pycache__\n'}
[2.171988] (web_control) StdoutLine: {'line': b'symbolically linking /home/matthieu/ros2_ws/build/web_control/web/stream/webrtc/.venv/lib/python3.12/site-packages/attr/__pycache__/_make.cpython-312.pyc -> /home/matthieu/ros2_ws/install/web_control/share/web_control/web/stream/webrtc/.venv/lib/python3.12/site-packages/attr/__pycache__\n'}
[2.172108] (web_control) StdoutLine: {'line': b'symbolically linking /home/matthieu/ros2_ws/build/web_control/web/stream/webrtc/.venv/lib/python3.12/site-packages/attr/__pycache__/__init__.cpython-312.pyc -> /home/matthieu/ros2_ws/install/web_control/share/web_control/web/stream/webrtc/.venv/lib/python3.12/site-packages/attr/__pycache__\n'}
[2.172193] (web_control) StdoutLine: {'line': b'symbolically linking /home/matthieu/ros2_ws/build/web_control/web/stream/webrtc/.venv/lib/python3.12/site-packages/aiortc-1.6.0.dist-info/LICENSE -> /home/matthieu/ros2_ws/install/web_control/share/web_control/web/stream/webrtc/.venv/lib/python3.12/site-packages/aiortc-1.6.0.dist-info\n'}
[2.172312] (web_control) StdoutLine: {'line': b'symbolically linking /home/matthieu/ros2_ws/build/web_control/web/stream/webrtc/.venv/lib/python3.12/site-packages/aiortc-1.6.0.dist-info/WHEEL -> /home/matthieu/ros2_ws/install/web_control/share/web_control/web/stream/webrtc/.venv/lib/python3.12/site-packages/aiortc-1.6.0.dist-info\n'}
[2.172395] (web_control) StdoutLine: {'line': b'symbolically linking /home/matthieu/ros2_ws/build/web_control/web/stream/webrtc/.venv/lib/python3.12/site-packages/aiortc-1.6.0.dist-info/RECORD -> /home/matthieu/ros2_ws/install/web_control/share/web_control/web/stream/webrtc/.venv/lib/python3.12/site-packages/aiortc-1.6.0.dist-info\n'}
[2.172481] (web_control) StdoutLine: {'line': b'symbolically linking /home/matthieu/ros2_ws/build/web_control/web/stream/webrtc/.venv/lib/python3.12/site-packages/aiortc-1.6.0.dist-info/REQUESTED -> /home/matthieu/ros2_ws/install/web_control/share/web_control/web/stream/webrtc/.venv/lib/python3.12/site-packages/aiortc-1.6.0.dist-info\n'}
[2.172611] (web_control) StdoutLine: {'line': b'symbolically linking /home/matthieu/ros2_ws/build/web_control/web/stream/webrtc/.venv/lib/python3.12/site-packages/aiortc-1.6.0.dist-info/INSTALLER -> /home/matthieu/ros2_ws/install/web_control/share/web_control/web/stream/webrtc/.venv/lib/python3.12/site-packages/aiortc-1.6.0.dist-info\n'}
[2.172690] (web_control) StdoutLine: {'line': b'symbolically linking /home/matthieu/ros2_ws/build/web_control/web/stream/webrtc/.venv/lib/python3.12/site-packages/aiortc-1.6.0.dist-info/top_level.txt -> /home/matthieu/ros2_ws/install/web_control/share/web_control/web/stream/webrtc/.venv/lib/python3.12/site-packages/aiortc-1.6.0.dist-info\n'}
[2.172779] (web_control) StdoutLine: {'line': b'symbolically linking /home/matthieu/ros2_ws/build/web_control/web/stream/webrtc/.venv/lib/python3.12/site-packages/aiortc-1.6.0.dist-info/METADATA -> /home/matthieu/ros2_ws/install/web_control/share/web_control/web/stream/webrtc/.venv/lib/python3.12/site-packages/aiortc-1.6.0.dist-info\n'}
[2.172863] (web_control) StdoutLine: {'line': b'symbolically linking /home/matthieu/ros2_ws/build/web_control/web/stream/webrtc/.venv/lib/python3.12/site-packages/attrs-25.4.0.dist-info/WHEEL -> /home/matthieu/ros2_ws/install/web_control/share/web_control/web/stream/webrtc/.venv/lib/python3.12/site-packages/attrs-25.4.0.dist-info\n'}
[2.172984] (web_control) StdoutLine: {'line': b'symbolically linking /home/matthieu/ros2_ws/build/web_control/web/stream/webrtc/.venv/lib/python3.12/site-packages/attrs-25.4.0.dist-info/RECORD -> /home/matthieu/ros2_ws/install/web_control/share/web_control/web/stream/webrtc/.venv/lib/python3.12/site-packages/attrs-25.4.0.dist-info\n'}
[2.173072] (web_control) StdoutLine: {'line': b'symbolically linking /home/matthieu/ros2_ws/build/web_control/web/stream/webrtc/.venv/lib/python3.12/site-packages/attrs-25.4.0.dist-info/INSTALLER -> /home/matthieu/ros2_ws/install/web_control/share/web_control/web/stream/webrtc/.venv/lib/python3.12/site-packages/attrs-25.4.0.dist-info\n'}
[2.173163] (web_control) StdoutLine: {'line': b'symbolically linking /home/matthieu/ros2_ws/build/web_control/web/stream/webrtc/.venv/lib/python3.12/site-packages/attrs-25.4.0.dist-info/METADATA -> /home/matthieu/ros2_ws/install/web_control/share/web_control/web/stream/webrtc/.venv/lib/python3.12/site-packages/attrs-25.4.0.dist-info\n'}
[2.173295] (web_control) StdoutLine: {'line': b'symbolically linking /home/matthieu/ros2_ws/build/web_control/web/stream/webrtc/.venv/lib/python3.12/site-packages/attrs-25.4.0.dist-info/licenses/LICENSE -> /home/matthieu/ros2_ws/install/web_control/share/web_control/web/stream/webrtc/.venv/lib/python3.12/site-packages/attrs-25.4.0.dist-info/licenses\n'}
[2.173385] (web_control) StdoutLine: {'line': b'symbolically linking /home/matthieu/ros2_ws/build/web_control/web/stream/webrtc/.venv/lib/python3.12/site-packages/dnspython-2.8.0.dist-info/WHEEL -> /home/matthieu/ros2_ws/install/web_control/share/web_control/web/stream/webrtc/.venv/lib/python3.12/site-packages/dnspython-2.8.0.dist-info\n'}
[2.173489] (web_control) StdoutLine: {'line': b'symbolically linking /home/matthieu/ros2_ws/build/web_control/web/stream/webrtc/.venv/lib/python3.12/site-packages/dnspython-2.8.0.dist-info/RECORD -> /home/matthieu/ros2_ws/install/web_control/share/web_control/web/stream/webrtc/.venv/lib/python3.12/site-packages/dnspython-2.8.0.dist-info\n'}
[2.173573] (web_control) StdoutLine: {'line': b'symbolically linking /home/matthieu/ros2_ws/build/web_control/web/stream/webrtc/.venv/lib/python3.12/site-packages/dnspython-2.8.0.dist-info/INSTALLER -> /home/matthieu/ros2_ws/install/web_control/share/web_control/web/stream/webrtc/.venv/lib/python3.12/site-packages/dnspython-2.8.0.dist-info\n'}
[2.173696] (web_control) StdoutLine: {'line': b'symbolically linking /home/matthieu/ros2_ws/build/web_control/web/stream/webrtc/.venv/lib/python3.12/site-packages/dnspython-2.8.0.dist-info/METADATA -> /home/matthieu/ros2_ws/install/web_control/share/web_control/web/stream/webrtc/.venv/lib/python3.12/site-packages/dnspython-2.8.0.dist-info\n'}
[2.173778] (web_control) StdoutLine: {'line': b'symbolically linking /home/matthieu/ros2_ws/build/web_control/web/stream/webrtc/.venv/lib/python3.12/site-packages/dnspython-2.8.0.dist-info/licenses/LICENSE -> /home/matthieu/ros2_ws/install/web_control/share/web_control/web/stream/webrtc/.venv/lib/python3.12/site-packages/dnspython-2.8.0.dist-info/licenses\n'}
[2.173879] (web_control) StdoutLine: {'line': b'symbolically linking /home/matthieu/ros2_ws/build/web_control/web/stream/webrtc/.venv/lib/python3.12/site-packages/idna-3.11.dist-info/WHEEL -> /home/matthieu/ros2_ws/install/web_control/share/web_control/web/stream/webrtc/.venv/lib/python3.12/site-packages/idna-3.11.dist-info\n'}
[2.173970] (web_control) StdoutLine: {'line': b'symbolically linking /home/matthieu/ros2_ws/build/web_control/web/stream/webrtc/.venv/lib/python3.12/site-packages/idna-3.11.dist-info/RECORD -> /home/matthieu/ros2_ws/install/web_control/share/web_control/web/stream/webrtc/.venv/lib/python3.12/site-packages/idna-3.11.dist-info\n'}
[2.174087] (web_control) StdoutLine: {'line': b'symbolically linking /home/matthieu/ros2_ws/build/web_control/web/stream/webrtc/.venv/lib/python3.12/site-packages/idna-3.11.dist-info/INSTALLER -> /home/matthieu/ros2_ws/install/web_control/share/web_control/web/stream/webrtc/.venv/lib/python3.12/site-packages/idna-3.11.dist-info\n'}
[2.174176] (web_control) StdoutLine: {'line': b'symbolically linking /home/matthieu/ros2_ws/build/web_control/web/stream/webrtc/.venv/lib/python3.12/site-packages/idna-3.11.dist-info/METADATA -> /home/matthieu/ros2_ws/install/web_control/share/web_control/web/stream/webrtc/.venv/lib/python3.12/site-packages/idna-3.11.dist-info\n'}
[2.174296] (web_control) StdoutLine: {'line': b'symbolically linking /home/matthieu/ros2_ws/build/web_control/web/stream/webrtc/.venv/lib/python3.12/site-packages/idna-3.11.dist-info/licenses/LICENSE.md -> /home/matthieu/ros2_ws/install/web_control/share/web_control/web/stream/webrtc/.venv/lib/python3.12/site-packages/idna-3.11.dist-info/licenses\n'}
[2.174406] (web_control) StdoutLine: {'line': b'symbolically linking /home/matthieu/ros2_ws/build/web_control/web/stream/webrtc/.venv/lib/python3.12/site-packages/google_crc32c-1.8.0.dist-info/WHEEL -> /home/matthieu/ros2_ws/install/web_control/share/web_control/web/stream/webrtc/.venv/lib/python3.12/site-packages/google_crc32c-1.8.0.dist-info\n'}
[2.174490] (web_control) StdoutLine: {'line': b'symbolically linking /home/matthieu/ros2_ws/build/web_control/web/stream/webrtc/.venv/lib/python3.12/site-packages/google_crc32c-1.8.0.dist-info/RECORD -> /home/matthieu/ros2_ws/install/web_control/share/web_control/web/stream/webrtc/.venv/lib/python3.12/site-packages/google_crc32c-1.8.0.dist-info\n'}
[2.174608] (web_control) StdoutLine: {'line': b'symbolically linking /home/matthieu/ros2_ws/build/web_control/web/stream/webrtc/.venv/lib/python3.12/site-packages/google_crc32c-1.8.0.dist-info/zip-safe -> /home/matthieu/ros2_ws/install/web_control/share/web_control/web/stream/webrtc/.venv/lib/python3.12/site-packages/google_crc32c-1.8.0.dist-info\n'}
[2.174705] (web_control) StdoutLine: {'line': b'symbolically linking /home/matthieu/ros2_ws/build/web_control/web/stream/webrtc/.venv/lib/python3.12/site-packages/google_crc32c-1.8.0.dist-info/INSTALLER -> /home/matthieu/ros2_ws/install/web_control/share/web_control/web/stream/webrtc/.venv/lib/python3.12/site-packages/google_crc32c-1.8.0.dist-info\n'}
[2.174824] (web_control) StdoutLine: {'line': b'symbolically linking /home/matthieu/ros2_ws/build/web_control/web/stream/webrtc/.venv/lib/python3.12/site-packages/google_crc32c-1.8.0.dist-info/top_level.txt -> /home/matthieu/ros2_ws/install/web_control/share/web_control/web/stream/webrtc/.venv/lib/python3.12/site-packages/google_crc32c-1.8.0.dist-info\n'}
[2.174914] (web_control) StdoutLine: {'line': b'symbolically linking /home/matthieu/ros2_ws/build/web_control/web/stream/webrtc/.venv/lib/python3.12/site-packages/google_crc32c-1.8.0.dist-info/METADATA -> /home/matthieu/ros2_ws/install/web_control/share/web_control/web/stream/webrtc/.venv/lib/python3.12/site-packages/google_crc32c-1.8.0.dist-info\n'}
[2.175033] (web_control) StdoutLine: {'line': b'symbolically linking /home/matthieu/ros2_ws/build/web_control/web/stream/webrtc/.venv/lib/python3.12/site-packages/google_crc32c-1.8.0.dist-info/licenses/LICENSE -> /home/matthieu/ros2_ws/install/web_control/share/web_control/web/stream/webrtc/.venv/lib/python3.12/site-packages/google_crc32c-1.8.0.dist-info/licenses\n'}
[2.175130] (web_control) StdoutLine: {'line': b'symbolically linking /home/matthieu/ros2_ws/build/web_control/web/stream/webrtc/.venv/lib/python3.12/site-packages/idna/idnadata.py -> /home/matthieu/ros2_ws/install/web_control/share/web_control/web/stream/webrtc/.venv/lib/python3.12/site-packages/idna\n'}
[2.175254] (web_control) StdoutLine: {'line': b'symbolically linking /home/matthieu/ros2_ws/build/web_control/web/stream/webrtc/.venv/lib/python3.12/site-packages/idna/codec.py -> /home/matthieu/ros2_ws/install/web_control/share/web_control/web/stream/webrtc/.venv/lib/python3.12/site-packages/idna\n'}
[2.175370] (web_control) StdoutLine: {'line': b'symbolically linking /home/matthieu/ros2_ws/build/web_control/web/stream/webrtc/.venv/lib/python3.12/site-packages/idna/core.py -> /home/matthieu/ros2_ws/install/web_control/share/web_control/web/stream/webrtc/.venv/lib/python3.12/site-packages/idna\n'}
[2.175459] (web_control) StdoutLine: {'line': b'symbolically linking /home/matthieu/ros2_ws/build/web_control/web/stream/webrtc/.venv/lib/python3.12/site-packages/idna/uts46data.py -> /home/matthieu/ros2_ws/install/web_control/share/web_control/web/stream/webrtc/.venv/lib/python3.12/site-packages/idna\n'}
[2.175588] (web_control) StdoutLine: {'line': b'symbolically linking /home/matthieu/ros2_ws/build/web_control/web/stream/webrtc/.venv/lib/python3.12/site-packages/idna/compat.py -> /home/matthieu/ros2_ws/install/web_control/share/web_control/web/stream/webrtc/.venv/lib/python3.12/site-packages/idna\n'}
[2.175677] (web_control) StdoutLine: {'line': b'symbolically linking /home/matthieu/ros2_ws/build/web_control/web/stream/webrtc/.venv/lib/python3.12/site-packages/idna/package_data.py -> /home/matthieu/ros2_ws/install/web_control/share/web_control/web/stream/webrtc/.venv/lib/python3.12/site-packages/idna\n'}
[2.175802] (web_control) StdoutLine: {'line': b'symbolically linking /home/matthieu/ros2_ws/build/web_control/web/stream/webrtc/.venv/lib/python3.12/site-packages/idna/intranges.py -> /home/matthieu/ros2_ws/install/web_control/share/web_control/web/stream/webrtc/.venv/lib/python3.12/site-packages/idna\n'}
[2.175887] (web_control) StdoutLine: {'line': b'symbolically linking /home/matthieu/ros2_ws/build/web_control/web/stream/webrtc/.venv/lib/python3.12/site-packages/idna/py.typed -> /home/matthieu/ros2_ws/install/web_control/share/web_control/web/stream/webrtc/.venv/lib/python3.12/site-packages/idna\n'}
[2.175998] (web_control) StdoutLine: {'line': b'symbolically linking /home/matthieu/ros2_ws/build/web_control/web/stream/webrtc/.venv/lib/python3.12/site-packages/idna/__init__.py -> /home/matthieu/ros2_ws/install/web_control/share/web_control/web/stream/webrtc/.venv/lib/python3.12/site-packages/idna\n'}
[2.176101] (web_control) StdoutLine: {'line': b'symbolically linking /home/matthieu/ros2_ws/build/web_control/web/stream/webrtc/.venv/lib/python3.12/site-packages/idna/__pycache__/package_data.cpython-312.pyc -> /home/matthieu/ros2_ws/install/web_control/share/web_control/web/stream/webrtc/.venv/lib/python3.12/site-packages/idna/__pycache__\n'}
[2.176175] (web_control) StdoutLine: {'line': b'symbolically linking /home/matthieu/ros2_ws/build/web_control/web/stream/webrtc/.venv/lib/python3.12/site-packages/idna/__pycache__/codec.cpython-312.pyc -> /home/matthieu/ros2_ws/install/web_control/share/web_control/web/stream/webrtc/.venv/lib/python3.12/site-packages/idna/__pycache__\n'}
[2.176278] (web_control) StdoutLine: {'line': b'symbolically linking /home/matthieu/ros2_ws/build/web_control/web/stream/webrtc/.venv/lib/python3.12/site-packages/idna/__pycache__/idnadata.cpython-312.pyc -> /home/matthieu/ros2_ws/install/web_control/share/web_control/web/stream/webrtc/.venv/lib/python3.12/site-packages/idna/__pycache__\n'}
[2.176369] (web_control) StdoutLine: {'line': b'symbolically linking /home/matthieu/ros2_ws/build/web_control/web/stream/webrtc/.venv/lib/python3.12/site-packages/idna/__pycache__/intranges.cpython-312.pyc -> /home/matthieu/ros2_ws/install/web_control/share/web_control/web/stream/webrtc/.venv/lib/python3.12/site-packages/idna/__pycache__\n'}
[2.176469] (web_control) StdoutLine: {'line': b'symbolically linking /home/matthieu/ros2_ws/build/web_control/web/stream/webrtc/.venv/lib/python3.12/site-packages/idna/__pycache__/core.cpython-312.pyc -> /home/matthieu/ros2_ws/install/web_control/share/web_control/web/stream/webrtc/.venv/lib/python3.12/site-packages/idna/__pycache__\n'}
[2.176545] (web_control) StdoutLine: {'line': b'symbolically linking /home/matthieu/ros2_ws/build/web_control/web/stream/webrtc/.venv/lib/python3.12/site-packages/idna/__pycache__/uts46data.cpython-312.pyc -> /home/matthieu/ros2_ws/install/web_control/share/web_control/web/stream/webrtc/.venv/lib/python3.12/site-packages/idna/__pycache__\n'}
[2.176644] (web_control) StdoutLine: {'line': b'symbolically linking /home/matthieu/ros2_ws/build/web_control/web/stream/webrtc/.venv/lib/python3.12/site-packages/idna/__pycache__/__init__.cpython-312.pyc -> /home/matthieu/ros2_ws/install/web_control/share/web_control/web/stream/webrtc/.venv/lib/python3.12/site-packages/idna/__pycache__\n'}
[2.176721] (web_control) StdoutLine: {'line': b'symbolically linking /home/matthieu/ros2_ws/build/web_control/web/stream/webrtc/.venv/lib/python3.12/site-packages/idna/__pycache__/compat.cpython-312.pyc -> /home/matthieu/ros2_ws/install/web_control/share/web_control/web/stream/webrtc/.venv/lib/python3.12/site-packages/idna/__pycache__\n'}
[2.176817] (web_control) StdoutLine: {'line': b'symbolically linking /home/matthieu/ros2_ws/build/web_control/web/stream/webrtc/.venv/lib/python3.12/site-packages/frozenlist-1.8.0.dist-info/WHEEL -> /home/matthieu/ros2_ws/install/web_control/share/web_control/web/stream/webrtc/.venv/lib/python3.12/site-packages/frozenlist-1.8.0.dist-info\n'}
[2.176892] (web_control) StdoutLine: {'line': b'symbolically linking /home/matthieu/ros2_ws/build/web_control/web/stream/webrtc/.venv/lib/python3.12/site-packages/frozenlist-1.8.0.dist-info/RECORD -> /home/matthieu/ros2_ws/install/web_control/share/web_control/web/stream/webrtc/.venv/lib/python3.12/site-packages/frozenlist-1.8.0.dist-info\n'}
[2.176990] (web_control) StdoutLine: {'line': b'symbolically linking /home/matthieu/ros2_ws/build/web_control/web/stream/webrtc/.venv/lib/python3.12/site-packages/frozenlist-1.8.0.dist-info/INSTALLER -> /home/matthieu/ros2_ws/install/web_control/share/web_control/web/stream/webrtc/.venv/lib/python3.12/site-packages/frozenlist-1.8.0.dist-info\n'}
[2.177069] (web_control) StdoutLine: {'line': b'symbolically linking /home/matthieu/ros2_ws/build/web_control/web/stream/webrtc/.venv/lib/python3.12/site-packages/frozenlist-1.8.0.dist-info/top_level.txt -> /home/matthieu/ros2_ws/install/web_control/share/web_control/web/stream/webrtc/.venv/lib/python3.12/site-packages/frozenlist-1.8.0.dist-info\n'}
[2.177161] (web_control) StdoutLine: {'line': b'symbolically linking /home/matthieu/ros2_ws/build/web_control/web/stream/webrtc/.venv/lib/python3.12/site-packages/frozenlist-1.8.0.dist-info/METADATA -> /home/matthieu/ros2_ws/install/web_control/share/web_control/web/stream/webrtc/.venv/lib/python3.12/site-packages/frozenlist-1.8.0.dist-info\n'}
[2.177263] (web_control) StdoutLine: {'line': b'symbolically linking /home/matthieu/ros2_ws/build/web_control/web/stream/webrtc/.venv/lib/python3.12/site-packages/frozenlist-1.8.0.dist-info/licenses/LICENSE -> /home/matthieu/ros2_ws/install/web_control/share/web_control/web/stream/webrtc/.venv/lib/python3.12/site-packages/frozenlist-1.8.0.dist-info/licenses\n'}
[2.177339] (web_control) StdoutLine: {'line': b'symbolically linking /home/matthieu/ros2_ws/build/web_control/web/stream/webrtc/.venv/lib/python3.12/site-packages/pip-24.0.dist-info/WHEEL -> /home/matthieu/ros2_ws/install/web_control/share/web_control/web/stream/webrtc/.venv/lib/python3.12/site-packages/pip-24.0.dist-info\n'}
[2.177443] (web_control) StdoutLine: {'line': b'symbolically linking /home/matthieu/ros2_ws/build/web_control/web/stream/webrtc/.venv/lib/python3.12/site-packages/pip-24.0.dist-info/RECORD -> /home/matthieu/ros2_ws/install/web_control/share/web_control/web/stream/webrtc/.venv/lib/python3.12/site-packages/pip-24.0.dist-info\n'}
[2.177515] (web_control) StdoutLine: {'line': b'symbolically linking /home/matthieu/ros2_ws/build/web_control/web/stream/webrtc/.venv/lib/python3.12/site-packages/pip-24.0.dist-info/REQUESTED -> /home/matthieu/ros2_ws/install/web_control/share/web_control/web/stream/webrtc/.venv/lib/python3.12/site-packages/pip-24.0.dist-info\n'}
[2.177617] (web_control) StdoutLine: {'line': b'symbolically linking /home/matthieu/ros2_ws/build/web_control/web/stream/webrtc/.venv/lib/python3.12/site-packages/pip-24.0.dist-info/INSTALLER -> /home/matthieu/ros2_ws/install/web_control/share/web_control/web/stream/webrtc/.venv/lib/python3.12/site-packages/pip-24.0.dist-info\n'}
[2.177690] (web_control) StdoutLine: {'line': b'symbolically linking /home/matthieu/ros2_ws/build/web_control/web/stream/webrtc/.venv/lib/python3.12/site-packages/pip-24.0.dist-info/LICENSE.txt -> /home/matthieu/ros2_ws/install/web_control/share/web_control/web/stream/webrtc/.venv/lib/python3.12/site-packages/pip-24.0.dist-info\n'}
[2.177791] (web_control) StdoutLine: {'line': b'symbolically linking /home/matthieu/ros2_ws/build/web_control/web/stream/webrtc/.venv/lib/python3.12/site-packages/pip-24.0.dist-info/AUTHORS.txt -> /home/matthieu/ros2_ws/install/web_control/share/web_control/web/stream/webrtc/.venv/lib/python3.12/site-packages/pip-24.0.dist-info\n'}
[2.177867] (web_control) StdoutLine: {'line': b'symbolically linking /home/matthieu/ros2_ws/build/web_control/web/stream/webrtc/.venv/lib/python3.12/site-packages/pip-24.0.dist-info/entry_points.txt -> /home/matthieu/ros2_ws/install/web_control/share/web_control/web/stream/webrtc/.venv/lib/python3.12/site-packages/pip-24.0.dist-info\n'}
[2.177960] (web_control) StdoutLine: {'line': b'symbolically linking /home/matthieu/ros2_ws/build/web_control/web/stream/webrtc/.venv/lib/python3.12/site-packages/pip-24.0.dist-info/top_level.txt -> /home/matthieu/ros2_ws/install/web_control/share/web_control/web/stream/webrtc/.venv/lib/python3.12/site-packages/pip-24.0.dist-info\n'}
[2.178069] (web_control) StdoutLine: {'line': b'symbolically linking /home/matthieu/ros2_ws/build/web_control/web/stream/webrtc/.venv/lib/python3.12/site-packages/pip-24.0.dist-info/METADATA -> /home/matthieu/ros2_ws/install/web_control/share/web_control/web/stream/webrtc/.venv/lib/python3.12/site-packages/pip-24.0.dist-info\n'}
[2.178144] (web_control) StdoutLine: {'line': b'symbolically linking /home/matthieu/ros2_ws/build/web_control/web/stream/webrtc/.venv/lib/python3.12/site-packages/pylibsrtp-1.0.0.dist-info/WHEEL -> /home/matthieu/ros2_ws/install/web_control/share/web_control/web/stream/webrtc/.venv/lib/python3.12/site-packages/pylibsrtp-1.0.0.dist-info\n'}
[2.178232] (web_control) StdoutLine: {'line': b'symbolically linking /home/matthieu/ros2_ws/build/web_control/web/stream/webrtc/.venv/lib/python3.12/site-packages/pylibsrtp-1.0.0.dist-info/RECORD -> /home/matthieu/ros2_ws/install/web_control/share/web_control/web/stream/webrtc/.venv/lib/python3.12/site-packages/pylibsrtp-1.0.0.dist-info\n'}
[2.178330] (web_control) StdoutLine: {'line': b'symbolically linking /home/matthieu/ros2_ws/build/web_control/web/stream/webrtc/.venv/lib/python3.12/site-packages/pylibsrtp-1.0.0.dist-info/INSTALLER -> /home/matthieu/ros2_ws/install/web_control/share/web_control/web/stream/webrtc/.venv/lib/python3.12/site-packages/pylibsrtp-1.0.0.dist-info\n'}
[2.178424] (web_control) StdoutLine: {'line': b'symbolically linking /home/matthieu/ros2_ws/build/web_control/web/stream/webrtc/.venv/lib/python3.12/site-packages/pylibsrtp-1.0.0.dist-info/top_level.txt -> /home/matthieu/ros2_ws/install/web_control/share/web_control/web/stream/webrtc/.venv/lib/python3.12/site-packages/pylibsrtp-1.0.0.dist-info\n'}
[2.178523] (web_control) StdoutLine: {'line': b'symbolically linking /home/matthieu/ros2_ws/build/web_control/web/stream/webrtc/.venv/lib/python3.12/site-packages/pylibsrtp-1.0.0.dist-info/METADATA -> /home/matthieu/ros2_ws/install/web_control/share/web_control/web/stream/webrtc/.venv/lib/python3.12/site-packages/pylibsrtp-1.0.0.dist-info\n'}
[2.178616] (web_control) StdoutLine: {'line': b'symbolically linking /home/matthieu/ros2_ws/build/web_control/web/stream/webrtc/.venv/lib/python3.12/site-packages/pylibsrtp-1.0.0.dist-info/licenses/LICENSE -> /home/matthieu/ros2_ws/install/web_control/share/web_control/web/stream/webrtc/.venv/lib/python3.12/site-packages/pylibsrtp-1.0.0.dist-info/licenses\n'}
[2.178722] (web_control) StdoutLine: {'line': b'symbolically linking /home/matthieu/ros2_ws/build/web_control/web/stream/webrtc/.venv/lib/python3.12/site-packages/OpenSSL/debug.py -> /home/matthieu/ros2_ws/install/web_control/share/web_control/web/stream/webrtc/.venv/lib/python3.12/site-packages/OpenSSL\n'}
[2.178827] (web_control) StdoutLine: {'line': b'symbolically linking /home/matthieu/ros2_ws/build/web_control/web/stream/webrtc/.venv/lib/python3.12/site-packages/OpenSSL/SSL.py -> /home/matthieu/ros2_ws/install/web_control/share/web_control/web/stream/webrtc/.venv/lib/python3.12/site-packages/OpenSSL\n'}
[2.178931] (web_control) StdoutLine: {'line': b'symbolically linking /home/matthieu/ros2_ws/build/web_control/web/stream/webrtc/.venv/lib/python3.12/site-packages/OpenSSL/rand.py -> /home/matthieu/ros2_ws/install/web_control/share/web_control/web/stream/webrtc/.venv/lib/python3.12/site-packages/OpenSSL\n'}
[2.179037] (web_control) StdoutLine: {'line': b'symbolically linking /home/matthieu/ros2_ws/build/web_control/web/stream/webrtc/.venv/lib/python3.12/site-packages/OpenSSL/_util.py -> /home/matthieu/ros2_ws/install/web_control/share/web_control/web/stream/webrtc/.venv/lib/python3.12/site-packages/OpenSSL\n'}
[2.179136] (web_control) StdoutLine: {'line': b'symbolically linking /home/matthieu/ros2_ws/build/web_control/web/stream/webrtc/.venv/lib/python3.12/site-packages/OpenSSL/py.typed -> /home/matthieu/ros2_ws/install/web_control/share/web_control/web/stream/webrtc/.venv/lib/python3.12/site-packages/OpenSSL\n'}
[2.179232] (web_control) StdoutLine: {'line': b'symbolically linking /home/matthieu/ros2_ws/build/web_control/web/stream/webrtc/.venv/lib/python3.12/site-packages/OpenSSL/crypto.py -> /home/matthieu/ros2_ws/install/web_control/share/web_control/web/stream/webrtc/.venv/lib/python3.12/site-packages/OpenSSL\n'}
[2.179346] (web_control) StdoutLine: {'line': b'symbolically linking /home/matthieu/ros2_ws/build/web_control/web/stream/webrtc/.venv/lib/python3.12/site-packages/OpenSSL/version.py -> /home/matthieu/ros2_ws/install/web_control/share/web_control/web/stream/webrtc/.venv/lib/python3.12/site-packages/OpenSSL\n'}
[2.179452] (web_control) StdoutLine: {'line': b'symbolically linking /home/matthieu/ros2_ws/build/web_control/web/stream/webrtc/.venv/lib/python3.12/site-packages/OpenSSL/__init__.py -> /home/matthieu/ros2_ws/install/web_control/share/web_control/web/stream/webrtc/.venv/lib/python3.12/site-packages/OpenSSL\n'}
[2.179603] (web_control) StdoutLine: {'line': b'symbolically linking /home/matthieu/ros2_ws/build/web_control/web/stream/webrtc/.venv/lib/python3.12/site-packages/OpenSSL/__pycache__/rand.cpython-312.pyc -> /home/matthieu/ros2_ws/install/web_control/share/web_control/web/stream/webrtc/.venv/lib/python3.12/site-packages/OpenSSL/__pycache__\n'}
[2.179708] (web_control) StdoutLine: {'line': b'symbolically linking /home/matthieu/ros2_ws/build/web_control/web/stream/webrtc/.venv/lib/python3.12/site-packages/OpenSSL/__pycache__/crypto.cpython-312.pyc -> /home/matthieu/ros2_ws/install/web_control/share/web_control/web/stream/webrtc/.venv/lib/python3.12/site-packages/OpenSSL/__pycache__\n'}
[2.179824] (web_control) StdoutLine: {'line': b'symbolically linking /home/matthieu/ros2_ws/build/web_control/web/stream/webrtc/.venv/lib/python3.12/site-packages/OpenSSL/__pycache__/version.cpython-312.pyc -> /home/matthieu/ros2_ws/install/web_control/share/web_control/web/stream/webrtc/.venv/lib/python3.12/site-packages/OpenSSL/__pycache__\n'}
[2.179948] (web_control) StdoutLine: {'line': b'symbolically linking /home/matthieu/ros2_ws/build/web_control/web/stream/webrtc/.venv/lib/python3.12/site-packages/OpenSSL/__pycache__/debug.cpython-312.pyc -> /home/matthieu/ros2_ws/install/web_control/share/web_control/web/stream/webrtc/.venv/lib/python3.12/site-packages/OpenSSL/__pycache__\n'}
[2.180049] (web_control) StdoutLine: {'line': b'symbolically linking /home/matthieu/ros2_ws/build/web_control/web/stream/webrtc/.venv/lib/python3.12/site-packages/OpenSSL/__pycache__/__init__.cpython-312.pyc -> /home/matthieu/ros2_ws/install/web_control/share/web_control/web/stream/webrtc/.venv/lib/python3.12/site-packages/OpenSSL/__pycache__\n'}
[2.180181] (web_control) StdoutLine: {'line': b'symbolically linking /home/matthieu/ros2_ws/build/web_control/web/stream/webrtc/.venv/lib/python3.12/site-packages/OpenSSL/__pycache__/_util.cpython-312.pyc -> /home/matthieu/ros2_ws/install/web_control/share/web_control/web/stream/webrtc/.venv/lib/python3.12/site-packages/OpenSSL/__pycache__\n'}
[2.180328] (web_control) StdoutLine: {'line': b'symbolically linking /home/matthieu/ros2_ws/build/web_control/web/stream/webrtc/.venv/lib/python3.12/site-packages/OpenSSL/__pycache__/SSL.cpython-312.pyc -> /home/matthieu/ros2_ws/install/web_control/share/web_control/web/stream/webrtc/.venv/lib/python3.12/site-packages/OpenSSL/__pycache__\n'}
[2.180452] (web_control) StdoutLine: {'line': b'symbolically linking /home/matthieu/ros2_ws/build/web_control/web/stream/webrtc/.venv/lib/python3.12/site-packages/google_crc32c/_checksum.py -> /home/matthieu/ros2_ws/install/web_control/share/web_control/web/stream/webrtc/.venv/lib/python3.12/site-packages/google_crc32c\n'}
[2.180536] (web_control) StdoutLine: {'line': b'symbolically linking /home/matthieu/ros2_ws/build/web_control/web/stream/webrtc/.venv/lib/python3.12/site-packages/google_crc32c/python.py -> /home/matthieu/ros2_ws/install/web_control/share/web_control/web/stream/webrtc/.venv/lib/python3.12/site-packages/google_crc32c\n'}
[2.180645] (web_control) StdoutLine: {'line': b'symbolically linking /home/matthieu/ros2_ws/build/web_control/web/stream/webrtc/.venv/lib/python3.12/site-packages/google_crc32c/_crc32c.cpython-312-x86_64-linux-gnu.so -> /home/matthieu/ros2_ws/install/web_control/share/web_control/web/stream/webrtc/.venv/lib/python3.12/site-packages/google_crc32c\n'}
[2.180728] (web_control) StdoutLine: {'line': b'symbolically linking /home/matthieu/ros2_ws/build/web_control/web/stream/webrtc/.venv/lib/python3.12/site-packages/google_crc32c/_crc32c.c -> /home/matthieu/ros2_ws/install/web_control/share/web_control/web/stream/webrtc/.venv/lib/python3.12/site-packages/google_crc32c\n'}
[2.180838] (web_control) StdoutLine: {'line': b'symbolically linking /home/matthieu/ros2_ws/build/web_control/web/stream/webrtc/.venv/lib/python3.12/site-packages/google_crc32c/cext.py -> /home/matthieu/ros2_ws/install/web_control/share/web_control/web/stream/webrtc/.venv/lib/python3.12/site-packages/google_crc32c\n'}
[2.180938] (web_control) StdoutLine: {'line': b'symbolically linking /home/matthieu/ros2_ws/build/web_control/web/stream/webrtc/.venv/lib/python3.12/site-packages/google_crc32c/py.typed -> /home/matthieu/ros2_ws/install/web_control/share/web_control/web/stream/webrtc/.venv/lib/python3.12/site-packages/google_crc32c\n'}
[2.181034] (web_control) StdoutLine: {'line': b'symbolically linking /home/matthieu/ros2_ws/build/web_control/web/stream/webrtc/.venv/lib/python3.12/site-packages/google_crc32c/__config__.py -> /home/matthieu/ros2_ws/install/web_control/share/web_control/web/stream/webrtc/.venv/lib/python3.12/site-packages/google_crc32c\n'}
[2.181113] (web_control) StdoutLine: {'line': b'symbolically linking /home/matthieu/ros2_ws/build/web_control/web/stream/webrtc/.venv/lib/python3.12/site-packages/google_crc32c/__init__.py -> /home/matthieu/ros2_ws/install/web_control/share/web_control/web/stream/webrtc/.venv/lib/python3.12/site-packages/google_crc32c\n'}
[2.181224] (web_control) StdoutLine: {'line': b'symbolically linking /home/matthieu/ros2_ws/build/web_control/web/stream/webrtc/.venv/lib/python3.12/site-packages/google_crc32c/__pycache__/__config__.cpython-312.pyc -> /home/matthieu/ros2_ws/install/web_control/share/web_control/web/stream/webrtc/.venv/lib/python3.12/site-packages/google_crc32c/__pycache__\n'}
[2.181328] (web_control) StdoutLine: {'line': b'symbolically linking /home/matthieu/ros2_ws/build/web_control/web/stream/webrtc/.venv/lib/python3.12/site-packages/google_crc32c/__pycache__/python.cpython-312.pyc -> /home/matthieu/ros2_ws/install/web_control/share/web_control/web/stream/webrtc/.venv/lib/python3.12/site-packages/google_crc32c/__pycache__\n'}
[2.181452] (web_control) StdoutLine: {'line': b'symbolically linking /home/matthieu/ros2_ws/build/web_control/web/stream/webrtc/.venv/lib/python3.12/site-packages/google_crc32c/__pycache__/cext.cpython-312.pyc -> /home/matthieu/ros2_ws/install/web_control/share/web_control/web/stream/webrtc/.venv/lib/python3.12/site-packages/google_crc32c/__pycache__\n'}
[2.181536] (web_control) StdoutLine: {'line': b'symbolically linking /home/matthieu/ros2_ws/build/web_control/web/stream/webrtc/.venv/lib/python3.12/site-packages/google_crc32c/__pycache__/_checksum.cpython-312.pyc -> /home/matthieu/ros2_ws/install/web_control/share/web_control/web/stream/webrtc/.venv/lib/python3.12/site-packages/google_crc32c/__pycache__\n'}
[2.181650] (web_control) StdoutLine: {'line': b'symbolically linking /home/matthieu/ros2_ws/build/web_control/web/stream/webrtc/.venv/lib/python3.12/site-packages/google_crc32c/__pycache__/__init__.cpython-312.pyc -> /home/matthieu/ros2_ws/install/web_control/share/web_control/web/stream/webrtc/.venv/lib/python3.12/site-packages/google_crc32c/__pycache__\n'}
[2.181760] (web_control) StdoutLine: {'line': b'symbolically linking /home/matthieu/ros2_ws/build/web_control/web/stream/webrtc/.venv/lib/python3.12/site-packages/attrs/setters.py -> /home/matthieu/ros2_ws/install/web_control/share/web_control/web/stream/webrtc/.venv/lib/python3.12/site-packages/attrs\n'}
[2.181840] (web_control) StdoutLine: {'line': b'symbolically linking /home/matthieu/ros2_ws/build/web_control/web/stream/webrtc/.venv/lib/python3.12/site-packages/attrs/filters.py -> /home/matthieu/ros2_ws/install/web_control/share/web_control/web/stream/webrtc/.venv/lib/python3.12/site-packages/attrs\n'}
[2.181958] (web_control) StdoutLine: {'line': b'symbolically linking /home/matthieu/ros2_ws/build/web_control/web/stream/webrtc/.venv/lib/python3.12/site-packages/attrs/__init__.pyi -> /home/matthieu/ros2_ws/install/web_control/share/web_control/web/stream/webrtc/.venv/lib/python3.12/site-packages/attrs\n'}
[2.182044] (web_control) StdoutLine: {'line': b'symbolically linking /home/matthieu/ros2_ws/build/web_control/web/stream/webrtc/.venv/lib/python3.12/site-packages/attrs/py.typed -> /home/matthieu/ros2_ws/install/web_control/share/web_control/web/stream/webrtc/.venv/lib/python3.12/site-packages/attrs\n'}
[2.182151] (web_control) StdoutLine: {'line': b'symbolically linking /home/matthieu/ros2_ws/build/web_control/web/stream/webrtc/.venv/lib/python3.12/site-packages/attrs/converters.py -> /home/matthieu/ros2_ws/install/web_control/share/web_control/web/stream/webrtc/.venv/lib/python3.12/site-packages/attrs\n'}
[2.182232] (web_control) StdoutLine: {'line': b'symbolically linking /home/matthieu/ros2_ws/build/web_control/web/stream/webrtc/.venv/lib/python3.12/site-packages/attrs/validators.py -> /home/matthieu/ros2_ws/install/web_control/share/web_control/web/stream/webrtc/.venv/lib/python3.12/site-packages/attrs\n'}
[2.182366] (web_control) StdoutLine: {'line': b'symbolically linking /home/matthieu/ros2_ws/build/web_control/web/stream/webrtc/.venv/lib/python3.12/site-packages/attrs/exceptions.py -> /home/matthieu/ros2_ws/install/web_control/share/web_control/web/stream/webrtc/.venv/lib/python3.12/site-packages/attrs\n'}
[2.182460] (web_control) StdoutLine: {'line': b'symbolically linking /home/matthieu/ros2_ws/build/web_control/web/stream/webrtc/.venv/lib/python3.12/site-packages/attrs/__init__.py -> /home/matthieu/ros2_ws/install/web_control/share/web_control/web/stream/webrtc/.venv/lib/python3.12/site-packages/attrs\n'}
[2.182540] (web_control) StdoutLine: {'line': b'symbolically linking /home/matthieu/ros2_ws/build/web_control/web/stream/webrtc/.venv/lib/python3.12/site-packages/attrs/__pycache__/validators.cpython-312.pyc -> /home/matthieu/ros2_ws/install/web_control/share/web_control/web/stream/webrtc/.venv/lib/python3.12/site-packages/attrs/__pycache__\n'}
[2.182649] (web_control) StdoutLine: {'line': b'symbolically linking /home/matthieu/ros2_ws/build/web_control/web/stream/webrtc/.venv/lib/python3.12/site-packages/attrs/__pycache__/setters.cpython-312.pyc -> /home/matthieu/ros2_ws/install/web_control/share/web_control/web/stream/webrtc/.venv/lib/python3.12/site-packages/attrs/__pycache__\n'}
[2.182730] (web_control) StdoutLine: {'line': b'symbolically linking /home/matthieu/ros2_ws/build/web_control/web/stream/webrtc/.venv/lib/python3.12/site-packages/attrs/__pycache__/filters.cpython-312.pyc -> /home/matthieu/ros2_ws/install/web_control/share/web_control/web/stream/webrtc/.venv/lib/python3.12/site-packages/attrs/__pycache__\n'}
[2.182837] (web_control) StdoutLine: {'line': b'symbolically linking /home/matthieu/ros2_ws/build/web_control/web/stream/webrtc/.venv/lib/python3.12/site-packages/attrs/__pycache__/exceptions.cpython-312.pyc -> /home/matthieu/ros2_ws/install/web_control/share/web_control/web/stream/webrtc/.venv/lib/python3.12/site-packages/attrs/__pycache__\n'}
[2.182915] (web_control) StdoutLine: {'line': b'symbolically linking /home/matthieu/ros2_ws/build/web_control/web/stream/webrtc/.venv/lib/python3.12/site-packages/attrs/__pycache__/converters.cpython-312.pyc -> /home/matthieu/ros2_ws/install/web_control/share/web_control/web/stream/webrtc/.venv/lib/python3.12/site-packages/attrs/__pycache__\n'}
[2.183016] (web_control) StdoutLine: {'line': b'symbolically linking /home/matthieu/ros2_ws/build/web_control/web/stream/webrtc/.venv/lib/python3.12/site-packages/attrs/__pycache__/__init__.cpython-312.pyc -> /home/matthieu/ros2_ws/install/web_control/share/web_control/web/stream/webrtc/.venv/lib/python3.12/site-packages/attrs/__pycache__\n'}
[2.183118] (web_control) StdoutLine: {'line': b'symbolically linking /home/matthieu/ros2_ws/build/web_control/web/stream/webrtc/.venv/lib/python3.12/site-packages/__pycache__/typing_extensions.cpython-312.pyc -> /home/matthieu/ros2_ws/install/web_control/share/web_control/web/stream/webrtc/.venv/lib/python3.12/site-packages/__pycache__\n'}
[2.183261] (web_control) StdoutLine: {'line': b'symbolically linking /home/matthieu/ros2_ws/build/web_control/web/stream/webrtc/.venv/lib/python3.12/site-packages/cffi/ffiplatform.py -> /home/matthieu/ros2_ws/install/web_control/share/web_control/web/stream/webrtc/.venv/lib/python3.12/site-packages/cffi\n'}
[2.183375] (web_control) StdoutLine: {'line': b'symbolically linking /home/matthieu/ros2_ws/build/web_control/web/stream/webrtc/.venv/lib/python3.12/site-packages/cffi/_cffi_include.h -> /home/matthieu/ros2_ws/install/web_control/share/web_control/web/stream/webrtc/.venv/lib/python3.12/site-packages/cffi\n'}
[2.183478] (web_control) StdoutLine: {'line': b'symbolically linking /home/matthieu/ros2_ws/build/web_control/web/stream/webrtc/.venv/lib/python3.12/site-packages/cffi/_embedding.h -> /home/matthieu/ros2_ws/install/web_control/share/web_control/web/stream/webrtc/.venv/lib/python3.12/site-packages/cffi\n'}
[2.183583] (web_control) StdoutLine: {'line': b'symbolically linking /home/matthieu/ros2_ws/build/web_control/web/stream/webrtc/.venv/lib/python3.12/site-packages/cffi/model.py -> /home/matthieu/ros2_ws/install/web_control/share/web_control/web/stream/webrtc/.venv/lib/python3.12/site-packages/cffi\n'}
[2.183687] (web_control) StdoutLine: {'line': b'symbolically linking /home/matthieu/ros2_ws/build/web_control/web/stream/webrtc/.venv/lib/python3.12/site-packages/cffi/backend_ctypes.py -> /home/matthieu/ros2_ws/install/web_control/share/web_control/web/stream/webrtc/.venv/lib/python3.12/site-packages/cffi\n'}
[2.183814] (web_control) StdoutLine: {'line': b'symbolically linking /home/matthieu/ros2_ws/build/web_control/web/stream/webrtc/.venv/lib/python3.12/site-packages/cffi/vengine_gen.py -> /home/matthieu/ros2_ws/install/web_control/share/web_control/web/stream/webrtc/.venv/lib/python3.12/site-packages/cffi\n'}
[2.183888] (web_control) StdoutLine: {'line': b'symbolically linking /home/matthieu/ros2_ws/build/web_control/web/stream/webrtc/.venv/lib/python3.12/site-packages/cffi/_shimmed_dist_utils.py -> /home/matthieu/ros2_ws/install/web_control/share/web_control/web/stream/webrtc/.venv/lib/python3.12/site-packages/cffi\n'}
[2.183968] (web_control) StdoutLine: {'line': b'symbolically linking /home/matthieu/ros2_ws/build/web_control/web/stream/webrtc/.venv/lib/python3.12/site-packages/cffi/vengine_cpy.py -> /home/matthieu/ros2_ws/install/web_control/share/web_control/web/stream/webrtc/.venv/lib/python3.12/site-packages/cffi\n'}
[2.184077] (web_control) StdoutLine: {'line': b'symbolically linking /home/matthieu/ros2_ws/build/web_control/web/stream/webrtc/.venv/lib/python3.12/site-packages/cffi/cffi_opcode.py -> /home/matthieu/ros2_ws/install/web_control/share/web_control/web/stream/webrtc/.venv/lib/python3.12/site-packages/cffi\n'}
[2.184204] (web_control) StdoutLine: {'line': b'symbolically linking /home/matthieu/ros2_ws/build/web_control/web/stream/webrtc/.venv/lib/python3.12/site-packages/cffi/lock.py -> /home/matthieu/ros2_ws/install/web_control/share/web_control/web/stream/webrtc/.venv/lib/python3.12/site-packages/cffi\n'}
[2.184301] (web_control) StdoutLine: {'line': b'symbolically linking /home/matthieu/ros2_ws/build/web_control/web/stream/webrtc/.venv/lib/python3.12/site-packages/cffi/_cffi_errors.h -> /home/matthieu/ros2_ws/install/web_control/share/web_control/web/stream/webrtc/.venv/lib/python3.12/site-packages/cffi\n'}
[2.184425] (web_control) StdoutLine: {'line': b'symbolically linking /home/matthieu/ros2_ws/build/web_control/web/stream/webrtc/.venv/lib/python3.12/site-packages/cffi/_imp_emulation.py -> /home/matthieu/ros2_ws/install/web_control/share/web_control/web/stream/webrtc/.venv/lib/python3.12/site-packages/cffi\n'}
[2.184506] (web_control) StdoutLine: {'line': b'symbolically linking /home/matthieu/ros2_ws/build/web_control/web/stream/webrtc/.venv/lib/python3.12/site-packages/cffi/verifier.py -> /home/matthieu/ros2_ws/install/web_control/share/web_control/web/stream/webrtc/.venv/lib/python3.12/site-packages/cffi\n'}
[2.184593] (web_control) StdoutLine: {'line': b'symbolically linking /home/matthieu/ros2_ws/build/web_control/web/stream/webrtc/.venv/lib/python3.12/site-packages/cffi/commontypes.py -> /home/matthieu/ros2_ws/install/web_control/share/web_control/web/stream/webrtc/.venv/lib/python3.12/site-packages/cffi\n'}
[2.184700] (web_control) StdoutLine: {'line': b'symbolically linking /home/matthieu/ros2_ws/build/web_control/web/stream/webrtc/.venv/lib/python3.12/site-packages/cffi/parse_c_type.h -> /home/matthieu/ros2_ws/install/web_control/share/web_control/web/stream/webrtc/.venv/lib/python3.12/site-packages/cffi\n'}
[2.184828] (web_control) StdoutLine: {'line': b'symbolically linking /home/matthieu/ros2_ws/build/web_control/web/stream/webrtc/.venv/lib/python3.12/site-packages/cffi/recompiler.py -> /home/matthieu/ros2_ws/install/web_control/share/web_control/web/stream/webrtc/.venv/lib/python3.12/site-packages/cffi\n'}
[2.184909] (web_control) StdoutLine: {'line': b'symbolically linking /home/matthieu/ros2_ws/build/web_control/web/stream/webrtc/.venv/lib/python3.12/site-packages/cffi/cparser.py -> /home/matthieu/ros2_ws/install/web_control/share/web_control/web/stream/webrtc/.venv/lib/python3.12/site-packages/cffi\n'}
[2.185030] (web_control) StdoutLine: {'line': b'symbolically linking /home/matthieu/ros2_ws/build/web_control/web/stream/webrtc/.venv/lib/python3.12/site-packages/cffi/setuptools_ext.py -> /home/matthieu/ros2_ws/install/web_control/share/web_control/web/stream/webrtc/.venv/lib/python3.12/site-packages/cffi\n'}
[2.185108] (web_control) StdoutLine: {'line': b'symbolically linking /home/matthieu/ros2_ws/build/web_control/web/stream/webrtc/.venv/lib/python3.12/site-packages/cffi/error.py -> /home/matthieu/ros2_ws/install/web_control/share/web_control/web/stream/webrtc/.venv/lib/python3.12/site-packages/cffi\n'}
[2.185186] (web_control) StdoutLine: {'line': b'symbolically linking /home/matthieu/ros2_ws/build/web_control/web/stream/webrtc/.venv/lib/python3.12/site-packages/cffi/api.py -> /home/matthieu/ros2_ws/install/web_control/share/web_control/web/stream/webrtc/.venv/lib/python3.12/site-packages/cffi\n'}
[2.185273] (web_control) StdoutLine: {'line': b'symbolically linking /home/matthieu/ros2_ws/build/web_control/web/stream/webrtc/.venv/lib/python3.12/site-packages/cffi/__init__.py -> /home/matthieu/ros2_ws/install/web_control/share/web_control/web/stream/webrtc/.venv/lib/python3.12/site-packages/cffi\n'}
[2.185397] (web_control) StdoutLine: {'line': b'symbolically linking /home/matthieu/ros2_ws/build/web_control/web/stream/webrtc/.venv/lib/python3.12/site-packages/cffi/pkgconfig.py -> /home/matthieu/ros2_ws/install/web_control/share/web_control/web/stream/webrtc/.venv/lib/python3.12/site-packages/cffi\n'}
[2.185488] (web_control) StdoutLine: {'line': b'symbolically linking /home/matthieu/ros2_ws/build/web_control/web/stream/webrtc/.venv/lib/python3.12/site-packages/cffi/__pycache__/model.cpython-312.pyc -> /home/matthieu/ros2_ws/install/web_control/share/web_control/web/stream/webrtc/.venv/lib/python3.12/site-packages/cffi/__pycache__\n'}
[2.185567] (web_control) StdoutLine: {'line': b'symbolically linking /home/matthieu/ros2_ws/build/web_control/web/stream/webrtc/.venv/lib/python3.12/site-packages/cffi/__pycache__/_imp_emulation.cpython-312.pyc -> /home/matthieu/ros2_ws/install/web_control/share/web_control/web/stream/webrtc/.venv/lib/python3.12/site-packages/cffi/__pycache__\n'}
[2.185644] (web_control) StdoutLine: {'line': b'symbolically linking /home/matthieu/ros2_ws/build/web_control/web/stream/webrtc/.venv/lib/python3.12/site-packages/cffi/__pycache__/ffiplatform.cpython-312.pyc -> /home/matthieu/ros2_ws/install/web_control/share/web_control/web/stream/webrtc/.venv/lib/python3.12/site-packages/cffi/__pycache__\n'}
[2.185763] (web_control) StdoutLine: {'line': b'symbolically linking /home/matthieu/ros2_ws/build/web_control/web/stream/webrtc/.venv/lib/python3.12/site-packages/cffi/__pycache__/backend_ctypes.cpython-312.pyc -> /home/matthieu/ros2_ws/install/web_control/share/web_control/web/stream/webrtc/.venv/lib/python3.12/site-packages/cffi/__pycache__\n'}
[2.185842] (web_control) StdoutLine: {'line': b'symbolically linking /home/matthieu/ros2_ws/build/web_control/web/stream/webrtc/.venv/lib/python3.12/site-packages/cffi/__pycache__/setuptools_ext.cpython-312.pyc -> /home/matthieu/ros2_ws/install/web_control/share/web_control/web/stream/webrtc/.venv/lib/python3.12/site-packages/cffi/__pycache__\n'}
[2.185937] (web_control) StdoutLine: {'line': b'symbolically linking /home/matthieu/ros2_ws/build/web_control/web/stream/webrtc/.venv/lib/python3.12/site-packages/cffi/__pycache__/pkgconfig.cpython-312.pyc -> /home/matthieu/ros2_ws/install/web_control/share/web_control/web/stream/webrtc/.venv/lib/python3.12/site-packages/cffi/__pycache__\n'}
[2.186015] (web_control) StdoutLine: {'line': b'symbolically linking /home/matthieu/ros2_ws/build/web_control/web/stream/webrtc/.venv/lib/python3.12/site-packages/cffi/__pycache__/api.cpython-312.pyc -> /home/matthieu/ros2_ws/install/web_control/share/web_control/web/stream/webrtc/.venv/lib/python3.12/site-packages/cffi/__pycache__\n'}
[2.186121] (web_control) StdoutLine: {'line': b'symbolically linking /home/matthieu/ros2_ws/build/web_control/web/stream/webrtc/.venv/lib/python3.12/site-packages/cffi/__pycache__/lock.cpython-312.pyc -> /home/matthieu/ros2_ws/install/web_control/share/web_control/web/stream/webrtc/.venv/lib/python3.12/site-packages/cffi/__pycache__\n'}
[2.186224] (web_control) StdoutLine: {'line': b'symbolically linking /home/matthieu/ros2_ws/build/web_control/web/stream/webrtc/.venv/lib/python3.12/site-packages/cffi/__pycache__/verifier.cpython-312.pyc -> /home/matthieu/ros2_ws/install/web_control/share/web_control/web/stream/webrtc/.venv/lib/python3.12/site-packages/cffi/__pycache__\n'}
[2.186320] (web_control) StdoutLine: {'line': b'symbolically linking /home/matthieu/ros2_ws/build/web_control/web/stream/webrtc/.venv/lib/python3.12/site-packages/cffi/__pycache__/cparser.cpython-312.pyc -> /home/matthieu/ros2_ws/install/web_control/share/web_control/web/stream/webrtc/.venv/lib/python3.12/site-packages/cffi/__pycache__\n'}
[2.186411] (web_control) StdoutLine: {'line': b'symbolically linking /home/matthieu/ros2_ws/build/web_control/web/stream/webrtc/.venv/lib/python3.12/site-packages/cffi/__pycache__/vengine_cpy.cpython-312.pyc -> /home/matthieu/ros2_ws/install/web_control/share/web_control/web/stream/webrtc/.venv/lib/python3.12/site-packages/cffi/__pycache__\n'}
[2.186487] (web_control) StdoutLine: {'line': b'symbolically linking /home/matthieu/ros2_ws/build/web_control/web/stream/webrtc/.venv/lib/python3.12/site-packages/cffi/__pycache__/error.cpython-312.pyc -> /home/matthieu/ros2_ws/install/web_control/share/web_control/web/stream/webrtc/.venv/lib/python3.12/site-packages/cffi/__pycache__\n'}
[2.186565] (web_control) StdoutLine: {'line': b'symbolically linking /home/matthieu/ros2_ws/build/web_control/web/stream/webrtc/.venv/lib/python3.12/site-packages/cffi/__pycache__/commontypes.cpython-312.pyc -> /home/matthieu/ros2_ws/install/web_control/share/web_control/web/stream/webrtc/.venv/lib/python3.12/site-packages/cffi/__pycache__\n'}
[2.186667] (web_control) StdoutLine: {'line': b'symbolically linking /home/matthieu/ros2_ws/build/web_control/web/stream/webrtc/.venv/lib/python3.12/site-packages/cffi/__pycache__/__init__.cpython-312.pyc -> /home/matthieu/ros2_ws/install/web_control/share/web_control/web/stream/webrtc/.venv/lib/python3.12/site-packages/cffi/__pycache__\n'}
[2.186772] (web_control) StdoutLine: {'line': b'symbolically linking /home/matthieu/ros2_ws/build/web_control/web/stream/webrtc/.venv/lib/python3.12/site-packages/cffi/__pycache__/vengine_gen.cpython-312.pyc -> /home/matthieu/ros2_ws/install/web_control/share/web_control/web/stream/webrtc/.venv/lib/python3.12/site-packages/cffi/__pycache__\n'}
[2.186857] (web_control) StdoutLine: {'line': b'symbolically linking /home/matthieu/ros2_ws/build/web_control/web/stream/webrtc/.venv/lib/python3.12/site-packages/cffi/__pycache__/recompiler.cpython-312.pyc -> /home/matthieu/ros2_ws/install/web_control/share/web_control/web/stream/webrtc/.venv/lib/python3.12/site-packages/cffi/__pycache__\n'}
[2.186941] (web_control) StdoutLine: {'line': b'symbolically linking /home/matthieu/ros2_ws/build/web_control/web/stream/webrtc/.venv/lib/python3.12/site-packages/cffi/__pycache__/cffi_opcode.cpython-312.pyc -> /home/matthieu/ros2_ws/install/web_control/share/web_control/web/stream/webrtc/.venv/lib/python3.12/site-packages/cffi/__pycache__\n'}
[2.187044] (web_control) StdoutLine: {'line': b'symbolically linking /home/matthieu/ros2_ws/build/web_control/web/stream/webrtc/.venv/lib/python3.12/site-packages/cffi/__pycache__/_shimmed_dist_utils.cpython-312.pyc -> /home/matthieu/ros2_ws/install/web_control/share/web_control/web/stream/webrtc/.venv/lib/python3.12/site-packages/cffi/__pycache__\n'}
[2.187125] (web_control) StdoutLine: {'line': b'symbolically linking /home/matthieu/ros2_ws/build/web_control/web/stream/webrtc/.venv/lib/python3.12/site-packages/propcache/_helpers.py -> /home/matthieu/ros2_ws/install/web_control/share/web_control/web/stream/webrtc/.venv/lib/python3.12/site-packages/propcache\n'}
[2.187235] (web_control) StdoutLine: {'line': b'symbolically linking /home/matthieu/ros2_ws/build/web_control/web/stream/webrtc/.venv/lib/python3.12/site-packages/propcache/_helpers_py.py -> /home/matthieu/ros2_ws/install/web_control/share/web_control/web/stream/webrtc/.venv/lib/python3.12/site-packages/propcache\n'}
[2.187334] (web_control) StdoutLine: {'line': b'symbolically linking /home/matthieu/ros2_ws/build/web_control/web/stream/webrtc/.venv/lib/python3.12/site-packages/propcache/_helpers_c.cpython-312-x86_64-linux-gnu.so -> /home/matthieu/ros2_ws/install/web_control/share/web_control/web/stream/webrtc/.venv/lib/python3.12/site-packages/propcache\n'}
[2.187411] (web_control) StdoutLine: {'line': b'symbolically linking /home/matthieu/ros2_ws/build/web_control/web/stream/webrtc/.venv/lib/python3.12/site-packages/propcache/py.typed -> /home/matthieu/ros2_ws/install/web_control/share/web_control/web/stream/webrtc/.venv/lib/python3.12/site-packages/propcache\n'}
[2.187519] (web_control) StdoutLine: {'line': b'symbolically linking /home/matthieu/ros2_ws/build/web_control/web/stream/webrtc/.venv/lib/python3.12/site-packages/propcache/_helpers_c.pyx -> /home/matthieu/ros2_ws/install/web_control/share/web_control/web/stream/webrtc/.venv/lib/python3.12/site-packages/propcache\n'}
[2.187622] (web_control) StdoutLine: {'line': b'symbolically linking /home/matthieu/ros2_ws/build/web_control/web/stream/webrtc/.venv/lib/python3.12/site-packages/propcache/api.py -> /home/matthieu/ros2_ws/install/web_control/share/web_control/web/stream/webrtc/.venv/lib/python3.12/site-packages/propcache\n'}
[2.187700] (web_control) StdoutLine: {'line': b'symbolically linking /home/matthieu/ros2_ws/build/web_control/web/stream/webrtc/.venv/lib/python3.12/site-packages/propcache/__init__.py -> /home/matthieu/ros2_ws/install/web_control/share/web_control/web/stream/webrtc/.venv/lib/python3.12/site-packages/propcache\n'}
[2.187812] (web_control) StdoutLine: {'line': b'symbolically linking /home/matthieu/ros2_ws/build/web_control/web/stream/webrtc/.venv/lib/python3.12/site-packages/propcache/__pycache__/api.cpython-312.pyc -> /home/matthieu/ros2_ws/install/web_control/share/web_control/web/stream/webrtc/.venv/lib/python3.12/site-packages/propcache/__pycache__\n'}
[2.187894] (web_control) StdoutLine: {'line': b'symbolically linking /home/matthieu/ros2_ws/build/web_control/web/stream/webrtc/.venv/lib/python3.12/site-packages/propcache/__pycache__/_helpers_py.cpython-312.pyc -> /home/matthieu/ros2_ws/install/web_control/share/web_control/web/stream/webrtc/.venv/lib/python3.12/site-packages/propcache/__pycache__\n'}
[2.188002] (web_control) StdoutLine: {'line': b'symbolically linking /home/matthieu/ros2_ws/build/web_control/web/stream/webrtc/.venv/lib/python3.12/site-packages/propcache/__pycache__/_helpers.cpython-312.pyc -> /home/matthieu/ros2_ws/install/web_control/share/web_control/web/stream/webrtc/.venv/lib/python3.12/site-packages/propcache/__pycache__\n'}
[2.188101] (web_control) StdoutLine: {'line': b'symbolically linking /home/matthieu/ros2_ws/build/web_control/web/stream/webrtc/.venv/lib/python3.12/site-packages/propcache/__pycache__/__init__.cpython-312.pyc -> /home/matthieu/ros2_ws/install/web_control/share/web_control/web/stream/webrtc/.venv/lib/python3.12/site-packages/propcache/__pycache__\n'}
[2.188184] (web_control) StdoutLine: {'line': b'symbolically linking /home/matthieu/ros2_ws/build/web_control/web/stream/webrtc/.venv/lib/python3.12/site-packages/multidict/_multidict.cpython-312-x86_64-linux-gnu.so -> /home/matthieu/ros2_ws/install/web_control/share/web_control/web/stream/webrtc/.venv/lib/python3.12/site-packages/multidict\n'}
[2.188330] (web_control) StdoutLine: {'line': b'symbolically linking /home/matthieu/ros2_ws/build/web_control/web/stream/webrtc/.venv/lib/python3.12/site-packages/multidict/_abc.py -> /home/matthieu/ros2_ws/install/web_control/share/web_control/web/stream/webrtc/.venv/lib/python3.12/site-packages/multidict\n'}
[2.188432] (web_control) StdoutLine: {'line': b'symbolically linking /home/matthieu/ros2_ws/build/web_control/web/stream/webrtc/.venv/lib/python3.12/site-packages/multidict/_compat.py -> /home/matthieu/ros2_ws/install/web_control/share/web_control/web/stream/webrtc/.venv/lib/python3.12/site-packages/multidict\n'}
[2.188514] (web_control) StdoutLine: {'line': b'symbolically linking /home/matthieu/ros2_ws/build/web_control/web/stream/webrtc/.venv/lib/python3.12/site-packages/multidict/py.typed -> /home/matthieu/ros2_ws/install/web_control/share/web_control/web/stream/webrtc/.venv/lib/python3.12/site-packages/multidict\n'}
[2.188614] (web_control) StdoutLine: {'line': b'symbolically linking /home/matthieu/ros2_ws/build/web_control/web/stream/webrtc/.venv/lib/python3.12/site-packages/multidict/_multidict_py.py -> /home/matthieu/ros2_ws/install/web_control/share/web_control/web/stream/webrtc/.venv/lib/python3.12/site-packages/multidict\n'}
[2.188688] (web_control) StdoutLine: {'line': b'symbolically linking /home/matthieu/ros2_ws/build/web_control/web/stream/webrtc/.venv/lib/python3.12/site-packages/multidict/__init__.py -> /home/matthieu/ros2_ws/install/web_control/share/web_control/web/stream/webrtc/.venv/lib/python3.12/site-packages/multidict\n'}
[2.188788] (web_control) StdoutLine: {'line': b'symbolically linking /home/matthieu/ros2_ws/build/web_control/web/stream/webrtc/.venv/lib/python3.12/site-packages/multidict/__pycache__/_abc.cpython-312.pyc -> /home/matthieu/ros2_ws/install/web_control/share/web_control/web/stream/webrtc/.venv/lib/python3.12/site-packages/multidict/__pycache__\n'}
[2.188861] (web_control) StdoutLine: {'line': b'symbolically linking /home/matthieu/ros2_ws/build/web_control/web/stream/webrtc/.venv/lib/python3.12/site-packages/multidict/__pycache__/_compat.cpython-312.pyc -> /home/matthieu/ros2_ws/install/web_control/share/web_control/web/stream/webrtc/.venv/lib/python3.12/site-packages/multidict/__pycache__\n'}
[2.188958] (web_control) StdoutLine: {'line': b'symbolically linking /home/matthieu/ros2_ws/build/web_control/web/stream/webrtc/.venv/lib/python3.12/site-packages/multidict/__pycache__/__init__.cpython-312.pyc -> /home/matthieu/ros2_ws/install/web_control/share/web_control/web/stream/webrtc/.venv/lib/python3.12/site-packages/multidict/__pycache__\n'}
[2.189034] (web_control) StdoutLine: {'line': b'symbolically linking /home/matthieu/ros2_ws/build/web_control/web/stream/webrtc/.venv/lib/python3.12/site-packages/multidict/__pycache__/_multidict_py.cpython-312.pyc -> /home/matthieu/ros2_ws/install/web_control/share/web_control/web/stream/webrtc/.venv/lib/python3.12/site-packages/multidict/__pycache__\n'}
[2.189135] (web_control) StdoutLine: {'line': b'symbolically linking /home/matthieu/ros2_ws/build/web_control/web/stream/webrtc/.venv/lib/python3.12/site-packages/pyee/asyncio.py -> /home/matthieu/ros2_ws/install/web_control/share/web_control/web/stream/webrtc/.venv/lib/python3.12/site-packages/pyee\n'}
[2.189210] (web_control) StdoutLine: {'line': b'symbolically linking /home/matthieu/ros2_ws/build/web_control/web/stream/webrtc/.venv/lib/python3.12/site-packages/pyee/executor.py -> /home/matthieu/ros2_ws/install/web_control/share/web_control/web/stream/webrtc/.venv/lib/python3.12/site-packages/pyee\n'}
[2.189331] (web_control) StdoutLine: {'line': b'symbolically linking /home/matthieu/ros2_ws/build/web_control/web/stream/webrtc/.venv/lib/python3.12/site-packages/pyee/base.py -> /home/matthieu/ros2_ws/install/web_control/share/web_control/web/stream/webrtc/.venv/lib/python3.12/site-packages/pyee\n'}
[2.189443] (web_control) StdoutLine: {'line': b'symbolically linking /home/matthieu/ros2_ws/build/web_control/web/stream/webrtc/.venv/lib/python3.12/site-packages/pyee/twisted.py -> /home/matthieu/ros2_ws/install/web_control/share/web_control/web/stream/webrtc/.venv/lib/python3.12/site-packages/pyee\n'}
[2.189519] (web_control) StdoutLine: {'line': b'symbolically linking /home/matthieu/ros2_ws/build/web_control/web/stream/webrtc/.venv/lib/python3.12/site-packages/pyee/trio.py -> /home/matthieu/ros2_ws/install/web_control/share/web_control/web/stream/webrtc/.venv/lib/python3.12/site-packages/pyee\n'}
[2.189618] (web_control) StdoutLine: {'line': b'symbolically linking /home/matthieu/ros2_ws/build/web_control/web/stream/webrtc/.venv/lib/python3.12/site-packages/pyee/py.typed -> /home/matthieu/ros2_ws/install/web_control/share/web_control/web/stream/webrtc/.venv/lib/python3.12/site-packages/pyee\n'}
[2.189689] (web_control) StdoutLine: {'line': b'symbolically linking /home/matthieu/ros2_ws/build/web_control/web/stream/webrtc/.venv/lib/python3.12/site-packages/pyee/__init__.py -> /home/matthieu/ros2_ws/install/web_control/share/web_control/web/stream/webrtc/.venv/lib/python3.12/site-packages/pyee\n'}
[2.189762] (web_control) StdoutLine: {'line': b'symbolically linking /home/matthieu/ros2_ws/build/web_control/web/stream/webrtc/.venv/lib/python3.12/site-packages/pyee/cls.py -> /home/matthieu/ros2_ws/install/web_control/share/web_control/web/stream/webrtc/.venv/lib/python3.12/site-packages/pyee\n'}
[2.189854] (web_control) StdoutLine: {'line': b'symbolically linking /home/matthieu/ros2_ws/build/web_control/web/stream/webrtc/.venv/lib/python3.12/site-packages/pyee/uplift.py -> /home/matthieu/ros2_ws/install/web_control/share/web_control/web/stream/webrtc/.venv/lib/python3.12/site-packages/pyee\n'}
[2.189929] (web_control) StdoutLine: {'line': b'symbolically linking /home/matthieu/ros2_ws/build/web_control/web/stream/webrtc/.venv/lib/python3.12/site-packages/pyee/__pycache__/executor.cpython-312.pyc -> /home/matthieu/ros2_ws/install/web_control/share/web_control/web/stream/webrtc/.venv/lib/python3.12/site-packages/pyee/__pycache__\n'}
[2.190028] (web_control) StdoutLine: {'line': b'symbolically linking /home/matthieu/ros2_ws/build/web_control/web/stream/webrtc/.venv/lib/python3.12/site-packages/pyee/__pycache__/asyncio.cpython-312.pyc -> /home/matthieu/ros2_ws/install/web_control/share/web_control/web/stream/webrtc/.venv/lib/python3.12/site-packages/pyee/__pycache__\n'}
[2.190105] (web_control) StdoutLine: {'line': b'symbolically linking /home/matthieu/ros2_ws/build/web_control/web/stream/webrtc/.venv/lib/python3.12/site-packages/pyee/__pycache__/base.cpython-312.pyc -> /home/matthieu/ros2_ws/install/web_control/share/web_control/web/stream/webrtc/.venv/lib/python3.12/site-packages/pyee/__pycache__\n'}
[2.190204] (web_control) StdoutLine: {'line': b'symbolically linking /home/matthieu/ros2_ws/build/web_control/web/stream/webrtc/.venv/lib/python3.12/site-packages/pyee/__pycache__/cls.cpython-312.pyc -> /home/matthieu/ros2_ws/install/web_control/share/web_control/web/stream/webrtc/.venv/lib/python3.12/site-packages/pyee/__pycache__\n'}
[2.190345] (web_control) StdoutLine: {'line': b'symbolically linking /home/matthieu/ros2_ws/build/web_control/web/stream/webrtc/.venv/lib/python3.12/site-packages/pyee/__pycache__/uplift.cpython-312.pyc -> /home/matthieu/ros2_ws/install/web_control/share/web_control/web/stream/webrtc/.venv/lib/python3.12/site-packages/pyee/__pycache__\n'}
[2.190423] (web_control) StdoutLine: {'line': b'symbolically linking /home/matthieu/ros2_ws/build/web_control/web/stream/webrtc/.venv/lib/python3.12/site-packages/pyee/__pycache__/twisted.cpython-312.pyc -> /home/matthieu/ros2_ws/install/web_control/share/web_control/web/stream/webrtc/.venv/lib/python3.12/site-packages/pyee/__pycache__\n'}
[2.190552] (web_control) StdoutLine: {'line': b'symbolically linking /home/matthieu/ros2_ws/build/web_control/web/stream/webrtc/.venv/lib/python3.12/site-packages/pyee/__pycache__/__init__.cpython-312.pyc -> /home/matthieu/ros2_ws/install/web_control/share/web_control/web/stream/webrtc/.venv/lib/python3.12/site-packages/pyee/__pycache__\n'}
[2.190683] (web_control) StdoutLine: {'line': b'symbolically linking /home/matthieu/ros2_ws/build/web_control/web/stream/webrtc/.venv/lib/python3.12/site-packages/pyee/__pycache__/trio.cpython-312.pyc -> /home/matthieu/ros2_ws/install/web_control/share/web_control/web/stream/webrtc/.venv/lib/python3.12/site-packages/pyee/__pycache__\n'}
[2.190818] (web_control) StdoutLine: {'line': b'symbolically linking /home/matthieu/ros2_ws/build/web_control/web/stream/webrtc/.venv/lib/python3.12/site-packages/pyee-13.0.0.dist-info/LICENSE -> /home/matthieu/ros2_ws/install/web_control/share/web_control/web/stream/webrtc/.venv/lib/python3.12/site-packages/pyee-13.0.0.dist-info\n'}
[2.190931] (web_control) StdoutLine: {'line': b'symbolically linking /home/matthieu/ros2_ws/build/web_control/web/stream/webrtc/.venv/lib/python3.12/site-packages/pyee-13.0.0.dist-info/WHEEL -> /home/matthieu/ros2_ws/install/web_control/share/web_control/web/stream/webrtc/.venv/lib/python3.12/site-packages/pyee-13.0.0.dist-info\n'}
[2.191009] (web_control) StdoutLine: {'line': b'symbolically linking /home/matthieu/ros2_ws/build/web_control/web/stream/webrtc/.venv/lib/python3.12/site-packages/pyee-13.0.0.dist-info/RECORD -> /home/matthieu/ros2_ws/install/web_control/share/web_control/web/stream/webrtc/.venv/lib/python3.12/site-packages/pyee-13.0.0.dist-info\n'}
[2.191085] (web_control) StdoutLine: {'line': b'symbolically linking /home/matthieu/ros2_ws/build/web_control/web/stream/webrtc/.venv/lib/python3.12/site-packages/pyee-13.0.0.dist-info/INSTALLER -> /home/matthieu/ros2_ws/install/web_control/share/web_control/web/stream/webrtc/.venv/lib/python3.12/site-packages/pyee-13.0.0.dist-info\n'}
[2.191188] (web_control) StdoutLine: {'line': b'symbolically linking /home/matthieu/ros2_ws/build/web_control/web/stream/webrtc/.venv/lib/python3.12/site-packages/pyee-13.0.0.dist-info/top_level.txt -> /home/matthieu/ros2_ws/install/web_control/share/web_control/web/stream/webrtc/.venv/lib/python3.12/site-packages/pyee-13.0.0.dist-info\n'}
[2.191331] (web_control) StdoutLine: {'line': b'symbolically linking /home/matthieu/ros2_ws/build/web_control/web/stream/webrtc/.venv/lib/python3.12/site-packages/pyee-13.0.0.dist-info/METADATA -> /home/matthieu/ros2_ws/install/web_control/share/web_control/web/stream/webrtc/.venv/lib/python3.12/site-packages/pyee-13.0.0.dist-info\n'}
[2.191412] (web_control) StdoutLine: {'line': b'symbolically linking /home/matthieu/ros2_ws/build/web_control/web/stream/webrtc/.venv/lib/python3.12/site-packages/pyopenssl-25.3.0.dist-info/WHEEL -> /home/matthieu/ros2_ws/install/web_control/share/web_control/web/stream/webrtc/.venv/lib/python3.12/site-packages/pyopenssl-25.3.0.dist-info\n'}
[2.191524] (web_control) StdoutLine: {'line': b'symbolically linking /home/matthieu/ros2_ws/build/web_control/web/stream/webrtc/.venv/lib/python3.12/site-packages/pyopenssl-25.3.0.dist-info/RECORD -> /home/matthieu/ros2_ws/install/web_control/share/web_control/web/stream/webrtc/.venv/lib/python3.12/site-packages/pyopenssl-25.3.0.dist-info\n'}
[2.191603] (web_control) StdoutLine: {'line': b'symbolically linking /home/matthieu/ros2_ws/build/web_control/web/stream/webrtc/.venv/lib/python3.12/site-packages/pyopenssl-25.3.0.dist-info/INSTALLER -> /home/matthieu/ros2_ws/install/web_control/share/web_control/web/stream/webrtc/.venv/lib/python3.12/site-packages/pyopenssl-25.3.0.dist-info\n'}
[2.191710] (web_control) StdoutLine: {'line': b'symbolically linking /home/matthieu/ros2_ws/build/web_control/web/stream/webrtc/.venv/lib/python3.12/site-packages/pyopenssl-25.3.0.dist-info/top_level.txt -> /home/matthieu/ros2_ws/install/web_control/share/web_control/web/stream/webrtc/.venv/lib/python3.12/site-packages/pyopenssl-25.3.0.dist-info\n'}
[2.191790] (web_control) StdoutLine: {'line': b'symbolically linking /home/matthieu/ros2_ws/build/web_control/web/stream/webrtc/.venv/lib/python3.12/site-packages/pyopenssl-25.3.0.dist-info/METADATA -> /home/matthieu/ros2_ws/install/web_control/share/web_control/web/stream/webrtc/.venv/lib/python3.12/site-packages/pyopenssl-25.3.0.dist-info\n'}
[2.191915] (web_control) StdoutLine: {'line': b'symbolically linking /home/matthieu/ros2_ws/build/web_control/web/stream/webrtc/.venv/lib/python3.12/site-packages/pyopenssl-25.3.0.dist-info/licenses/LICENSE -> /home/matthieu/ros2_ws/install/web_control/share/web_control/web/stream/webrtc/.venv/lib/python3.12/site-packages/pyopenssl-25.3.0.dist-info/licenses\n'}
[2.191995] (web_control) StdoutLine: {'line': b'symbolically linking /home/matthieu/ros2_ws/build/web_control/web/stream/webrtc/.venv/lib/python3.12/site-packages/aioice-0.10.2.dist-info/WHEEL -> /home/matthieu/ros2_ws/install/web_control/share/web_control/web/stream/webrtc/.venv/lib/python3.12/site-packages/aioice-0.10.2.dist-info\n'}
[2.192110] (web_control) StdoutLine: {'line': b'symbolically linking /home/matthieu/ros2_ws/build/web_control/web/stream/webrtc/.venv/lib/python3.12/site-packages/aioice-0.10.2.dist-info/RECORD -> /home/matthieu/ros2_ws/install/web_control/share/web_control/web/stream/webrtc/.venv/lib/python3.12/site-packages/aioice-0.10.2.dist-info\n'}
[2.192192] (web_control) StdoutLine: {'line': b'symbolically linking /home/matthieu/ros2_ws/build/web_control/web/stream/webrtc/.venv/lib/python3.12/site-packages/aioice-0.10.2.dist-info/INSTALLER -> /home/matthieu/ros2_ws/install/web_control/share/web_control/web/stream/webrtc/.venv/lib/python3.12/site-packages/aioice-0.10.2.dist-info\n'}
[2.192314] (web_control) StdoutLine: {'line': b'symbolically linking /home/matthieu/ros2_ws/build/web_control/web/stream/webrtc/.venv/lib/python3.12/site-packages/aioice-0.10.2.dist-info/top_level.txt -> /home/matthieu/ros2_ws/install/web_control/share/web_control/web/stream/webrtc/.venv/lib/python3.12/site-packages/aioice-0.10.2.dist-info\n'}
[2.192400] (web_control) StdoutLine: {'line': b'symbolically linking /home/matthieu/ros2_ws/build/web_control/web/stream/webrtc/.venv/lib/python3.12/site-packages/aioice-0.10.2.dist-info/METADATA -> /home/matthieu/ros2_ws/install/web_control/share/web_control/web/stream/webrtc/.venv/lib/python3.12/site-packages/aioice-0.10.2.dist-info\n'}
[2.192503] (web_control) StdoutLine: {'line': b'symbolically linking /home/matthieu/ros2_ws/build/web_control/web/stream/webrtc/.venv/lib/python3.12/site-packages/aioice-0.10.2.dist-info/licenses/LICENSE -> /home/matthieu/ros2_ws/install/web_control/share/web_control/web/stream/webrtc/.venv/lib/python3.12/site-packages/aioice-0.10.2.dist-info/licenses\n'}
[2.192577] (web_control) StdoutLine: {'line': b'symbolically linking /home/matthieu/ros2_ws/build/web_control/web/stream/webrtc/.venv/lib/python3.12/site-packages/pylibsrtp/py.typed -> /home/matthieu/ros2_ws/install/web_control/share/web_control/web/stream/webrtc/.venv/lib/python3.12/site-packages/pylibsrtp\n'}
[2.192679] (web_control) StdoutLine: {'line': b'symbolically linking /home/matthieu/ros2_ws/build/web_control/web/stream/webrtc/.venv/lib/python3.12/site-packages/pylibsrtp/_binding.abi3.so -> /home/matthieu/ros2_ws/install/web_control/share/web_control/web/stream/webrtc/.venv/lib/python3.12/site-packages/pylibsrtp\n'}
[2.192752] (web_control) StdoutLine: {'line': b'symbolically linking /home/matthieu/ros2_ws/build/web_control/web/stream/webrtc/.venv/lib/python3.12/site-packages/pylibsrtp/__init__.py -> /home/matthieu/ros2_ws/install/web_control/share/web_control/web/stream/webrtc/.venv/lib/python3.12/site-packages/pylibsrtp\n'}
[2.192823] (web_control) StdoutLine: {'line': b'symbolically linking /home/matthieu/ros2_ws/build/web_control/web/stream/webrtc/.venv/lib/python3.12/site-packages/pylibsrtp/__pycache__/__init__.cpython-312.pyc -> /home/matthieu/ros2_ws/install/web_control/share/web_control/web/stream/webrtc/.venv/lib/python3.12/site-packages/pylibsrtp/__pycache__\n'}
[2.192895] (web_control) StdoutLine: {'line': b'symbolically linking /home/matthieu/ros2_ws/build/web_control/web/stream/webrtc/.venv/lib/python3.12/site-packages/pycparser/ast_transforms.py -> /home/matthieu/ros2_ws/install/web_control/share/web_control/web/stream/webrtc/.venv/lib/python3.12/site-packages/pycparser\n'}
[2.192995] (web_control) StdoutLine: {'line': b'symbolically linking /home/matthieu/ros2_ws/build/web_control/web/stream/webrtc/.venv/lib/python3.12/site-packages/pycparser/c_generator.py -> /home/matthieu/ros2_ws/install/web_control/share/web_control/web/stream/webrtc/.venv/lib/python3.12/site-packages/pycparser\n'}
[2.193068] (web_control) StdoutLine: {'line': b'symbolically linking /home/matthieu/ros2_ws/build/web_control/web/stream/webrtc/.venv/lib/python3.12/site-packages/pycparser/_ast_gen.py -> /home/matthieu/ros2_ws/install/web_control/share/web_control/web/stream/webrtc/.venv/lib/python3.12/site-packages/pycparser\n'}
[2.193178] (web_control) StdoutLine: {'line': b'symbolically linking /home/matthieu/ros2_ws/build/web_control/web/stream/webrtc/.venv/lib/python3.12/site-packages/pycparser/c_lexer.py -> /home/matthieu/ros2_ws/install/web_control/share/web_control/web/stream/webrtc/.venv/lib/python3.12/site-packages/pycparser\n'}
[2.193257] (web_control) StdoutLine: {'line': b'symbolically linking /home/matthieu/ros2_ws/build/web_control/web/stream/webrtc/.venv/lib/python3.12/site-packages/pycparser/_c_ast.cfg -> /home/matthieu/ros2_ws/install/web_control/share/web_control/web/stream/webrtc/.venv/lib/python3.12/site-packages/pycparser\n'}
[2.193331] (web_control) StdoutLine: {'line': b'symbolically linking /home/matthieu/ros2_ws/build/web_control/web/stream/webrtc/.venv/lib/python3.12/site-packages/pycparser/c_ast.py -> /home/matthieu/ros2_ws/install/web_control/share/web_control/web/stream/webrtc/.venv/lib/python3.12/site-packages/pycparser\n'}
[2.193412] (web_control) StdoutLine: {'line': b'symbolically linking /home/matthieu/ros2_ws/build/web_control/web/stream/webrtc/.venv/lib/python3.12/site-packages/pycparser/c_parser.py -> /home/matthieu/ros2_ws/install/web_control/share/web_control/web/stream/webrtc/.venv/lib/python3.12/site-packages/pycparser\n'}
[2.193507] (web_control) StdoutLine: {'line': b'symbolically linking /home/matthieu/ros2_ws/build/web_control/web/stream/webrtc/.venv/lib/python3.12/site-packages/pycparser/__init__.py -> /home/matthieu/ros2_ws/install/web_control/share/web_control/web/stream/webrtc/.venv/lib/python3.12/site-packages/pycparser\n'}
[2.193579] (web_control) StdoutLine: {'line': b'symbolically linking /home/matthieu/ros2_ws/build/web_control/web/stream/webrtc/.venv/lib/python3.12/site-packages/pycparser/__pycache__/c_parser.cpython-312.pyc -> /home/matthieu/ros2_ws/install/web_control/share/web_control/web/stream/webrtc/.venv/lib/python3.12/site-packages/pycparser/__pycache__\n'}
[2.193651] (web_control) StdoutLine: {'line': b'symbolically linking /home/matthieu/ros2_ws/build/web_control/web/stream/webrtc/.venv/lib/python3.12/site-packages/pycparser/__pycache__/c_ast.cpython-312.pyc -> /home/matthieu/ros2_ws/install/web_control/share/web_control/web/stream/webrtc/.venv/lib/python3.12/site-packages/pycparser/__pycache__\n'}
[2.193741] (web_control) StdoutLine: {'line': b'symbolically linking /home/matthieu/ros2_ws/build/web_control/web/stream/webrtc/.venv/lib/python3.12/site-packages/pycparser/__pycache__/c_generator.cpython-312.pyc -> /home/matthieu/ros2_ws/install/web_control/share/web_control/web/stream/webrtc/.venv/lib/python3.12/site-packages/pycparser/__pycache__\n'}
[2.193838] (web_control) StdoutLine: {'line': b'symbolically linking /home/matthieu/ros2_ws/build/web_control/web/stream/webrtc/.venv/lib/python3.12/site-packages/pycparser/__pycache__/ast_transforms.cpython-312.pyc -> /home/matthieu/ros2_ws/install/web_control/share/web_control/web/stream/webrtc/.venv/lib/python3.12/site-packages/pycparser/__pycache__\n'}
[2.193912] (web_control) StdoutLine: {'line': b'symbolically linking /home/matthieu/ros2_ws/build/web_control/web/stream/webrtc/.venv/lib/python3.12/site-packages/pycparser/__pycache__/c_lexer.cpython-312.pyc -> /home/matthieu/ros2_ws/install/web_control/share/web_control/web/stream/webrtc/.venv/lib/python3.12/site-packages/pycparser/__pycache__\n'}
[2.194003] (web_control) StdoutLine: {'line': b'symbolically linking /home/matthieu/ros2_ws/build/web_control/web/stream/webrtc/.venv/lib/python3.12/site-packages/pycparser/__pycache__/__init__.cpython-312.pyc -> /home/matthieu/ros2_ws/install/web_control/share/web_control/web/stream/webrtc/.venv/lib/python3.12/site-packages/pycparser/__pycache__\n'}
[2.194078] (web_control) StdoutLine: {'line': b'symbolically linking /home/matthieu/ros2_ws/build/web_control/web/stream/webrtc/.venv/lib/python3.12/site-packages/pycparser/__pycache__/_ast_gen.cpython-312.pyc -> /home/matthieu/ros2_ws/install/web_control/share/web_control/web/stream/webrtc/.venv/lib/python3.12/site-packages/pycparser/__pycache__\n'}
[2.194183] (web_control) StdoutLine: {'line': b'symbolically linking /home/matthieu/ros2_ws/build/web_control/web/stream/webrtc/.venv/lib/python3.12/site-packages/pycparser-3.0.dist-info/WHEEL -> /home/matthieu/ros2_ws/install/web_control/share/web_control/web/stream/webrtc/.venv/lib/python3.12/site-packages/pycparser-3.0.dist-info\n'}
[2.194268] (web_control) StdoutLine: {'line': b'symbolically linking /home/matthieu/ros2_ws/build/web_control/web/stream/webrtc/.venv/lib/python3.12/site-packages/pycparser-3.0.dist-info/RECORD -> /home/matthieu/ros2_ws/install/web_control/share/web_control/web/stream/webrtc/.venv/lib/python3.12/site-packages/pycparser-3.0.dist-info\n'}
[2.194376] (web_control) StdoutLine: {'line': b'symbolically linking /home/matthieu/ros2_ws/build/web_control/web/stream/webrtc/.venv/lib/python3.12/site-packages/pycparser-3.0.dist-info/INSTALLER -> /home/matthieu/ros2_ws/install/web_control/share/web_control/web/stream/webrtc/.venv/lib/python3.12/site-packages/pycparser-3.0.dist-info\n'}
[2.194450] (web_control) StdoutLine: {'line': b'symbolically linking /home/matthieu/ros2_ws/build/web_control/web/stream/webrtc/.venv/lib/python3.12/site-packages/pycparser-3.0.dist-info/top_level.txt -> /home/matthieu/ros2_ws/install/web_control/share/web_control/web/stream/webrtc/.venv/lib/python3.12/site-packages/pycparser-3.0.dist-info\n'}
[2.194524] (web_control) StdoutLine: {'line': b'symbolically linking /home/matthieu/ros2_ws/build/web_control/web/stream/webrtc/.venv/lib/python3.12/site-packages/pycparser-3.0.dist-info/METADATA -> /home/matthieu/ros2_ws/install/web_control/share/web_control/web/stream/webrtc/.venv/lib/python3.12/site-packages/pycparser-3.0.dist-info\n'}
[2.194620] (web_control) StdoutLine: {'line': b'symbolically linking /home/matthieu/ros2_ws/build/web_control/web/stream/webrtc/.venv/lib/python3.12/site-packages/pycparser-3.0.dist-info/licenses/LICENSE -> /home/matthieu/ros2_ws/install/web_control/share/web_control/web/stream/webrtc/.venv/lib/python3.12/site-packages/pycparser-3.0.dist-info/licenses\n'}
[2.194697] (web_control) StdoutLine: {'line': b'symbolically linking /home/matthieu/ros2_ws/build/web_control/web/stream/webrtc/.venv/lib/python3.12/site-packages/aiohttp-3.9.5.dist-info/WHEEL -> /home/matthieu/ros2_ws/install/web_control/share/web_control/web/stream/webrtc/.venv/lib/python3.12/site-packages/aiohttp-3.9.5.dist-info\n'}
[2.194772] (web_control) StdoutLine: {'line': b'symbolically linking /home/matthieu/ros2_ws/build/web_control/web/stream/webrtc/.venv/lib/python3.12/site-packages/aiohttp-3.9.5.dist-info/RECORD -> /home/matthieu/ros2_ws/install/web_control/share/web_control/web/stream/webrtc/.venv/lib/python3.12/site-packages/aiohttp-3.9.5.dist-info\n'}
[2.194879] (web_control) StdoutLine: {'line': b'symbolically linking /home/matthieu/ros2_ws/build/web_control/web/stream/webrtc/.venv/lib/python3.12/site-packages/aiohttp-3.9.5.dist-info/REQUESTED -> /home/matthieu/ros2_ws/install/web_control/share/web_control/web/stream/webrtc/.venv/lib/python3.12/site-packages/aiohttp-3.9.5.dist-info\n'}
[2.194955] (web_control) StdoutLine: {'line': b'symbolically linking /home/matthieu/ros2_ws/build/web_control/web/stream/webrtc/.venv/lib/python3.12/site-packages/aiohttp-3.9.5.dist-info/INSTALLER -> /home/matthieu/ros2_ws/install/web_control/share/web_control/web/stream/webrtc/.venv/lib/python3.12/site-packages/aiohttp-3.9.5.dist-info\n'}
[2.195048] (web_control) StdoutLine: {'line': b'symbolically linking /home/matthieu/ros2_ws/build/web_control/web/stream/webrtc/.venv/lib/python3.12/site-packages/aiohttp-3.9.5.dist-info/LICENSE.txt -> /home/matthieu/ros2_ws/install/web_control/share/web_control/web/stream/webrtc/.venv/lib/python3.12/site-packages/aiohttp-3.9.5.dist-info\n'}
[2.195124] (web_control) StdoutLine: {'line': b'symbolically linking /home/matthieu/ros2_ws/build/web_control/web/stream/webrtc/.venv/lib/python3.12/site-packages/aiohttp-3.9.5.dist-info/top_level.txt -> /home/matthieu/ros2_ws/install/web_control/share/web_control/web/stream/webrtc/.venv/lib/python3.12/site-packages/aiohttp-3.9.5.dist-info\n'}
[2.195227] (web_control) StdoutLine: {'line': b'symbolically linking /home/matthieu/ros2_ws/build/web_control/web/stream/webrtc/.venv/lib/python3.12/site-packages/aiohttp-3.9.5.dist-info/METADATA -> /home/matthieu/ros2_ws/install/web_control/share/web_control/web/stream/webrtc/.venv/lib/python3.12/site-packages/aiohttp-3.9.5.dist-info\n'}
[2.195329] (web_control) StdoutLine: {'line': b'symbolically linking /home/matthieu/ros2_ws/build/web_control/web/stream/webrtc/.venv/lib/python3.12/site-packages/multidict-6.7.1.dist-info/WHEEL -> /home/matthieu/ros2_ws/install/web_control/share/web_control/web/stream/webrtc/.venv/lib/python3.12/site-packages/multidict-6.7.1.dist-info\n'}
[2.195408] (web_control) StdoutLine: {'line': b'symbolically linking /home/matthieu/ros2_ws/build/web_control/web/stream/webrtc/.venv/lib/python3.12/site-packages/multidict-6.7.1.dist-info/RECORD -> /home/matthieu/ros2_ws/install/web_control/share/web_control/web/stream/webrtc/.venv/lib/python3.12/site-packages/multidict-6.7.1.dist-info\n'}
[2.195508] (web_control) StdoutLine: {'line': b'symbolically linking /home/matthieu/ros2_ws/build/web_control/web/stream/webrtc/.venv/lib/python3.12/site-packages/multidict-6.7.1.dist-info/INSTALLER -> /home/matthieu/ros2_ws/install/web_control/share/web_control/web/stream/webrtc/.venv/lib/python3.12/site-packages/multidict-6.7.1.dist-info\n'}
[2.195590] (web_control) StdoutLine: {'line': b'symbolically linking /home/matthieu/ros2_ws/build/web_control/web/stream/webrtc/.venv/lib/python3.12/site-packages/multidict-6.7.1.dist-info/top_level.txt -> /home/matthieu/ros2_ws/install/web_control/share/web_control/web/stream/webrtc/.venv/lib/python3.12/site-packages/multidict-6.7.1.dist-info\n'}
[2.195664] (web_control) StdoutLine: {'line': b'symbolically linking /home/matthieu/ros2_ws/build/web_control/web/stream/webrtc/.venv/lib/python3.12/site-packages/multidict-6.7.1.dist-info/METADATA -> /home/matthieu/ros2_ws/install/web_control/share/web_control/web/stream/webrtc/.venv/lib/python3.12/site-packages/multidict-6.7.1.dist-info\n'}
[2.195764] (web_control) StdoutLine: {'line': b'symbolically linking /home/matthieu/ros2_ws/build/web_control/web/stream/webrtc/.venv/lib/python3.12/site-packages/multidict-6.7.1.dist-info/licenses/LICENSE -> /home/matthieu/ros2_ws/install/web_control/share/web_control/web/stream/webrtc/.venv/lib/python3.12/site-packages/multidict-6.7.1.dist-info/licenses\n'}
[2.195840] (web_control) StdoutLine: {'line': b'symbolically linking /home/matthieu/ros2_ws/build/web_control/web/stream/webrtc/.venv/lib/python3.12/site-packages/ifaddr/netifaces.py -> /home/matthieu/ros2_ws/install/web_control/share/web_control/web/stream/webrtc/.venv/lib/python3.12/site-packages/ifaddr\n'}
[2.195916] (web_control) StdoutLine: {'line': b'symbolically linking /home/matthieu/ros2_ws/build/web_control/web/stream/webrtc/.venv/lib/python3.12/site-packages/ifaddr/_shared.py -> /home/matthieu/ros2_ws/install/web_control/share/web_control/web/stream/webrtc/.venv/lib/python3.12/site-packages/ifaddr\n'}
[2.196015] (web_control) StdoutLine: {'line': b'symbolically linking /home/matthieu/ros2_ws/build/web_control/web/stream/webrtc/.venv/lib/python3.12/site-packages/ifaddr/test_ifaddr.py -> /home/matthieu/ros2_ws/install/web_control/share/web_control/web/stream/webrtc/.venv/lib/python3.12/site-packages/ifaddr\n'}
[2.196093] (web_control) StdoutLine: {'line': b'symbolically linking /home/matthieu/ros2_ws/build/web_control/web/stream/webrtc/.venv/lib/python3.12/site-packages/ifaddr/py.typed -> /home/matthieu/ros2_ws/install/web_control/share/web_control/web/stream/webrtc/.venv/lib/python3.12/site-packages/ifaddr\n'}
[2.196168] (web_control) StdoutLine: {'line': b'symbolically linking /home/matthieu/ros2_ws/build/web_control/web/stream/webrtc/.venv/lib/python3.12/site-packages/ifaddr/_win32.py -> /home/matthieu/ros2_ws/install/web_control/share/web_control/web/stream/webrtc/.venv/lib/python3.12/site-packages/ifaddr\n'}
[2.196274] (web_control) StdoutLine: {'line': b'symbolically linking /home/matthieu/ros2_ws/build/web_control/web/stream/webrtc/.venv/lib/python3.12/site-packages/ifaddr/_posix.py -> /home/matthieu/ros2_ws/install/web_control/share/web_control/web/stream/webrtc/.venv/lib/python3.12/site-packages/ifaddr\n'}
[2.196376] (web_control) StdoutLine: {'line': b'symbolically linking /home/matthieu/ros2_ws/build/web_control/web/stream/webrtc/.venv/lib/python3.12/site-packages/ifaddr/__init__.py -> /home/matthieu/ros2_ws/install/web_control/share/web_control/web/stream/webrtc/.venv/lib/python3.12/site-packages/ifaddr\n'}
[2.196449] (web_control) StdoutLine: {'line': b'symbolically linking /home/matthieu/ros2_ws/build/web_control/web/stream/webrtc/.venv/lib/python3.12/site-packages/ifaddr/__pycache__/test_ifaddr.cpython-312.pyc -> /home/matthieu/ros2_ws/install/web_control/share/web_control/web/stream/webrtc/.venv/lib/python3.12/site-packages/ifaddr/__pycache__\n'}
[2.196562] (web_control) StdoutLine: {'line': b'symbolically linking /home/matthieu/ros2_ws/build/web_control/web/stream/webrtc/.venv/lib/python3.12/site-packages/ifaddr/__pycache__/netifaces.cpython-312.pyc -> /home/matthieu/ros2_ws/install/web_control/share/web_control/web/stream/webrtc/.venv/lib/python3.12/site-packages/ifaddr/__pycache__\n'}
[2.196642] (web_control) StdoutLine: {'line': b'symbolically linking /home/matthieu/ros2_ws/build/web_control/web/stream/webrtc/.venv/lib/python3.12/site-packages/ifaddr/__pycache__/_shared.cpython-312.pyc -> /home/matthieu/ros2_ws/install/web_control/share/web_control/web/stream/webrtc/.venv/lib/python3.12/site-packages/ifaddr/__pycache__\n'}
[2.196721] (web_control) StdoutLine: {'line': b'symbolically linking /home/matthieu/ros2_ws/build/web_control/web/stream/webrtc/.venv/lib/python3.12/site-packages/ifaddr/__pycache__/_win32.cpython-312.pyc -> /home/matthieu/ros2_ws/install/web_control/share/web_control/web/stream/webrtc/.venv/lib/python3.12/site-packages/ifaddr/__pycache__\n'}
[2.196830] (web_control) StdoutLine: {'line': b'symbolically linking /home/matthieu/ros2_ws/build/web_control/web/stream/webrtc/.venv/lib/python3.12/site-packages/ifaddr/__pycache__/__init__.cpython-312.pyc -> /home/matthieu/ros2_ws/install/web_control/share/web_control/web/stream/webrtc/.venv/lib/python3.12/site-packages/ifaddr/__pycache__\n'}
[2.196953] (web_control) StdoutLine: {'line': b'symbolically linking /home/matthieu/ros2_ws/build/web_control/web/stream/webrtc/.venv/lib/python3.12/site-packages/ifaddr/__pycache__/_posix.cpython-312.pyc -> /home/matthieu/ros2_ws/install/web_control/share/web_control/web/stream/webrtc/.venv/lib/python3.12/site-packages/ifaddr/__pycache__\n'}
[2.197031] (web_control) StdoutLine: {'line': b'symbolically linking /home/matthieu/ros2_ws/build/web_control/web/stream/webrtc/.venv/lib/python3.12/site-packages/yarl/_url.py -> /home/matthieu/ros2_ws/install/web_control/share/web_control/web/stream/webrtc/.venv/lib/python3.12/site-packages/yarl\n'}
[2.197135] (web_control) StdoutLine: {'line': b'symbolically linking /home/matthieu/ros2_ws/build/web_control/web/stream/webrtc/.venv/lib/python3.12/site-packages/yarl/_quoting_c.cpython-312-x86_64-linux-gnu.so -> /home/matthieu/ros2_ws/install/web_control/share/web_control/web/stream/webrtc/.venv/lib/python3.12/site-packages/yarl\n'}
[2.197216] (web_control) StdoutLine: {'line': b'symbolically linking /home/matthieu/ros2_ws/build/web_control/web/stream/webrtc/.venv/lib/python3.12/site-packages/yarl/_parse.py -> /home/matthieu/ros2_ws/install/web_control/share/web_control/web/stream/webrtc/.venv/lib/python3.12/site-packages/yarl\n'}
[2.197338] (web_control) StdoutLine: {'line': b'symbolically linking /home/matthieu/ros2_ws/build/web_control/web/stream/webrtc/.venv/lib/python3.12/site-packages/yarl/_quoting_py.py -> /home/matthieu/ros2_ws/install/web_control/share/web_control/web/stream/webrtc/.venv/lib/python3.12/site-packages/yarl\n'}
[2.197418] (web_control) StdoutLine: {'line': b'symbolically linking /home/matthieu/ros2_ws/build/web_control/web/stream/webrtc/.venv/lib/python3.12/site-packages/yarl/py.typed -> /home/matthieu/ros2_ws/install/web_control/share/web_control/web/stream/webrtc/.venv/lib/python3.12/site-packages/yarl\n'}
[2.197525] (web_control) StdoutLine: {'line': b'symbolically linking /home/matthieu/ros2_ws/build/web_control/web/stream/webrtc/.venv/lib/python3.12/site-packages/yarl/_quoting_c.pyx -> /home/matthieu/ros2_ws/install/web_control/share/web_control/web/stream/webrtc/.venv/lib/python3.12/site-packages/yarl\n'}
[2.197602] (web_control) StdoutLine: {'line': b'symbolically linking /home/matthieu/ros2_ws/build/web_control/web/stream/webrtc/.venv/lib/python3.12/site-packages/yarl/_path.py -> /home/matthieu/ros2_ws/install/web_control/share/web_control/web/stream/webrtc/.venv/lib/python3.12/site-packages/yarl\n'}
[2.197691] (web_control) StdoutLine: {'line': b'symbolically linking /home/matthieu/ros2_ws/build/web_control/web/stream/webrtc/.venv/lib/python3.12/site-packages/yarl/_quoting.py -> /home/matthieu/ros2_ws/install/web_control/share/web_control/web/stream/webrtc/.venv/lib/python3.12/site-packages/yarl\n'}
[2.197779] (web_control) StdoutLine: {'line': b'symbolically linking /home/matthieu/ros2_ws/build/web_control/web/stream/webrtc/.venv/lib/python3.12/site-packages/yarl/_query.py -> /home/matthieu/ros2_ws/install/web_control/share/web_control/web/stream/webrtc/.venv/lib/python3.12/site-packages/yarl\n'}
[2.197858] (web_control) StdoutLine: {'line': b'symbolically linking /home/matthieu/ros2_ws/build/web_control/web/stream/webrtc/.venv/lib/python3.12/site-packages/yarl/__init__.py -> /home/matthieu/ros2_ws/install/web_control/share/web_control/web/stream/webrtc/.venv/lib/python3.12/site-packages/yarl\n'}
[2.197955] (web_control) StdoutLine: {'line': b'symbolically linking /home/matthieu/ros2_ws/build/web_control/web/stream/webrtc/.venv/lib/python3.12/site-packages/yarl/_quoters.py -> /home/matthieu/ros2_ws/install/web_control/share/web_control/web/stream/webrtc/.venv/lib/python3.12/site-packages/yarl\n'}
[2.198029] (web_control) StdoutLine: {'line': b'symbolically linking /home/matthieu/ros2_ws/build/web_control/web/stream/webrtc/.venv/lib/python3.12/site-packages/yarl/__pycache__/_quoting_py.cpython-312.pyc -> /home/matthieu/ros2_ws/install/web_control/share/web_control/web/stream/webrtc/.venv/lib/python3.12/site-packages/yarl/__pycache__\n'}
[2.198124] (web_control) StdoutLine: {'line': b'symbolically linking /home/matthieu/ros2_ws/build/web_control/web/stream/webrtc/.venv/lib/python3.12/site-packages/yarl/__pycache__/_quoters.cpython-312.pyc -> /home/matthieu/ros2_ws/install/web_control/share/web_control/web/stream/webrtc/.venv/lib/python3.12/site-packages/yarl/__pycache__\n'}
[2.198198] (web_control) StdoutLine: {'line': b'symbolically linking /home/matthieu/ros2_ws/build/web_control/web/stream/webrtc/.venv/lib/python3.12/site-packages/yarl/__pycache__/_quoting.cpython-312.pyc -> /home/matthieu/ros2_ws/install/web_control/share/web_control/web/stream/webrtc/.venv/lib/python3.12/site-packages/yarl/__pycache__\n'}
[2.198306] (web_control) StdoutLine: {'line': b'symbolically linking /home/matthieu/ros2_ws/build/web_control/web/stream/webrtc/.venv/lib/python3.12/site-packages/yarl/__pycache__/_url.cpython-312.pyc -> /home/matthieu/ros2_ws/install/web_control/share/web_control/web/stream/webrtc/.venv/lib/python3.12/site-packages/yarl/__pycache__\n'}
[2.198420] (web_control) StdoutLine: {'line': b'symbolically linking /home/matthieu/ros2_ws/build/web_control/web/stream/webrtc/.venv/lib/python3.12/site-packages/yarl/__pycache__/_query.cpython-312.pyc -> /home/matthieu/ros2_ws/install/web_control/share/web_control/web/stream/webrtc/.venv/lib/python3.12/site-packages/yarl/__pycache__\n'}
[2.198509] (web_control) StdoutLine: {'line': b'symbolically linking /home/matthieu/ros2_ws/build/web_control/web/stream/webrtc/.venv/lib/python3.12/site-packages/yarl/__pycache__/_path.cpython-312.pyc -> /home/matthieu/ros2_ws/install/web_control/share/web_control/web/stream/webrtc/.venv/lib/python3.12/site-packages/yarl/__pycache__\n'}
[2.198582] (web_control) StdoutLine: {'line': b'symbolically linking /home/matthieu/ros2_ws/build/web_control/web/stream/webrtc/.venv/lib/python3.12/site-packages/yarl/__pycache__/_parse.cpython-312.pyc -> /home/matthieu/ros2_ws/install/web_control/share/web_control/web/stream/webrtc/.venv/lib/python3.12/site-packages/yarl/__pycache__\n'}
[2.198680] (web_control) StdoutLine: {'line': b'symbolically linking /home/matthieu/ros2_ws/build/web_control/web/stream/webrtc/.venv/lib/python3.12/site-packages/yarl/__pycache__/__init__.cpython-312.pyc -> /home/matthieu/ros2_ws/install/web_control/share/web_control/web/stream/webrtc/.venv/lib/python3.12/site-packages/yarl/__pycache__\n'}
[2.198753] (web_control) StdoutLine: {'line': b'symbolically linking /home/matthieu/ros2_ws/build/web_control/web/stream/webrtc/.venv/lib/python3.12/site-packages/google_crc32c.libs/libcrc32c-7ebc40c5.so.1.1.0 -> /home/matthieu/ros2_ws/install/web_control/share/web_control/web/stream/webrtc/.venv/lib/python3.12/site-packages/google_crc32c.libs\n'}
[2.198849] (web_control) StdoutLine: {'line': b'symbolically linking /home/matthieu/ros2_ws/build/web_control/web/stream/webrtc/.venv/lib/python3.12/site-packages/propcache-0.4.1.dist-info/WHEEL -> /home/matthieu/ros2_ws/install/web_control/share/web_control/web/stream/webrtc/.venv/lib/python3.12/site-packages/propcache-0.4.1.dist-info\n'}
[2.198924] (web_control) StdoutLine: {'line': b'symbolically linking /home/matthieu/ros2_ws/build/web_control/web/stream/webrtc/.venv/lib/python3.12/site-packages/propcache-0.4.1.dist-info/RECORD -> /home/matthieu/ros2_ws/install/web_control/share/web_control/web/stream/webrtc/.venv/lib/python3.12/site-packages/propcache-0.4.1.dist-info\n'}
[2.199019] (web_control) StdoutLine: {'line': b'symbolically linking /home/matthieu/ros2_ws/build/web_control/web/stream/webrtc/.venv/lib/python3.12/site-packages/propcache-0.4.1.dist-info/INSTALLER -> /home/matthieu/ros2_ws/install/web_control/share/web_control/web/stream/webrtc/.venv/lib/python3.12/site-packages/propcache-0.4.1.dist-info\n'}
[2.199092] (web_control) StdoutLine: {'line': b'symbolically linking /home/matthieu/ros2_ws/build/web_control/web/stream/webrtc/.venv/lib/python3.12/site-packages/propcache-0.4.1.dist-info/top_level.txt -> /home/matthieu/ros2_ws/install/web_control/share/web_control/web/stream/webrtc/.venv/lib/python3.12/site-packages/propcache-0.4.1.dist-info\n'}
[2.199191] (web_control) StdoutLine: {'line': b'symbolically linking /home/matthieu/ros2_ws/build/web_control/web/stream/webrtc/.venv/lib/python3.12/site-packages/propcache-0.4.1.dist-info/METADATA -> /home/matthieu/ros2_ws/install/web_control/share/web_control/web/stream/webrtc/.venv/lib/python3.12/site-packages/propcache-0.4.1.dist-info\n'}
[2.199295] (web_control) StdoutLine: {'line': b'symbolically linking /home/matthieu/ros2_ws/build/web_control/web/stream/webrtc/.venv/lib/python3.12/site-packages/propcache-0.4.1.dist-info/licenses/LICENSE -> /home/matthieu/ros2_ws/install/web_control/share/web_control/web/stream/webrtc/.venv/lib/python3.12/site-packages/propcache-0.4.1.dist-info/licenses\n'}
[2.199370] (web_control) StdoutLine: {'line': b'symbolically linking /home/matthieu/ros2_ws/build/web_control/web/stream/webrtc/.venv/lib/python3.12/site-packages/propcache-0.4.1.dist-info/licenses/NOTICE -> /home/matthieu/ros2_ws/install/web_control/share/web_control/web/stream/webrtc/.venv/lib/python3.12/site-packages/propcache-0.4.1.dist-info/licenses\n'}
[2.199474] (web_control) StdoutLine: {'line': b'symbolically linking /home/matthieu/ros2_ws/build/web_control/web/stream/webrtc/.venv/lib/python3.12/site-packages/cffi-2.0.0.dist-info/WHEEL -> /home/matthieu/ros2_ws/install/web_control/share/web_control/web/stream/webrtc/.venv/lib/python3.12/site-packages/cffi-2.0.0.dist-info\n'}
[2.199560] (web_control) StdoutLine: {'line': b'symbolically linking /home/matthieu/ros2_ws/build/web_control/web/stream/webrtc/.venv/lib/python3.12/site-packages/cffi-2.0.0.dist-info/RECORD -> /home/matthieu/ros2_ws/install/web_control/share/web_control/web/stream/webrtc/.venv/lib/python3.12/site-packages/cffi-2.0.0.dist-info\n'}
[2.199664] (web_control) StdoutLine: {'line': b'symbolically linking /home/matthieu/ros2_ws/build/web_control/web/stream/webrtc/.venv/lib/python3.12/site-packages/cffi-2.0.0.dist-info/INSTALLER -> /home/matthieu/ros2_ws/install/web_control/share/web_control/web/stream/webrtc/.venv/lib/python3.12/site-packages/cffi-2.0.0.dist-info\n'}
[2.199759] (web_control) StdoutLine: {'line': b'symbolically linking /home/matthieu/ros2_ws/build/web_control/web/stream/webrtc/.venv/lib/python3.12/site-packages/cffi-2.0.0.dist-info/entry_points.txt -> /home/matthieu/ros2_ws/install/web_control/share/web_control/web/stream/webrtc/.venv/lib/python3.12/site-packages/cffi-2.0.0.dist-info\n'}
[2.199836] (web_control) StdoutLine: {'line': b'symbolically linking /home/matthieu/ros2_ws/build/web_control/web/stream/webrtc/.venv/lib/python3.12/site-packages/cffi-2.0.0.dist-info/top_level.txt -> /home/matthieu/ros2_ws/install/web_control/share/web_control/web/stream/webrtc/.venv/lib/python3.12/site-packages/cffi-2.0.0.dist-info\n'}
[2.199942] (web_control) StdoutLine: {'line': b'symbolically linking /home/matthieu/ros2_ws/build/web_control/web/stream/webrtc/.venv/lib/python3.12/site-packages/cffi-2.0.0.dist-info/METADATA -> /home/matthieu/ros2_ws/install/web_control/share/web_control/web/stream/webrtc/.venv/lib/python3.12/site-packages/cffi-2.0.0.dist-info\n'}
[2.200025] (web_control) StdoutLine: {'line': b'symbolically linking /home/matthieu/ros2_ws/build/web_control/web/stream/webrtc/.venv/lib/python3.12/site-packages/cffi-2.0.0.dist-info/licenses/LICENSE -> /home/matthieu/ros2_ws/install/web_control/share/web_control/web/stream/webrtc/.venv/lib/python3.12/site-packages/cffi-2.0.0.dist-info/licenses\n'}
[2.200133] (web_control) StdoutLine: {'line': b'symbolically linking /home/matthieu/ros2_ws/build/web_control/web/stream/webrtc/.venv/lib/python3.12/site-packages/cffi-2.0.0.dist-info/licenses/AUTHORS -> /home/matthieu/ros2_ws/install/web_control/share/web_control/web/stream/webrtc/.venv/lib/python3.12/site-packages/cffi-2.0.0.dist-info/licenses\n'}
[2.200213] (web_control) StdoutLine: {'line': b'symbolically linking /home/matthieu/ros2_ws/build/web_control/web/stream/webrtc/.venv/lib/python3.12/site-packages/cryptography-46.0.5.dist-info/WHEEL -> /home/matthieu/ros2_ws/install/web_control/share/web_control/web/stream/webrtc/.venv/lib/python3.12/site-packages/cryptography-46.0.5.dist-info\n'}
[2.200336] (web_control) StdoutLine: {'line': b'symbolically linking /home/matthieu/ros2_ws/build/web_control/web/stream/webrtc/.venv/lib/python3.12/site-packages/cryptography-46.0.5.dist-info/RECORD -> /home/matthieu/ros2_ws/install/web_control/share/web_control/web/stream/webrtc/.venv/lib/python3.12/site-packages/cryptography-46.0.5.dist-info\n'}
[2.200413] (web_control) StdoutLine: {'line': b'symbolically linking /home/matthieu/ros2_ws/build/web_control/web/stream/webrtc/.venv/lib/python3.12/site-packages/cryptography-46.0.5.dist-info/INSTALLER -> /home/matthieu/ros2_ws/install/web_control/share/web_control/web/stream/webrtc/.venv/lib/python3.12/site-packages/cryptography-46.0.5.dist-info\n'}
[2.200526] (web_control) StdoutLine: {'line': b'symbolically linking /home/matthieu/ros2_ws/build/web_control/web/stream/webrtc/.venv/lib/python3.12/site-packages/cryptography-46.0.5.dist-info/METADATA -> /home/matthieu/ros2_ws/install/web_control/share/web_control/web/stream/webrtc/.venv/lib/python3.12/site-packages/cryptography-46.0.5.dist-info\n'}
[2.200615] (web_control) StdoutLine: {'line': b'symbolically linking /home/matthieu/ros2_ws/build/web_control/web/stream/webrtc/.venv/lib/python3.12/site-packages/cryptography-46.0.5.dist-info/licenses/LICENSE -> /home/matthieu/ros2_ws/install/web_control/share/web_control/web/stream/webrtc/.venv/lib/python3.12/site-packages/cryptography-46.0.5.dist-info/licenses\n'}
[2.200691] (web_control) StdoutLine: {'line': b'symbolically linking /home/matthieu/ros2_ws/build/web_control/web/stream/webrtc/.venv/lib/python3.12/site-packages/cryptography-46.0.5.dist-info/licenses/LICENSE.BSD -> /home/matthieu/ros2_ws/install/web_control/share/web_control/web/stream/webrtc/.venv/lib/python3.12/site-packages/cryptography-46.0.5.dist-info/licenses\n'}
[2.200803] (web_control) StdoutLine: {'line': b'symbolically linking /home/matthieu/ros2_ws/build/web_control/web/stream/webrtc/.venv/lib/python3.12/site-packages/cryptography-46.0.5.dist-info/licenses/LICENSE.APACHE -> /home/matthieu/ros2_ws/install/web_control/share/web_control/web/stream/webrtc/.venv/lib/python3.12/site-packages/cryptography-46.0.5.dist-info/licenses\n'}
[2.200901] (web_control) StdoutLine: {'line': b'symbolically linking /home/matthieu/ros2_ws/build/web_control/web/stream/webrtc/.venv/lib/python3.12/site-packages/dns/dnssec.py -> /home/matthieu/ros2_ws/install/web_control/share/web_control/web/stream/webrtc/.venv/lib/python3.12/site-packages/dns\n'}
[2.200978] (web_control) StdoutLine: {'line': b'symbolically linking /home/matthieu/ros2_ws/build/web_control/web/stream/webrtc/.venv/lib/python3.12/site-packages/dns/nameserver.py -> /home/matthieu/ros2_ws/install/web_control/share/web_control/web/stream/webrtc/.venv/lib/python3.12/site-packages/dns\n'}
[2.201048] (web_control) StdoutLine: {'line': b'symbolically linking /home/matthieu/ros2_ws/build/web_control/web/stream/webrtc/.venv/lib/python3.12/site-packages/dns/rrset.py -> /home/matthieu/ros2_ws/install/web_control/share/web_control/web/stream/webrtc/.venv/lib/python3.12/site-packages/dns\n'}
[2.201174] (web_control) StdoutLine: {'line': b'symbolically linking /home/matthieu/ros2_ws/build/web_control/web/stream/webrtc/.venv/lib/python3.12/site-packages/dns/node.py -> /home/matthieu/ros2_ws/install/web_control/share/web_control/web/stream/webrtc/.venv/lib/python3.12/site-packages/dns\n'}
[2.201251] (web_control) StdoutLine: {'line': b'symbolically linking /home/matthieu/ros2_ws/build/web_control/web/stream/webrtc/.venv/lib/python3.12/site-packages/dns/entropy.py -> /home/matthieu/ros2_ws/install/web_control/share/web_control/web/stream/webrtc/.venv/lib/python3.12/site-packages/dns\n'}
[2.201333] (web_control) StdoutLine: {'line': b'symbolically linking /home/matthieu/ros2_ws/build/web_control/web/stream/webrtc/.venv/lib/python3.12/site-packages/dns/wire.py -> /home/matthieu/ros2_ws/install/web_control/share/web_control/web/stream/webrtc/.venv/lib/python3.12/site-packages/dns\n'}
[2.201465] (web_control) StdoutLine: {'line': b'symbolically linking /home/matthieu/ros2_ws/build/web_control/web/stream/webrtc/.venv/lib/python3.12/site-packages/dns/_tls_util.py -> /home/matthieu/ros2_ws/install/web_control/share/web_control/web/stream/webrtc/.venv/lib/python3.12/site-packages/dns\n'}
[2.201538] (web_control) StdoutLine: {'line': b'symbolically linking /home/matthieu/ros2_ws/build/web_control/web/stream/webrtc/.venv/lib/python3.12/site-packages/dns/win32util.py -> /home/matthieu/ros2_ws/install/web_control/share/web_control/web/stream/webrtc/.venv/lib/python3.12/site-packages/dns\n'}
[2.201621] (web_control) StdoutLine: {'line': b'symbolically linking /home/matthieu/ros2_ws/build/web_control/web/stream/webrtc/.venv/lib/python3.12/site-packages/dns/asyncquery.py -> /home/matthieu/ros2_ws/install/web_control/share/web_control/web/stream/webrtc/.venv/lib/python3.12/site-packages/dns\n'}
[2.201692] (web_control) StdoutLine: {'line': b'symbolically linking /home/matthieu/ros2_ws/build/web_control/web/stream/webrtc/.venv/lib/python3.12/site-packages/dns/opcode.py -> /home/matthieu/ros2_ws/install/web_control/share/web_control/web/stream/webrtc/.venv/lib/python3.12/site-packages/dns\n'}
[2.201780] (web_control) StdoutLine: {'line': b'symbolically linking /home/matthieu/ros2_ws/build/web_control/web/stream/webrtc/.venv/lib/python3.12/site-packages/dns/e164.py -> /home/matthieu/ros2_ws/install/web_control/share/web_control/web/stream/webrtc/.venv/lib/python3.12/site-packages/dns\n'}
[2.201850] (web_control) StdoutLine: {'line': b'symbolically linking /home/matthieu/ros2_ws/build/web_control/web/stream/webrtc/.venv/lib/python3.12/site-packages/dns/zonetypes.py -> /home/matthieu/ros2_ws/install/web_control/share/web_control/web/stream/webrtc/.venv/lib/python3.12/site-packages/dns\n'}
[2.201945] (web_control) StdoutLine: {'line': b'symbolically linking /home/matthieu/ros2_ws/build/web_control/web/stream/webrtc/.venv/lib/python3.12/site-packages/dns/ttl.py -> /home/matthieu/ros2_ws/install/web_control/share/web_control/web/stream/webrtc/.venv/lib/python3.12/site-packages/dns\n'}
[2.202017] (web_control) StdoutLine: {'line': b'symbolically linking /home/matthieu/ros2_ws/build/web_control/web/stream/webrtc/.venv/lib/python3.12/site-packages/dns/_asyncbackend.py -> /home/matthieu/ros2_ws/install/web_control/share/web_control/web/stream/webrtc/.venv/lib/python3.12/site-packages/dns\n'}
[2.202114] (web_control) StdoutLine: {'line': b'symbolically linking /home/matthieu/ros2_ws/build/web_control/web/stream/webrtc/.venv/lib/python3.12/site-packages/dns/btreezone.py -> /home/matthieu/ros2_ws/install/web_control/share/web_control/web/stream/webrtc/.venv/lib/python3.12/site-packages/dns\n'}
[2.202187] (web_control) StdoutLine: {'line': b'symbolically linking /home/matthieu/ros2_ws/build/web_control/web/stream/webrtc/.venv/lib/python3.12/site-packages/dns/flags.py -> /home/matthieu/ros2_ws/install/web_control/share/web_control/web/stream/webrtc/.venv/lib/python3.12/site-packages/dns\n'}
[2.202292] (web_control) StdoutLine: {'line': b'symbolically linking /home/matthieu/ros2_ws/build/web_control/web/stream/webrtc/.venv/lib/python3.12/site-packages/dns/renderer.py -> /home/matthieu/ros2_ws/install/web_control/share/web_control/web/stream/webrtc/.venv/lib/python3.12/site-packages/dns\n'}
[2.202380] (web_control) StdoutLine: {'line': b'symbolically linking /home/matthieu/ros2_ws/build/web_control/web/stream/webrtc/.venv/lib/python3.12/site-packages/dns/message.py -> /home/matthieu/ros2_ws/install/web_control/share/web_control/web/stream/webrtc/.venv/lib/python3.12/site-packages/dns\n'}
[2.202450] (web_control) StdoutLine: {'line': b'symbolically linking /home/matthieu/ros2_ws/build/web_control/web/stream/webrtc/.venv/lib/python3.12/site-packages/dns/edns.py -> /home/matthieu/ros2_ws/install/web_control/share/web_control/web/stream/webrtc/.venv/lib/python3.12/site-packages/dns\n'}
[2.202547] (web_control) StdoutLine: {'line': b'symbolically linking /home/matthieu/ros2_ws/build/web_control/web/stream/webrtc/.venv/lib/python3.12/site-packages/dns/rdatatype.py -> /home/matthieu/ros2_ws/install/web_control/share/web_control/web/stream/webrtc/.venv/lib/python3.12/site-packages/dns\n'}
[2.202619] (web_control) StdoutLine: {'line': b'symbolically linking /home/matthieu/ros2_ws/build/web_control/web/stream/webrtc/.venv/lib/python3.12/site-packages/dns/_immutable_ctx.py -> /home/matthieu/ros2_ws/install/web_control/share/web_control/web/stream/webrtc/.venv/lib/python3.12/site-packages/dns\n'}
[2.202717] (web_control) StdoutLine: {'line': b'symbolically linking /home/matthieu/ros2_ws/build/web_control/web/stream/webrtc/.venv/lib/python3.12/site-packages/dns/transaction.py -> /home/matthieu/ros2_ws/install/web_control/share/web_control/web/stream/webrtc/.venv/lib/python3.12/site-packages/dns\n'}
[2.202788] (web_control) StdoutLine: {'line': b'symbolically linking /home/matthieu/ros2_ws/build/web_control/web/stream/webrtc/.venv/lib/python3.12/site-packages/dns/inet.py -> /home/matthieu/ros2_ws/install/web_control/share/web_control/web/stream/webrtc/.venv/lib/python3.12/site-packages/dns\n'}
[2.202858] (web_control) StdoutLine: {'line': b'symbolically linking /home/matthieu/ros2_ws/build/web_control/web/stream/webrtc/.venv/lib/python3.12/site-packages/dns/name.py -> /home/matthieu/ros2_ws/install/web_control/share/web_control/web/stream/webrtc/.venv/lib/python3.12/site-packages/dns\n'}
[2.202943] (web_control) StdoutLine: {'line': b'symbolically linking /home/matthieu/ros2_ws/build/web_control/web/stream/webrtc/.venv/lib/python3.12/site-packages/dns/ipv6.py -> /home/matthieu/ros2_ws/install/web_control/share/web_control/web/stream/webrtc/.venv/lib/python3.12/site-packages/dns\n'}
[2.203014] (web_control) StdoutLine: {'line': b'symbolically linking /home/matthieu/ros2_ws/build/web_control/web/stream/webrtc/.venv/lib/python3.12/site-packages/dns/xfr.py -> /home/matthieu/ros2_ws/install/web_control/share/web_control/web/stream/webrtc/.venv/lib/python3.12/site-packages/dns\n'}
[2.203113] (web_control) StdoutLine: {'line': b'symbolically linking /home/matthieu/ros2_ws/build/web_control/web/stream/webrtc/.venv/lib/python3.12/site-packages/dns/zone.py -> /home/matthieu/ros2_ws/install/web_control/share/web_control/web/stream/webrtc/.venv/lib/python3.12/site-packages/dns\n'}
[2.203183] (web_control) StdoutLine: {'line': b'symbolically linking /home/matthieu/ros2_ws/build/web_control/web/stream/webrtc/.venv/lib/python3.12/site-packages/dns/set.py -> /home/matthieu/ros2_ws/install/web_control/share/web_control/web/stream/webrtc/.venv/lib/python3.12/site-packages/dns\n'}
[2.203296] (web_control) StdoutLine: {'line': b'symbolically linking /home/matthieu/ros2_ws/build/web_control/web/stream/webrtc/.venv/lib/python3.12/site-packages/dns/asyncbackend.py -> /home/matthieu/ros2_ws/install/web_control/share/web_control/web/stream/webrtc/.venv/lib/python3.12/site-packages/dns\n'}
[2.203371] (web_control) StdoutLine: {'line': b'symbolically linking /home/matthieu/ros2_ws/build/web_control/web/stream/webrtc/.venv/lib/python3.12/site-packages/dns/_asyncio_backend.py -> /home/matthieu/ros2_ws/install/web_control/share/web_control/web/stream/webrtc/.venv/lib/python3.12/site-packages/dns\n'}
[2.203443] (web_control) StdoutLine: {'line': b'symbolically linking /home/matthieu/ros2_ws/build/web_control/web/stream/webrtc/.venv/lib/python3.12/site-packages/dns/asyncresolver.py -> /home/matthieu/ros2_ws/install/web_control/share/web_control/web/stream/webrtc/.venv/lib/python3.12/site-packages/dns\n'}
[2.203539] (web_control) StdoutLine: {'line': b'symbolically linking /home/matthieu/ros2_ws/build/web_control/web/stream/webrtc/.venv/lib/python3.12/site-packages/dns/namedict.py -> /home/matthieu/ros2_ws/install/web_control/share/web_control/web/stream/webrtc/.venv/lib/python3.12/site-packages/dns\n'}
[2.203628] (web_control) StdoutLine: {'line': b'symbolically linking /home/matthieu/ros2_ws/build/web_control/web/stream/webrtc/.venv/lib/python3.12/site-packages/dns/_no_ssl.py -> /home/matthieu/ros2_ws/install/web_control/share/web_control/web/stream/webrtc/.venv/lib/python3.12/site-packages/dns\n'}
[2.203718] (web_control) StdoutLine: {'line': b'symbolically linking /home/matthieu/ros2_ws/build/web_control/web/stream/webrtc/.venv/lib/python3.12/site-packages/dns/tsigkeyring.py -> /home/matthieu/ros2_ws/install/web_control/share/web_control/web/stream/webrtc/.venv/lib/python3.12/site-packages/dns\n'}
[2.203790] (web_control) StdoutLine: {'line': b'symbolically linking /home/matthieu/ros2_ws/build/web_control/web/stream/webrtc/.venv/lib/python3.12/site-packages/dns/rcode.py -> /home/matthieu/ros2_ws/install/web_control/share/web_control/web/stream/webrtc/.venv/lib/python3.12/site-packages/dns\n'}
[2.203885] (web_control) StdoutLine: {'line': b'symbolically linking /home/matthieu/ros2_ws/build/web_control/web/stream/webrtc/.venv/lib/python3.12/site-packages/dns/tokenizer.py -> /home/matthieu/ros2_ws/install/web_control/share/web_control/web/stream/webrtc/.venv/lib/python3.12/site-packages/dns\n'}
[2.203956] (web_control) StdoutLine: {'line': b'symbolically linking /home/matthieu/ros2_ws/build/web_control/web/stream/webrtc/.venv/lib/python3.12/site-packages/dns/exception.py -> /home/matthieu/ros2_ws/install/web_control/share/web_control/web/stream/webrtc/.venv/lib/python3.12/site-packages/dns\n'}
[2.204041] (web_control) StdoutLine: {'line': b'symbolically linking /home/matthieu/ros2_ws/build/web_control/web/stream/webrtc/.venv/lib/python3.12/site-packages/dns/immutable.py -> /home/matthieu/ros2_ws/install/web_control/share/web_control/web/stream/webrtc/.venv/lib/python3.12/site-packages/dns\n'}
[2.204115] (web_control) StdoutLine: {'line': b'symbolically linking /home/matthieu/ros2_ws/build/web_control/web/stream/webrtc/.venv/lib/python3.12/site-packages/dns/_features.py -> /home/matthieu/ros2_ws/install/web_control/share/web_control/web/stream/webrtc/.venv/lib/python3.12/site-packages/dns\n'}
[2.204211] (web_control) StdoutLine: {'line': b'symbolically linking /home/matthieu/ros2_ws/build/web_control/web/stream/webrtc/.venv/lib/python3.12/site-packages/dns/dnssectypes.py -> /home/matthieu/ros2_ws/install/web_control/share/web_control/web/stream/webrtc/.venv/lib/python3.12/site-packages/dns\n'}
[2.204308] (web_control) StdoutLine: {'line': b'symbolically linking /home/matthieu/ros2_ws/build/web_control/web/stream/webrtc/.venv/lib/python3.12/site-packages/dns/_ddr.py -> /home/matthieu/ros2_ws/install/web_control/share/web_control/web/stream/webrtc/.venv/lib/python3.12/site-packages/dns\n'}
[2.204379] (web_control) StdoutLine: {'line': b'symbolically linking /home/matthieu/ros2_ws/build/web_control/web/stream/webrtc/.venv/lib/python3.12/site-packages/dns/serial.py -> /home/matthieu/ros2_ws/install/web_control/share/web_control/web/stream/webrtc/.venv/lib/python3.12/site-packages/dns\n'}
[2.204478] (web_control) StdoutLine: {'line': b'symbolically linking /home/matthieu/ros2_ws/build/web_control/web/stream/webrtc/.venv/lib/python3.12/site-packages/dns/query.py -> /home/matthieu/ros2_ws/install/web_control/share/web_control/web/stream/webrtc/.venv/lib/python3.12/site-packages/dns\n'}
[2.204559] (web_control) StdoutLine: {'line': b'symbolically linking /home/matthieu/ros2_ws/build/web_control/web/stream/webrtc/.venv/lib/python3.12/site-packages/dns/tsig.py -> /home/matthieu/ros2_ws/install/web_control/share/web_control/web/stream/webrtc/.venv/lib/python3.12/site-packages/dns\n'}
[2.204638] (web_control) StdoutLine: {'line': b'symbolically linking /home/matthieu/ros2_ws/build/web_control/web/stream/webrtc/.venv/lib/python3.12/site-packages/dns/zonefile.py -> /home/matthieu/ros2_ws/install/web_control/share/web_control/web/stream/webrtc/.venv/lib/python3.12/site-packages/dns\n'}
[2.204709] (web_control) StdoutLine: {'line': b'symbolically linking /home/matthieu/ros2_ws/build/web_control/web/stream/webrtc/.venv/lib/python3.12/site-packages/dns/ipv4.py -> /home/matthieu/ros2_ws/install/web_control/share/web_control/web/stream/webrtc/.venv/lib/python3.12/site-packages/dns\n'}
[2.204804] (web_control) StdoutLine: {'line': b'symbolically linking /home/matthieu/ros2_ws/build/web_control/web/stream/webrtc/.venv/lib/python3.12/site-packages/dns/resolver.py -> /home/matthieu/ros2_ws/install/web_control/share/web_control/web/stream/webrtc/.venv/lib/python3.12/site-packages/dns\n'}
[2.204879] (web_control) StdoutLine: {'line': b'symbolically linking /home/matthieu/ros2_ws/build/web_control/web/stream/webrtc/.venv/lib/python3.12/site-packages/dns/rdataclass.py -> /home/matthieu/ros2_ws/install/web_control/share/web_control/web/stream/webrtc/.venv/lib/python3.12/site-packages/dns\n'}
[2.204972] (web_control) StdoutLine: {'line': b'symbolically linking /home/matthieu/ros2_ws/build/web_control/web/stream/webrtc/.venv/lib/python3.12/site-packages/dns/py.typed -> /home/matthieu/ros2_ws/install/web_control/share/web_control/web/stream/webrtc/.venv/lib/python3.12/site-packages/dns\n'}
[2.205063] (web_control) StdoutLine: {'line': b'symbolically linking /home/matthieu/ros2_ws/build/web_control/web/stream/webrtc/.venv/lib/python3.12/site-packages/dns/grange.py -> /home/matthieu/ros2_ws/install/web_control/share/web_control/web/stream/webrtc/.venv/lib/python3.12/site-packages/dns\n'}
[2.205139] (web_control) StdoutLine: {'line': b'symbolically linking /home/matthieu/ros2_ws/build/web_control/web/stream/webrtc/.venv/lib/python3.12/site-packages/dns/versioned.py -> /home/matthieu/ros2_ws/install/web_control/share/web_control/web/stream/webrtc/.venv/lib/python3.12/site-packages/dns\n'}
[2.205227] (web_control) StdoutLine: {'line': b'symbolically linking /home/matthieu/ros2_ws/build/web_control/web/stream/webrtc/.venv/lib/python3.12/site-packages/dns/rdataset.py -> /home/matthieu/ros2_ws/install/web_control/share/web_control/web/stream/webrtc/.venv/lib/python3.12/site-packages/dns\n'}
[2.205308] (web_control) StdoutLine: {'line': b'symbolically linking /home/matthieu/ros2_ws/build/web_control/web/stream/webrtc/.venv/lib/python3.12/site-packages/dns/enum.py -> /home/matthieu/ros2_ws/install/web_control/share/web_control/web/stream/webrtc/.venv/lib/python3.12/site-packages/dns\n'}
[2.205409] (web_control) StdoutLine: {'line': b'symbolically linking /home/matthieu/ros2_ws/build/web_control/web/stream/webrtc/.venv/lib/python3.12/site-packages/dns/btree.py -> /home/matthieu/ros2_ws/install/web_control/share/web_control/web/stream/webrtc/.venv/lib/python3.12/site-packages/dns\n'}
[2.205482] (web_control) StdoutLine: {'line': b'symbolically linking /home/matthieu/ros2_ws/build/web_control/web/stream/webrtc/.venv/lib/python3.12/site-packages/dns/rdata.py -> /home/matthieu/ros2_ws/install/web_control/share/web_control/web/stream/webrtc/.venv/lib/python3.12/site-packages/dns\n'}
[2.205575] (web_control) StdoutLine: {'line': b'symbolically linking /home/matthieu/ros2_ws/build/web_control/web/stream/webrtc/.venv/lib/python3.12/site-packages/dns/_trio_backend.py -> /home/matthieu/ros2_ws/install/web_control/share/web_control/web/stream/webrtc/.venv/lib/python3.12/site-packages/dns\n'}
[2.205651] (web_control) StdoutLine: {'line': b'symbolically linking /home/matthieu/ros2_ws/build/web_control/web/stream/webrtc/.venv/lib/python3.12/site-packages/dns/reversename.py -> /home/matthieu/ros2_ws/install/web_control/share/web_control/web/stream/webrtc/.venv/lib/python3.12/site-packages/dns\n'}
[2.205747] (web_control) StdoutLine: {'line': b'symbolically linking /home/matthieu/ros2_ws/build/web_control/web/stream/webrtc/.venv/lib/python3.12/site-packages/dns/version.py -> /home/matthieu/ros2_ws/install/web_control/share/web_control/web/stream/webrtc/.venv/lib/python3.12/site-packages/dns\n'}
[2.205821] (web_control) StdoutLine: {'line': b'symbolically linking /home/matthieu/ros2_ws/build/web_control/web/stream/webrtc/.venv/lib/python3.12/site-packages/dns/update.py -> /home/matthieu/ros2_ws/install/web_control/share/web_control/web/stream/webrtc/.venv/lib/python3.12/site-packages/dns\n'}
[2.205916] (web_control) StdoutLine: {'line': b'symbolically linking /home/matthieu/ros2_ws/build/web_control/web/stream/webrtc/.venv/lib/python3.12/site-packages/dns/__init__.py -> /home/matthieu/ros2_ws/install/web_control/share/web_control/web/stream/webrtc/.venv/lib/python3.12/site-packages/dns\n'}
[2.205990] (web_control) StdoutLine: {'line': b'symbolically linking /home/matthieu/ros2_ws/build/web_control/web/stream/webrtc/.venv/lib/python3.12/site-packages/dns/dnssecalgs/base.py -> /home/matthieu/ros2_ws/install/web_control/share/web_control/web/stream/webrtc/.venv/lib/python3.12/site-packages/dns/dnssecalgs\n'}
[2.206087] (web_control) StdoutLine: {'line': b'symbolically linking /home/matthieu/ros2_ws/build/web_control/web/stream/webrtc/.venv/lib/python3.12/site-packages/dns/dnssecalgs/cryptography.py -> /home/matthieu/ros2_ws/install/web_control/share/web_control/web/stream/webrtc/.venv/lib/python3.12/site-packages/dns/dnssecalgs\n'}
[2.206163] (web_control) StdoutLine: {'line': b'symbolically linking /home/matthieu/ros2_ws/build/web_control/web/stream/webrtc/.venv/lib/python3.12/site-packages/dns/dnssecalgs/ecdsa.py -> /home/matthieu/ros2_ws/install/web_control/share/web_control/web/stream/webrtc/.venv/lib/python3.12/site-packages/dns/dnssecalgs\n'}
[2.206262] (web_control) StdoutLine: {'line': b'symbolically linking /home/matthieu/ros2_ws/build/web_control/web/stream/webrtc/.venv/lib/python3.12/site-packages/dns/dnssecalgs/eddsa.py -> /home/matthieu/ros2_ws/install/web_control/share/web_control/web/stream/webrtc/.venv/lib/python3.12/site-packages/dns/dnssecalgs\n'}
[2.206382] (web_control) StdoutLine: {'line': b'symbolically linking /home/matthieu/ros2_ws/build/web_control/web/stream/webrtc/.venv/lib/python3.12/site-packages/dns/dnssecalgs/dsa.py -> /home/matthieu/ros2_ws/install/web_control/share/web_control/web/stream/webrtc/.venv/lib/python3.12/site-packages/dns/dnssecalgs\n'}
[2.206473] (web_control) StdoutLine: {'line': b'symbolically linking /home/matthieu/ros2_ws/build/web_control/web/stream/webrtc/.venv/lib/python3.12/site-packages/dns/dnssecalgs/rsa.py -> /home/matthieu/ros2_ws/install/web_control/share/web_control/web/stream/webrtc/.venv/lib/python3.12/site-packages/dns/dnssecalgs\n'}
[2.206545] (web_control) StdoutLine: {'line': b'symbolically linking /home/matthieu/ros2_ws/build/web_control/web/stream/webrtc/.venv/lib/python3.12/site-packages/dns/dnssecalgs/__init__.py -> /home/matthieu/ros2_ws/install/web_control/share/web_control/web/stream/webrtc/.venv/lib/python3.12/site-packages/dns/dnssecalgs\n'}
[2.206643] (web_control) StdoutLine: {'line': b'symbolically linking /home/matthieu/ros2_ws/build/web_control/web/stream/webrtc/.venv/lib/python3.12/site-packages/dns/dnssecalgs/__pycache__/cryptography.cpython-312.pyc -> /home/matthieu/ros2_ws/install/web_control/share/web_control/web/stream/webrtc/.venv/lib/python3.12/site-packages/dns/dnssecalgs/__pycache__\n'}
[2.206717] (web_control) StdoutLine: {'line': b'symbolically linking /home/matthieu/ros2_ws/build/web_control/web/stream/webrtc/.venv/lib/python3.12/site-packages/dns/dnssecalgs/__pycache__/base.cpython-312.pyc -> /home/matthieu/ros2_ws/install/web_control/share/web_control/web/stream/webrtc/.venv/lib/python3.12/site-packages/dns/dnssecalgs/__pycache__\n'}
[2.206789] (-) TimerEvent: {}
[2.206899] (web_control) StdoutLine: {'line': b'symbolically linking /home/matthieu/ros2_ws/build/web_control/web/stream/webrtc/.venv/lib/python3.12/site-packages/dns/dnssecalgs/__pycache__/ecdsa.cpython-312.pyc -> /home/matthieu/ros2_ws/install/web_control/share/web_control/web/stream/webrtc/.venv/lib/python3.12/site-packages/dns/dnssecalgs/__pycache__\n'}
[2.206979] (web_control) StdoutLine: {'line': b'symbolically linking /home/matthieu/ros2_ws/build/web_control/web/stream/webrtc/.venv/lib/python3.12/site-packages/dns/dnssecalgs/__pycache__/rsa.cpython-312.pyc -> /home/matthieu/ros2_ws/install/web_control/share/web_control/web/stream/webrtc/.venv/lib/python3.12/site-packages/dns/dnssecalgs/__pycache__\n'}
[2.207060] (web_control) StdoutLine: {'line': b'symbolically linking /home/matthieu/ros2_ws/build/web_control/web/stream/webrtc/.venv/lib/python3.12/site-packages/dns/dnssecalgs/__pycache__/eddsa.cpython-312.pyc -> /home/matthieu/ros2_ws/install/web_control/share/web_control/web/stream/webrtc/.venv/lib/python3.12/site-packages/dns/dnssecalgs/__pycache__\n'}
[2.207167] (web_control) StdoutLine: {'line': b'symbolically linking /home/matthieu/ros2_ws/build/web_control/web/stream/webrtc/.venv/lib/python3.12/site-packages/dns/dnssecalgs/__pycache__/dsa.cpython-312.pyc -> /home/matthieu/ros2_ws/install/web_control/share/web_control/web/stream/webrtc/.venv/lib/python3.12/site-packages/dns/dnssecalgs/__pycache__\n'}
[2.207247] (web_control) StdoutLine: {'line': b'symbolically linking /home/matthieu/ros2_ws/build/web_control/web/stream/webrtc/.venv/lib/python3.12/site-packages/dns/dnssecalgs/__pycache__/__init__.cpython-312.pyc -> /home/matthieu/ros2_ws/install/web_control/share/web_control/web/stream/webrtc/.venv/lib/python3.12/site-packages/dns/dnssecalgs/__pycache__\n'}
[2.207346] (web_control) StdoutLine: {'line': b'symbolically linking /home/matthieu/ros2_ws/build/web_control/web/stream/webrtc/.venv/lib/python3.12/site-packages/dns/__pycache__/_ddr.cpython-312.pyc -> /home/matthieu/ros2_ws/install/web_control/share/web_control/web/stream/webrtc/.venv/lib/python3.12/site-packages/dns/__pycache__\n'}
[2.207431] (web_control) StdoutLine: {'line': b'symbolically linking /home/matthieu/ros2_ws/build/web_control/web/stream/webrtc/.venv/lib/python3.12/site-packages/dns/__pycache__/asyncquery.cpython-312.pyc -> /home/matthieu/ros2_ws/install/web_control/share/web_control/web/stream/webrtc/.venv/lib/python3.12/site-packages/dns/__pycache__\n'}
[2.207529] (web_control) StdoutLine: {'line': b'symbolically linking /home/matthieu/ros2_ws/build/web_control/web/stream/webrtc/.venv/lib/python3.12/site-packages/dns/__pycache__/rcode.cpython-312.pyc -> /home/matthieu/ros2_ws/install/web_control/share/web_control/web/stream/webrtc/.venv/lib/python3.12/site-packages/dns/__pycache__\n'}
[2.207642] (web_control) StdoutLine: {'line': b'symbolically linking /home/matthieu/ros2_ws/build/web_control/web/stream/webrtc/.venv/lib/python3.12/site-packages/dns/__pycache__/rdataclass.cpython-312.pyc -> /home/matthieu/ros2_ws/install/web_control/share/web_control/web/stream/webrtc/.venv/lib/python3.12/site-packages/dns/__pycache__\n'}
[2.207727] (web_control) StdoutLine: {'line': b'symbolically linking /home/matthieu/ros2_ws/build/web_control/web/stream/webrtc/.venv/lib/python3.12/site-packages/dns/__pycache__/xfr.cpython-312.pyc -> /home/matthieu/ros2_ws/install/web_control/share/web_control/web/stream/webrtc/.venv/lib/python3.12/site-packages/dns/__pycache__\n'}
[2.207841] (web_control) StdoutLine: {'line': b'symbolically linking /home/matthieu/ros2_ws/build/web_control/web/stream/webrtc/.venv/lib/python3.12/site-packages/dns/__pycache__/entropy.cpython-312.pyc -> /home/matthieu/ros2_ws/install/web_control/share/web_control/web/stream/webrtc/.venv/lib/python3.12/site-packages/dns/__pycache__\n'}
[2.207926] (web_control) StdoutLine: {'line': b'symbolically linking /home/matthieu/ros2_ws/build/web_control/web/stream/webrtc/.venv/lib/python3.12/site-packages/dns/__pycache__/rrset.cpython-312.pyc -> /home/matthieu/ros2_ws/install/web_control/share/web_control/web/stream/webrtc/.venv/lib/python3.12/site-packages/dns/__pycache__\n'}
[2.208008] (web_control) StdoutLine: {'line': b'symbolically linking /home/matthieu/ros2_ws/build/web_control/web/stream/webrtc/.venv/lib/python3.12/site-packages/dns/__pycache__/transaction.cpython-312.pyc -> /home/matthieu/ros2_ws/install/web_control/share/web_control/web/stream/webrtc/.venv/lib/python3.12/site-packages/dns/__pycache__\n'}
[2.208123] (web_control) StdoutLine: {'line': b'symbolically linking /home/matthieu/ros2_ws/build/web_control/web/stream/webrtc/.venv/lib/python3.12/site-packages/dns/__pycache__/btree.cpython-312.pyc -> /home/matthieu/ros2_ws/install/web_control/share/web_control/web/stream/webrtc/.venv/lib/python3.12/site-packages/dns/__pycache__\n'}
[2.208206] (web_control) StdoutLine: {'line': b'symbolically linking /home/matthieu/ros2_ws/build/web_control/web/stream/webrtc/.venv/lib/python3.12/site-packages/dns/__pycache__/grange.cpython-312.pyc -> /home/matthieu/ros2_ws/install/web_control/share/web_control/web/stream/webrtc/.venv/lib/python3.12/site-packages/dns/__pycache__\n'}
[2.208340] (web_control) StdoutLine: {'line': b'symbolically linking /home/matthieu/ros2_ws/build/web_control/web/stream/webrtc/.venv/lib/python3.12/site-packages/dns/__pycache__/_trio_backend.cpython-312.pyc -> /home/matthieu/ros2_ws/install/web_control/share/web_control/web/stream/webrtc/.venv/lib/python3.12/site-packages/dns/__pycache__\n'}
[2.208433] (web_control) StdoutLine: {'line': b'symbolically linking /home/matthieu/ros2_ws/build/web_control/web/stream/webrtc/.venv/lib/python3.12/site-packages/dns/__pycache__/serial.cpython-312.pyc -> /home/matthieu/ros2_ws/install/web_control/share/web_control/web/stream/webrtc/.venv/lib/python3.12/site-packages/dns/__pycache__\n'}
[2.208526] (web_control) StdoutLine: {'line': b'symbolically linking /home/matthieu/ros2_ws/build/web_control/web/stream/webrtc/.venv/lib/python3.12/site-packages/dns/__pycache__/dnssectypes.cpython-312.pyc -> /home/matthieu/ros2_ws/install/web_control/share/web_control/web/stream/webrtc/.venv/lib/python3.12/site-packages/dns/__pycache__\n'}
[2.208643] (web_control) StdoutLine: {'line': b'symbolically linking /home/matthieu/ros2_ws/build/web_control/web/stream/webrtc/.venv/lib/python3.12/site-packages/dns/__pycache__/win32util.cpython-312.pyc -> /home/matthieu/ros2_ws/install/web_control/share/web_control/web/stream/webrtc/.venv/lib/python3.12/site-packages/dns/__pycache__\n'}
[2.208749] (web_control) StdoutLine: {'line': b'symbolically linking /home/matthieu/ros2_ws/build/web_control/web/stream/webrtc/.venv/lib/python3.12/site-packages/dns/__pycache__/asyncresolver.cpython-312.pyc -> /home/matthieu/ros2_ws/install/web_control/share/web_control/web/stream/webrtc/.venv/lib/python3.12/site-packages/dns/__pycache__\n'}
[2.208831] (web_control) StdoutLine: {'line': b'symbolically linking /home/matthieu/ros2_ws/build/web_control/web/stream/webrtc/.venv/lib/python3.12/site-packages/dns/__pycache__/tsig.cpython-312.pyc -> /home/matthieu/ros2_ws/install/web_control/share/web_control/web/stream/webrtc/.venv/lib/python3.12/site-packages/dns/__pycache__\n'}
[2.208912] (web_control) StdoutLine: {'line': b'symbolically linking /home/matthieu/ros2_ws/build/web_control/web/stream/webrtc/.venv/lib/python3.12/site-packages/dns/__pycache__/name.cpython-312.pyc -> /home/matthieu/ros2_ws/install/web_control/share/web_control/web/stream/webrtc/.venv/lib/python3.12/site-packages/dns/__pycache__\n'}
[2.209159] (web_control) StdoutLine: {'line': b'symbolically linking /home/matthieu/ros2_ws/build/web_control/web/stream/webrtc/.venv/lib/python3.12/site-packages/dns/__pycache__/query.cpython-312.pyc -> /home/matthieu/ros2_ws/install/web_control/share/web_control/web/stream/webrtc/.venv/lib/python3.12/site-packages/dns/__pycache__\n'}
[2.209478] (web_control) StdoutLine: {'line': b'symbolically linking /home/matthieu/ros2_ws/build/web_control/web/stream/webrtc/.venv/lib/python3.12/site-packages/dns/__pycache__/message.cpython-312.pyc -> /home/matthieu/ros2_ws/install/web_control/share/web_control/web/stream/webrtc/.venv/lib/python3.12/site-packages/dns/__pycache__\n'}
[2.209797] (web_control) StdoutLine: {'line': b'symbolically linking /home/matthieu/ros2_ws/build/web_control/web/stream/webrtc/.venv/lib/python3.12/site-packages/dns/__pycache__/dnssec.cpython-312.pyc -> /home/matthieu/ros2_ws/install/web_control/share/web_control/web/stream/webrtc/.venv/lib/python3.12/site-packages/dns/__pycache__\n'}
[2.209905] (web_control) StdoutLine: {'line': b'symbolically linking /home/matthieu/ros2_ws/build/web_control/web/stream/webrtc/.venv/lib/python3.12/site-packages/dns/__pycache__/ttl.cpython-312.pyc -> /home/matthieu/ros2_ws/install/web_control/share/web_control/web/stream/webrtc/.venv/lib/python3.12/site-packages/dns/__pycache__\n'}
[2.210014] (web_control) StdoutLine: {'line': b'symbolically linking /home/matthieu/ros2_ws/build/web_control/web/stream/webrtc/.venv/lib/python3.12/site-packages/dns/__pycache__/resolver.cpython-312.pyc -> /home/matthieu/ros2_ws/install/web_control/share/web_control/web/stream/webrtc/.venv/lib/python3.12/site-packages/dns/__pycache__\n'}
[2.210119] (web_control) StdoutLine: {'line': b'symbolically linking /home/matthieu/ros2_ws/build/web_control/web/stream/webrtc/.venv/lib/python3.12/site-packages/dns/__pycache__/edns.cpython-312.pyc -> /home/matthieu/ros2_ws/install/web_control/share/web_control/web/stream/webrtc/.venv/lib/python3.12/site-packages/dns/__pycache__\n'}
[2.210230] (web_control) StdoutLine: {'line': b'symbolically linking /home/matthieu/ros2_ws/build/web_control/web/stream/webrtc/.venv/lib/python3.12/site-packages/dns/__pycache__/namedict.cpython-312.pyc -> /home/matthieu/ros2_ws/install/web_control/share/web_control/web/stream/webrtc/.venv/lib/python3.12/site-packages/dns/__pycache__\n'}
[2.210421] (web_control) StdoutLine: {'line': b'symbolically linking /home/matthieu/ros2_ws/build/web_control/web/stream/webrtc/.venv/lib/python3.12/site-packages/dns/__pycache__/rdatatype.cpython-312.pyc -> /home/matthieu/ros2_ws/install/web_control/share/web_control/web/stream/webrtc/.venv/lib/python3.12/site-packages/dns/__pycache__\n'}
[2.210517] (web_control) StdoutLine: {'line': b'symbolically linking /home/matthieu/ros2_ws/build/web_control/web/stream/webrtc/.venv/lib/python3.12/site-packages/dns/__pycache__/set.cpython-312.pyc -> /home/matthieu/ros2_ws/install/web_control/share/web_control/web/stream/webrtc/.venv/lib/python3.12/site-packages/dns/__pycache__\n'}
[2.210628] (web_control) StdoutLine: {'line': b'symbolically linking /home/matthieu/ros2_ws/build/web_control/web/stream/webrtc/.venv/lib/python3.12/site-packages/dns/__pycache__/version.cpython-312.pyc -> /home/matthieu/ros2_ws/install/web_control/share/web_control/web/stream/webrtc/.venv/lib/python3.12/site-packages/dns/__pycache__\n'}
[2.210748] (web_control) StdoutLine: {'line': b'symbolically linking /home/matthieu/ros2_ws/build/web_control/web/stream/webrtc/.venv/lib/python3.12/site-packages/dns/__pycache__/_asyncio_backend.cpython-312.pyc -> /home/matthieu/ros2_ws/install/web_control/share/web_control/web/stream/webrtc/.venv/lib/python3.12/site-packages/dns/__pycache__\n'}
[2.210853] (web_control) StdoutLine: {'line': b'symbolically linking /home/matthieu/ros2_ws/build/web_control/web/stream/webrtc/.venv/lib/python3.12/site-packages/dns/__pycache__/e164.cpython-312.pyc -> /home/matthieu/ros2_ws/install/web_control/share/web_control/web/stream/webrtc/.venv/lib/python3.12/site-packages/dns/__pycache__\n'}
[2.210952] (web_control) StdoutLine: {'line': b'symbolically linking /home/matthieu/ros2_ws/build/web_control/web/stream/webrtc/.venv/lib/python3.12/site-packages/dns/__pycache__/tsigkeyring.cpython-312.pyc -> /home/matthieu/ros2_ws/install/web_control/share/web_control/web/stream/webrtc/.venv/lib/python3.12/site-packages/dns/__pycache__\n'}
[2.211082] (web_control) StdoutLine: {'line': b'symbolically linking /home/matthieu/ros2_ws/build/web_control/web/stream/webrtc/.venv/lib/python3.12/site-packages/dns/__pycache__/tokenizer.cpython-312.pyc -> /home/matthieu/ros2_ws/install/web_control/share/web_control/web/stream/webrtc/.venv/lib/python3.12/site-packages/dns/__pycache__\n'}
[2.211205] (web_control) StdoutLine: {'line': b'symbolically linking /home/matthieu/ros2_ws/build/web_control/web/stream/webrtc/.venv/lib/python3.12/site-packages/dns/__pycache__/_tls_util.cpython-312.pyc -> /home/matthieu/ros2_ws/install/web_control/share/web_control/web/stream/webrtc/.venv/lib/python3.12/site-packages/dns/__pycache__\n'}
[2.211300] (web_control) StdoutLine: {'line': b'symbolically linking /home/matthieu/ros2_ws/build/web_control/web/stream/webrtc/.venv/lib/python3.12/site-packages/dns/__pycache__/ipv4.cpython-312.pyc -> /home/matthieu/ros2_ws/install/web_control/share/web_control/web/stream/webrtc/.venv/lib/python3.12/site-packages/dns/__pycache__\n'}
[2.211418] (web_control) StdoutLine: {'line': b'symbolically linking /home/matthieu/ros2_ws/build/web_control/web/stream/webrtc/.venv/lib/python3.12/site-packages/dns/__pycache__/_no_ssl.cpython-312.pyc -> /home/matthieu/ros2_ws/install/web_control/share/web_control/web/stream/webrtc/.venv/lib/python3.12/site-packages/dns/__pycache__\n'}
[2.211498] (web_control) StdoutLine: {'line': b'symbolically linking /home/matthieu/ros2_ws/build/web_control/web/stream/webrtc/.venv/lib/python3.12/site-packages/dns/__pycache__/exception.cpython-312.pyc -> /home/matthieu/ros2_ws/install/web_control/share/web_control/web/stream/webrtc/.venv/lib/python3.12/site-packages/dns/__pycache__\n'}
[2.211577] (web_control) StdoutLine: {'line': b'symbolically linking /home/matthieu/ros2_ws/build/web_control/web/stream/webrtc/.venv/lib/python3.12/site-packages/dns/__pycache__/_immutable_ctx.cpython-312.pyc -> /home/matthieu/ros2_ws/install/web_control/share/web_control/web/stream/webrtc/.venv/lib/python3.12/site-packages/dns/__pycache__\n'}
[2.211656] (web_control) StdoutLine: {'line': b'symbolically linking /home/matthieu/ros2_ws/build/web_control/web/stream/webrtc/.venv/lib/python3.12/site-packages/dns/__pycache__/inet.cpython-312.pyc -> /home/matthieu/ros2_ws/install/web_control/share/web_control/web/stream/webrtc/.venv/lib/python3.12/site-packages/dns/__pycache__\n'}
[2.211769] (web_control) StdoutLine: {'line': b'symbolically linking /home/matthieu/ros2_ws/build/web_control/web/stream/webrtc/.venv/lib/python3.12/site-packages/dns/__pycache__/reversename.cpython-312.pyc -> /home/matthieu/ros2_ws/install/web_control/share/web_control/web/stream/webrtc/.venv/lib/python3.12/site-packages/dns/__pycache__\n'}
[2.211870] (web_control) StdoutLine: {'line': b'symbolically linking /home/matthieu/ros2_ws/build/web_control/web/stream/webrtc/.venv/lib/python3.12/site-packages/dns/__pycache__/_asyncbackend.cpython-312.pyc -> /home/matthieu/ros2_ws/install/web_control/share/web_control/web/stream/webrtc/.venv/lib/python3.12/site-packages/dns/__pycache__\n'}
[2.211966] (web_control) StdoutLine: {'line': b'symbolically linking /home/matthieu/ros2_ws/build/web_control/web/stream/webrtc/.venv/lib/python3.12/site-packages/dns/__pycache__/renderer.cpython-312.pyc -> /home/matthieu/ros2_ws/install/web_control/share/web_control/web/stream/webrtc/.venv/lib/python3.12/site-packages/dns/__pycache__\n'}
[2.212045] (web_control) StdoutLine: {'line': b'symbolically linking /home/matthieu/ros2_ws/build/web_control/web/stream/webrtc/.venv/lib/python3.12/site-packages/dns/__pycache__/nameserver.cpython-312.pyc -> /home/matthieu/ros2_ws/install/web_control/share/web_control/web/stream/webrtc/.venv/lib/python3.12/site-packages/dns/__pycache__\n'}
[2.212157] (web_control) StdoutLine: {'line': b'symbolically linking /home/matthieu/ros2_ws/build/web_control/web/stream/webrtc/.venv/lib/python3.12/site-packages/dns/__pycache__/immutable.cpython-312.pyc -> /home/matthieu/ros2_ws/install/web_control/share/web_control/web/stream/webrtc/.venv/lib/python3.12/site-packages/dns/__pycache__\n'}
[2.212254] (web_control) StdoutLine: {'line': b'symbolically linking /home/matthieu/ros2_ws/build/web_control/web/stream/webrtc/.venv/lib/python3.12/site-packages/dns/__pycache__/opcode.cpython-312.pyc -> /home/matthieu/ros2_ws/install/web_control/share/web_control/web/stream/webrtc/.venv/lib/python3.12/site-packages/dns/__pycache__\n'}
[2.212361] (web_control) StdoutLine: {'line': b'symbolically linking /home/matthieu/ros2_ws/build/web_control/web/stream/webrtc/.venv/lib/python3.12/site-packages/dns/__pycache__/update.cpython-312.pyc -> /home/matthieu/ros2_ws/install/web_control/share/web_control/web/stream/webrtc/.venv/lib/python3.12/site-packages/dns/__pycache__\n'}
[2.212471] (web_control) StdoutLine: {'line': b'symbolically linking /home/matthieu/ros2_ws/build/web_control/web/stream/webrtc/.venv/lib/python3.12/site-packages/dns/__pycache__/wire.cpython-312.pyc -> /home/matthieu/ros2_ws/install/web_control/share/web_control/web/stream/webrtc/.venv/lib/python3.12/site-packages/dns/__pycache__\n'}
[2.212580] (web_control) StdoutLine: {'line': b'symbolically linking /home/matthieu/ros2_ws/build/web_control/web/stream/webrtc/.venv/lib/python3.12/site-packages/dns/__pycache__/zone.cpython-312.pyc -> /home/matthieu/ros2_ws/install/web_control/share/web_control/web/stream/webrtc/.venv/lib/python3.12/site-packages/dns/__pycache__\n'}
[2.212696] (web_control) StdoutLine: {'line': b'symbolically linking /home/matthieu/ros2_ws/build/web_control/web/stream/webrtc/.venv/lib/python3.12/site-packages/dns/__pycache__/_features.cpython-312.pyc -> /home/matthieu/ros2_ws/install/web_control/share/web_control/web/stream/webrtc/.venv/lib/python3.12/site-packages/dns/__pycache__\n'}
[2.212841] (web_control) StdoutLine: {'line': b'symbolically linking /home/matthieu/ros2_ws/build/web_control/web/stream/webrtc/.venv/lib/python3.12/site-packages/dns/__pycache__/zonetypes.cpython-312.pyc -> /home/matthieu/ros2_ws/install/web_control/share/web_control/web/stream/webrtc/.venv/lib/python3.12/site-packages/dns/__pycache__\n'}
[2.212938] (web_control) StdoutLine: {'line': b'symbolically linking /home/matthieu/ros2_ws/build/web_control/web/stream/webrtc/.venv/lib/python3.12/site-packages/dns/__pycache__/asyncbackend.cpython-312.pyc -> /home/matthieu/ros2_ws/install/web_control/share/web_control/web/stream/webrtc/.venv/lib/python3.12/site-packages/dns/__pycache__\n'}
[2.213051] (web_control) StdoutLine: {'line': b'symbolically linking /home/matthieu/ros2_ws/build/web_control/web/stream/webrtc/.venv/lib/python3.12/site-packages/dns/__pycache__/flags.cpython-312.pyc -> /home/matthieu/ros2_ws/install/web_control/share/web_control/web/stream/webrtc/.venv/lib/python3.12/site-packages/dns/__pycache__\n'}
[2.213192] (web_control) StdoutLine: {'line': b'symbolically linking /home/matthieu/ros2_ws/build/web_control/web/stream/webrtc/.venv/lib/python3.12/site-packages/dns/__pycache__/__init__.cpython-312.pyc -> /home/matthieu/ros2_ws/install/web_control/share/web_control/web/stream/webrtc/.venv/lib/python3.12/site-packages/dns/__pycache__\n'}
[2.213346] (web_control) StdoutLine: {'line': b'symbolically linking /home/matthieu/ros2_ws/build/web_control/web/stream/webrtc/.venv/lib/python3.12/site-packages/dns/__pycache__/ipv6.cpython-312.pyc -> /home/matthieu/ros2_ws/install/web_control/share/web_control/web/stream/webrtc/.venv/lib/python3.12/site-packages/dns/__pycache__\n'}
[2.213486] (web_control) StdoutLine: {'line': b'symbolically linking /home/matthieu/ros2_ws/build/web_control/web/stream/webrtc/.venv/lib/python3.12/site-packages/dns/__pycache__/btreezone.cpython-312.pyc -> /home/matthieu/ros2_ws/install/web_control/share/web_control/web/stream/webrtc/.venv/lib/python3.12/site-packages/dns/__pycache__\n'}
[2.213584] (web_control) StdoutLine: {'line': b'symbolically linking /home/matthieu/ros2_ws/build/web_control/web/stream/webrtc/.venv/lib/python3.12/site-packages/dns/__pycache__/node.cpython-312.pyc -> /home/matthieu/ros2_ws/install/web_control/share/web_control/web/stream/webrtc/.venv/lib/python3.12/site-packages/dns/__pycache__\n'}
[2.213697] (web_control) StdoutLine: {'line': b'symbolically linking /home/matthieu/ros2_ws/build/web_control/web/stream/webrtc/.venv/lib/python3.12/site-packages/dns/__pycache__/rdataset.cpython-312.pyc -> /home/matthieu/ros2_ws/install/web_control/share/web_control/web/stream/webrtc/.venv/lib/python3.12/site-packages/dns/__pycache__\n'}
[2.213845] (web_control) StdoutLine: {'line': b'symbolically linking /home/matthieu/ros2_ws/build/web_control/web/stream/webrtc/.venv/lib/python3.12/site-packages/dns/__pycache__/zonefile.cpython-312.pyc -> /home/matthieu/ros2_ws/install/web_control/share/web_control/web/stream/webrtc/.venv/lib/python3.12/site-packages/dns/__pycache__\n'}
[2.213975] (web_control) StdoutLine: {'line': b'symbolically linking /home/matthieu/ros2_ws/build/web_control/web/stream/webrtc/.venv/lib/python3.12/site-packages/dns/__pycache__/versioned.cpython-312.pyc -> /home/matthieu/ros2_ws/install/web_control/share/web_control/web/stream/webrtc/.venv/lib/python3.12/site-packages/dns/__pycache__\n'}
[2.214078] (web_control) StdoutLine: {'line': b'symbolically linking /home/matthieu/ros2_ws/build/web_control/web/stream/webrtc/.venv/lib/python3.12/site-packages/dns/__pycache__/rdata.cpython-312.pyc -> /home/matthieu/ros2_ws/install/web_control/share/web_control/web/stream/webrtc/.venv/lib/python3.12/site-packages/dns/__pycache__\n'}
[2.214204] (web_control) StdoutLine: {'line': b'symbolically linking /home/matthieu/ros2_ws/build/web_control/web/stream/webrtc/.venv/lib/python3.12/site-packages/dns/__pycache__/enum.cpython-312.pyc -> /home/matthieu/ros2_ws/install/web_control/share/web_control/web/stream/webrtc/.venv/lib/python3.12/site-packages/dns/__pycache__\n'}
[2.214352] (web_control) StdoutLine: {'line': b'symbolically linking /home/matthieu/ros2_ws/build/web_control/web/stream/webrtc/.venv/lib/python3.12/site-packages/dns/quic/_asyncio.py -> /home/matthieu/ros2_ws/install/web_control/share/web_control/web/stream/webrtc/.venv/lib/python3.12/site-packages/dns/quic\n'}
[2.214453] (web_control) StdoutLine: {'line': b'symbolically linking /home/matthieu/ros2_ws/build/web_control/web/stream/webrtc/.venv/lib/python3.12/site-packages/dns/quic/_trio.py -> /home/matthieu/ros2_ws/install/web_control/share/web_control/web/stream/webrtc/.venv/lib/python3.12/site-packages/dns/quic\n'}
[2.214551] (web_control) StdoutLine: {'line': b'symbolically linking /home/matthieu/ros2_ws/build/web_control/web/stream/webrtc/.venv/lib/python3.12/site-packages/dns/quic/_common.py -> /home/matthieu/ros2_ws/install/web_control/share/web_control/web/stream/webrtc/.venv/lib/python3.12/site-packages/dns/quic\n'}
[2.214703] (web_control) StdoutLine: {'line': b'symbolically linking /home/matthieu/ros2_ws/build/web_control/web/stream/webrtc/.venv/lib/python3.12/site-packages/dns/quic/_sync.py -> /home/matthieu/ros2_ws/install/web_control/share/web_control/web/stream/webrtc/.venv/lib/python3.12/site-packages/dns/quic\n'}
[2.214802] (web_control) StdoutLine: {'line': b'symbolically linking /home/matthieu/ros2_ws/build/web_control/web/stream/webrtc/.venv/lib/python3.12/site-packages/dns/quic/__init__.py -> /home/matthieu/ros2_ws/install/web_control/share/web_control/web/stream/webrtc/.venv/lib/python3.12/site-packages/dns/quic\n'}
[2.214891] (web_control) StdoutLine: {'line': b'symbolically linking /home/matthieu/ros2_ws/build/web_control/web/stream/webrtc/.venv/lib/python3.12/site-packages/dns/quic/__pycache__/_sync.cpython-312.pyc -> /home/matthieu/ros2_ws/install/web_control/share/web_control/web/stream/webrtc/.venv/lib/python3.12/site-packages/dns/quic/__pycache__\n'}
[2.214999] (web_control) StdoutLine: {'line': b'symbolically linking /home/matthieu/ros2_ws/build/web_control/web/stream/webrtc/.venv/lib/python3.12/site-packages/dns/quic/__pycache__/_trio.cpython-312.pyc -> /home/matthieu/ros2_ws/install/web_control/share/web_control/web/stream/webrtc/.venv/lib/python3.12/site-packages/dns/quic/__pycache__\n'}
[2.215078] (web_control) StdoutLine: {'line': b'symbolically linking /home/matthieu/ros2_ws/build/web_control/web/stream/webrtc/.venv/lib/python3.12/site-packages/dns/quic/__pycache__/_common.cpython-312.pyc -> /home/matthieu/ros2_ws/install/web_control/share/web_control/web/stream/webrtc/.venv/lib/python3.12/site-packages/dns/quic/__pycache__\n'}
[2.215157] (web_control) StdoutLine: {'line': b'symbolically linking /home/matthieu/ros2_ws/build/web_control/web/stream/webrtc/.venv/lib/python3.12/site-packages/dns/quic/__pycache__/__init__.cpython-312.pyc -> /home/matthieu/ros2_ws/install/web_control/share/web_control/web/stream/webrtc/.venv/lib/python3.12/site-packages/dns/quic/__pycache__\n'}
[2.215300] (web_control) StdoutLine: {'line': b'symbolically linking /home/matthieu/ros2_ws/build/web_control/web/stream/webrtc/.venv/lib/python3.12/site-packages/dns/quic/__pycache__/_asyncio.cpython-312.pyc -> /home/matthieu/ros2_ws/install/web_control/share/web_control/web/stream/webrtc/.venv/lib/python3.12/site-packages/dns/quic/__pycache__\n'}
[2.215619] (web_control) StdoutLine: {'line': b'symbolically linking /home/matthieu/ros2_ws/build/web_control/web/stream/webrtc/.venv/lib/python3.12/site-packages/dns/rdtypes/nsbase.py -> /home/matthieu/ros2_ws/install/web_control/share/web_control/web/stream/webrtc/.venv/lib/python3.12/site-packages/dns/rdtypes\n'}
[2.215900] (web_control) StdoutLine: {'line': b'symbolically linking /home/matthieu/ros2_ws/build/web_control/web/stream/webrtc/.venv/lib/python3.12/site-packages/dns/rdtypes/util.py -> /home/matthieu/ros2_ws/install/web_control/share/web_control/web/stream/webrtc/.venv/lib/python3.12/site-packages/dns/rdtypes\n'}
[2.216019] (web_control) StdoutLine: {'line': b'symbolically linking /home/matthieu/ros2_ws/build/web_control/web/stream/webrtc/.venv/lib/python3.12/site-packages/dns/rdtypes/svcbbase.py -> /home/matthieu/ros2_ws/install/web_control/share/web_control/web/stream/webrtc/.venv/lib/python3.12/site-packages/dns/rdtypes\n'}
[2.216124] (web_control) StdoutLine: {'line': b'symbolically linking /home/matthieu/ros2_ws/build/web_control/web/stream/webrtc/.venv/lib/python3.12/site-packages/dns/rdtypes/euibase.py -> /home/matthieu/ros2_ws/install/web_control/share/web_control/web/stream/webrtc/.venv/lib/python3.12/site-packages/dns/rdtypes\n'}
[2.216217] (web_control) StdoutLine: {'line': b'symbolically linking /home/matthieu/ros2_ws/build/web_control/web/stream/webrtc/.venv/lib/python3.12/site-packages/dns/rdtypes/mxbase.py -> /home/matthieu/ros2_ws/install/web_control/share/web_control/web/stream/webrtc/.venv/lib/python3.12/site-packages/dns/rdtypes\n'}
[2.216365] (web_control) StdoutLine: {'line': b'symbolically linking /home/matthieu/ros2_ws/build/web_control/web/stream/webrtc/.venv/lib/python3.12/site-packages/dns/rdtypes/dnskeybase.py -> /home/matthieu/ros2_ws/install/web_control/share/web_control/web/stream/webrtc/.venv/lib/python3.12/site-packages/dns/rdtypes\n'}
[2.216451] (web_control) StdoutLine: {'line': b'symbolically linking /home/matthieu/ros2_ws/build/web_control/web/stream/webrtc/.venv/lib/python3.12/site-packages/dns/rdtypes/dsbase.py -> /home/matthieu/ros2_ws/install/web_control/share/web_control/web/stream/webrtc/.venv/lib/python3.12/site-packages/dns/rdtypes\n'}
[2.216537] (web_control) StdoutLine: {'line': b'symbolically linking /home/matthieu/ros2_ws/build/web_control/web/stream/webrtc/.venv/lib/python3.12/site-packages/dns/rdtypes/tlsabase.py -> /home/matthieu/ros2_ws/install/web_control/share/web_control/web/stream/webrtc/.venv/lib/python3.12/site-packages/dns/rdtypes\n'}
[2.216672] (web_control) StdoutLine: {'line': b'symbolically linking /home/matthieu/ros2_ws/build/web_control/web/stream/webrtc/.venv/lib/python3.12/site-packages/dns/rdtypes/__init__.py -> /home/matthieu/ros2_ws/install/web_control/share/web_control/web/stream/webrtc/.venv/lib/python3.12/site-packages/dns/rdtypes\n'}
[2.216771] (web_control) StdoutLine: {'line': b'symbolically linking /home/matthieu/ros2_ws/build/web_control/web/stream/webrtc/.venv/lib/python3.12/site-packages/dns/rdtypes/txtbase.py -> /home/matthieu/ros2_ws/install/web_control/share/web_control/web/stream/webrtc/.venv/lib/python3.12/site-packages/dns/rdtypes\n'}
[2.216858] (web_control) StdoutLine: {'line': b'symbolically linking /home/matthieu/ros2_ws/build/web_control/web/stream/webrtc/.venv/lib/python3.12/site-packages/dns/rdtypes/IN/AAAA.py -> /home/matthieu/ros2_ws/install/web_control/share/web_control/web/stream/webrtc/.venv/lib/python3.12/site-packages/dns/rdtypes/IN\n'}
[2.216940] (web_control) StdoutLine: {'line': b'symbolically linking /home/matthieu/ros2_ws/build/web_control/web/stream/webrtc/.venv/lib/python3.12/site-packages/dns/rdtypes/IN/WKS.py -> /home/matthieu/ros2_ws/install/web_control/share/web_control/web/stream/webrtc/.venv/lib/python3.12/site-packages/dns/rdtypes/IN\n'}
[2.217051] (web_control) StdoutLine: {'line': b'symbolically linking /home/matthieu/ros2_ws/build/web_control/web/stream/webrtc/.venv/lib/python3.12/site-packages/dns/rdtypes/IN/SVCB.py -> /home/matthieu/ros2_ws/install/web_control/share/web_control/web/stream/webrtc/.venv/lib/python3.12/site-packages/dns/rdtypes/IN\n'}
[2.217131] (web_control) StdoutLine: {'line': b'symbolically linking /home/matthieu/ros2_ws/build/web_control/web/stream/webrtc/.venv/lib/python3.12/site-packages/dns/rdtypes/IN/NSAP_PTR.py -> /home/matthieu/ros2_ws/install/web_control/share/web_control/web/stream/webrtc/.venv/lib/python3.12/site-packages/dns/rdtypes/IN\n'}
[2.217211] (web_control) StdoutLine: {'line': b'symbolically linking /home/matthieu/ros2_ws/build/web_control/web/stream/webrtc/.venv/lib/python3.12/site-packages/dns/rdtypes/IN/NSAP.py -> /home/matthieu/ros2_ws/install/web_control/share/web_control/web/stream/webrtc/.venv/lib/python3.12/site-packages/dns/rdtypes/IN\n'}
[2.217337] (web_control) StdoutLine: {'line': b'symbolically linking /home/matthieu/ros2_ws/build/web_control/web/stream/webrtc/.venv/lib/python3.12/site-packages/dns/rdtypes/IN/A.py -> /home/matthieu/ros2_ws/install/web_control/share/web_control/web/stream/webrtc/.venv/lib/python3.12/site-packages/dns/rdtypes/IN\n'}
[2.217419] (web_control) StdoutLine: {'line': b'symbolically linking /home/matthieu/ros2_ws/build/web_control/web/stream/webrtc/.venv/lib/python3.12/site-packages/dns/rdtypes/IN/KX.py -> /home/matthieu/ros2_ws/install/web_control/share/web_control/web/stream/webrtc/.venv/lib/python3.12/site-packages/dns/rdtypes/IN\n'}
[2.217499] (web_control) StdoutLine: {'line': b'symbolically linking /home/matthieu/ros2_ws/build/web_control/web/stream/webrtc/.venv/lib/python3.12/site-packages/dns/rdtypes/IN/DHCID.py -> /home/matthieu/ros2_ws/install/web_control/share/web_control/web/stream/webrtc/.venv/lib/python3.12/site-packages/dns/rdtypes/IN\n'}
[2.217604] (web_control) StdoutLine: {'line': b'symbolically linking /home/matthieu/ros2_ws/build/web_control/web/stream/webrtc/.venv/lib/python3.12/site-packages/dns/rdtypes/IN/PX.py -> /home/matthieu/ros2_ws/install/web_control/share/web_control/web/stream/webrtc/.venv/lib/python3.12/site-packages/dns/rdtypes/IN\n'}
[2.217684] (web_control) StdoutLine: {'line': b'symbolically linking /home/matthieu/ros2_ws/build/web_control/web/stream/webrtc/.venv/lib/python3.12/site-packages/dns/rdtypes/IN/NAPTR.py -> /home/matthieu/ros2_ws/install/web_control/share/web_control/web/stream/webrtc/.venv/lib/python3.12/site-packages/dns/rdtypes/IN\n'}
[2.217795] (web_control) StdoutLine: {'line': b'symbolically linking /home/matthieu/ros2_ws/build/web_control/web/stream/webrtc/.venv/lib/python3.12/site-packages/dns/rdtypes/IN/HTTPS.py -> /home/matthieu/ros2_ws/install/web_control/share/web_control/web/stream/webrtc/.venv/lib/python3.12/site-packages/dns/rdtypes/IN\n'}
[2.217874] (web_control) StdoutLine: {'line': b'symbolically linking /home/matthieu/ros2_ws/build/web_control/web/stream/webrtc/.venv/lib/python3.12/site-packages/dns/rdtypes/IN/APL.py -> /home/matthieu/ros2_ws/install/web_control/share/web_control/web/stream/webrtc/.venv/lib/python3.12/site-packages/dns/rdtypes/IN\n'}
[2.217956] (web_control) StdoutLine: {'line': b'symbolically linking /home/matthieu/ros2_ws/build/web_control/web/stream/webrtc/.venv/lib/python3.12/site-packages/dns/rdtypes/IN/IPSECKEY.py -> /home/matthieu/ros2_ws/install/web_control/share/web_control/web/stream/webrtc/.venv/lib/python3.12/site-packages/dns/rdtypes/IN\n'}
[2.218064] (web_control) StdoutLine: {'line': b'symbolically linking /home/matthieu/ros2_ws/build/web_control/web/stream/webrtc/.venv/lib/python3.12/site-packages/dns/rdtypes/IN/SRV.py -> /home/matthieu/ros2_ws/install/web_control/share/web_control/web/stream/webrtc/.venv/lib/python3.12/site-packages/dns/rdtypes/IN\n'}
[2.218142] (web_control) StdoutLine: {'line': b'symbolically linking /home/matthieu/ros2_ws/build/web_control/web/stream/webrtc/.venv/lib/python3.12/site-packages/dns/rdtypes/IN/__init__.py -> /home/matthieu/ros2_ws/install/web_control/share/web_control/web/stream/webrtc/.venv/lib/python3.12/site-packages/dns/rdtypes/IN\n'}
[2.218254] (web_control) StdoutLine: {'line': b'symbolically linking /home/matthieu/ros2_ws/build/web_control/web/stream/webrtc/.venv/lib/python3.12/site-packages/dns/rdtypes/IN/__pycache__/A.cpython-312.pyc -> /home/matthieu/ros2_ws/install/web_control/share/web_control/web/stream/webrtc/.venv/lib/python3.12/site-packages/dns/rdtypes/IN/__pycache__\n'}
[2.218340] (web_control) StdoutLine: {'line': b'symbolically linking /home/matthieu/ros2_ws/build/web_control/web/stream/webrtc/.venv/lib/python3.12/site-packages/dns/rdtypes/IN/__pycache__/IPSECKEY.cpython-312.pyc -> /home/matthieu/ros2_ws/install/web_control/share/web_control/web/stream/webrtc/.venv/lib/python3.12/site-packages/dns/rdtypes/IN/__pycache__\n'}
[2.218455] (web_control) StdoutLine: {'line': b'symbolically linking /home/matthieu/ros2_ws/build/web_control/web/stream/webrtc/.venv/lib/python3.12/site-packages/dns/rdtypes/IN/__pycache__/NSAP.cpython-312.pyc -> /home/matthieu/ros2_ws/install/web_control/share/web_control/web/stream/webrtc/.venv/lib/python3.12/site-packages/dns/rdtypes/IN/__pycache__\n'}
[2.218545] (web_control) StdoutLine: {'line': b'symbolically linking /home/matthieu/ros2_ws/build/web_control/web/stream/webrtc/.venv/lib/python3.12/site-packages/dns/rdtypes/IN/__pycache__/NSAP_PTR.cpython-312.pyc -> /home/matthieu/ros2_ws/install/web_control/share/web_control/web/stream/webrtc/.venv/lib/python3.12/site-packages/dns/rdtypes/IN/__pycache__\n'}
[2.218623] (web_control) StdoutLine: {'line': b'symbolically linking /home/matthieu/ros2_ws/build/web_control/web/stream/webrtc/.venv/lib/python3.12/site-packages/dns/rdtypes/IN/__pycache__/KX.cpython-312.pyc -> /home/matthieu/ros2_ws/install/web_control/share/web_control/web/stream/webrtc/.venv/lib/python3.12/site-packages/dns/rdtypes/IN/__pycache__\n'}
[2.218720] (web_control) StdoutLine: {'line': b'symbolically linking /home/matthieu/ros2_ws/build/web_control/web/stream/webrtc/.venv/lib/python3.12/site-packages/dns/rdtypes/IN/__pycache__/AAAA.cpython-312.pyc -> /home/matthieu/ros2_ws/install/web_control/share/web_control/web/stream/webrtc/.venv/lib/python3.12/site-packages/dns/rdtypes/IN/__pycache__\n'}
[2.218796] (web_control) StdoutLine: {'line': b'symbolically linking /home/matthieu/ros2_ws/build/web_control/web/stream/webrtc/.venv/lib/python3.12/site-packages/dns/rdtypes/IN/__pycache__/WKS.cpython-312.pyc -> /home/matthieu/ros2_ws/install/web_control/share/web_control/web/stream/webrtc/.venv/lib/python3.12/site-packages/dns/rdtypes/IN/__pycache__\n'}
[2.218895] (web_control) StdoutLine: {'line': b'symbolically linking /home/matthieu/ros2_ws/build/web_control/web/stream/webrtc/.venv/lib/python3.12/site-packages/dns/rdtypes/IN/__pycache__/NAPTR.cpython-312.pyc -> /home/matthieu/ros2_ws/install/web_control/share/web_control/web/stream/webrtc/.venv/lib/python3.12/site-packages/dns/rdtypes/IN/__pycache__\n'}
[2.218975] (web_control) StdoutLine: {'line': b'symbolically linking /home/matthieu/ros2_ws/build/web_control/web/stream/webrtc/.venv/lib/python3.12/site-packages/dns/rdtypes/IN/__pycache__/PX.cpython-312.pyc -> /home/matthieu/ros2_ws/install/web_control/share/web_control/web/stream/webrtc/.venv/lib/python3.12/site-packages/dns/rdtypes/IN/__pycache__\n'}
[2.219079] (web_control) StdoutLine: {'line': b'symbolically linking /home/matthieu/ros2_ws/build/web_control/web/stream/webrtc/.venv/lib/python3.12/site-packages/dns/rdtypes/IN/__pycache__/HTTPS.cpython-312.pyc -> /home/matthieu/ros2_ws/install/web_control/share/web_control/web/stream/webrtc/.venv/lib/python3.12/site-packages/dns/rdtypes/IN/__pycache__\n'}
[2.219159] (web_control) StdoutLine: {'line': b'symbolically linking /home/matthieu/ros2_ws/build/web_control/web/stream/webrtc/.venv/lib/python3.12/site-packages/dns/rdtypes/IN/__pycache__/DHCID.cpython-312.pyc -> /home/matthieu/ros2_ws/install/web_control/share/web_control/web/stream/webrtc/.venv/lib/python3.12/site-packages/dns/rdtypes/IN/__pycache__\n'}
[2.219271] (web_control) StdoutLine: {'line': b'symbolically linking /home/matthieu/ros2_ws/build/web_control/web/stream/webrtc/.venv/lib/python3.12/site-packages/dns/rdtypes/IN/__pycache__/__init__.cpython-312.pyc -> /home/matthieu/ros2_ws/install/web_control/share/web_control/web/stream/webrtc/.venv/lib/python3.12/site-packages/dns/rdtypes/IN/__pycache__\n'}
[2.219366] (web_control) StdoutLine: {'line': b'symbolically linking /home/matthieu/ros2_ws/build/web_control/web/stream/webrtc/.venv/lib/python3.12/site-packages/dns/rdtypes/IN/__pycache__/SRV.cpython-312.pyc -> /home/matthieu/ros2_ws/install/web_control/share/web_control/web/stream/webrtc/.venv/lib/python3.12/site-packages/dns/rdtypes/IN/__pycache__\n'}
[2.219459] (web_control) StdoutLine: {'line': b'symbolically linking /home/matthieu/ros2_ws/build/web_control/web/stream/webrtc/.venv/lib/python3.12/site-packages/dns/rdtypes/IN/__pycache__/APL.cpython-312.pyc -> /home/matthieu/ros2_ws/install/web_control/share/web_control/web/stream/webrtc/.venv/lib/python3.12/site-packages/dns/rdtypes/IN/__pycache__\n'}
[2.219537] (web_control) StdoutLine: {'line': b'symbolically linking /home/matthieu/ros2_ws/build/web_control/web/stream/webrtc/.venv/lib/python3.12/site-packages/dns/rdtypes/IN/__pycache__/SVCB.cpython-312.pyc -> /home/matthieu/ros2_ws/install/web_control/share/web_control/web/stream/webrtc/.venv/lib/python3.12/site-packages/dns/rdtypes/IN/__pycache__\n'}
[2.219648] (web_control) StdoutLine: {'line': b'symbolically linking /home/matthieu/ros2_ws/build/web_control/web/stream/webrtc/.venv/lib/python3.12/site-packages/dns/rdtypes/__pycache__/euibase.cpython-312.pyc -> /home/matthieu/ros2_ws/install/web_control/share/web_control/web/stream/webrtc/.venv/lib/python3.12/site-packages/dns/rdtypes/__pycache__\n'}
[2.219728] (web_control) StdoutLine: {'line': b'symbolically linking /home/matthieu/ros2_ws/build/web_control/web/stream/webrtc/.venv/lib/python3.12/site-packages/dns/rdtypes/__pycache__/txtbase.cpython-312.pyc -> /home/matthieu/ros2_ws/install/web_control/share/web_control/web/stream/webrtc/.venv/lib/python3.12/site-packages/dns/rdtypes/__pycache__\n'}
[2.219826] (web_control) StdoutLine: {'line': b'symbolically linking /home/matthieu/ros2_ws/build/web_control/web/stream/webrtc/.venv/lib/python3.12/site-packages/dns/rdtypes/__pycache__/dnskeybase.cpython-312.pyc -> /home/matthieu/ros2_ws/install/web_control/share/web_control/web/stream/webrtc/.venv/lib/python3.12/site-packages/dns/rdtypes/__pycache__\n'}
[2.219936] (web_control) StdoutLine: {'line': b'symbolically linking /home/matthieu/ros2_ws/build/web_control/web/stream/webrtc/.venv/lib/python3.12/site-packages/dns/rdtypes/__pycache__/svcbbase.cpython-312.pyc -> /home/matthieu/ros2_ws/install/web_control/share/web_control/web/stream/webrtc/.venv/lib/python3.12/site-packages/dns/rdtypes/__pycache__\n'}
[2.220016] (web_control) StdoutLine: {'line': b'symbolically linking /home/matthieu/ros2_ws/build/web_control/web/stream/webrtc/.venv/lib/python3.12/site-packages/dns/rdtypes/__pycache__/mxbase.cpython-312.pyc -> /home/matthieu/ros2_ws/install/web_control/share/web_control/web/stream/webrtc/.venv/lib/python3.12/site-packages/dns/rdtypes/__pycache__\n'}
[2.220118] (web_control) StdoutLine: {'line': b'symbolically linking /home/matthieu/ros2_ws/build/web_control/web/stream/webrtc/.venv/lib/python3.12/site-packages/dns/rdtypes/__pycache__/tlsabase.cpython-312.pyc -> /home/matthieu/ros2_ws/install/web_control/share/web_control/web/stream/webrtc/.venv/lib/python3.12/site-packages/dns/rdtypes/__pycache__\n'}
[2.220211] (web_control) StdoutLine: {'line': b'symbolically linking /home/matthieu/ros2_ws/build/web_control/web/stream/webrtc/.venv/lib/python3.12/site-packages/dns/rdtypes/__pycache__/dsbase.cpython-312.pyc -> /home/matthieu/ros2_ws/install/web_control/share/web_control/web/stream/webrtc/.venv/lib/python3.12/site-packages/dns/rdtypes/__pycache__\n'}
[2.220296] (web_control) StdoutLine: {'line': b'symbolically linking /home/matthieu/ros2_ws/build/web_control/web/stream/webrtc/.venv/lib/python3.12/site-packages/dns/rdtypes/__pycache__/nsbase.cpython-312.pyc -> /home/matthieu/ros2_ws/install/web_control/share/web_control/web/stream/webrtc/.venv/lib/python3.12/site-packages/dns/rdtypes/__pycache__\n'}
[2.220415] (web_control) StdoutLine: {'line': b'symbolically linking /home/matthieu/ros2_ws/build/web_control/web/stream/webrtc/.venv/lib/python3.12/site-packages/dns/rdtypes/__pycache__/util.cpython-312.pyc -> /home/matthieu/ros2_ws/install/web_control/share/web_control/web/stream/webrtc/.venv/lib/python3.12/site-packages/dns/rdtypes/__pycache__\n'}
[2.220492] (web_control) StdoutLine: {'line': b'symbolically linking /home/matthieu/ros2_ws/build/web_control/web/stream/webrtc/.venv/lib/python3.12/site-packages/dns/rdtypes/__pycache__/__init__.cpython-312.pyc -> /home/matthieu/ros2_ws/install/web_control/share/web_control/web/stream/webrtc/.venv/lib/python3.12/site-packages/dns/rdtypes/__pycache__\n'}
[2.220598] (web_control) StdoutLine: {'line': b'symbolically linking /home/matthieu/ros2_ws/build/web_control/web/stream/webrtc/.venv/lib/python3.12/site-packages/dns/rdtypes/ANY/L64.py -> /home/matthieu/ros2_ws/install/web_control/share/web_control/web/stream/webrtc/.venv/lib/python3.12/site-packages/dns/rdtypes/ANY\n'}
[2.220672] (web_control) StdoutLine: {'line': b'symbolically linking /home/matthieu/ros2_ws/build/web_control/web/stream/webrtc/.venv/lib/python3.12/site-packages/dns/rdtypes/ANY/CSYNC.py -> /home/matthieu/ros2_ws/install/web_control/share/web_control/web/stream/webrtc/.venv/lib/python3.12/site-packages/dns/rdtypes/ANY\n'}
[2.220774] (web_control) StdoutLine: {'line': b'symbolically linking /home/matthieu/ros2_ws/build/web_control/web/stream/webrtc/.venv/lib/python3.12/site-packages/dns/rdtypes/ANY/WALLET.py -> /home/matthieu/ros2_ws/install/web_control/share/web_control/web/stream/webrtc/.venv/lib/python3.12/site-packages/dns/rdtypes/ANY\n'}
[2.220851] (web_control) StdoutLine: {'line': b'symbolically linking /home/matthieu/ros2_ws/build/web_control/web/stream/webrtc/.venv/lib/python3.12/site-packages/dns/rdtypes/ANY/CNAME.py -> /home/matthieu/ros2_ws/install/web_control/share/web_control/web/stream/webrtc/.venv/lib/python3.12/site-packages/dns/rdtypes/ANY\n'}
[2.220958] (web_control) StdoutLine: {'line': b'symbolically linking /home/matthieu/ros2_ws/build/web_control/web/stream/webrtc/.venv/lib/python3.12/site-packages/dns/rdtypes/ANY/SOA.py -> /home/matthieu/ros2_ws/install/web_control/share/web_control/web/stream/webrtc/.venv/lib/python3.12/site-packages/dns/rdtypes/ANY\n'}
[2.221034] (web_control) StdoutLine: {'line': b'symbolically linking /home/matthieu/ros2_ws/build/web_control/web/stream/webrtc/.venv/lib/python3.12/site-packages/dns/rdtypes/ANY/DS.py -> /home/matthieu/ros2_ws/install/web_control/share/web_control/web/stream/webrtc/.venv/lib/python3.12/site-packages/dns/rdtypes/ANY\n'}
[2.221131] (web_control) StdoutLine: {'line': b'symbolically linking /home/matthieu/ros2_ws/build/web_control/web/stream/webrtc/.venv/lib/python3.12/site-packages/dns/rdtypes/ANY/SSHFP.py -> /home/matthieu/ros2_ws/install/web_control/share/web_control/web/stream/webrtc/.venv/lib/python3.12/site-packages/dns/rdtypes/ANY\n'}
[2.221206] (web_control) StdoutLine: {'line': b'symbolically linking /home/matthieu/ros2_ws/build/web_control/web/stream/webrtc/.venv/lib/python3.12/site-packages/dns/rdtypes/ANY/CDNSKEY.py -> /home/matthieu/ros2_ws/install/web_control/share/web_control/web/stream/webrtc/.venv/lib/python3.12/site-packages/dns/rdtypes/ANY\n'}
[2.221316] (web_control) StdoutLine: {'line': b'symbolically linking /home/matthieu/ros2_ws/build/web_control/web/stream/webrtc/.venv/lib/python3.12/site-packages/dns/rdtypes/ANY/TLSA.py -> /home/matthieu/ros2_ws/install/web_control/share/web_control/web/stream/webrtc/.venv/lib/python3.12/site-packages/dns/rdtypes/ANY\n'}
[2.221404] (web_control) StdoutLine: {'line': b'symbolically linking /home/matthieu/ros2_ws/build/web_control/web/stream/webrtc/.venv/lib/python3.12/site-packages/dns/rdtypes/ANY/OPENPGPKEY.py -> /home/matthieu/ros2_ws/install/web_control/share/web_control/web/stream/webrtc/.venv/lib/python3.12/site-packages/dns/rdtypes/ANY\n'}
[2.221489] (web_control) StdoutLine: {'line': b'symbolically linking /home/matthieu/ros2_ws/build/web_control/web/stream/webrtc/.venv/lib/python3.12/site-packages/dns/rdtypes/ANY/URI.py -> /home/matthieu/ros2_ws/install/web_control/share/web_control/web/stream/webrtc/.venv/lib/python3.12/site-packages/dns/rdtypes/ANY\n'}
[2.221560] (web_control) StdoutLine: {'line': b'symbolically linking /home/matthieu/ros2_ws/build/web_control/web/stream/webrtc/.venv/lib/python3.12/site-packages/dns/rdtypes/ANY/X25.py -> /home/matthieu/ros2_ws/install/web_control/share/web_control/web/stream/webrtc/.venv/lib/python3.12/site-packages/dns/rdtypes/ANY\n'}
[2.221661] (web_control) StdoutLine: {'line': b'symbolically linking /home/matthieu/ros2_ws/build/web_control/web/stream/webrtc/.venv/lib/python3.12/site-packages/dns/rdtypes/ANY/RP.py -> /home/matthieu/ros2_ws/install/web_control/share/web_control/web/stream/webrtc/.venv/lib/python3.12/site-packages/dns/rdtypes/ANY\n'}
[2.221734] (web_control) StdoutLine: {'line': b'symbolically linking /home/matthieu/ros2_ws/build/web_control/web/stream/webrtc/.venv/lib/python3.12/site-packages/dns/rdtypes/ANY/CAA.py -> /home/matthieu/ros2_ws/install/web_control/share/web_control/web/stream/webrtc/.venv/lib/python3.12/site-packages/dns/rdtypes/ANY\n'}
[2.221836] (web_control) StdoutLine: {'line': b'symbolically linking /home/matthieu/ros2_ws/build/web_control/web/stream/webrtc/.venv/lib/python3.12/site-packages/dns/rdtypes/ANY/EUI48.py -> /home/matthieu/ros2_ws/install/web_control/share/web_control/web/stream/webrtc/.venv/lib/python3.12/site-packages/dns/rdtypes/ANY\n'}
[2.221919] (web_control) StdoutLine: {'line': b'symbolically linking /home/matthieu/ros2_ws/build/web_control/web/stream/webrtc/.venv/lib/python3.12/site-packages/dns/rdtypes/ANY/CERT.py -> /home/matthieu/ros2_ws/install/web_control/share/web_control/web/stream/webrtc/.venv/lib/python3.12/site-packages/dns/rdtypes/ANY\n'}
[2.222008] (web_control) StdoutLine: {'line': b'symbolically linking /home/matthieu/ros2_ws/build/web_control/web/stream/webrtc/.venv/lib/python3.12/site-packages/dns/rdtypes/ANY/TKEY.py -> /home/matthieu/ros2_ws/install/web_control/share/web_control/web/stream/webrtc/.venv/lib/python3.12/site-packages/dns/rdtypes/ANY\n'}
[2.222110] (web_control) StdoutLine: {'line': b'symbolically linking /home/matthieu/ros2_ws/build/web_control/web/stream/webrtc/.venv/lib/python3.12/site-packages/dns/rdtypes/ANY/ISDN.py -> /home/matthieu/ros2_ws/install/web_control/share/web_control/web/stream/webrtc/.venv/lib/python3.12/site-packages/dns/rdtypes/ANY\n'}
[2.222184] (web_control) StdoutLine: {'line': b'symbolically linking /home/matthieu/ros2_ws/build/web_control/web/stream/webrtc/.venv/lib/python3.12/site-packages/dns/rdtypes/ANY/PTR.py -> /home/matthieu/ros2_ws/install/web_control/share/web_control/web/stream/webrtc/.venv/lib/python3.12/site-packages/dns/rdtypes/ANY\n'}
[2.222283] (web_control) StdoutLine: {'line': b'symbolically linking /home/matthieu/ros2_ws/build/web_control/web/stream/webrtc/.venv/lib/python3.12/site-packages/dns/rdtypes/ANY/CDS.py -> /home/matthieu/ros2_ws/install/web_control/share/web_control/web/stream/webrtc/.venv/lib/python3.12/site-packages/dns/rdtypes/ANY\n'}
[2.222404] (web_control) StdoutLine: {'line': b'symbolically linking /home/matthieu/ros2_ws/build/web_control/web/stream/webrtc/.venv/lib/python3.12/site-packages/dns/rdtypes/ANY/DNAME.py -> /home/matthieu/ros2_ws/install/web_control/share/web_control/web/stream/webrtc/.venv/lib/python3.12/site-packages/dns/rdtypes/ANY\n'}
[2.222489] (web_control) StdoutLine: {'line': b'symbolically linking /home/matthieu/ros2_ws/build/web_control/web/stream/webrtc/.venv/lib/python3.12/site-packages/dns/rdtypes/ANY/OPT.py -> /home/matthieu/ros2_ws/install/web_control/share/web_control/web/stream/webrtc/.venv/lib/python3.12/site-packages/dns/rdtypes/ANY\n'}
[2.222605] (web_control) StdoutLine: {'line': b'symbolically linking /home/matthieu/ros2_ws/build/web_control/web/stream/webrtc/.venv/lib/python3.12/site-packages/dns/rdtypes/ANY/NID.py -> /home/matthieu/ros2_ws/install/web_control/share/web_control/web/stream/webrtc/.venv/lib/python3.12/site-packages/dns/rdtypes/ANY\n'}
[2.222702] (web_control) StdoutLine: {'line': b'symbolically linking /home/matthieu/ros2_ws/build/web_control/web/stream/webrtc/.venv/lib/python3.12/site-packages/dns/rdtypes/ANY/L32.py -> /home/matthieu/ros2_ws/install/web_control/share/web_control/web/stream/webrtc/.venv/lib/python3.12/site-packages/dns/rdtypes/ANY\n'}
[2.222791] (web_control) StdoutLine: {'line': b'symbolically linking /home/matthieu/ros2_ws/build/web_control/web/stream/webrtc/.venv/lib/python3.12/site-packages/dns/rdtypes/ANY/DSYNC.py -> /home/matthieu/ros2_ws/install/web_control/share/web_control/web/stream/webrtc/.venv/lib/python3.12/site-packages/dns/rdtypes/ANY\n'}
[2.222896] (web_control) StdoutLine: {'line': b'symbolically linking /home/matthieu/ros2_ws/build/web_control/web/stream/webrtc/.venv/lib/python3.12/site-packages/dns/rdtypes/ANY/AFSDB.py -> /home/matthieu/ros2_ws/install/web_control/share/web_control/web/stream/webrtc/.venv/lib/python3.12/site-packages/dns/rdtypes/ANY\n'}
[2.222989] (web_control) StdoutLine: {'line': b'symbolically linking /home/matthieu/ros2_ws/build/web_control/web/stream/webrtc/.venv/lib/python3.12/site-packages/dns/rdtypes/ANY/TXT.py -> /home/matthieu/ros2_ws/install/web_control/share/web_control/web/stream/webrtc/.venv/lib/python3.12/site-packages/dns/rdtypes/ANY\n'}
[2.223092] (web_control) StdoutLine: {'line': b'symbolically linking /home/matthieu/ros2_ws/build/web_control/web/stream/webrtc/.venv/lib/python3.12/site-packages/dns/rdtypes/ANY/AVC.py -> /home/matthieu/ros2_ws/install/web_control/share/web_control/web/stream/webrtc/.venv/lib/python3.12/site-packages/dns/rdtypes/ANY\n'}
[2.223164] (web_control) StdoutLine: {'line': b'symbolically linking /home/matthieu/ros2_ws/build/web_control/web/stream/webrtc/.venv/lib/python3.12/site-packages/dns/rdtypes/ANY/EUI64.py -> /home/matthieu/ros2_ws/install/web_control/share/web_control/web/stream/webrtc/.venv/lib/python3.12/site-packages/dns/rdtypes/ANY\n'}
[2.223258] (web_control) StdoutLine: {'line': b'symbolically linking /home/matthieu/ros2_ws/build/web_control/web/stream/webrtc/.venv/lib/python3.12/site-packages/dns/rdtypes/ANY/TSIG.py -> /home/matthieu/ros2_ws/install/web_control/share/web_control/web/stream/webrtc/.venv/lib/python3.12/site-packages/dns/rdtypes/ANY\n'}
[2.223362] (web_control) StdoutLine: {'line': b'symbolically linking /home/matthieu/ros2_ws/build/web_control/web/stream/webrtc/.venv/lib/python3.12/site-packages/dns/rdtypes/ANY/GPOS.py -> /home/matthieu/ros2_ws/install/web_control/share/web_control/web/stream/webrtc/.venv/lib/python3.12/site-packages/dns/rdtypes/ANY\n'}
[2.223453] (web_control) StdoutLine: {'line': b'symbolically linking /home/matthieu/ros2_ws/build/web_control/web/stream/webrtc/.venv/lib/python3.12/site-packages/dns/rdtypes/ANY/HIP.py -> /home/matthieu/ros2_ws/install/web_control/share/web_control/web/stream/webrtc/.venv/lib/python3.12/site-packages/dns/rdtypes/ANY\n'}
[2.223549] (web_control) StdoutLine: {'line': b'symbolically linking /home/matthieu/ros2_ws/build/web_control/web/stream/webrtc/.venv/lib/python3.12/site-packages/dns/rdtypes/ANY/MX.py -> /home/matthieu/ros2_ws/install/web_control/share/web_control/web/stream/webrtc/.venv/lib/python3.12/site-packages/dns/rdtypes/ANY\n'}
[2.223644] (web_control) StdoutLine: {'line': b'symbolically linking /home/matthieu/ros2_ws/build/web_control/web/stream/webrtc/.venv/lib/python3.12/site-packages/dns/rdtypes/ANY/NINFO.py -> /home/matthieu/ros2_ws/install/web_control/share/web_control/web/stream/webrtc/.venv/lib/python3.12/site-packages/dns/rdtypes/ANY\n'}
[2.223744] (web_control) StdoutLine: {'line': b'symbolically linking /home/matthieu/ros2_ws/build/web_control/web/stream/webrtc/.venv/lib/python3.12/site-packages/dns/rdtypes/ANY/SPF.py -> /home/matthieu/ros2_ws/install/web_control/share/web_control/web/stream/webrtc/.venv/lib/python3.12/site-packages/dns/rdtypes/ANY\n'}
[2.223820] (web_control) StdoutLine: {'line': b'symbolically linking /home/matthieu/ros2_ws/build/web_control/web/stream/webrtc/.venv/lib/python3.12/site-packages/dns/rdtypes/ANY/LP.py -> /home/matthieu/ros2_ws/install/web_control/share/web_control/web/stream/webrtc/.venv/lib/python3.12/site-packages/dns/rdtypes/ANY\n'}
[2.223903] (web_control) StdoutLine: {'line': b'symbolically linking /home/matthieu/ros2_ws/build/web_control/web/stream/webrtc/.venv/lib/python3.12/site-packages/dns/rdtypes/ANY/NSEC.py -> /home/matthieu/ros2_ws/install/web_control/share/web_control/web/stream/webrtc/.venv/lib/python3.12/site-packages/dns/rdtypes/ANY\n'}
[2.223996] (web_control) StdoutLine: {'line': b'symbolically linking /home/matthieu/ros2_ws/build/web_control/web/stream/webrtc/.venv/lib/python3.12/site-packages/dns/rdtypes/ANY/SMIMEA.py -> /home/matthieu/ros2_ws/install/web_control/share/web_control/web/stream/webrtc/.venv/lib/python3.12/site-packages/dns/rdtypes/ANY\n'}
[2.224087] (web_control) StdoutLine: {'line': b'symbolically linking /home/matthieu/ros2_ws/build/web_control/web/stream/webrtc/.venv/lib/python3.12/site-packages/dns/rdtypes/ANY/RRSIG.py -> /home/matthieu/ros2_ws/install/web_control/share/web_control/web/stream/webrtc/.venv/lib/python3.12/site-packages/dns/rdtypes/ANY\n'}
[2.224181] (web_control) StdoutLine: {'line': b'symbolically linking /home/matthieu/ros2_ws/build/web_control/web/stream/webrtc/.venv/lib/python3.12/site-packages/dns/rdtypes/ANY/ZONEMD.py -> /home/matthieu/ros2_ws/install/web_control/share/web_control/web/stream/webrtc/.venv/lib/python3.12/site-packages/dns/rdtypes/ANY\n'}
[2.224293] (web_control) StdoutLine: {'line': b'symbolically linking /home/matthieu/ros2_ws/build/web_control/web/stream/webrtc/.venv/lib/python3.12/site-packages/dns/rdtypes/ANY/NSEC3PARAM.py -> /home/matthieu/ros2_ws/install/web_control/share/web_control/web/stream/webrtc/.venv/lib/python3.12/site-packages/dns/rdtypes/ANY\n'}
[2.224408] (web_control) StdoutLine: {'line': b'symbolically linking /home/matthieu/ros2_ws/build/web_control/web/stream/webrtc/.venv/lib/python3.12/site-packages/dns/rdtypes/ANY/NSEC3.py -> /home/matthieu/ros2_ws/install/web_control/share/web_control/web/stream/webrtc/.venv/lib/python3.12/site-packages/dns/rdtypes/ANY\n'}
[2.224502] (web_control) StdoutLine: {'line': b'symbolically linking /home/matthieu/ros2_ws/build/web_control/web/stream/webrtc/.venv/lib/python3.12/site-packages/dns/rdtypes/ANY/RESINFO.py -> /home/matthieu/ros2_ws/install/web_control/share/web_control/web/stream/webrtc/.venv/lib/python3.12/site-packages/dns/rdtypes/ANY\n'}
[2.224603] (web_control) StdoutLine: {'line': b'symbolically linking /home/matthieu/ros2_ws/build/web_control/web/stream/webrtc/.venv/lib/python3.12/site-packages/dns/rdtypes/ANY/HINFO.py -> /home/matthieu/ros2_ws/install/web_control/share/web_control/web/stream/webrtc/.venv/lib/python3.12/site-packages/dns/rdtypes/ANY\n'}
[2.224676] (web_control) StdoutLine: {'line': b'symbolically linking /home/matthieu/ros2_ws/build/web_control/web/stream/webrtc/.venv/lib/python3.12/site-packages/dns/rdtypes/ANY/AMTRELAY.py -> /home/matthieu/ros2_ws/install/web_control/share/web_control/web/stream/webrtc/.venv/lib/python3.12/site-packages/dns/rdtypes/ANY\n'}
[2.224769] (web_control) StdoutLine: {'line': b'symbolically linking /home/matthieu/ros2_ws/build/web_control/web/stream/webrtc/.venv/lib/python3.12/site-packages/dns/rdtypes/ANY/RT.py -> /home/matthieu/ros2_ws/install/web_control/share/web_control/web/stream/webrtc/.venv/lib/python3.12/site-packages/dns/rdtypes/ANY\n'}
[2.224862] (web_control) StdoutLine: {'line': b'symbolically linking /home/matthieu/ros2_ws/build/web_control/web/stream/webrtc/.venv/lib/python3.12/site-packages/dns/rdtypes/ANY/NS.py -> /home/matthieu/ros2_ws/install/web_control/share/web_control/web/stream/webrtc/.venv/lib/python3.12/site-packages/dns/rdtypes/ANY\n'}
[2.224959] (web_control) StdoutLine: {'line': b'symbolically linking /home/matthieu/ros2_ws/build/web_control/web/stream/webrtc/.venv/lib/python3.12/site-packages/dns/rdtypes/ANY/DNSKEY.py -> /home/matthieu/ros2_ws/install/web_control/share/web_control/web/stream/webrtc/.venv/lib/python3.12/site-packages/dns/rdtypes/ANY\n'}
[2.225061] (web_control) StdoutLine: {'line': b'symbolically linking /home/matthieu/ros2_ws/build/web_control/web/stream/webrtc/.venv/lib/python3.12/site-packages/dns/rdtypes/ANY/DLV.py -> /home/matthieu/ros2_ws/install/web_control/share/web_control/web/stream/webrtc/.venv/lib/python3.12/site-packages/dns/rdtypes/ANY\n'}
[2.225135] (web_control) StdoutLine: {'line': b'symbolically linking /home/matthieu/ros2_ws/build/web_control/web/stream/webrtc/.venv/lib/python3.12/site-packages/dns/rdtypes/ANY/LOC.py -> /home/matthieu/ros2_ws/install/web_control/share/web_control/web/stream/webrtc/.venv/lib/python3.12/site-packages/dns/rdtypes/ANY\n'}
[2.225229] (web_control) StdoutLine: {'line': b'symbolically linking /home/matthieu/ros2_ws/build/web_control/web/stream/webrtc/.venv/lib/python3.12/site-packages/dns/rdtypes/ANY/__init__.py -> /home/matthieu/ros2_ws/install/web_control/share/web_control/web/stream/webrtc/.venv/lib/python3.12/site-packages/dns/rdtypes/ANY\n'}
[2.225335] (web_control) StdoutLine: {'line': b'symbolically linking /home/matthieu/ros2_ws/build/web_control/web/stream/webrtc/.venv/lib/python3.12/site-packages/dns/rdtypes/ANY/__pycache__/TLSA.cpython-312.pyc -> /home/matthieu/ros2_ws/install/web_control/share/web_control/web/stream/webrtc/.venv/lib/python3.12/site-packages/dns/rdtypes/ANY/__pycache__\n'}
[2.225425] (web_control) StdoutLine: {'line': b'symbolically linking /home/matthieu/ros2_ws/build/web_control/web/stream/webrtc/.venv/lib/python3.12/site-packages/dns/rdtypes/ANY/__pycache__/NID.cpython-312.pyc -> /home/matthieu/ros2_ws/install/web_control/share/web_control/web/stream/webrtc/.venv/lib/python3.12/site-packages/dns/rdtypes/ANY/__pycache__\n'}
[2.225521] (web_control) StdoutLine: {'line': b'symbolically linking /home/matthieu/ros2_ws/build/web_control/web/stream/webrtc/.venv/lib/python3.12/site-packages/dns/rdtypes/ANY/__pycache__/SSHFP.cpython-312.pyc -> /home/matthieu/ros2_ws/install/web_control/share/web_control/web/stream/webrtc/.venv/lib/python3.12/site-packages/dns/rdtypes/ANY/__pycache__\n'}
[2.225616] (web_control) StdoutLine: {'line': b'symbolically linking /home/matthieu/ros2_ws/build/web_control/web/stream/webrtc/.venv/lib/python3.12/site-packages/dns/rdtypes/ANY/__pycache__/SPF.cpython-312.pyc -> /home/matthieu/ros2_ws/install/web_control/share/web_control/web/stream/webrtc/.venv/lib/python3.12/site-packages/dns/rdtypes/ANY/__pycache__\n'}
[2.225709] (web_control) StdoutLine: {'line': b'symbolically linking /home/matthieu/ros2_ws/build/web_control/web/stream/webrtc/.venv/lib/python3.12/site-packages/dns/rdtypes/ANY/__pycache__/RT.cpython-312.pyc -> /home/matthieu/ros2_ws/install/web_control/share/web_control/web/stream/webrtc/.venv/lib/python3.12/site-packages/dns/rdtypes/ANY/__pycache__\n'}
[2.225806] (web_control) StdoutLine: {'line': b'symbolically linking /home/matthieu/ros2_ws/build/web_control/web/stream/webrtc/.venv/lib/python3.12/site-packages/dns/rdtypes/ANY/__pycache__/HIP.cpython-312.pyc -> /home/matthieu/ros2_ws/install/web_control/share/web_control/web/stream/webrtc/.venv/lib/python3.12/site-packages/dns/rdtypes/ANY/__pycache__\n'}
[2.225916] (web_control) StdoutLine: {'line': b'symbolically linking /home/matthieu/ros2_ws/build/web_control/web/stream/webrtc/.venv/lib/python3.12/site-packages/dns/rdtypes/ANY/__pycache__/GPOS.cpython-312.pyc -> /home/matthieu/ros2_ws/install/web_control/share/web_control/web/stream/webrtc/.venv/lib/python3.12/site-packages/dns/rdtypes/ANY/__pycache__\n'}
[2.225993] (web_control) StdoutLine: {'line': b'symbolically linking /home/matthieu/ros2_ws/build/web_control/web/stream/webrtc/.venv/lib/python3.12/site-packages/dns/rdtypes/ANY/__pycache__/ZONEMD.cpython-312.pyc -> /home/matthieu/ros2_ws/install/web_control/share/web_control/web/stream/webrtc/.venv/lib/python3.12/site-packages/dns/rdtypes/ANY/__pycache__\n'}
[2.226094] (web_control) StdoutLine: {'line': b'symbolically linking /home/matthieu/ros2_ws/build/web_control/web/stream/webrtc/.venv/lib/python3.12/site-packages/dns/rdtypes/ANY/__pycache__/CAA.cpython-312.pyc -> /home/matthieu/ros2_ws/install/web_control/share/web_control/web/stream/webrtc/.venv/lib/python3.12/site-packages/dns/rdtypes/ANY/__pycache__\n'}
[2.226202] (web_control) StdoutLine: {'line': b'symbolically linking /home/matthieu/ros2_ws/build/web_control/web/stream/webrtc/.venv/lib/python3.12/site-packages/dns/rdtypes/ANY/__pycache__/RP.cpython-312.pyc -> /home/matthieu/ros2_ws/install/web_control/share/web_control/web/stream/webrtc/.venv/lib/python3.12/site-packages/dns/rdtypes/ANY/__pycache__\n'}
[2.226286] (web_control) StdoutLine: {'line': b'symbolically linking /home/matthieu/ros2_ws/build/web_control/web/stream/webrtc/.venv/lib/python3.12/site-packages/dns/rdtypes/ANY/__pycache__/RRSIG.cpython-312.pyc -> /home/matthieu/ros2_ws/install/web_control/share/web_control/web/stream/webrtc/.venv/lib/python3.12/site-packages/dns/rdtypes/ANY/__pycache__\n'}
[2.226396] (web_control) StdoutLine: {'line': b'symbolically linking /home/matthieu/ros2_ws/build/web_control/web/stream/webrtc/.venv/lib/python3.12/site-packages/dns/rdtypes/ANY/__pycache__/CERT.cpython-312.pyc -> /home/matthieu/ros2_ws/install/web_control/share/web_control/web/stream/webrtc/.venv/lib/python3.12/site-packages/dns/rdtypes/ANY/__pycache__\n'}
[2.226473] (web_control) StdoutLine: {'line': b'symbolically linking /home/matthieu/ros2_ws/build/web_control/web/stream/webrtc/.venv/lib/python3.12/site-packages/dns/rdtypes/ANY/__pycache__/OPENPGPKEY.cpython-312.pyc -> /home/matthieu/ros2_ws/install/web_control/share/web_control/web/stream/webrtc/.venv/lib/python3.12/site-packages/dns/rdtypes/ANY/__pycache__\n'}
[2.226580] (web_control) StdoutLine: {'line': b'symbolically linking /home/matthieu/ros2_ws/build/web_control/web/stream/webrtc/.venv/lib/python3.12/site-packages/dns/rdtypes/ANY/__pycache__/WALLET.cpython-312.pyc -> /home/matthieu/ros2_ws/install/web_control/share/web_control/web/stream/webrtc/.venv/lib/python3.12/site-packages/dns/rdtypes/ANY/__pycache__\n'}
[2.226665] (web_control) StdoutLine: {'line': b'symbolically linking /home/matthieu/ros2_ws/build/web_control/web/stream/webrtc/.venv/lib/python3.12/site-packages/dns/rdtypes/ANY/__pycache__/SMIMEA.cpython-312.pyc -> /home/matthieu/ros2_ws/install/web_control/share/web_control/web/stream/webrtc/.venv/lib/python3.12/site-packages/dns/rdtypes/ANY/__pycache__\n'}
[2.226773] (web_control) StdoutLine: {'line': b'symbolically linking /home/matthieu/ros2_ws/build/web_control/web/stream/webrtc/.venv/lib/python3.12/site-packages/dns/rdtypes/ANY/__pycache__/EUI64.cpython-312.pyc -> /home/matthieu/ros2_ws/install/web_control/share/web_control/web/stream/webrtc/.venv/lib/python3.12/site-packages/dns/rdtypes/ANY/__pycache__\n'}
[2.226850] (web_control) StdoutLine: {'line': b'symbolically linking /home/matthieu/ros2_ws/build/web_control/web/stream/webrtc/.venv/lib/python3.12/site-packages/dns/rdtypes/ANY/__pycache__/X25.cpython-312.pyc -> /home/matthieu/ros2_ws/install/web_control/share/web_control/web/stream/webrtc/.venv/lib/python3.12/site-packages/dns/rdtypes/ANY/__pycache__\n'}
[2.226953] (web_control) StdoutLine: {'line': b'symbolically linking /home/matthieu/ros2_ws/build/web_control/web/stream/webrtc/.venv/lib/python3.12/site-packages/dns/rdtypes/ANY/__pycache__/DNAME.cpython-312.pyc -> /home/matthieu/ros2_ws/install/web_control/share/web_control/web/stream/webrtc/.venv/lib/python3.12/site-packages/dns/rdtypes/ANY/__pycache__\n'}
[2.227026] (web_control) StdoutLine: {'line': b'symbolically linking /home/matthieu/ros2_ws/build/web_control/web/stream/webrtc/.venv/lib/python3.12/site-packages/dns/rdtypes/ANY/__pycache__/NS.cpython-312.pyc -> /home/matthieu/ros2_ws/install/web_control/share/web_control/web/stream/webrtc/.venv/lib/python3.12/site-packages/dns/rdtypes/ANY/__pycache__\n'}
[2.227130] (web_control) StdoutLine: {'line': b'symbolically linking /home/matthieu/ros2_ws/build/web_control/web/stream/webrtc/.venv/lib/python3.12/site-packages/dns/rdtypes/ANY/__pycache__/CDS.cpython-312.pyc -> /home/matthieu/ros2_ws/install/web_control/share/web_control/web/stream/webrtc/.venv/lib/python3.12/site-packages/dns/rdtypes/ANY/__pycache__\n'}
[2.227203] (web_control) StdoutLine: {'line': b'symbolically linking /home/matthieu/ros2_ws/build/web_control/web/stream/webrtc/.venv/lib/python3.12/site-packages/dns/rdtypes/ANY/__pycache__/CNAME.cpython-312.pyc -> /home/matthieu/ros2_ws/install/web_control/share/web_control/web/stream/webrtc/.venv/lib/python3.12/site-packages/dns/rdtypes/ANY/__pycache__\n'}
[2.227312] (web_control) StdoutLine: {'line': b'symbolically linking /home/matthieu/ros2_ws/build/web_control/web/stream/webrtc/.venv/lib/python3.12/site-packages/dns/rdtypes/ANY/__pycache__/AVC.cpython-312.pyc -> /home/matthieu/ros2_ws/install/web_control/share/web_control/web/stream/webrtc/.venv/lib/python3.12/site-packages/dns/rdtypes/ANY/__pycache__\n'}
[2.227422] (web_control) StdoutLine: {'line': b'symbolically linking /home/matthieu/ros2_ws/build/web_control/web/stream/webrtc/.venv/lib/python3.12/site-packages/dns/rdtypes/ANY/__pycache__/CSYNC.cpython-312.pyc -> /home/matthieu/ros2_ws/install/web_control/share/web_control/web/stream/webrtc/.venv/lib/python3.12/site-packages/dns/rdtypes/ANY/__pycache__\n'}
[2.227499] (web_control) StdoutLine: {'line': b'symbolically linking /home/matthieu/ros2_ws/build/web_control/web/stream/webrtc/.venv/lib/python3.12/site-packages/dns/rdtypes/ANY/__pycache__/TXT.cpython-312.pyc -> /home/matthieu/ros2_ws/install/web_control/share/web_control/web/stream/webrtc/.venv/lib/python3.12/site-packages/dns/rdtypes/ANY/__pycache__\n'}
[2.227599] (web_control) StdoutLine: {'line': b'symbolically linking /home/matthieu/ros2_ws/build/web_control/web/stream/webrtc/.venv/lib/python3.12/site-packages/dns/rdtypes/ANY/__pycache__/L64.cpython-312.pyc -> /home/matthieu/ros2_ws/install/web_control/share/web_control/web/stream/webrtc/.venv/lib/python3.12/site-packages/dns/rdtypes/ANY/__pycache__\n'}
[2.227677] (web_control) StdoutLine: {'line': b'symbolically linking /home/matthieu/ros2_ws/build/web_control/web/stream/webrtc/.venv/lib/python3.12/site-packages/dns/rdtypes/ANY/__pycache__/EUI48.cpython-312.pyc -> /home/matthieu/ros2_ws/install/web_control/share/web_control/web/stream/webrtc/.venv/lib/python3.12/site-packages/dns/rdtypes/ANY/__pycache__\n'}
[2.227777] (web_control) StdoutLine: {'line': b'symbolically linking /home/matthieu/ros2_ws/build/web_control/web/stream/webrtc/.venv/lib/python3.12/site-packages/dns/rdtypes/ANY/__pycache__/PTR.cpython-312.pyc -> /home/matthieu/ros2_ws/install/web_control/share/web_control/web/stream/webrtc/.venv/lib/python3.12/site-packages/dns/rdtypes/ANY/__pycache__\n'}
[2.227855] (web_control) StdoutLine: {'line': b'symbolically linking /home/matthieu/ros2_ws/build/web_control/web/stream/webrtc/.venv/lib/python3.12/site-packages/dns/rdtypes/ANY/__pycache__/NSEC.cpython-312.pyc -> /home/matthieu/ros2_ws/install/web_control/share/web_control/web/stream/webrtc/.venv/lib/python3.12/site-packages/dns/rdtypes/ANY/__pycache__\n'}
[2.227958] (web_control) StdoutLine: {'line': b'symbolically linking /home/matthieu/ros2_ws/build/web_control/web/stream/webrtc/.venv/lib/python3.12/site-packages/dns/rdtypes/ANY/__pycache__/OPT.cpython-312.pyc -> /home/matthieu/ros2_ws/install/web_control/share/web_control/web/stream/webrtc/.venv/lib/python3.12/site-packages/dns/rdtypes/ANY/__pycache__\n'}
[2.228031] (web_control) StdoutLine: {'line': b'symbolically linking /home/matthieu/ros2_ws/build/web_control/web/stream/webrtc/.venv/lib/python3.12/site-packages/dns/rdtypes/ANY/__pycache__/DLV.cpython-312.pyc -> /home/matthieu/ros2_ws/install/web_control/share/web_control/web/stream/webrtc/.venv/lib/python3.12/site-packages/dns/rdtypes/ANY/__pycache__\n'}
[2.228117] (web_control) StdoutLine: {'line': b'symbolically linking /home/matthieu/ros2_ws/build/web_control/web/stream/webrtc/.venv/lib/python3.12/site-packages/dns/rdtypes/ANY/__pycache__/DS.cpython-312.pyc -> /home/matthieu/ros2_ws/install/web_control/share/web_control/web/stream/webrtc/.venv/lib/python3.12/site-packages/dns/rdtypes/ANY/__pycache__\n'}
[2.228217] (web_control) StdoutLine: {'line': b'symbolically linking /home/matthieu/ros2_ws/build/web_control/web/stream/webrtc/.venv/lib/python3.12/site-packages/dns/rdtypes/ANY/__pycache__/LP.cpython-312.pyc -> /home/matthieu/ros2_ws/install/web_control/share/web_control/web/stream/webrtc/.venv/lib/python3.12/site-packages/dns/rdtypes/ANY/__pycache__\n'}
[2.228342] (web_control) StdoutLine: {'line': b'symbolically linking /home/matthieu/ros2_ws/build/web_control/web/stream/webrtc/.venv/lib/python3.12/site-packages/dns/rdtypes/ANY/__pycache__/HINFO.cpython-312.pyc -> /home/matthieu/ros2_ws/install/web_control/share/web_control/web/stream/webrtc/.venv/lib/python3.12/site-packages/dns/rdtypes/ANY/__pycache__\n'}
[2.228421] (web_control) StdoutLine: {'line': b'symbolically linking /home/matthieu/ros2_ws/build/web_control/web/stream/webrtc/.venv/lib/python3.12/site-packages/dns/rdtypes/ANY/__pycache__/DSYNC.cpython-312.pyc -> /home/matthieu/ros2_ws/install/web_control/share/web_control/web/stream/webrtc/.venv/lib/python3.12/site-packages/dns/rdtypes/ANY/__pycache__\n'}
[2.228520] (web_control) StdoutLine: {'line': b'symbolically linking /home/matthieu/ros2_ws/build/web_control/web/stream/webrtc/.venv/lib/python3.12/site-packages/dns/rdtypes/ANY/__pycache__/LOC.cpython-312.pyc -> /home/matthieu/ros2_ws/install/web_control/share/web_control/web/stream/webrtc/.venv/lib/python3.12/site-packages/dns/rdtypes/ANY/__pycache__\n'}
[2.228604] (web_control) StdoutLine: {'line': b'symbolically linking /home/matthieu/ros2_ws/build/web_control/web/stream/webrtc/.venv/lib/python3.12/site-packages/dns/rdtypes/ANY/__pycache__/NSEC3.cpython-312.pyc -> /home/matthieu/ros2_ws/install/web_control/share/web_control/web/stream/webrtc/.venv/lib/python3.12/site-packages/dns/rdtypes/ANY/__pycache__\n'}
[2.228705] (web_control) StdoutLine: {'line': b'symbolically linking /home/matthieu/ros2_ws/build/web_control/web/stream/webrtc/.venv/lib/python3.12/site-packages/dns/rdtypes/ANY/__pycache__/TKEY.cpython-312.pyc -> /home/matthieu/ros2_ws/install/web_control/share/web_control/web/stream/webrtc/.venv/lib/python3.12/site-packages/dns/rdtypes/ANY/__pycache__\n'}
[2.228783] (web_control) StdoutLine: {'line': b'symbolically linking /home/matthieu/ros2_ws/build/web_control/web/stream/webrtc/.venv/lib/python3.12/site-packages/dns/rdtypes/ANY/__pycache__/TSIG.cpython-312.pyc -> /home/matthieu/ros2_ws/install/web_control/share/web_control/web/stream/webrtc/.venv/lib/python3.12/site-packages/dns/rdtypes/ANY/__pycache__\n'}
[2.228884] (web_control) StdoutLine: {'line': b'symbolically linking /home/matthieu/ros2_ws/build/web_control/web/stream/webrtc/.venv/lib/python3.12/site-packages/dns/rdtypes/ANY/__pycache__/__init__.cpython-312.pyc -> /home/matthieu/ros2_ws/install/web_control/share/web_control/web/stream/webrtc/.venv/lib/python3.12/site-packages/dns/rdtypes/ANY/__pycache__\n'}
[2.228958] (web_control) StdoutLine: {'line': b'symbolically linking /home/matthieu/ros2_ws/build/web_control/web/stream/webrtc/.venv/lib/python3.12/site-packages/dns/rdtypes/ANY/__pycache__/L32.cpython-312.pyc -> /home/matthieu/ros2_ws/install/web_control/share/web_control/web/stream/webrtc/.venv/lib/python3.12/site-packages/dns/rdtypes/ANY/__pycache__\n'}
[2.229051] (web_control) StdoutLine: {'line': b'symbolically linking /home/matthieu/ros2_ws/build/web_control/web/stream/webrtc/.venv/lib/python3.12/site-packages/dns/rdtypes/ANY/__pycache__/NINFO.cpython-312.pyc -> /home/matthieu/ros2_ws/install/web_control/share/web_control/web/stream/webrtc/.venv/lib/python3.12/site-packages/dns/rdtypes/ANY/__pycache__\n'}
[2.229154] (web_control) StdoutLine: {'line': b'symbolically linking /home/matthieu/ros2_ws/build/web_control/web/stream/webrtc/.venv/lib/python3.12/site-packages/dns/rdtypes/ANY/__pycache__/RESINFO.cpython-312.pyc -> /home/matthieu/ros2_ws/install/web_control/share/web_control/web/stream/webrtc/.venv/lib/python3.12/site-packages/dns/rdtypes/ANY/__pycache__\n'}
[2.229228] (web_control) StdoutLine: {'line': b'symbolically linking /home/matthieu/ros2_ws/build/web_control/web/stream/webrtc/.venv/lib/python3.12/site-packages/dns/rdtypes/ANY/__pycache__/SOA.cpython-312.pyc -> /home/matthieu/ros2_ws/install/web_control/share/web_control/web/stream/webrtc/.venv/lib/python3.12/site-packages/dns/rdtypes/ANY/__pycache__\n'}
[2.229370] (web_control) StdoutLine: {'line': b'symbolically linking /home/matthieu/ros2_ws/build/web_control/web/stream/webrtc/.venv/lib/python3.12/site-packages/dns/rdtypes/ANY/__pycache__/DNSKEY.cpython-312.pyc -> /home/matthieu/ros2_ws/install/web_control/share/web_control/web/stream/webrtc/.venv/lib/python3.12/site-packages/dns/rdtypes/ANY/__pycache__\n'}
[2.229463] (web_control) StdoutLine: {'line': b'symbolically linking /home/matthieu/ros2_ws/build/web_control/web/stream/webrtc/.venv/lib/python3.12/site-packages/dns/rdtypes/ANY/__pycache__/CDNSKEY.cpython-312.pyc -> /home/matthieu/ros2_ws/install/web_control/share/web_control/web/stream/webrtc/.venv/lib/python3.12/site-packages/dns/rdtypes/ANY/__pycache__\n'}
[2.229562] (web_control) StdoutLine: {'line': b'symbolically linking /home/matthieu/ros2_ws/build/web_control/web/stream/webrtc/.venv/lib/python3.12/site-packages/dns/rdtypes/ANY/__pycache__/MX.cpython-312.pyc -> /home/matthieu/ros2_ws/install/web_control/share/web_control/web/stream/webrtc/.venv/lib/python3.12/site-packages/dns/rdtypes/ANY/__pycache__\n'}
[2.229660] (web_control) StdoutLine: {'line': b'symbolically linking /home/matthieu/ros2_ws/build/web_control/web/stream/webrtc/.venv/lib/python3.12/site-packages/dns/rdtypes/ANY/__pycache__/AFSDB.cpython-312.pyc -> /home/matthieu/ros2_ws/install/web_control/share/web_control/web/stream/webrtc/.venv/lib/python3.12/site-packages/dns/rdtypes/ANY/__pycache__\n'}
[2.229758] (web_control) StdoutLine: {'line': b'symbolically linking /home/matthieu/ros2_ws/build/web_control/web/stream/webrtc/.venv/lib/python3.12/site-packages/dns/rdtypes/ANY/__pycache__/NSEC3PARAM.cpython-312.pyc -> /home/matthieu/ros2_ws/install/web_control/share/web_control/web/stream/webrtc/.venv/lib/python3.12/site-packages/dns/rdtypes/ANY/__pycache__\n'}
[2.229865] (web_control) StdoutLine: {'line': b'symbolically linking /home/matthieu/ros2_ws/build/web_control/web/stream/webrtc/.venv/lib/python3.12/site-packages/dns/rdtypes/ANY/__pycache__/ISDN.cpython-312.pyc -> /home/matthieu/ros2_ws/install/web_control/share/web_control/web/stream/webrtc/.venv/lib/python3.12/site-packages/dns/rdtypes/ANY/__pycache__\n'}
[2.229962] (web_control) StdoutLine: {'line': b'symbolically linking /home/matthieu/ros2_ws/build/web_control/web/stream/webrtc/.venv/lib/python3.12/site-packages/dns/rdtypes/ANY/__pycache__/URI.cpython-312.pyc -> /home/matthieu/ros2_ws/install/web_control/share/web_control/web/stream/webrtc/.venv/lib/python3.12/site-packages/dns/rdtypes/ANY/__pycache__\n'}
[2.230061] (web_control) StdoutLine: {'line': b'symbolically linking /home/matthieu/ros2_ws/build/web_control/web/stream/webrtc/.venv/lib/python3.12/site-packages/dns/rdtypes/ANY/__pycache__/AMTRELAY.cpython-312.pyc -> /home/matthieu/ros2_ws/install/web_control/share/web_control/web/stream/webrtc/.venv/lib/python3.12/site-packages/dns/rdtypes/ANY/__pycache__\n'}
[2.230164] (web_control) StdoutLine: {'line': b'symbolically linking /home/matthieu/ros2_ws/build/web_control/web/stream/webrtc/.venv/lib/python3.12/site-packages/dns/rdtypes/CH/A.py -> /home/matthieu/ros2_ws/install/web_control/share/web_control/web/stream/webrtc/.venv/lib/python3.12/site-packages/dns/rdtypes/CH\n'}
[2.230274] (web_control) StdoutLine: {'line': b'symbolically linking /home/matthieu/ros2_ws/build/web_control/web/stream/webrtc/.venv/lib/python3.12/site-packages/dns/rdtypes/CH/__init__.py -> /home/matthieu/ros2_ws/install/web_control/share/web_control/web/stream/webrtc/.venv/lib/python3.12/site-packages/dns/rdtypes/CH\n'}
[2.230386] (web_control) StdoutLine: {'line': b'symbolically linking /home/matthieu/ros2_ws/build/web_control/web/stream/webrtc/.venv/lib/python3.12/site-packages/dns/rdtypes/CH/__pycache__/A.cpython-312.pyc -> /home/matthieu/ros2_ws/install/web_control/share/web_control/web/stream/webrtc/.venv/lib/python3.12/site-packages/dns/rdtypes/CH/__pycache__\n'}
[2.230550] (web_control) StdoutLine: {'line': b'symbolically linking /home/matthieu/ros2_ws/build/web_control/web/stream/webrtc/.venv/lib/python3.12/site-packages/dns/rdtypes/CH/__pycache__/__init__.cpython-312.pyc -> /home/matthieu/ros2_ws/install/web_control/share/web_control/web/stream/webrtc/.venv/lib/python3.12/site-packages/dns/rdtypes/CH/__pycache__\n'}
[2.230636] (web_control) StdoutLine: {'line': b'symbolically linking /home/matthieu/ros2_ws/build/web_control/web/stream/webrtc/.venv/lib/python3.12/site-packages/cryptography/__about__.py -> /home/matthieu/ros2_ws/install/web_control/share/web_control/web/stream/webrtc/.venv/lib/python3.12/site-packages/cryptography\n'}
[2.230742] (web_control) StdoutLine: {'line': b'symbolically linking /home/matthieu/ros2_ws/build/web_control/web/stream/webrtc/.venv/lib/python3.12/site-packages/cryptography/fernet.py -> /home/matthieu/ros2_ws/install/web_control/share/web_control/web/stream/webrtc/.venv/lib/python3.12/site-packages/cryptography\n'}
[2.230826] (web_control) StdoutLine: {'line': b'symbolically linking /home/matthieu/ros2_ws/build/web_control/web/stream/webrtc/.venv/lib/python3.12/site-packages/cryptography/py.typed -> /home/matthieu/ros2_ws/install/web_control/share/web_control/web/stream/webrtc/.venv/lib/python3.12/site-packages/cryptography\n'}
[2.230938] (web_control) StdoutLine: {'line': b'symbolically linking /home/matthieu/ros2_ws/build/web_control/web/stream/webrtc/.venv/lib/python3.12/site-packages/cryptography/exceptions.py -> /home/matthieu/ros2_ws/install/web_control/share/web_control/web/stream/webrtc/.venv/lib/python3.12/site-packages/cryptography\n'}
[2.231022] (web_control) StdoutLine: {'line': b'symbolically linking /home/matthieu/ros2_ws/build/web_control/web/stream/webrtc/.venv/lib/python3.12/site-packages/cryptography/utils.py -> /home/matthieu/ros2_ws/install/web_control/share/web_control/web/stream/webrtc/.venv/lib/python3.12/site-packages/cryptography\n'}
[2.231123] (web_control) StdoutLine: {'line': b'symbolically linking /home/matthieu/ros2_ws/build/web_control/web/stream/webrtc/.venv/lib/python3.12/site-packages/cryptography/__init__.py -> /home/matthieu/ros2_ws/install/web_control/share/web_control/web/stream/webrtc/.venv/lib/python3.12/site-packages/cryptography\n'}
[2.231232] (web_control) StdoutLine: {'line': b'symbolically linking /home/matthieu/ros2_ws/build/web_control/web/stream/webrtc/.venv/lib/python3.12/site-packages/cryptography/hazmat/_oid.py -> /home/matthieu/ros2_ws/install/web_control/share/web_control/web/stream/webrtc/.venv/lib/python3.12/site-packages/cryptography/hazmat\n'}
[2.231346] (web_control) StdoutLine: {'line': b'symbolically linking /home/matthieu/ros2_ws/build/web_control/web/stream/webrtc/.venv/lib/python3.12/site-packages/cryptography/hazmat/__init__.py -> /home/matthieu/ros2_ws/install/web_control/share/web_control/web/stream/webrtc/.venv/lib/python3.12/site-packages/cryptography/hazmat\n'}
[2.231423] (web_control) StdoutLine: {'line': b'symbolically linking /home/matthieu/ros2_ws/build/web_control/web/stream/webrtc/.venv/lib/python3.12/site-packages/cryptography/hazmat/primitives/poly1305.py -> /home/matthieu/ros2_ws/install/web_control/share/web_control/web/stream/webrtc/.venv/lib/python3.12/site-packages/cryptography/hazmat/primitives\n'}
[2.231525] (web_control) StdoutLine: {'line': b'symbolically linking /home/matthieu/ros2_ws/build/web_control/web/stream/webrtc/.venv/lib/python3.12/site-packages/cryptography/hazmat/primitives/padding.py -> /home/matthieu/ros2_ws/install/web_control/share/web_control/web/stream/webrtc/.venv/lib/python3.12/site-packages/cryptography/hazmat/primitives\n'}
[2.231605] (web_control) StdoutLine: {'line': b'symbolically linking /home/matthieu/ros2_ws/build/web_control/web/stream/webrtc/.venv/lib/python3.12/site-packages/cryptography/hazmat/primitives/keywrap.py -> /home/matthieu/ros2_ws/install/web_control/share/web_control/web/stream/webrtc/.venv/lib/python3.12/site-packages/cryptography/hazmat/primitives\n'}
[2.231705] (web_control) StdoutLine: {'line': b'symbolically linking /home/matthieu/ros2_ws/build/web_control/web/stream/webrtc/.venv/lib/python3.12/site-packages/cryptography/hazmat/primitives/hashes.py -> /home/matthieu/ros2_ws/install/web_control/share/web_control/web/stream/webrtc/.venv/lib/python3.12/site-packages/cryptography/hazmat/primitives\n'}
[2.231796] (web_control) StdoutLine: {'line': b'symbolically linking /home/matthieu/ros2_ws/build/web_control/web/stream/webrtc/.venv/lib/python3.12/site-packages/cryptography/hazmat/primitives/_serialization.py -> /home/matthieu/ros2_ws/install/web_control/share/web_control/web/stream/webrtc/.venv/lib/python3.12/site-packages/cryptography/hazmat/primitives\n'}
[2.231874] (web_control) StdoutLine: {'line': b'symbolically linking /home/matthieu/ros2_ws/build/web_control/web/stream/webrtc/.venv/lib/python3.12/site-packages/cryptography/hazmat/primitives/constant_time.py -> /home/matthieu/ros2_ws/install/web_control/share/web_control/web/stream/webrtc/.venv/lib/python3.12/site-packages/cryptography/hazmat/primitives\n'}
[2.231977] (web_control) StdoutLine: {'line': b'symbolically linking /home/matthieu/ros2_ws/build/web_control/web/stream/webrtc/.venv/lib/python3.12/site-packages/cryptography/hazmat/primitives/_asymmetric.py -> /home/matthieu/ros2_ws/install/web_control/share/web_control/web/stream/webrtc/.venv/lib/python3.12/site-packages/cryptography/hazmat/primitives\n'}
[2.232057] (web_control) StdoutLine: {'line': b'symbolically linking /home/matthieu/ros2_ws/build/web_control/web/stream/webrtc/.venv/lib/python3.12/site-packages/cryptography/hazmat/primitives/cmac.py -> /home/matthieu/ros2_ws/install/web_control/share/web_control/web/stream/webrtc/.venv/lib/python3.12/site-packages/cryptography/hazmat/primitives\n'}
[2.232164] (web_control) StdoutLine: {'line': b'symbolically linking /home/matthieu/ros2_ws/build/web_control/web/stream/webrtc/.venv/lib/python3.12/site-packages/cryptography/hazmat/primitives/hmac.py -> /home/matthieu/ros2_ws/install/web_control/share/web_control/web/stream/webrtc/.venv/lib/python3.12/site-packages/cryptography/hazmat/primitives\n'}
[2.232259] (web_control) StdoutLine: {'line': b'symbolically linking /home/matthieu/ros2_ws/build/web_control/web/stream/webrtc/.venv/lib/python3.12/site-packages/cryptography/hazmat/primitives/_cipheralgorithm.py -> /home/matthieu/ros2_ws/install/web_control/share/web_control/web/stream/webrtc/.venv/lib/python3.12/site-packages/cryptography/hazmat/primitives\n'}
[2.232376] (web_control) StdoutLine: {'line': b'symbolically linking /home/matthieu/ros2_ws/build/web_control/web/stream/webrtc/.venv/lib/python3.12/site-packages/cryptography/hazmat/primitives/__init__.py -> /home/matthieu/ros2_ws/install/web_control/share/web_control/web/stream/webrtc/.venv/lib/python3.12/site-packages/cryptography/hazmat/primitives\n'}
[2.232457] (web_control) StdoutLine: {'line': b'symbolically linking /home/matthieu/ros2_ws/build/web_control/web/stream/webrtc/.venv/lib/python3.12/site-packages/cryptography/hazmat/primitives/serialization/base.py -> /home/matthieu/ros2_ws/install/web_control/share/web_control/web/stream/webrtc/.venv/lib/python3.12/site-packages/cryptography/hazmat/primitives/serialization\n'}
[2.232571] (web_control) StdoutLine: {'line': b'symbolically linking /home/matthieu/ros2_ws/build/web_control/web/stream/webrtc/.venv/lib/python3.12/site-packages/cryptography/hazmat/primitives/serialization/ssh.py -> /home/matthieu/ros2_ws/install/web_control/share/web_control/web/stream/webrtc/.venv/lib/python3.12/site-packages/cryptography/hazmat/primitives/serialization\n'}
[2.232655] (web_control) StdoutLine: {'line': b'symbolically linking /home/matthieu/ros2_ws/build/web_control/web/stream/webrtc/.venv/lib/python3.12/site-packages/cryptography/hazmat/primitives/serialization/pkcs7.py -> /home/matthieu/ros2_ws/install/web_control/share/web_control/web/stream/webrtc/.venv/lib/python3.12/site-packages/cryptography/hazmat/primitives/serialization\n'}
[2.232765] (web_control) StdoutLine: {'line': b'symbolically linking /home/matthieu/ros2_ws/build/web_control/web/stream/webrtc/.venv/lib/python3.12/site-packages/cryptography/hazmat/primitives/serialization/pkcs12.py -> /home/matthieu/ros2_ws/install/web_control/share/web_control/web/stream/webrtc/.venv/lib/python3.12/site-packages/cryptography/hazmat/primitives/serialization\n'}
[2.232850] (web_control) StdoutLine: {'line': b'symbolically linking /home/matthieu/ros2_ws/build/web_control/web/stream/webrtc/.venv/lib/python3.12/site-packages/cryptography/hazmat/primitives/serialization/__init__.py -> /home/matthieu/ros2_ws/install/web_control/share/web_control/web/stream/webrtc/.venv/lib/python3.12/site-packages/cryptography/hazmat/primitives/serialization\n'}
[2.232963] (web_control) StdoutLine: {'line': b'symbolically linking /home/matthieu/ros2_ws/build/web_control/web/stream/webrtc/.venv/lib/python3.12/site-packages/cryptography/hazmat/primitives/serialization/__pycache__/base.cpython-312.pyc -> /home/matthieu/ros2_ws/install/web_control/share/web_control/web/stream/webrtc/.venv/lib/python3.12/site-packages/cryptography/hazmat/primitives/serialization/__pycache__\n'}
[2.233067] (web_control) StdoutLine: {'line': b'symbolically linking /home/matthieu/ros2_ws/build/web_control/web/stream/webrtc/.venv/lib/python3.12/site-packages/cryptography/hazmat/primitives/serialization/__pycache__/pkcs7.cpython-312.pyc -> /home/matthieu/ros2_ws/install/web_control/share/web_control/web/stream/webrtc/.venv/lib/python3.12/site-packages/cryptography/hazmat/primitives/serialization/__pycache__\n'}
[2.233181] (web_control) StdoutLine: {'line': b'symbolically linking /home/matthieu/ros2_ws/build/web_control/web/stream/webrtc/.venv/lib/python3.12/site-packages/cryptography/hazmat/primitives/serialization/__pycache__/ssh.cpython-312.pyc -> /home/matthieu/ros2_ws/install/web_control/share/web_control/web/stream/webrtc/.venv/lib/python3.12/site-packages/cryptography/hazmat/primitives/serialization/__pycache__\n'}
[2.233311] (web_control) StdoutLine: {'line': b'symbolically linking /home/matthieu/ros2_ws/build/web_control/web/stream/webrtc/.venv/lib/python3.12/site-packages/cryptography/hazmat/primitives/serialization/__pycache__/__init__.cpython-312.pyc -> /home/matthieu/ros2_ws/install/web_control/share/web_control/web/stream/webrtc/.venv/lib/python3.12/site-packages/cryptography/hazmat/primitives/serialization/__pycache__\n'}
[2.233406] (web_control) StdoutLine: {'line': b'symbolically linking /home/matthieu/ros2_ws/build/web_control/web/stream/webrtc/.venv/lib/python3.12/site-packages/cryptography/hazmat/primitives/serialization/__pycache__/pkcs12.cpython-312.pyc -> /home/matthieu/ros2_ws/install/web_control/share/web_control/web/stream/webrtc/.venv/lib/python3.12/site-packages/cryptography/hazmat/primitives/serialization/__pycache__\n'}
[2.233510] (web_control) StdoutLine: {'line': b'symbolically linking /home/matthieu/ros2_ws/build/web_control/web/stream/webrtc/.venv/lib/python3.12/site-packages/cryptography/hazmat/primitives/asymmetric/ed448.py -> /home/matthieu/ros2_ws/install/web_control/share/web_control/web/stream/webrtc/.venv/lib/python3.12/site-packages/cryptography/hazmat/primitives/asymmetric\n'}
[2.233627] (web_control) StdoutLine: {'line': b'symbolically linking /home/matthieu/ros2_ws/build/web_control/web/stream/webrtc/.venv/lib/python3.12/site-packages/cryptography/hazmat/primitives/asymmetric/padding.py -> /home/matthieu/ros2_ws/install/web_control/share/web_control/web/stream/webrtc/.venv/lib/python3.12/site-packages/cryptography/hazmat/primitives/asymmetric\n'}
[2.233719] (web_control) StdoutLine: {'line': b'symbolically linking /home/matthieu/ros2_ws/build/web_control/web/stream/webrtc/.venv/lib/python3.12/site-packages/cryptography/hazmat/primitives/asymmetric/dh.py -> /home/matthieu/ros2_ws/install/web_control/share/web_control/web/stream/webrtc/.venv/lib/python3.12/site-packages/cryptography/hazmat/primitives/asymmetric\n'}
[2.233829] (web_control) StdoutLine: {'line': b'symbolically linking /home/matthieu/ros2_ws/build/web_control/web/stream/webrtc/.venv/lib/python3.12/site-packages/cryptography/hazmat/primitives/asymmetric/types.py -> /home/matthieu/ros2_ws/install/web_control/share/web_control/web/stream/webrtc/.venv/lib/python3.12/site-packages/cryptography/hazmat/primitives/asymmetric\n'}
[2.233908] (web_control) StdoutLine: {'line': b'symbolically linking /home/matthieu/ros2_ws/build/web_control/web/stream/webrtc/.venv/lib/python3.12/site-packages/cryptography/hazmat/primitives/asymmetric/ec.py -> /home/matthieu/ros2_ws/install/web_control/share/web_control/web/stream/webrtc/.venv/lib/python3.12/site-packages/cryptography/hazmat/primitives/asymmetric\n'}
[2.233987] (web_control) StdoutLine: {'line': b'symbolically linking /home/matthieu/ros2_ws/build/web_control/web/stream/webrtc/.venv/lib/python3.12/site-packages/cryptography/hazmat/primitives/asymmetric/dsa.py -> /home/matthieu/ros2_ws/install/web_control/share/web_control/web/stream/webrtc/.venv/lib/python3.12/site-packages/cryptography/hazmat/primitives/asymmetric\n'}
[2.234097] (web_control) StdoutLine: {'line': b'symbolically linking /home/matthieu/ros2_ws/build/web_control/web/stream/webrtc/.venv/lib/python3.12/site-packages/cryptography/hazmat/primitives/asymmetric/rsa.py -> /home/matthieu/ros2_ws/install/web_control/share/web_control/web/stream/webrtc/.venv/lib/python3.12/site-packages/cryptography/hazmat/primitives/asymmetric\n'}
[2.234199] (web_control) StdoutLine: {'line': b'symbolically linking /home/matthieu/ros2_ws/build/web_control/web/stream/webrtc/.venv/lib/python3.12/site-packages/cryptography/hazmat/primitives/asymmetric/x448.py -> /home/matthieu/ros2_ws/install/web_control/share/web_control/web/stream/webrtc/.venv/lib/python3.12/site-packages/cryptography/hazmat/primitives/asymmetric\n'}
[2.234312] (web_control) StdoutLine: {'line': b'symbolically linking /home/matthieu/ros2_ws/build/web_control/web/stream/webrtc/.venv/lib/python3.12/site-packages/cryptography/hazmat/primitives/asymmetric/ed25519.py -> /home/matthieu/ros2_ws/install/web_control/share/web_control/web/stream/webrtc/.venv/lib/python3.12/site-packages/cryptography/hazmat/primitives/asymmetric\n'}
[2.234416] (web_control) StdoutLine: {'line': b'symbolically linking /home/matthieu/ros2_ws/build/web_control/web/stream/webrtc/.venv/lib/python3.12/site-packages/cryptography/hazmat/primitives/asymmetric/x25519.py -> /home/matthieu/ros2_ws/install/web_control/share/web_control/web/stream/webrtc/.venv/lib/python3.12/site-packages/cryptography/hazmat/primitives/asymmetric\n'}
[2.234493] (web_control) StdoutLine: {'line': b'symbolically linking /home/matthieu/ros2_ws/build/web_control/web/stream/webrtc/.venv/lib/python3.12/site-packages/cryptography/hazmat/primitives/asymmetric/utils.py -> /home/matthieu/ros2_ws/install/web_control/share/web_control/web/stream/webrtc/.venv/lib/python3.12/site-packages/cryptography/hazmat/primitives/asymmetric\n'}
[2.234582] (web_control) StdoutLine: {'line': b'symbolically linking /home/matthieu/ros2_ws/build/web_control/web/stream/webrtc/.venv/lib/python3.12/site-packages/cryptography/hazmat/primitives/asymmetric/__init__.py -> /home/matthieu/ros2_ws/install/web_control/share/web_control/web/stream/webrtc/.venv/lib/python3.12/site-packages/cryptography/hazmat/primitives/asymmetric\n'}
[2.234661] (web_control) StdoutLine: {'line': b'symbolically linking /home/matthieu/ros2_ws/build/web_control/web/stream/webrtc/.venv/lib/python3.12/site-packages/cryptography/hazmat/primitives/asymmetric/__pycache__/x25519.cpython-312.pyc -> /home/matthieu/ros2_ws/install/web_control/share/web_control/web/stream/webrtc/.venv/lib/python3.12/site-packages/cryptography/hazmat/primitives/asymmetric/__pycache__\n'}
[2.234766] (web_control) StdoutLine: {'line': b'symbolically linking /home/matthieu/ros2_ws/build/web_control/web/stream/webrtc/.venv/lib/python3.12/site-packages/cryptography/hazmat/primitives/asymmetric/__pycache__/dh.cpython-312.pyc -> /home/matthieu/ros2_ws/install/web_control/share/web_control/web/stream/webrtc/.venv/lib/python3.12/site-packages/cryptography/hazmat/primitives/asymmetric/__pycache__\n'}
[2.234844] (web_control) StdoutLine: {'line': b'symbolically linking /home/matthieu/ros2_ws/build/web_control/web/stream/webrtc/.venv/lib/python3.12/site-packages/cryptography/hazmat/primitives/asymmetric/__pycache__/ed448.cpython-312.pyc -> /home/matthieu/ros2_ws/install/web_control/share/web_control/web/stream/webrtc/.venv/lib/python3.12/site-packages/cryptography/hazmat/primitives/asymmetric/__pycache__\n'}
[2.234944] (web_control) StdoutLine: {'line': b'symbolically linking /home/matthieu/ros2_ws/build/web_control/web/stream/webrtc/.venv/lib/python3.12/site-packages/cryptography/hazmat/primitives/asymmetric/__pycache__/ed25519.cpython-312.pyc -> /home/matthieu/ros2_ws/install/web_control/share/web_control/web/stream/webrtc/.venv/lib/python3.12/site-packages/cryptography/hazmat/primitives/asymmetric/__pycache__\n'}
[2.235040] (web_control) StdoutLine: {'line': b'symbolically linking /home/matthieu/ros2_ws/build/web_control/web/stream/webrtc/.venv/lib/python3.12/site-packages/cryptography/hazmat/primitives/asymmetric/__pycache__/rsa.cpython-312.pyc -> /home/matthieu/ros2_ws/install/web_control/share/web_control/web/stream/webrtc/.venv/lib/python3.12/site-packages/cryptography/hazmat/primitives/asymmetric/__pycache__\n'}
[2.235115] (web_control) StdoutLine: {'line': b'symbolically linking /home/matthieu/ros2_ws/build/web_control/web/stream/webrtc/.venv/lib/python3.12/site-packages/cryptography/hazmat/primitives/asymmetric/__pycache__/ec.cpython-312.pyc -> /home/matthieu/ros2_ws/install/web_control/share/web_control/web/stream/webrtc/.venv/lib/python3.12/site-packages/cryptography/hazmat/primitives/asymmetric/__pycache__\n'}
[2.235215] (web_control) StdoutLine: {'line': b'symbolically linking /home/matthieu/ros2_ws/build/web_control/web/stream/webrtc/.venv/lib/python3.12/site-packages/cryptography/hazmat/primitives/asymmetric/__pycache__/dsa.cpython-312.pyc -> /home/matthieu/ros2_ws/install/web_control/share/web_control/web/stream/webrtc/.venv/lib/python3.12/site-packages/cryptography/hazmat/primitives/asymmetric/__pycache__\n'}
[2.235323] (web_control) StdoutLine: {'line': b'symbolically linking /home/matthieu/ros2_ws/build/web_control/web/stream/webrtc/.venv/lib/python3.12/site-packages/cryptography/hazmat/primitives/asymmetric/__pycache__/__init__.cpython-312.pyc -> /home/matthieu/ros2_ws/install/web_control/share/web_control/web/stream/webrtc/.venv/lib/python3.12/site-packages/cryptography/hazmat/primitives/asymmetric/__pycache__\n'}
[2.235401] (web_control) StdoutLine: {'line': b'symbolically linking /home/matthieu/ros2_ws/build/web_control/web/stream/webrtc/.venv/lib/python3.12/site-packages/cryptography/hazmat/primitives/asymmetric/__pycache__/x448.cpython-312.pyc -> /home/matthieu/ros2_ws/install/web_control/share/web_control/web/stream/webrtc/.venv/lib/python3.12/site-packages/cryptography/hazmat/primitives/asymmetric/__pycache__\n'}
[2.235501] (web_control) StdoutLine: {'line': b'symbolically linking /home/matthieu/ros2_ws/build/web_control/web/stream/webrtc/.venv/lib/python3.12/site-packages/cryptography/hazmat/primitives/asymmetric/__pycache__/types.cpython-312.pyc -> /home/matthieu/ros2_ws/install/web_control/share/web_control/web/stream/webrtc/.venv/lib/python3.12/site-packages/cryptography/hazmat/primitives/asymmetric/__pycache__\n'}
[2.235578] (web_control) StdoutLine: {'line': b'symbolically linking /home/matthieu/ros2_ws/build/web_control/web/stream/webrtc/.venv/lib/python3.12/site-packages/cryptography/hazmat/primitives/asymmetric/__pycache__/utils.cpython-312.pyc -> /home/matthieu/ros2_ws/install/web_control/share/web_control/web/stream/webrtc/.venv/lib/python3.12/site-packages/cryptography/hazmat/primitives/asymmetric/__pycache__\n'}
[2.235677] (web_control) StdoutLine: {'line': b'symbolically linking /home/matthieu/ros2_ws/build/web_control/web/stream/webrtc/.venv/lib/python3.12/site-packages/cryptography/hazmat/primitives/asymmetric/__pycache__/padding.cpython-312.pyc -> /home/matthieu/ros2_ws/install/web_control/share/web_control/web/stream/webrtc/.venv/lib/python3.12/site-packages/cryptography/hazmat/primitives/asymmetric/__pycache__\n'}
[2.235754] (web_control) StdoutLine: {'line': b'symbolically linking /home/matthieu/ros2_ws/build/web_control/web/stream/webrtc/.venv/lib/python3.12/site-packages/cryptography/hazmat/primitives/twofactor/hotp.py -> /home/matthieu/ros2_ws/install/web_control/share/web_control/web/stream/webrtc/.venv/lib/python3.12/site-packages/cryptography/hazmat/primitives/twofactor\n'}
[2.235852] (web_control) StdoutLine: {'line': b'symbolically linking /home/matthieu/ros2_ws/build/web_control/web/stream/webrtc/.venv/lib/python3.12/site-packages/cryptography/hazmat/primitives/twofactor/totp.py -> /home/matthieu/ros2_ws/install/web_control/share/web_control/web/stream/webrtc/.venv/lib/python3.12/site-packages/cryptography/hazmat/primitives/twofactor\n'}
[2.235926] (web_control) StdoutLine: {'line': b'symbolically linking /home/matthieu/ros2_ws/build/web_control/web/stream/webrtc/.venv/lib/python3.12/site-packages/cryptography/hazmat/primitives/twofactor/__init__.py -> /home/matthieu/ros2_ws/install/web_control/share/web_control/web/stream/webrtc/.venv/lib/python3.12/site-packages/cryptography/hazmat/primitives/twofactor\n'}
[2.236020] (web_control) StdoutLine: {'line': b'symbolically linking /home/matthieu/ros2_ws/build/web_control/web/stream/webrtc/.venv/lib/python3.12/site-packages/cryptography/hazmat/primitives/twofactor/__pycache__/hotp.cpython-312.pyc -> /home/matthieu/ros2_ws/install/web_control/share/web_control/web/stream/webrtc/.venv/lib/python3.12/site-packages/cryptography/hazmat/primitives/twofactor/__pycache__\n'}
[2.236122] (web_control) StdoutLine: {'line': b'symbolically linking /home/matthieu/ros2_ws/build/web_control/web/stream/webrtc/.venv/lib/python3.12/site-packages/cryptography/hazmat/primitives/twofactor/__pycache__/totp.cpython-312.pyc -> /home/matthieu/ros2_ws/install/web_control/share/web_control/web/stream/webrtc/.venv/lib/python3.12/site-packages/cryptography/hazmat/primitives/twofactor/__pycache__\n'}
[2.236196] (web_control) StdoutLine: {'line': b'symbolically linking /home/matthieu/ros2_ws/build/web_control/web/stream/webrtc/.venv/lib/python3.12/site-packages/cryptography/hazmat/primitives/twofactor/__pycache__/__init__.cpython-312.pyc -> /home/matthieu/ros2_ws/install/web_control/share/web_control/web/stream/webrtc/.venv/lib/python3.12/site-packages/cryptography/hazmat/primitives/twofactor/__pycache__\n'}
[2.236325] (web_control) StdoutLine: {'line': b'symbolically linking /home/matthieu/ros2_ws/build/web_control/web/stream/webrtc/.venv/lib/python3.12/site-packages/cryptography/hazmat/primitives/__pycache__/_asymmetric.cpython-312.pyc -> /home/matthieu/ros2_ws/install/web_control/share/web_control/web/stream/webrtc/.venv/lib/python3.12/site-packages/cryptography/hazmat/primitives/__pycache__\n'}
[2.236407] (web_control) StdoutLine: {'line': b'symbolically linking /home/matthieu/ros2_ws/build/web_control/web/stream/webrtc/.venv/lib/python3.12/site-packages/cryptography/hazmat/primitives/__pycache__/_serialization.cpython-312.pyc -> /home/matthieu/ros2_ws/install/web_control/share/web_control/web/stream/webrtc/.venv/lib/python3.12/site-packages/cryptography/hazmat/primitives/__pycache__\n'}
[2.236506] (web_control) StdoutLine: {'line': b'symbolically linking /home/matthieu/ros2_ws/build/web_control/web/stream/webrtc/.venv/lib/python3.12/site-packages/cryptography/hazmat/primitives/__pycache__/poly1305.cpython-312.pyc -> /home/matthieu/ros2_ws/install/web_control/share/web_control/web/stream/webrtc/.venv/lib/python3.12/site-packages/cryptography/hazmat/primitives/__pycache__\n'}
[2.236582] (web_control) StdoutLine: {'line': b'symbolically linking /home/matthieu/ros2_ws/build/web_control/web/stream/webrtc/.venv/lib/python3.12/site-packages/cryptography/hazmat/primitives/__pycache__/_cipheralgorithm.cpython-312.pyc -> /home/matthieu/ros2_ws/install/web_control/share/web_control/web/stream/webrtc/.venv/lib/python3.12/site-packages/cryptography/hazmat/primitives/__pycache__\n'}
[2.236682] (web_control) StdoutLine: {'line': b'symbolically linking /home/matthieu/ros2_ws/build/web_control/web/stream/webrtc/.venv/lib/python3.12/site-packages/cryptography/hazmat/primitives/__pycache__/constant_time.cpython-312.pyc -> /home/matthieu/ros2_ws/install/web_control/share/web_control/web/stream/webrtc/.venv/lib/python3.12/site-packages/cryptography/hazmat/primitives/__pycache__\n'}
[2.236756] (web_control) StdoutLine: {'line': b'symbolically linking /home/matthieu/ros2_ws/build/web_control/web/stream/webrtc/.venv/lib/python3.12/site-packages/cryptography/hazmat/primitives/__pycache__/keywrap.cpython-312.pyc -> /home/matthieu/ros2_ws/install/web_control/share/web_control/web/stream/webrtc/.venv/lib/python3.12/site-packages/cryptography/hazmat/primitives/__pycache__\n'}
[2.236856] (web_control) StdoutLine: {'line': b'symbolically linking /home/matthieu/ros2_ws/build/web_control/web/stream/webrtc/.venv/lib/python3.12/site-packages/cryptography/hazmat/primitives/__pycache__/cmac.cpython-312.pyc -> /home/matthieu/ros2_ws/install/web_control/share/web_control/web/stream/webrtc/.venv/lib/python3.12/site-packages/cryptography/hazmat/primitives/__pycache__\n'}
[2.236932] (web_control) StdoutLine: {'line': b'symbolically linking /home/matthieu/ros2_ws/build/web_control/web/stream/webrtc/.venv/lib/python3.12/site-packages/cryptography/hazmat/primitives/__pycache__/hmac.cpython-312.pyc -> /home/matthieu/ros2_ws/install/web_control/share/web_control/web/stream/webrtc/.venv/lib/python3.12/site-packages/cryptography/hazmat/primitives/__pycache__\n'}
[2.237032] (web_control) StdoutLine: {'line': b'symbolically linking /home/matthieu/ros2_ws/build/web_control/web/stream/webrtc/.venv/lib/python3.12/site-packages/cryptography/hazmat/primitives/__pycache__/hashes.cpython-312.pyc -> /home/matthieu/ros2_ws/install/web_control/share/web_control/web/stream/webrtc/.venv/lib/python3.12/site-packages/cryptography/hazmat/primitives/__pycache__\n'}
[2.237116] (web_control) StdoutLine: {'line': b'symbolically linking /home/matthieu/ros2_ws/build/web_control/web/stream/webrtc/.venv/lib/python3.12/site-packages/cryptography/hazmat/primitives/__pycache__/__init__.cpython-312.pyc -> /home/matthieu/ros2_ws/install/web_control/share/web_control/web/stream/webrtc/.venv/lib/python3.12/site-packages/cryptography/hazmat/primitives/__pycache__\n'}
[2.237214] (web_control) StdoutLine: {'line': b'symbolically linking /home/matthieu/ros2_ws/build/web_control/web/stream/webrtc/.venv/lib/python3.12/site-packages/cryptography/hazmat/primitives/__pycache__/padding.cpython-312.pyc -> /home/matthieu/ros2_ws/install/web_control/share/web_control/web/stream/webrtc/.venv/lib/python3.12/site-packages/cryptography/hazmat/primitives/__pycache__\n'}
[2.237335] (web_control) StdoutLine: {'line': b'symbolically linking /home/matthieu/ros2_ws/build/web_control/web/stream/webrtc/.venv/lib/python3.12/site-packages/cryptography/hazmat/primitives/kdf/pbkdf2.py -> /home/matthieu/ros2_ws/install/web_control/share/web_control/web/stream/webrtc/.venv/lib/python3.12/site-packages/cryptography/hazmat/primitives/kdf\n'}
[2.237433] (web_control) StdoutLine: {'line': b'symbolically linking /home/matthieu/ros2_ws/build/web_control/web/stream/webrtc/.venv/lib/python3.12/site-packages/cryptography/hazmat/primitives/kdf/scrypt.py -> /home/matthieu/ros2_ws/install/web_control/share/web_control/web/stream/webrtc/.venv/lib/python3.12/site-packages/cryptography/hazmat/primitives/kdf\n'}
[2.237508] (web_control) StdoutLine: {'line': b'symbolically linking /home/matthieu/ros2_ws/build/web_control/web/stream/webrtc/.venv/lib/python3.12/site-packages/cryptography/hazmat/primitives/kdf/concatkdf.py -> /home/matthieu/ros2_ws/install/web_control/share/web_control/web/stream/webrtc/.venv/lib/python3.12/site-packages/cryptography/hazmat/primitives/kdf\n'}
[2.237614] (web_control) StdoutLine: {'line': b'symbolically linking /home/matthieu/ros2_ws/build/web_control/web/stream/webrtc/.venv/lib/python3.12/site-packages/cryptography/hazmat/primitives/kdf/x963kdf.py -> /home/matthieu/ros2_ws/install/web_control/share/web_control/web/stream/webrtc/.venv/lib/python3.12/site-packages/cryptography/hazmat/primitives/kdf\n'}
[2.237691] (web_control) StdoutLine: {'line': b'symbolically linking /home/matthieu/ros2_ws/build/web_control/web/stream/webrtc/.venv/lib/python3.12/site-packages/cryptography/hazmat/primitives/kdf/kbkdf.py -> /home/matthieu/ros2_ws/install/web_control/share/web_control/web/stream/webrtc/.venv/lib/python3.12/site-packages/cryptography/hazmat/primitives/kdf\n'}
[2.237784] (web_control) StdoutLine: {'line': b'symbolically linking /home/matthieu/ros2_ws/build/web_control/web/stream/webrtc/.venv/lib/python3.12/site-packages/cryptography/hazmat/primitives/kdf/argon2.py -> /home/matthieu/ros2_ws/install/web_control/share/web_control/web/stream/webrtc/.venv/lib/python3.12/site-packages/cryptography/hazmat/primitives/kdf\n'}
[2.237889] (web_control) StdoutLine: {'line': b'symbolically linking /home/matthieu/ros2_ws/build/web_control/web/stream/webrtc/.venv/lib/python3.12/site-packages/cryptography/hazmat/primitives/kdf/hkdf.py -> /home/matthieu/ros2_ws/install/web_control/share/web_control/web/stream/webrtc/.venv/lib/python3.12/site-packages/cryptography/hazmat/primitives/kdf\n'}
[2.237966] (web_control) StdoutLine: {'line': b'symbolically linking /home/matthieu/ros2_ws/build/web_control/web/stream/webrtc/.venv/lib/python3.12/site-packages/cryptography/hazmat/primitives/kdf/__init__.py -> /home/matthieu/ros2_ws/install/web_control/share/web_control/web/stream/webrtc/.venv/lib/python3.12/site-packages/cryptography/hazmat/primitives/kdf\n'}
[2.238071] (web_control) StdoutLine: {'line': b'symbolically linking /home/matthieu/ros2_ws/build/web_control/web/stream/webrtc/.venv/lib/python3.12/site-packages/cryptography/hazmat/primitives/kdf/__pycache__/kbkdf.cpython-312.pyc -> /home/matthieu/ros2_ws/install/web_control/share/web_control/web/stream/webrtc/.venv/lib/python3.12/site-packages/cryptography/hazmat/primitives/kdf/__pycache__\n'}
[2.238151] (web_control) StdoutLine: {'line': b'symbolically linking /home/matthieu/ros2_ws/build/web_control/web/stream/webrtc/.venv/lib/python3.12/site-packages/cryptography/hazmat/primitives/kdf/__pycache__/x963kdf.cpython-312.pyc -> /home/matthieu/ros2_ws/install/web_control/share/web_control/web/stream/webrtc/.venv/lib/python3.12/site-packages/cryptography/hazmat/primitives/kdf/__pycache__\n'}
[2.238250] (web_control) StdoutLine: {'line': b'symbolically linking /home/matthieu/ros2_ws/build/web_control/web/stream/webrtc/.venv/lib/python3.12/site-packages/cryptography/hazmat/primitives/kdf/__pycache__/scrypt.cpython-312.pyc -> /home/matthieu/ros2_ws/install/web_control/share/web_control/web/stream/webrtc/.venv/lib/python3.12/site-packages/cryptography/hazmat/primitives/kdf/__pycache__\n'}
[2.238370] (web_control) StdoutLine: {'line': b'symbolically linking /home/matthieu/ros2_ws/build/web_control/web/stream/webrtc/.venv/lib/python3.12/site-packages/cryptography/hazmat/primitives/kdf/__pycache__/pbkdf2.cpython-312.pyc -> /home/matthieu/ros2_ws/install/web_control/share/web_control/web/stream/webrtc/.venv/lib/python3.12/site-packages/cryptography/hazmat/primitives/kdf/__pycache__\n'}
[2.238469] (web_control) StdoutLine: {'line': b'symbolically linking /home/matthieu/ros2_ws/build/web_control/web/stream/webrtc/.venv/lib/python3.12/site-packages/cryptography/hazmat/primitives/kdf/__pycache__/hkdf.cpython-312.pyc -> /home/matthieu/ros2_ws/install/web_control/share/web_control/web/stream/webrtc/.venv/lib/python3.12/site-packages/cryptography/hazmat/primitives/kdf/__pycache__\n'}
[2.238567] (web_control) StdoutLine: {'line': b'symbolically linking /home/matthieu/ros2_ws/build/web_control/web/stream/webrtc/.venv/lib/python3.12/site-packages/cryptography/hazmat/primitives/kdf/__pycache__/concatkdf.cpython-312.pyc -> /home/matthieu/ros2_ws/install/web_control/share/web_control/web/stream/webrtc/.venv/lib/python3.12/site-packages/cryptography/hazmat/primitives/kdf/__pycache__\n'}
[2.238673] (web_control) StdoutLine: {'line': b'symbolically linking /home/matthieu/ros2_ws/build/web_control/web/stream/webrtc/.venv/lib/python3.12/site-packages/cryptography/hazmat/primitives/kdf/__pycache__/argon2.cpython-312.pyc -> /home/matthieu/ros2_ws/install/web_control/share/web_control/web/stream/webrtc/.venv/lib/python3.12/site-packages/cryptography/hazmat/primitives/kdf/__pycache__\n'}
[2.238750] (web_control) StdoutLine: {'line': b'symbolically linking /home/matthieu/ros2_ws/build/web_control/web/stream/webrtc/.venv/lib/python3.12/site-packages/cryptography/hazmat/primitives/kdf/__pycache__/__init__.cpython-312.pyc -> /home/matthieu/ros2_ws/install/web_control/share/web_control/web/stream/webrtc/.venv/lib/python3.12/site-packages/cryptography/hazmat/primitives/kdf/__pycache__\n'}
[2.238846] (web_control) StdoutLine: {'line': b'symbolically linking /home/matthieu/ros2_ws/build/web_control/web/stream/webrtc/.venv/lib/python3.12/site-packages/cryptography/hazmat/primitives/ciphers/base.py -> /home/matthieu/ros2_ws/install/web_control/share/web_control/web/stream/webrtc/.venv/lib/python3.12/site-packages/cryptography/hazmat/primitives/ciphers\n'}
[2.238946] (web_control) StdoutLine: {'line': b'symbolically linking /home/matthieu/ros2_ws/build/web_control/web/stream/webrtc/.venv/lib/python3.12/site-packages/cryptography/hazmat/primitives/ciphers/modes.py -> /home/matthieu/ros2_ws/install/web_control/share/web_control/web/stream/webrtc/.venv/lib/python3.12/site-packages/cryptography/hazmat/primitives/ciphers\n'}
[2.239047] (web_control) StdoutLine: {'line': b'symbolically linking /home/matthieu/ros2_ws/build/web_control/web/stream/webrtc/.venv/lib/python3.12/site-packages/cryptography/hazmat/primitives/ciphers/algorithms.py -> /home/matthieu/ros2_ws/install/web_control/share/web_control/web/stream/webrtc/.venv/lib/python3.12/site-packages/cryptography/hazmat/primitives/ciphers\n'}
[2.239121] (web_control) StdoutLine: {'line': b'symbolically linking /home/matthieu/ros2_ws/build/web_control/web/stream/webrtc/.venv/lib/python3.12/site-packages/cryptography/hazmat/primitives/ciphers/aead.py -> /home/matthieu/ros2_ws/install/web_control/share/web_control/web/stream/webrtc/.venv/lib/python3.12/site-packages/cryptography/hazmat/primitives/ciphers\n'}
[2.239209] (web_control) StdoutLine: {'line': b'symbolically linking /home/matthieu/ros2_ws/build/web_control/web/stream/webrtc/.venv/lib/python3.12/site-packages/cryptography/hazmat/primitives/ciphers/__init__.py -> /home/matthieu/ros2_ws/install/web_control/share/web_control/web/stream/webrtc/.venv/lib/python3.12/site-packages/cryptography/hazmat/primitives/ciphers\n'}
[2.239309] (web_control) StdoutLine: {'line': b'symbolically linking /home/matthieu/ros2_ws/build/web_control/web/stream/webrtc/.venv/lib/python3.12/site-packages/cryptography/hazmat/primitives/ciphers/__pycache__/aead.cpython-312.pyc -> /home/matthieu/ros2_ws/install/web_control/share/web_control/web/stream/webrtc/.venv/lib/python3.12/site-packages/cryptography/hazmat/primitives/ciphers/__pycache__\n'}
[2.239394] (web_control) StdoutLine: {'line': b'symbolically linking /home/matthieu/ros2_ws/build/web_control/web/stream/webrtc/.venv/lib/python3.12/site-packages/cryptography/hazmat/primitives/ciphers/__pycache__/base.cpython-312.pyc -> /home/matthieu/ros2_ws/install/web_control/share/web_control/web/stream/webrtc/.venv/lib/python3.12/site-packages/cryptography/hazmat/primitives/ciphers/__pycache__\n'}
[2.239486] (web_control) StdoutLine: {'line': b'symbolically linking /home/matthieu/ros2_ws/build/web_control/web/stream/webrtc/.venv/lib/python3.12/site-packages/cryptography/hazmat/primitives/ciphers/__pycache__/__init__.cpython-312.pyc -> /home/matthieu/ros2_ws/install/web_control/share/web_control/web/stream/webrtc/.venv/lib/python3.12/site-packages/cryptography/hazmat/primitives/ciphers/__pycache__\n'}
[2.239591] (web_control) StdoutLine: {'line': b'symbolically linking /home/matthieu/ros2_ws/build/web_control/web/stream/webrtc/.venv/lib/python3.12/site-packages/cryptography/hazmat/primitives/ciphers/__pycache__/modes.cpython-312.pyc -> /home/matthieu/ros2_ws/install/web_control/share/web_control/web/stream/webrtc/.venv/lib/python3.12/site-packages/cryptography/hazmat/primitives/ciphers/__pycache__\n'}
[2.239669] (web_control) StdoutLine: {'line': b'symbolically linking /home/matthieu/ros2_ws/build/web_control/web/stream/webrtc/.venv/lib/python3.12/site-packages/cryptography/hazmat/primitives/ciphers/__pycache__/algorithms.cpython-312.pyc -> /home/matthieu/ros2_ws/install/web_control/share/web_control/web/stream/webrtc/.venv/lib/python3.12/site-packages/cryptography/hazmat/primitives/ciphers/__pycache__\n'}
[2.239763] (web_control) StdoutLine: {'line': b'symbolically linking /home/matthieu/ros2_ws/build/web_control/web/stream/webrtc/.venv/lib/python3.12/site-packages/cryptography/hazmat/decrepit/__init__.py -> /home/matthieu/ros2_ws/install/web_control/share/web_control/web/stream/webrtc/.venv/lib/python3.12/site-packages/cryptography/hazmat/decrepit\n'}
[2.239860] (web_control) StdoutLine: {'line': b'symbolically linking /home/matthieu/ros2_ws/build/web_control/web/stream/webrtc/.venv/lib/python3.12/site-packages/cryptography/hazmat/decrepit/__pycache__/__init__.cpython-312.pyc -> /home/matthieu/ros2_ws/install/web_control/share/web_control/web/stream/webrtc/.venv/lib/python3.12/site-packages/cryptography/hazmat/decrepit/__pycache__\n'}
[2.239956] (web_control) StdoutLine: {'line': b'symbolically linking /home/matthieu/ros2_ws/build/web_control/web/stream/webrtc/.venv/lib/python3.12/site-packages/cryptography/hazmat/decrepit/ciphers/algorithms.py -> /home/matthieu/ros2_ws/install/web_control/share/web_control/web/stream/webrtc/.venv/lib/python3.12/site-packages/cryptography/hazmat/decrepit/ciphers\n'}
[2.240055] (web_control) StdoutLine: {'line': b'symbolically linking /home/matthieu/ros2_ws/build/web_control/web/stream/webrtc/.venv/lib/python3.12/site-packages/cryptography/hazmat/decrepit/ciphers/__init__.py -> /home/matthieu/ros2_ws/install/web_control/share/web_control/web/stream/webrtc/.venv/lib/python3.12/site-packages/cryptography/hazmat/decrepit/ciphers\n'}
[2.240157] (web_control) StdoutLine: {'line': b'symbolically linking /home/matthieu/ros2_ws/build/web_control/web/stream/webrtc/.venv/lib/python3.12/site-packages/cryptography/hazmat/decrepit/ciphers/__pycache__/__init__.cpython-312.pyc -> /home/matthieu/ros2_ws/install/web_control/share/web_control/web/stream/webrtc/.venv/lib/python3.12/site-packages/cryptography/hazmat/decrepit/ciphers/__pycache__\n'}
[2.240235] (web_control) StdoutLine: {'line': b'symbolically linking /home/matthieu/ros2_ws/build/web_control/web/stream/webrtc/.venv/lib/python3.12/site-packages/cryptography/hazmat/decrepit/ciphers/__pycache__/algorithms.cpython-312.pyc -> /home/matthieu/ros2_ws/install/web_control/share/web_control/web/stream/webrtc/.venv/lib/python3.12/site-packages/cryptography/hazmat/decrepit/ciphers/__pycache__\n'}
[2.240340] (web_control) StdoutLine: {'line': b'symbolically linking /home/matthieu/ros2_ws/build/web_control/web/stream/webrtc/.venv/lib/python3.12/site-packages/cryptography/hazmat/__pycache__/_oid.cpython-312.pyc -> /home/matthieu/ros2_ws/install/web_control/share/web_control/web/stream/webrtc/.venv/lib/python3.12/site-packages/cryptography/hazmat/__pycache__\n'}
[2.240432] (web_control) StdoutLine: {'line': b'symbolically linking /home/matthieu/ros2_ws/build/web_control/web/stream/webrtc/.venv/lib/python3.12/site-packages/cryptography/hazmat/__pycache__/__init__.cpython-312.pyc -> /home/matthieu/ros2_ws/install/web_control/share/web_control/web/stream/webrtc/.venv/lib/python3.12/site-packages/cryptography/hazmat/__pycache__\n'}
[2.240526] (web_control) StdoutLine: {'line': b'symbolically linking /home/matthieu/ros2_ws/build/web_control/web/stream/webrtc/.venv/lib/python3.12/site-packages/cryptography/hazmat/bindings/_rust.abi3.so -> /home/matthieu/ros2_ws/install/web_control/share/web_control/web/stream/webrtc/.venv/lib/python3.12/site-packages/cryptography/hazmat/bindings\n'}
[2.240616] (web_control) StdoutLine: {'line': b'symbolically linking /home/matthieu/ros2_ws/build/web_control/web/stream/webrtc/.venv/lib/python3.12/site-packages/cryptography/hazmat/bindings/__init__.py -> /home/matthieu/ros2_ws/install/web_control/share/web_control/web/stream/webrtc/.venv/lib/python3.12/site-packages/cryptography/hazmat/bindings\n'}
[2.240706] (web_control) StdoutLine: {'line': b'symbolically linking /home/matthieu/ros2_ws/build/web_control/web/stream/webrtc/.venv/lib/python3.12/site-packages/cryptography/hazmat/bindings/_rust/pkcs7.pyi -> /home/matthieu/ros2_ws/install/web_control/share/web_control/web/stream/webrtc/.venv/lib/python3.12/site-packages/cryptography/hazmat/bindings/_rust\n'}
[2.240797] (web_control) StdoutLine: {'line': b'symbolically linking /home/matthieu/ros2_ws/build/web_control/web/stream/webrtc/.venv/lib/python3.12/site-packages/cryptography/hazmat/bindings/_rust/__init__.pyi -> /home/matthieu/ros2_ws/install/web_control/share/web_control/web/stream/webrtc/.venv/lib/python3.12/site-packages/cryptography/hazmat/bindings/_rust\n'}
[2.240891] (web_control) StdoutLine: {'line': b'symbolically linking /home/matthieu/ros2_ws/build/web_control/web/stream/webrtc/.venv/lib/python3.12/site-packages/cryptography/hazmat/bindings/_rust/x509.pyi -> /home/matthieu/ros2_ws/install/web_control/share/web_control/web/stream/webrtc/.venv/lib/python3.12/site-packages/cryptography/hazmat/bindings/_rust\n'}
[2.240985] (web_control) StdoutLine: {'line': b'symbolically linking /home/matthieu/ros2_ws/build/web_control/web/stream/webrtc/.venv/lib/python3.12/site-packages/cryptography/hazmat/bindings/_rust/asn1.pyi -> /home/matthieu/ros2_ws/install/web_control/share/web_control/web/stream/webrtc/.venv/lib/python3.12/site-packages/cryptography/hazmat/bindings/_rust\n'}
[2.241081] (web_control) StdoutLine: {'line': b'symbolically linking /home/matthieu/ros2_ws/build/web_control/web/stream/webrtc/.venv/lib/python3.12/site-packages/cryptography/hazmat/bindings/_rust/ocsp.pyi -> /home/matthieu/ros2_ws/install/web_control/share/web_control/web/stream/webrtc/.venv/lib/python3.12/site-packages/cryptography/hazmat/bindings/_rust\n'}
[2.241177] (web_control) StdoutLine: {'line': b'symbolically linking /home/matthieu/ros2_ws/build/web_control/web/stream/webrtc/.venv/lib/python3.12/site-packages/cryptography/hazmat/bindings/_rust/declarative_asn1.pyi -> /home/matthieu/ros2_ws/install/web_control/share/web_control/web/stream/webrtc/.venv/lib/python3.12/site-packages/cryptography/hazmat/bindings/_rust\n'}
[2.241298] (web_control) StdoutLine: {'line': b'symbolically linking /home/matthieu/ros2_ws/build/web_control/web/stream/webrtc/.venv/lib/python3.12/site-packages/cryptography/hazmat/bindings/_rust/test_support.pyi -> /home/matthieu/ros2_ws/install/web_control/share/web_control/web/stream/webrtc/.venv/lib/python3.12/site-packages/cryptography/hazmat/bindings/_rust\n'}
[2.241421] (web_control) StdoutLine: {'line': b'symbolically linking /home/matthieu/ros2_ws/build/web_control/web/stream/webrtc/.venv/lib/python3.12/site-packages/cryptography/hazmat/bindings/_rust/exceptions.pyi -> /home/matthieu/ros2_ws/install/web_control/share/web_control/web/stream/webrtc/.venv/lib/python3.12/site-packages/cryptography/hazmat/bindings/_rust\n'}
[2.241522] (web_control) StdoutLine: {'line': b'symbolically linking /home/matthieu/ros2_ws/build/web_control/web/stream/webrtc/.venv/lib/python3.12/site-packages/cryptography/hazmat/bindings/_rust/_openssl.pyi -> /home/matthieu/ros2_ws/install/web_control/share/web_control/web/stream/webrtc/.venv/lib/python3.12/site-packages/cryptography/hazmat/bindings/_rust\n'}
[2.241595] (web_control) StdoutLine: {'line': b'symbolically linking /home/matthieu/ros2_ws/build/web_control/web/stream/webrtc/.venv/lib/python3.12/site-packages/cryptography/hazmat/bindings/_rust/pkcs12.pyi -> /home/matthieu/ros2_ws/install/web_control/share/web_control/web/stream/webrtc/.venv/lib/python3.12/site-packages/cryptography/hazmat/bindings/_rust\n'}
[2.241685] (web_control) StdoutLine: {'line': b'symbolically linking /home/matthieu/ros2_ws/build/web_control/web/stream/webrtc/.venv/lib/python3.12/site-packages/cryptography/hazmat/bindings/_rust/openssl/dh.pyi -> /home/matthieu/ros2_ws/install/web_control/share/web_control/web/stream/webrtc/.venv/lib/python3.12/site-packages/cryptography/hazmat/bindings/_rust/openssl\n'}
[2.241777] (web_control) StdoutLine: {'line': b'symbolically linking /home/matthieu/ros2_ws/build/web_control/web/stream/webrtc/.venv/lib/python3.12/site-packages/cryptography/hazmat/bindings/_rust/openssl/ed448.pyi -> /home/matthieu/ros2_ws/install/web_control/share/web_control/web/stream/webrtc/.venv/lib/python3.12/site-packages/cryptography/hazmat/bindings/_rust/openssl\n'}
[2.241872] (web_control) StdoutLine: {'line': b'symbolically linking /home/matthieu/ros2_ws/build/web_control/web/stream/webrtc/.venv/lib/python3.12/site-packages/cryptography/hazmat/bindings/_rust/openssl/kdf.pyi -> /home/matthieu/ros2_ws/install/web_control/share/web_control/web/stream/webrtc/.venv/lib/python3.12/site-packages/cryptography/hazmat/bindings/_rust/openssl\n'}
[2.241964] (web_control) StdoutLine: {'line': b'symbolically linking /home/matthieu/ros2_ws/build/web_control/web/stream/webrtc/.venv/lib/python3.12/site-packages/cryptography/hazmat/bindings/_rust/openssl/hashes.pyi -> /home/matthieu/ros2_ws/install/web_control/share/web_control/web/stream/webrtc/.venv/lib/python3.12/site-packages/cryptography/hazmat/bindings/_rust/openssl\n'}
[2.242067] (web_control) StdoutLine: {'line': b'symbolically linking /home/matthieu/ros2_ws/build/web_control/web/stream/webrtc/.venv/lib/python3.12/site-packages/cryptography/hazmat/bindings/_rust/openssl/poly1305.pyi -> /home/matthieu/ros2_ws/install/web_control/share/web_control/web/stream/webrtc/.venv/lib/python3.12/site-packages/cryptography/hazmat/bindings/_rust/openssl\n'}
[2.242142] (web_control) StdoutLine: {'line': b'symbolically linking /home/matthieu/ros2_ws/build/web_control/web/stream/webrtc/.venv/lib/python3.12/site-packages/cryptography/hazmat/bindings/_rust/openssl/x448.pyi -> /home/matthieu/ros2_ws/install/web_control/share/web_control/web/stream/webrtc/.venv/lib/python3.12/site-packages/cryptography/hazmat/bindings/_rust/openssl\n'}
[2.242261] (web_control) StdoutLine: {'line': b'symbolically linking /home/matthieu/ros2_ws/build/web_control/web/stream/webrtc/.venv/lib/python3.12/site-packages/cryptography/hazmat/bindings/_rust/openssl/__init__.pyi -> /home/matthieu/ros2_ws/install/web_control/share/web_control/web/stream/webrtc/.venv/lib/python3.12/site-packages/cryptography/hazmat/bindings/_rust/openssl\n'}
[2.242352] (web_control) StdoutLine: {'line': b'symbolically linking /home/matthieu/ros2_ws/build/web_control/web/stream/webrtc/.venv/lib/python3.12/site-packages/cryptography/hazmat/bindings/_rust/openssl/ed25519.pyi -> /home/matthieu/ros2_ws/install/web_control/share/web_control/web/stream/webrtc/.venv/lib/python3.12/site-packages/cryptography/hazmat/bindings/_rust/openssl\n'}
[2.242459] (web_control) StdoutLine: {'line': b'symbolically linking /home/matthieu/ros2_ws/build/web_control/web/stream/webrtc/.venv/lib/python3.12/site-packages/cryptography/hazmat/bindings/_rust/openssl/ciphers.pyi -> /home/matthieu/ros2_ws/install/web_control/share/web_control/web/stream/webrtc/.venv/lib/python3.12/site-packages/cryptography/hazmat/bindings/_rust/openssl\n'}
[2.242547] (web_control) StdoutLine: {'line': b'symbolically linking /home/matthieu/ros2_ws/build/web_control/web/stream/webrtc/.venv/lib/python3.12/site-packages/cryptography/hazmat/bindings/_rust/openssl/cmac.pyi -> /home/matthieu/ros2_ws/install/web_control/share/web_control/web/stream/webrtc/.venv/lib/python3.12/site-packages/cryptography/hazmat/bindings/_rust/openssl\n'}
[2.242621] (web_control) StdoutLine: {'line': b'symbolically linking /home/matthieu/ros2_ws/build/web_control/web/stream/webrtc/.venv/lib/python3.12/site-packages/cryptography/hazmat/bindings/_rust/openssl/rsa.pyi -> /home/matthieu/ros2_ws/install/web_control/share/web_control/web/stream/webrtc/.venv/lib/python3.12/site-packages/cryptography/hazmat/bindings/_rust/openssl\n'}
[2.242722] (web_control) StdoutLine: {'line': b'symbolically linking /home/matthieu/ros2_ws/build/web_control/web/stream/webrtc/.venv/lib/python3.12/site-packages/cryptography/hazmat/bindings/_rust/openssl/x25519.pyi -> /home/matthieu/ros2_ws/install/web_control/share/web_control/web/stream/webrtc/.venv/lib/python3.12/site-packages/cryptography/hazmat/bindings/_rust/openssl\n'}
[2.242798] (web_control) StdoutLine: {'line': b'symbolically linking /home/matthieu/ros2_ws/build/web_control/web/stream/webrtc/.venv/lib/python3.12/site-packages/cryptography/hazmat/bindings/_rust/openssl/ec.pyi -> /home/matthieu/ros2_ws/install/web_control/share/web_control/web/stream/webrtc/.venv/lib/python3.12/site-packages/cryptography/hazmat/bindings/_rust/openssl\n'}
[2.242898] (web_control) StdoutLine: {'line': b'symbolically linking /home/matthieu/ros2_ws/build/web_control/web/stream/webrtc/.venv/lib/python3.12/site-packages/cryptography/hazmat/bindings/_rust/openssl/dsa.pyi -> /home/matthieu/ros2_ws/install/web_control/share/web_control/web/stream/webrtc/.venv/lib/python3.12/site-packages/cryptography/hazmat/bindings/_rust/openssl\n'}
[2.242982] (web_control) StdoutLine: {'line': b'symbolically linking /home/matthieu/ros2_ws/build/web_control/web/stream/webrtc/.venv/lib/python3.12/site-packages/cryptography/hazmat/bindings/_rust/openssl/aead.pyi -> /home/matthieu/ros2_ws/install/web_control/share/web_control/web/stream/webrtc/.venv/lib/python3.12/site-packages/cryptography/hazmat/bindings/_rust/openssl\n'}
[2.243086] (web_control) StdoutLine: {'line': b'symbolically linking /home/matthieu/ros2_ws/build/web_control/web/stream/webrtc/.venv/lib/python3.12/site-packages/cryptography/hazmat/bindings/_rust/openssl/hmac.pyi -> /home/matthieu/ros2_ws/install/web_control/share/web_control/web/stream/webrtc/.venv/lib/python3.12/site-packages/cryptography/hazmat/bindings/_rust/openssl\n'}
[2.243162] (web_control) StdoutLine: {'line': b'symbolically linking /home/matthieu/ros2_ws/build/web_control/web/stream/webrtc/.venv/lib/python3.12/site-packages/cryptography/hazmat/bindings/_rust/openssl/keys.pyi -> /home/matthieu/ros2_ws/install/web_control/share/web_control/web/stream/webrtc/.venv/lib/python3.12/site-packages/cryptography/hazmat/bindings/_rust/openssl\n'}
[2.243256] (web_control) StdoutLine: {'line': b'symbolically linking /home/matthieu/ros2_ws/build/web_control/web/stream/webrtc/.venv/lib/python3.12/site-packages/cryptography/hazmat/bindings/openssl/binding.py -> /home/matthieu/ros2_ws/install/web_control/share/web_control/web/stream/webrtc/.venv/lib/python3.12/site-packages/cryptography/hazmat/bindings/openssl\n'}
[2.243356] (web_control) StdoutLine: {'line': b'symbolically linking /home/matthieu/ros2_ws/build/web_control/web/stream/webrtc/.venv/lib/python3.12/site-packages/cryptography/hazmat/bindings/openssl/_conditional.py -> /home/matthieu/ros2_ws/install/web_control/share/web_control/web/stream/webrtc/.venv/lib/python3.12/site-packages/cryptography/hazmat/bindings/openssl\n'}
[2.243461] (web_control) StdoutLine: {'line': b'symbolically linking /home/matthieu/ros2_ws/build/web_control/web/stream/webrtc/.venv/lib/python3.12/site-packages/cryptography/hazmat/bindings/openssl/__init__.py -> /home/matthieu/ros2_ws/install/web_control/share/web_control/web/stream/webrtc/.venv/lib/python3.12/site-packages/cryptography/hazmat/bindings/openssl\n'}
[2.243556] (web_control) StdoutLine: {'line': b'symbolically linking /home/matthieu/ros2_ws/build/web_control/web/stream/webrtc/.venv/lib/python3.12/site-packages/cryptography/hazmat/bindings/openssl/__pycache__/binding.cpython-312.pyc -> /home/matthieu/ros2_ws/install/web_control/share/web_control/web/stream/webrtc/.venv/lib/python3.12/site-packages/cryptography/hazmat/bindings/openssl/__pycache__\n'}
[2.243676] (web_control) StdoutLine: {'line': b'symbolically linking /home/matthieu/ros2_ws/build/web_control/web/stream/webrtc/.venv/lib/python3.12/site-packages/cryptography/hazmat/bindings/openssl/__pycache__/_conditional.cpython-312.pyc -> /home/matthieu/ros2_ws/install/web_control/share/web_control/web/stream/webrtc/.venv/lib/python3.12/site-packages/cryptography/hazmat/bindings/openssl/__pycache__\n'}
[2.243754] (web_control) StdoutLine: {'line': b'symbolically linking /home/matthieu/ros2_ws/build/web_control/web/stream/webrtc/.venv/lib/python3.12/site-packages/cryptography/hazmat/bindings/openssl/__pycache__/__init__.cpython-312.pyc -> /home/matthieu/ros2_ws/install/web_control/share/web_control/web/stream/webrtc/.venv/lib/python3.12/site-packages/cryptography/hazmat/bindings/openssl/__pycache__\n'}
[2.243904] (web_control) StdoutLine: {'line': b'symbolically linking /home/matthieu/ros2_ws/build/web_control/web/stream/webrtc/.venv/lib/python3.12/site-packages/cryptography/hazmat/bindings/__pycache__/__init__.cpython-312.pyc -> /home/matthieu/ros2_ws/install/web_control/share/web_control/web/stream/webrtc/.venv/lib/python3.12/site-packages/cryptography/hazmat/bindings/__pycache__\n'}
[2.244037] (web_control) StdoutLine: {'line': b'symbolically linking /home/matthieu/ros2_ws/build/web_control/web/stream/webrtc/.venv/lib/python3.12/site-packages/cryptography/hazmat/backends/__init__.py -> /home/matthieu/ros2_ws/install/web_control/share/web_control/web/stream/webrtc/.venv/lib/python3.12/site-packages/cryptography/hazmat/backends\n'}
[2.244162] (web_control) StdoutLine: {'line': b'symbolically linking /home/matthieu/ros2_ws/build/web_control/web/stream/webrtc/.venv/lib/python3.12/site-packages/cryptography/hazmat/backends/openssl/backend.py -> /home/matthieu/ros2_ws/install/web_control/share/web_control/web/stream/webrtc/.venv/lib/python3.12/site-packages/cryptography/hazmat/backends/openssl\n'}
[2.244289] (web_control) StdoutLine: {'line': b'symbolically linking /home/matthieu/ros2_ws/build/web_control/web/stream/webrtc/.venv/lib/python3.12/site-packages/cryptography/hazmat/backends/openssl/__init__.py -> /home/matthieu/ros2_ws/install/web_control/share/web_control/web/stream/webrtc/.venv/lib/python3.12/site-packages/cryptography/hazmat/backends/openssl\n'}
[2.244410] (web_control) StdoutLine: {'line': b'symbolically linking /home/matthieu/ros2_ws/build/web_control/web/stream/webrtc/.venv/lib/python3.12/site-packages/cryptography/hazmat/backends/openssl/__pycache__/backend.cpython-312.pyc -> /home/matthieu/ros2_ws/install/web_control/share/web_control/web/stream/webrtc/.venv/lib/python3.12/site-packages/cryptography/hazmat/backends/openssl/__pycache__\n'}
[2.244509] (web_control) StdoutLine: {'line': b'symbolically linking /home/matthieu/ros2_ws/build/web_control/web/stream/webrtc/.venv/lib/python3.12/site-packages/cryptography/hazmat/backends/openssl/__pycache__/__init__.cpython-312.pyc -> /home/matthieu/ros2_ws/install/web_control/share/web_control/web/stream/webrtc/.venv/lib/python3.12/site-packages/cryptography/hazmat/backends/openssl/__pycache__\n'}
[2.244589] (web_control) StdoutLine: {'line': b'symbolically linking /home/matthieu/ros2_ws/build/web_control/web/stream/webrtc/.venv/lib/python3.12/site-packages/cryptography/hazmat/backends/__pycache__/__init__.cpython-312.pyc -> /home/matthieu/ros2_ws/install/web_control/share/web_control/web/stream/webrtc/.venv/lib/python3.12/site-packages/cryptography/hazmat/backends/__pycache__\n'}
[2.244692] (web_control) StdoutLine: {'line': b'symbolically linking /home/matthieu/ros2_ws/build/web_control/web/stream/webrtc/.venv/lib/python3.12/site-packages/cryptography/hazmat/asn1/asn1.py -> /home/matthieu/ros2_ws/install/web_control/share/web_control/web/stream/webrtc/.venv/lib/python3.12/site-packages/cryptography/hazmat/asn1\n'}
[2.244772] (web_control) StdoutLine: {'line': b'symbolically linking /home/matthieu/ros2_ws/build/web_control/web/stream/webrtc/.venv/lib/python3.12/site-packages/cryptography/hazmat/asn1/__init__.py -> /home/matthieu/ros2_ws/install/web_control/share/web_control/web/stream/webrtc/.venv/lib/python3.12/site-packages/cryptography/hazmat/asn1\n'}
[2.244879] (web_control) StdoutLine: {'line': b'symbolically linking /home/matthieu/ros2_ws/build/web_control/web/stream/webrtc/.venv/lib/python3.12/site-packages/cryptography/hazmat/asn1/__pycache__/asn1.cpython-312.pyc -> /home/matthieu/ros2_ws/install/web_control/share/web_control/web/stream/webrtc/.venv/lib/python3.12/site-packages/cryptography/hazmat/asn1/__pycache__\n'}
[2.244960] (web_control) StdoutLine: {'line': b'symbolically linking /home/matthieu/ros2_ws/build/web_control/web/stream/webrtc/.venv/lib/python3.12/site-packages/cryptography/hazmat/asn1/__pycache__/__init__.cpython-312.pyc -> /home/matthieu/ros2_ws/install/web_control/share/web_control/web/stream/webrtc/.venv/lib/python3.12/site-packages/cryptography/hazmat/asn1/__pycache__\n'}
[2.245064] (web_control) StdoutLine: {'line': b'symbolically linking /home/matthieu/ros2_ws/build/web_control/web/stream/webrtc/.venv/lib/python3.12/site-packages/cryptography/x509/general_name.py -> /home/matthieu/ros2_ws/install/web_control/share/web_control/web/stream/webrtc/.venv/lib/python3.12/site-packages/cryptography/x509\n'}
[2.245143] (web_control) StdoutLine: {'line': b'symbolically linking /home/matthieu/ros2_ws/build/web_control/web/stream/webrtc/.venv/lib/python3.12/site-packages/cryptography/x509/base.py -> /home/matthieu/ros2_ws/install/web_control/share/web_control/web/stream/webrtc/.venv/lib/python3.12/site-packages/cryptography/x509\n'}
[2.245243] (web_control) StdoutLine: {'line': b'symbolically linking /home/matthieu/ros2_ws/build/web_control/web/stream/webrtc/.venv/lib/python3.12/site-packages/cryptography/x509/certificate_transparency.py -> /home/matthieu/ros2_ws/install/web_control/share/web_control/web/stream/webrtc/.venv/lib/python3.12/site-packages/cryptography/x509\n'}
[2.245323] (web_control) StdoutLine: {'line': b'symbolically linking /home/matthieu/ros2_ws/build/web_control/web/stream/webrtc/.venv/lib/python3.12/site-packages/cryptography/x509/name.py -> /home/matthieu/ros2_ws/install/web_control/share/web_control/web/stream/webrtc/.venv/lib/python3.12/site-packages/cryptography/x509\n'}
[2.245434] (web_control) StdoutLine: {'line': b'symbolically linking /home/matthieu/ros2_ws/build/web_control/web/stream/webrtc/.venv/lib/python3.12/site-packages/cryptography/x509/extensions.py -> /home/matthieu/ros2_ws/install/web_control/share/web_control/web/stream/webrtc/.venv/lib/python3.12/site-packages/cryptography/x509\n'}
[2.245515] (web_control) StdoutLine: {'line': b'symbolically linking /home/matthieu/ros2_ws/build/web_control/web/stream/webrtc/.venv/lib/python3.12/site-packages/cryptography/x509/oid.py -> /home/matthieu/ros2_ws/install/web_control/share/web_control/web/stream/webrtc/.venv/lib/python3.12/site-packages/cryptography/x509\n'}
[2.245633] (web_control) StdoutLine: {'line': b'symbolically linking /home/matthieu/ros2_ws/build/web_control/web/stream/webrtc/.venv/lib/python3.12/site-packages/cryptography/x509/verification.py -> /home/matthieu/ros2_ws/install/web_control/share/web_control/web/stream/webrtc/.venv/lib/python3.12/site-packages/cryptography/x509\n'}
[2.245749] (web_control) StdoutLine: {'line': b'symbolically linking /home/matthieu/ros2_ws/build/web_control/web/stream/webrtc/.venv/lib/python3.12/site-packages/cryptography/x509/ocsp.py -> /home/matthieu/ros2_ws/install/web_control/share/web_control/web/stream/webrtc/.venv/lib/python3.12/site-packages/cryptography/x509\n'}
[2.245866] (web_control) StdoutLine: {'line': b'symbolically linking /home/matthieu/ros2_ws/build/web_control/web/stream/webrtc/.venv/lib/python3.12/site-packages/cryptography/x509/__init__.py -> /home/matthieu/ros2_ws/install/web_control/share/web_control/web/stream/webrtc/.venv/lib/python3.12/site-packages/cryptography/x509\n'}
[2.245944] (web_control) StdoutLine: {'line': b'symbolically linking /home/matthieu/ros2_ws/build/web_control/web/stream/webrtc/.venv/lib/python3.12/site-packages/cryptography/x509/__pycache__/general_name.cpython-312.pyc -> /home/matthieu/ros2_ws/install/web_control/share/web_control/web/stream/webrtc/.venv/lib/python3.12/site-packages/cryptography/x509/__pycache__\n'}
[2.246052] (web_control) StdoutLine: {'line': b'symbolically linking /home/matthieu/ros2_ws/build/web_control/web/stream/webrtc/.venv/lib/python3.12/site-packages/cryptography/x509/__pycache__/name.cpython-312.pyc -> /home/matthieu/ros2_ws/install/web_control/share/web_control/web/stream/webrtc/.venv/lib/python3.12/site-packages/cryptography/x509/__pycache__\n'}
[2.246165] (web_control) StdoutLine: {'line': b'symbolically linking /home/matthieu/ros2_ws/build/web_control/web/stream/webrtc/.venv/lib/python3.12/site-packages/cryptography/x509/__pycache__/ocsp.cpython-312.pyc -> /home/matthieu/ros2_ws/install/web_control/share/web_control/web/stream/webrtc/.venv/lib/python3.12/site-packages/cryptography/x509/__pycache__\n'}
[2.246247] (web_control) StdoutLine: {'line': b'symbolically linking /home/matthieu/ros2_ws/build/web_control/web/stream/webrtc/.venv/lib/python3.12/site-packages/cryptography/x509/__pycache__/base.cpython-312.pyc -> /home/matthieu/ros2_ws/install/web_control/share/web_control/web/stream/webrtc/.venv/lib/python3.12/site-packages/cryptography/x509/__pycache__\n'}
[2.246378] (web_control) StdoutLine: {'line': b'symbolically linking /home/matthieu/ros2_ws/build/web_control/web/stream/webrtc/.venv/lib/python3.12/site-packages/cryptography/x509/__pycache__/oid.cpython-312.pyc -> /home/matthieu/ros2_ws/install/web_control/share/web_control/web/stream/webrtc/.venv/lib/python3.12/site-packages/cryptography/x509/__pycache__\n'}
[2.246455] (web_control) StdoutLine: {'line': b'symbolically linking /home/matthieu/ros2_ws/build/web_control/web/stream/webrtc/.venv/lib/python3.12/site-packages/cryptography/x509/__pycache__/verification.cpython-312.pyc -> /home/matthieu/ros2_ws/install/web_control/share/web_control/web/stream/webrtc/.venv/lib/python3.12/site-packages/cryptography/x509/__pycache__\n'}
[2.246564] (web_control) StdoutLine: {'line': b'symbolically linking /home/matthieu/ros2_ws/build/web_control/web/stream/webrtc/.venv/lib/python3.12/site-packages/cryptography/x509/__pycache__/__init__.cpython-312.pyc -> /home/matthieu/ros2_ws/install/web_control/share/web_control/web/stream/webrtc/.venv/lib/python3.12/site-packages/cryptography/x509/__pycache__\n'}
[2.246640] (web_control) StdoutLine: {'line': b'symbolically linking /home/matthieu/ros2_ws/build/web_control/web/stream/webrtc/.venv/lib/python3.12/site-packages/cryptography/x509/__pycache__/extensions.cpython-312.pyc -> /home/matthieu/ros2_ws/install/web_control/share/web_control/web/stream/webrtc/.venv/lib/python3.12/site-packages/cryptography/x509/__pycache__\n'}
[2.246758] (web_control) StdoutLine: {'line': b'symbolically linking /home/matthieu/ros2_ws/build/web_control/web/stream/webrtc/.venv/lib/python3.12/site-packages/cryptography/x509/__pycache__/certificate_transparency.cpython-312.pyc -> /home/matthieu/ros2_ws/install/web_control/share/web_control/web/stream/webrtc/.venv/lib/python3.12/site-packages/cryptography/x509/__pycache__\n'}
[2.246834] (web_control) StdoutLine: {'line': b'symbolically linking /home/matthieu/ros2_ws/build/web_control/web/stream/webrtc/.venv/lib/python3.12/site-packages/cryptography/__pycache__/fernet.cpython-312.pyc -> /home/matthieu/ros2_ws/install/web_control/share/web_control/web/stream/webrtc/.venv/lib/python3.12/site-packages/cryptography/__pycache__\n'}
[2.246948] (web_control) StdoutLine: {'line': b'symbolically linking /home/matthieu/ros2_ws/build/web_control/web/stream/webrtc/.venv/lib/python3.12/site-packages/cryptography/__pycache__/__about__.cpython-312.pyc -> /home/matthieu/ros2_ws/install/web_control/share/web_control/web/stream/webrtc/.venv/lib/python3.12/site-packages/cryptography/__pycache__\n'}
[2.247039] (web_control) StdoutLine: {'line': b'symbolically linking /home/matthieu/ros2_ws/build/web_control/web/stream/webrtc/.venv/lib/python3.12/site-packages/cryptography/__pycache__/exceptions.cpython-312.pyc -> /home/matthieu/ros2_ws/install/web_control/share/web_control/web/stream/webrtc/.venv/lib/python3.12/site-packages/cryptography/__pycache__\n'}
[2.247126] (web_control) StdoutLine: {'line': b'symbolically linking /home/matthieu/ros2_ws/build/web_control/web/stream/webrtc/.venv/lib/python3.12/site-packages/cryptography/__pycache__/__init__.cpython-312.pyc -> /home/matthieu/ros2_ws/install/web_control/share/web_control/web/stream/webrtc/.venv/lib/python3.12/site-packages/cryptography/__pycache__\n'}
[2.247196] (web_control) StdoutLine: {'line': b'symbolically linking /home/matthieu/ros2_ws/build/web_control/web/stream/webrtc/.venv/lib/python3.12/site-packages/cryptography/__pycache__/utils.cpython-312.pyc -> /home/matthieu/ros2_ws/install/web_control/share/web_control/web/stream/webrtc/.venv/lib/python3.12/site-packages/cryptography/__pycache__\n'}
[2.247280] (web_control) StdoutLine: {'line': b'symbolically linking /home/matthieu/ros2_ws/build/web_control/web/stream/webrtc/.venv/lib/python3.12/site-packages/aiosignal/py.typed -> /home/matthieu/ros2_ws/install/web_control/share/web_control/web/stream/webrtc/.venv/lib/python3.12/site-packages/aiosignal\n'}
[2.247351] (web_control) StdoutLine: {'line': b'symbolically linking /home/matthieu/ros2_ws/build/web_control/web/stream/webrtc/.venv/lib/python3.12/site-packages/aiosignal/__init__.py -> /home/matthieu/ros2_ws/install/web_control/share/web_control/web/stream/webrtc/.venv/lib/python3.12/site-packages/aiosignal\n'}
[2.247424] (web_control) StdoutLine: {'line': b'symbolically linking /home/matthieu/ros2_ws/build/web_control/web/stream/webrtc/.venv/lib/python3.12/site-packages/aiosignal/__pycache__/__init__.cpython-312.pyc -> /home/matthieu/ros2_ws/install/web_control/share/web_control/web/stream/webrtc/.venv/lib/python3.12/site-packages/aiosignal/__pycache__\n'}
[2.247520] (web_control) StdoutLine: {'line': b'symbolically linking /home/matthieu/ros2_ws/build/web_control/web/stream/webrtc/.venv/lib/python3.12/site-packages/yarl-1.22.0.dist-info/WHEEL -> /home/matthieu/ros2_ws/install/web_control/share/web_control/web/stream/webrtc/.venv/lib/python3.12/site-packages/yarl-1.22.0.dist-info\n'}
[2.247641] (web_control) StdoutLine: {'line': b'symbolically linking /home/matthieu/ros2_ws/build/web_control/web/stream/webrtc/.venv/lib/python3.12/site-packages/yarl-1.22.0.dist-info/RECORD -> /home/matthieu/ros2_ws/install/web_control/share/web_control/web/stream/webrtc/.venv/lib/python3.12/site-packages/yarl-1.22.0.dist-info\n'}
[2.247720] (web_control) StdoutLine: {'line': b'symbolically linking /home/matthieu/ros2_ws/build/web_control/web/stream/webrtc/.venv/lib/python3.12/site-packages/yarl-1.22.0.dist-info/INSTALLER -> /home/matthieu/ros2_ws/install/web_control/share/web_control/web/stream/webrtc/.venv/lib/python3.12/site-packages/yarl-1.22.0.dist-info\n'}
[2.247826] (web_control) StdoutLine: {'line': b'symbolically linking /home/matthieu/ros2_ws/build/web_control/web/stream/webrtc/.venv/lib/python3.12/site-packages/yarl-1.22.0.dist-info/top_level.txt -> /home/matthieu/ros2_ws/install/web_control/share/web_control/web/stream/webrtc/.venv/lib/python3.12/site-packages/yarl-1.22.0.dist-info\n'}
[2.247898] (web_control) StdoutLine: {'line': b'symbolically linking /home/matthieu/ros2_ws/build/web_control/web/stream/webrtc/.venv/lib/python3.12/site-packages/yarl-1.22.0.dist-info/METADATA -> /home/matthieu/ros2_ws/install/web_control/share/web_control/web/stream/webrtc/.venv/lib/python3.12/site-packages/yarl-1.22.0.dist-info\n'}
[2.247981] (web_control) StdoutLine: {'line': b'symbolically linking /home/matthieu/ros2_ws/build/web_control/web/stream/webrtc/.venv/lib/python3.12/site-packages/yarl-1.22.0.dist-info/licenses/LICENSE -> /home/matthieu/ros2_ws/install/web_control/share/web_control/web/stream/webrtc/.venv/lib/python3.12/site-packages/yarl-1.22.0.dist-info/licenses\n'}
[2.248053] (web_control) StdoutLine: {'line': b'symbolically linking /home/matthieu/ros2_ws/build/web_control/web/stream/webrtc/.venv/lib/python3.12/site-packages/yarl-1.22.0.dist-info/licenses/NOTICE -> /home/matthieu/ros2_ws/install/web_control/share/web_control/web/stream/webrtc/.venv/lib/python3.12/site-packages/yarl-1.22.0.dist-info/licenses\n'}
[2.248156] (web_control) StdoutLine: {'line': b'symbolically linking /home/matthieu/ros2_ws/build/web_control/web/stream/webrtc/.venv/lib/python3.12/site-packages/typing_extensions-4.15.0.dist-info/WHEEL -> /home/matthieu/ros2_ws/install/web_control/share/web_control/web/stream/webrtc/.venv/lib/python3.12/site-packages/typing_extensions-4.15.0.dist-info\n'}
[2.248232] (web_control) StdoutLine: {'line': b'symbolically linking /home/matthieu/ros2_ws/build/web_control/web/stream/webrtc/.venv/lib/python3.12/site-packages/typing_extensions-4.15.0.dist-info/RECORD -> /home/matthieu/ros2_ws/install/web_control/share/web_control/web/stream/webrtc/.venv/lib/python3.12/site-packages/typing_extensions-4.15.0.dist-info\n'}
[2.248530] (web_control) StdoutLine: {'line': b'symbolically linking /home/matthieu/ros2_ws/build/web_control/web/stream/webrtc/.venv/lib/python3.12/site-packages/typing_extensions-4.15.0.dist-info/INSTALLER -> /home/matthieu/ros2_ws/install/web_control/share/web_control/web/stream/webrtc/.venv/lib/python3.12/site-packages/typing_extensions-4.15.0.dist-info\n'}
[2.248794] (web_control) StdoutLine: {'line': b'symbolically linking /home/matthieu/ros2_ws/build/web_control/web/stream/webrtc/.venv/lib/python3.12/site-packages/typing_extensions-4.15.0.dist-info/METADATA -> /home/matthieu/ros2_ws/install/web_control/share/web_control/web/stream/webrtc/.venv/lib/python3.12/site-packages/typing_extensions-4.15.0.dist-info\n'}
[2.248890] (web_control) StdoutLine: {'line': b'symbolically linking /home/matthieu/ros2_ws/build/web_control/web/stream/webrtc/.venv/lib/python3.12/site-packages/typing_extensions-4.15.0.dist-info/licenses/LICENSE -> /home/matthieu/ros2_ws/install/web_control/share/web_control/web/stream/webrtc/.venv/lib/python3.12/site-packages/typing_extensions-4.15.0.dist-info/licenses\n'}
[2.249014] (web_control) StdoutLine: {'line': b'symbolically linking /home/matthieu/ros2_ws/build/web_control/web/stream/webrtc/__pycache__/webrtc_server.cpython-312.pyc -> /home/matthieu/ros2_ws/install/web_control/share/web_control/web/stream/webrtc/__pycache__\n'}
[2.249096] (web_control) StdoutLine: {'line': b'symbolically linking /home/matthieu/ros2_ws/build/web_control/web/stream/__pycache__/start_stream.cpython-312.pyc -> /home/matthieu/ros2_ws/install/web_control/share/web_control/web/stream/__pycache__\n'}
[2.279588] (web_control) CommandEnded: {'returncode': 0}
[2.306956] (-) TimerEvent: {}
[2.327758] (web_control) JobEnded: {'identifier': 'web_control', 'rc': 0}
[2.328999] (-) EventReactorShutdown: {}
