[0.251s] DEBUG:colcon:Command line arguments: ['/usr/bin/colcon', 'build', '--symlink-install']
[0.251s] DEBUG:colcon:Parsed command line arguments: Namespace(log_base=None, log_level=None, verb_name='build', build_base='build', install_base='install', merge_install=False, symlink_install=True, test_result_base=None, continue_on_error=False, executor='parallel', parallel_workers=16, event_handlers=None, ignore_user_meta=False, metas=['./colcon.meta'], base_paths=['.'], packages_ignore=None, packages_ignore_regex=None, paths=None, packages_up_to=None, packages_up_to_regex=None, packages_above=None, packages_above_and_dependencies=None, packages_above_depth=None, packages_select_by_dep=None, packages_skip_by_dep=None, packages_skip_up_to=None, packages_select_build_failed=False, packages_skip_build_finished=False, packages_select_test_failures=False, packages_skip_test_passed=False, packages_select=None, packages_skip=None, packages_select_regex=None, packages_skip_regex=None, packages_start=None, packages_end=None, allow_overriding=[], cmake_args=None, cmake_target=None, cmake_target_skip_unavailable=False, cmake_clean_cache=False, cmake_clean_first=False, cmake_force_configure=False, ament_cmake_args=None, catkin_cmake_args=None, catkin_skip_building_tests=False, mixin_files=None, mixin=None, verb_parser=<colcon_mixin.mixin.mixin_argument.MixinArgumentDecorator object at 0x7d4ea30881a0>, verb_extension=<colcon_core.verb.build.BuildVerb object at 0x7d4ea3088770>, main=<bound method BuildVerb.main of <colcon_core.verb.build.BuildVerb object at 0x7d4ea3088770>>, mixin_verb=('build',))
[0.312s] Level 1:colcon.colcon_core.package_discovery:discover_packages(colcon_meta) check parameters
[0.312s] Level 1:colcon.colcon_core.package_discovery:discover_packages(recursive) check parameters
[0.312s] Level 1:colcon.colcon_core.package_discovery:discover_packages(ignore) check parameters
[0.312s] Level 1:colcon.colcon_core.package_discovery:discover_packages(path) check parameters
[0.312s] Level 1:colcon.colcon_core.package_discovery:discover_packages(colcon_meta) discover
[0.312s] Level 1:colcon.colcon_core.package_discovery:discover_packages(recursive) discover
[0.312s] INFO:colcon.colcon_core.package_discovery:Crawling recursively for packages in '/home/matthieu/ros2_ws'
[0.312s] Level 1:colcon.colcon_core.package_identification:_identify(.) by extensions ['ignore', 'ignore_ament_install']
[0.312s] Level 1:colcon.colcon_core.package_identification:_identify(.) by extension 'ignore'
[0.312s] Level 1:colcon.colcon_core.package_identification:_identify(.) by extension 'ignore_ament_install'
[0.313s] Level 1:colcon.colcon_core.package_identification:_identify(.) by extensions ['colcon_pkg']
[0.313s] Level 1:colcon.colcon_core.package_identification:_identify(.) by extension 'colcon_pkg'
[0.313s] Level 1:colcon.colcon_core.package_identification:_identify(.) by extensions ['colcon_meta']
[0.313s] Level 1:colcon.colcon_core.package_identification:_identify(.) by extension 'colcon_meta'
[0.313s] Level 1:colcon.colcon_core.package_identification:_identify(.) by extensions ['ros']
[0.313s] Level 1:colcon.colcon_core.package_identification:_identify(.) by extension 'ros'
[0.342s] Level 1:colcon.colcon_core.package_identification:_identify(.) by extensions ['cmake', 'python']
[0.342s] Level 1:colcon.colcon_core.package_identification:_identify(.) by extension 'cmake'
[0.342s] Level 1:colcon.colcon_core.package_identification:_identify(.) by extension 'python'
[0.342s] Level 1:colcon.colcon_core.package_identification:_identify(.) by extensions ['python_setup_py']
[0.342s] Level 1:colcon.colcon_core.package_identification:_identify(.) by extension 'python_setup_py'
[0.342s] Level 1:colcon.colcon_core.package_identification:_identify(build) by extensions ['ignore', 'ignore_ament_install']
[0.342s] Level 1:colcon.colcon_core.package_identification:_identify(build) by extension 'ignore'
[0.342s] Level 1:colcon.colcon_core.package_identification:_identify(build) ignored
[0.342s] Level 1:colcon.colcon_core.package_identification:_identify(install) by extensions ['ignore', 'ignore_ament_install']
[0.342s] Level 1:colcon.colcon_core.package_identification:_identify(install) by extension 'ignore'
[0.342s] Level 1:colcon.colcon_core.package_identification:_identify(install) ignored
[0.342s] Level 1:colcon.colcon_core.package_identification:_identify(log) by extensions ['ignore', 'ignore_ament_install']
[0.342s] Level 1:colcon.colcon_core.package_identification:_identify(log) by extension 'ignore'
[0.343s] Level 1:colcon.colcon_core.package_identification:_identify(log) ignored
[0.343s] Level 1:colcon.colcon_core.package_identification:_identify(projet-documentation) by extensions ['ignore', 'ignore_ament_install']
[0.343s] Level 1:colcon.colcon_core.package_identification:_identify(projet-documentation) by extension 'ignore'
[0.343s] Level 1:colcon.colcon_core.package_identification:_identify(projet-documentation) by extension 'ignore_ament_install'
[0.343s] Level 1:colcon.colcon_core.package_identification:_identify(projet-documentation) by extensions ['colcon_pkg']
[0.343s] Level 1:colcon.colcon_core.package_identification:_identify(projet-documentation) by extension 'colcon_pkg'
[0.343s] Level 1:colcon.colcon_core.package_identification:_identify(projet-documentation) by extensions ['colcon_meta']
[0.343s] Level 1:colcon.colcon_core.package_identification:_identify(projet-documentation) by extension 'colcon_meta'
[0.343s] Level 1:colcon.colcon_core.package_identification:_identify(projet-documentation) by extensions ['ros']
[0.343s] Level 1:colcon.colcon_core.package_identification:_identify(projet-documentation) by extension 'ros'
[0.343s] Level 1:colcon.colcon_core.package_identification:_identify(projet-documentation) by extensions ['cmake', 'python']
[0.343s] Level 1:colcon.colcon_core.package_identification:_identify(projet-documentation) by extension 'cmake'
[0.343s] Level 1:colcon.colcon_core.package_identification:_identify(projet-documentation) by extension 'python'
[0.343s] Level 1:colcon.colcon_core.package_identification:_identify(projet-documentation) by extensions ['python_setup_py']
[0.343s] Level 1:colcon.colcon_core.package_identification:_identify(projet-documentation) by extension 'python_setup_py'
[0.344s] Level 1:colcon.colcon_core.package_identification:_identify(script_robot) by extensions ['ignore', 'ignore_ament_install']
[0.344s] Level 1:colcon.colcon_core.package_identification:_identify(script_robot) by extension 'ignore'
[0.344s] Level 1:colcon.colcon_core.package_identification:_identify(script_robot) by extension 'ignore_ament_install'
[0.344s] Level 1:colcon.colcon_core.package_identification:_identify(script_robot) by extensions ['colcon_pkg']
[0.344s] Level 1:colcon.colcon_core.package_identification:_identify(script_robot) by extension 'colcon_pkg'
[0.344s] Level 1:colcon.colcon_core.package_identification:_identify(script_robot) by extensions ['colcon_meta']
[0.344s] Level 1:colcon.colcon_core.package_identification:_identify(script_robot) by extension 'colcon_meta'
[0.344s] Level 1:colcon.colcon_core.package_identification:_identify(script_robot) by extensions ['ros']
[0.344s] Level 1:colcon.colcon_core.package_identification:_identify(script_robot) by extension 'ros'
[0.345s] Level 1:colcon.colcon_core.package_identification:_identify(script_robot) by extensions ['cmake', 'python']
[0.345s] Level 1:colcon.colcon_core.package_identification:_identify(script_robot) by extension 'cmake'
[0.345s] Level 1:colcon.colcon_core.package_identification:_identify(script_robot) by extension 'python'
[0.345s] Level 1:colcon.colcon_core.package_identification:_identify(script_robot) by extensions ['python_setup_py']
[0.345s] Level 1:colcon.colcon_core.package_identification:_identify(script_robot) by extension 'python_setup_py'
[0.345s] Level 1:colcon.colcon_core.package_identification:_identify(src) by extensions ['ignore', 'ignore_ament_install']
[0.345s] Level 1:colcon.colcon_core.package_identification:_identify(src) by extension 'ignore'
[0.345s] Level 1:colcon.colcon_core.package_identification:_identify(src) by extension 'ignore_ament_install'
[0.345s] Level 1:colcon.colcon_core.package_identification:_identify(src) by extensions ['colcon_pkg']
[0.345s] Level 1:colcon.colcon_core.package_identification:_identify(src) by extension 'colcon_pkg'
[0.345s] Level 1:colcon.colcon_core.package_identification:_identify(src) by extensions ['colcon_meta']
[0.345s] Level 1:colcon.colcon_core.package_identification:_identify(src) by extension 'colcon_meta'
[0.345s] Level 1:colcon.colcon_core.package_identification:_identify(src) by extensions ['ros']
[0.345s] Level 1:colcon.colcon_core.package_identification:_identify(src) by extension 'ros'
[0.345s] Level 1:colcon.colcon_core.package_identification:_identify(src) by extensions ['cmake', 'python']
[0.345s] Level 1:colcon.colcon_core.package_identification:_identify(src) by extension 'cmake'
[0.345s] Level 1:colcon.colcon_core.package_identification:_identify(src) by extension 'python'
[0.345s] Level 1:colcon.colcon_core.package_identification:_identify(src) by extensions ['python_setup_py']
[0.345s] Level 1:colcon.colcon_core.package_identification:_identify(src) by extension 'python_setup_py'
[0.346s] Level 1:colcon.colcon_core.package_identification:_identify(src/web_control) by extensions ['ignore', 'ignore_ament_install']
[0.346s] Level 1:colcon.colcon_core.package_identification:_identify(src/web_control) by extension 'ignore'
[0.346s] Level 1:colcon.colcon_core.package_identification:_identify(src/web_control) by extension 'ignore_ament_install'
[0.346s] Level 1:colcon.colcon_core.package_identification:_identify(src/web_control) by extensions ['colcon_pkg']
[0.346s] Level 1:colcon.colcon_core.package_identification:_identify(src/web_control) by extension 'colcon_pkg'
[0.346s] Level 1:colcon.colcon_core.package_identification:_identify(src/web_control) by extensions ['colcon_meta']
[0.346s] Level 1:colcon.colcon_core.package_identification:_identify(src/web_control) by extension 'colcon_meta'
[0.346s] Level 1:colcon.colcon_core.package_identification:_identify(src/web_control) by extensions ['ros']
[0.346s] Level 1:colcon.colcon_core.package_identification:_identify(src/web_control) by extension 'ros'
[0.350s] DEBUG:colcon.colcon_core.package_identification:Package 'src/web_control' with type 'ros.ament_python' and name 'web_control'
[0.350s] Level 1:colcon.colcon_core.package_discovery:discover_packages(recursive) using defaults
[0.350s] Level 1:colcon.colcon_core.package_discovery:discover_packages(ignore) discover
[0.350s] Level 1:colcon.colcon_core.package_discovery:discover_packages(ignore) using defaults
[0.350s] Level 1:colcon.colcon_core.package_discovery:discover_packages(path) discover
[0.350s] Level 1:colcon.colcon_core.package_discovery:discover_packages(path) using defaults
[0.375s] Level 1:colcon.colcon_core.package_discovery:discover_packages(prefix_path) check parameters
[0.375s] Level 1:colcon.colcon_core.package_discovery:discover_packages(prefix_path) discover
[0.380s] DEBUG:colcon.colcon_installed_package_information.package_discovery:Found 1 installed packages in /home/matthieu/ros2_ws/install
[0.380s] DEBUG:colcon.colcon_installed_package_information.package_discovery:Found 1 installed packages in /home/matthieu/ros2_ws2/install
[0.381s] DEBUG:colcon.colcon_installed_package_information.package_discovery:Found 1 installed packages in /home/matthieu/install
[0.382s] DEBUG:colcon.colcon_installed_package_information.package_discovery:Found 378 installed packages in /opt/ros/jazzy
[0.384s] Level 1:colcon.colcon_core.package_discovery:discover_packages(prefix_path) using defaults
[0.433s] Level 5:colcon.colcon_core.verb:set package 'web_control' build argument 'cmake_args' from command line to 'None'
[0.433s] Level 5:colcon.colcon_core.verb:set package 'web_control' build argument 'cmake_target' from command line to 'None'
[0.433s] Level 5:colcon.colcon_core.verb:set package 'web_control' build argument 'cmake_target_skip_unavailable' from command line to 'False'
[0.433s] Level 5:colcon.colcon_core.verb:set package 'web_control' build argument 'cmake_clean_cache' from command line to 'False'
[0.433s] Level 5:colcon.colcon_core.verb:set package 'web_control' build argument 'cmake_clean_first' from command line to 'False'
[0.433s] Level 5:colcon.colcon_core.verb:set package 'web_control' build argument 'cmake_force_configure' from command line to 'False'
[0.433s] Level 5:colcon.colcon_core.verb:set package 'web_control' build argument 'ament_cmake_args' from command line to 'None'
[0.433s] Level 5:colcon.colcon_core.verb:set package 'web_control' build argument 'catkin_cmake_args' from command line to 'None'
[0.433s] Level 5:colcon.colcon_core.verb:set package 'web_control' build argument 'catkin_skip_building_tests' from command line to 'False'
[0.433s] DEBUG:colcon.colcon_core.verb:Building package 'web_control' with the following arguments: {'ament_cmake_args': None, 'build_base': '/home/matthieu/ros2_ws/build/web_control', 'catkin_cmake_args': None, 'catkin_skip_building_tests': False, 'cmake_args': None, 'cmake_clean_cache': False, 'cmake_clean_first': False, 'cmake_force_configure': False, 'cmake_target': None, 'cmake_target_skip_unavailable': False, 'install_base': '/home/matthieu/ros2_ws/install/web_control', 'merge_install': False, 'path': '/home/matthieu/ros2_ws/src/web_control', 'symlink_install': True, 'test_result_base': None}
[0.434s] INFO:colcon.colcon_core.executor:Executing jobs using 'parallel' executor
[0.435s] DEBUG:colcon.colcon_parallel_executor.executor.parallel:run_until_complete
[0.435s] INFO:colcon.colcon_ros.task.ament_python.build:Building ROS package in '/home/matthieu/ros2_ws/src/web_control' with build type 'ament_python'
[0.435s] Level 1:colcon.colcon_core.shell:create_environment_hook('web_control', 'ament_prefix_path')
[0.443s] INFO:colcon.colcon_core.plugin_system:Skipping extension 'colcon_core.shell.bat': Not used on non-Windows systems
[0.443s] INFO:colcon.colcon_core.shell:Creating environment hook '/home/matthieu/ros2_ws/install/web_control/share/web_control/hook/ament_prefix_path.ps1'
[0.444s] INFO:colcon.colcon_core.shell:Creating environment descriptor '/home/matthieu/ros2_ws/install/web_control/share/web_control/hook/ament_prefix_path.dsv'
[0.444s] INFO:colcon.colcon_core.shell:Creating environment hook '/home/matthieu/ros2_ws/install/web_control/share/web_control/hook/ament_prefix_path.sh'
[0.445s] INFO:colcon.colcon_core.shell:Skip shell extension 'powershell' for command environment: Not usable outside of PowerShell
[0.445s] DEBUG:colcon.colcon_core.shell:Skip shell extension 'dsv' for command environment
[0.736s] INFO:colcon.colcon_core.task.python.build:Building Python package in '/home/matthieu/ros2_ws/src/web_control'
[0.736s] INFO:colcon.colcon_core.shell:Skip shell extension 'powershell' for command environment: Not usable outside of PowerShell
[0.736s] DEBUG:colcon.colcon_core.shell:Skip shell extension 'dsv' for command environment
[1.557s] DEBUG:colcon.colcon_core.task.python.build:While undoing a previous installation files outside the Python library path are being ignored: /home/matthieu/ros2_ws/install/web_control/share/ament_index/resource_index/packages/web_control
[1.557s] DEBUG:colcon.colcon_core.task.python.build:While undoing a previous installation files outside the Python library path are being ignored: /home/matthieu/ros2_ws/install/web_control/share/web_control/package.xml
[1.557s] DEBUG:colcon.colcon_core.task.python.build:While undoing a previous installation files outside the Python library path are being ignored: /home/matthieu/ros2_ws/install/web_control/share/web_control/launch/web_control_full.launch.py
[1.557s] DEBUG:colcon.colcon_core.task.python.build:While undoing a previous installation files outside the Python library path are being ignored: /home/matthieu/ros2_ws/install/web_control/share/web_control/web/saint-cyr.png
[1.557s] DEBUG:colcon.colcon_core.task.python.build:While undoing a previous installation files outside the Python library path are being ignored: /home/matthieu/ros2_ws/install/web_control/share/web_control/web/logo-polytech.png
[1.557s] DEBUG:colcon.colcon_core.task.python.build:While undoing a previous installation files outside the Python library path are being ignored: /home/matthieu/ros2_ws/install/web_control/share/web_control/web/style.css
[1.557s] DEBUG:colcon.colcon_core.task.python.build:While undoing a previous installation files outside the Python library path are being ignored: /home/matthieu/ros2_ws/install/web_control/share/web_control/web/index.html
[1.557s] DEBUG:colcon.colcon_core.task.python.build:While undoing a previous installation files outside the Python library path are being ignored: /home/matthieu/ros2_ws/install/web_control/share/web_control/web/app.js
[1.557s] DEBUG:colcon.colcon_core.task.python.build:While undoing a previous installation files outside the Python library path are being ignored: /home/matthieu/ros2_ws/install/web_control/share/web_control/web/navig/logo.png
[1.557s] DEBUG:colcon.colcon_core.task.python.build:While undoing a previous installation files outside the Python library path are being ignored: /home/matthieu/ros2_ws/install/web_control/share/web_control/web/navig/navig.css
[1.557s] DEBUG:colcon.colcon_core.task.python.build:While undoing a previous installation files outside the Python library path are being ignored: /home/matthieu/ros2_ws/install/web_control/share/web_control/web/navig/map.jpg
[1.557s] DEBUG:colcon.colcon_core.task.python.build:While undoing a previous installation files outside the Python library path are being ignored: /home/matthieu/ros2_ws/install/web_control/share/web_control/web/navig/navig.js
[1.557s] DEBUG:colcon.colcon_core.task.python.build:While undoing a previous installation files outside the Python library path are being ignored: /home/matthieu/ros2_ws/install/web_control/share/web_control/web/navig/settings.png
[1.557s] DEBUG:colcon.colcon_core.task.python.build:While undoing a previous installation files outside the Python library path are being ignored: /home/matthieu/ros2_ws/install/web_control/share/web_control/web/navig/navig.html
[1.557s] DEBUG:colcon.colcon_core.task.python.build:While undoing a previous installation files outside the Python library path are being ignored: /home/matthieu/ros2_ws/install/web_control/share/web_control/web/navig/blank_area.json
[1.557s] DEBUG:colcon.colcon_core.task.python.build:While undoing a previous installation files outside the Python library path are being ignored: /home/matthieu/ros2_ws/install/web_control/share/web_control/web/accueil/home.png
[1.557s] DEBUG:colcon.colcon_core.task.python.build:While undoing a previous installation files outside the Python library path are being ignored: /home/matthieu/ros2_ws/install/web_control/share/web_control/web/accueil/logo.png
[1.557s] DEBUG:colcon.colcon_core.task.python.build:While undoing a previous installation files outside the Python library path are being ignored: /home/matthieu/ros2_ws/install/web_control/share/web_control/web/accueil/CURT.jpg
[1.557s] DEBUG:colcon.colcon_core.task.python.build:While undoing a previous installation files outside the Python library path are being ignored: /home/matthieu/ros2_ws/install/web_control/share/web_control/web/accueil/bras.jpg
[1.557s] DEBUG:colcon.colcon_core.task.python.build:While undoing a previous installation files outside the Python library path are being ignored: /home/matthieu/ros2_ws/install/web_control/share/web_control/web/accueil/page_presentation.html
[1.557s] DEBUG:colcon.colcon_core.task.python.build:While undoing a previous installation files outside the Python library path are being ignored: /home/matthieu/ros2_ws/install/web_control/share/web_control/web/galerie/gallery.html
[1.557s] DEBUG:colcon.colcon_core.task.python.build:While undoing a previous installation files outside the Python library path are being ignored: /home/matthieu/ros2_ws/install/web_control/share/web_control/web/terminal/terminal.html
[1.557s] DEBUG:colcon.colcon_core.task.python.build:While undoing a previous installation files outside the Python library path are being ignored: /home/matthieu/ros2_ws/install/web_control/share/web_control/web/terminal/terminal.js
[1.557s] DEBUG:colcon.colcon_core.task.python.build:While undoing a previous installation files outside the Python library path are being ignored: /home/matthieu/ros2_ws/install/web_control/share/web_control/web/stream/webrtc/README.md
[1.557s] DEBUG:colcon.colcon_core.task.python.build:While undoing a previous installation files outside the Python library path are being ignored: /home/matthieu/ros2_ws/install/web_control/share/web_control/web/stream/webrtc/webrtc_server.py
[1.557s] DEBUG:colcon.colcon_core.task.python.build:While undoing a previous installation files outside the Python library path are being ignored: /home/matthieu/ros2_ws/install/web_control/share/web_control/web/stream/webrtc/requirements.txt
[1.557s] DEBUG:colcon.colcon_core.task.python.build:While undoing a previous installation files outside the Python library path are being ignored: /home/matthieu/ros2_ws/install/web_control/share/web_control/web/stream/webrtc/index.html
[1.557s] DEBUG:colcon.colcon_core.task.python.build:While undoing a previous installation files outside the Python library path are being ignored: /home/matthieu/ros2_ws/install/web_control/share/web_control/web/stream/webrtc/app.js
[1.557s] DEBUG:colcon.colcon_core.task.python.build:While undoing a previous installation files outside the Python library path are being ignored: /home/matthieu/ros2_ws/install/web_control/share/web_control/web/stream/webrtc/.venv/pyvenv.cfg
[1.557s] DEBUG:colcon.colcon_core.task.python.build:While undoing a previous installation files outside the Python library path are being ignored: /home/matthieu/ros2_ws/install/web_control/share/web_control/web/stream/webrtc/.venv/bin/pip
[1.557s] DEBUG:colcon.colcon_core.task.python.build:While undoing a previous installation files outside the Python library path are being ignored: /home/matthieu/ros2_ws/install/web_control/share/web_control/web/stream/webrtc/.venv/bin/python3.12
[1.557s] DEBUG:colcon.colcon_core.task.python.build:While undoing a previous installation files outside the Python library path are being ignored: /home/matthieu/ros2_ws/install/web_control/share/web_control/web/stream/webrtc/.venv/bin/Activate.ps1
[1.557s] DEBUG:colcon.colcon_core.task.python.build:While undoing a previous installation files outside the Python library path are being ignored: /home/matthieu/ros2_ws/install/web_control/share/web_control/web/stream/webrtc/.venv/bin/pip3.12
[1.557s] DEBUG:colcon.colcon_core.task.python.build:While undoing a previous installation files outside the Python library path are being ignored: /home/matthieu/ros2_ws/install/web_control/share/web_control/web/stream/webrtc/.venv/bin/activate.fish
[1.557s] DEBUG:colcon.colcon_core.task.python.build:While undoing a previous installation files outside the Python library path are being ignored: /home/matthieu/ros2_ws/install/web_control/share/web_control/web/stream/webrtc/.venv/bin/pip3
[1.558s] DEBUG:colcon.colcon_core.task.python.build:While undoing a previous installation files outside the Python library path are being ignored: /home/matthieu/ros2_ws/install/web_control/share/web_control/web/stream/webrtc/.venv/bin/activate.csh
[1.558s] DEBUG:colcon.colcon_core.task.python.build:While undoing a previous installation files outside the Python library path are being ignored: /home/matthieu/ros2_ws/install/web_control/share/web_control/web/stream/webrtc/.venv/bin/activate
[1.558s] DEBUG:colcon.colcon_core.task.python.build:While undoing a previous installation files outside the Python library path are being ignored: /home/matthieu/ros2_ws/install/web_control/share/web_control/web/stream/webrtc/.venv/bin/pyav
[1.558s] DEBUG:colcon.colcon_core.task.python.build:While undoing a previous installation files outside the Python library path are being ignored: /home/matthieu/ros2_ws/install/web_control/share/web_control/web/stream/webrtc/.venv/bin/python
[1.558s] DEBUG:colcon.colcon_core.task.python.build:While undoing a previous installation files outside the Python library path are being ignored: /home/matthieu/ros2_ws/install/web_control/share/web_control/web/stream/webrtc/.venv/bin/python3
[1.558s] DEBUG:colcon.colcon_core.task.python.build:While undoing a previous installation files outside the Python library path are being ignored: /home/matthieu/ros2_ws/install/web_control/share/web_control/web/stream/webrtc/.venv/lib/python3.12/site-packages/_cffi_backend.cpython-312-x86_64-linux-gnu.so
[1.558s] DEBUG:colcon.colcon_core.task.python.build:While undoing a previous installation files outside the Python library path are being ignored: /home/matthieu/ros2_ws/install/web_control/share/web_control/web/stream/webrtc/.venv/lib/python3.12/site-packages/typing_extensions.py
[1.558s] DEBUG:colcon.colcon_core.task.python.build:While undoing a previous installation files outside the Python library path are being ignored: /home/matthieu/ros2_ws/install/web_control/share/web_control/web/stream/webrtc/.venv/lib/python3.12/site-packages/pip/__main__.py
[1.558s] DEBUG:colcon.colcon_core.task.python.build:While undoing a previous installation files outside the Python library path are being ignored: /home/matthieu/ros2_ws/install/web_control/share/web_control/web/stream/webrtc/.venv/lib/python3.12/site-packages/pip/py.typed
[1.558s] DEBUG:colcon.colcon_core.task.python.build:While undoing a previous installation files outside the Python library path are being ignored: /home/matthieu/ros2_ws/install/web_control/share/web_control/web/stream/webrtc/.venv/lib/python3.12/site-packages/pip/__pip-runner__.py
[1.558s] DEBUG:colcon.colcon_core.task.python.build:While undoing a previous installation files outside the Python library path are being ignored: /home/matthieu/ros2_ws/install/web_control/share/web_control/web/stream/webrtc/.venv/lib/python3.12/site-packages/pip/__init__.py
[1.558s] DEBUG:colcon.colcon_core.task.python.build:While undoing a previous installation files outside the Python library path are being ignored: /home/matthieu/ros2_ws/install/web_control/share/web_control/web/stream/webrtc/.venv/lib/python3.12/site-packages/pip/_vendor/typing_extensions.py
[1.558s] DEBUG:colcon.colcon_core.task.python.build:While undoing a previous installation files outside the Python library path are being ignored: /home/matthieu/ros2_ws/install/web_control/share/web_control/web/stream/webrtc/.venv/lib/python3.12/site-packages/pip/_vendor/six.py
[1.558s] DEBUG:colcon.colcon_core.task.python.build:While undoing a previous installation files outside the Python library path are being ignored: /home/matthieu/ros2_ws/install/web_control/share/web_control/web/stream/webrtc/.venv/lib/python3.12/site-packages/pip/_vendor/vendor.txt
[1.558s] DEBUG:colcon.colcon_core.task.python.build:While undoing a previous installation files outside the Python library path are being ignored: /home/matthieu/ros2_ws/install/web_control/share/web_control/web/stream/webrtc/.venv/lib/python3.12/site-packages/pip/_vendor/__init__.py
[1.558s] DEBUG:colcon.colcon_core.task.python.build:While undoing a previous installation files outside the Python library path are being ignored: /home/matthieu/ros2_ws/install/web_control/share/web_control/web/stream/webrtc/.venv/lib/python3.12/site-packages/pip/_vendor/pyproject_hooks/_impl.py
[1.558s] DEBUG:colcon.colcon_core.task.python.build:While undoing a previous installation files outside the Python library path are being ignored: /home/matthieu/ros2_ws/install/web_control/share/web_control/web/stream/webrtc/.venv/lib/python3.12/site-packages/pip/_vendor/pyproject_hooks/_compat.py
[1.558s] DEBUG:colcon.colcon_core.task.python.build:While undoing a previous installation files outside the Python library path are being ignored: /home/matthieu/ros2_ws/install/web_control/share/web_control/web/stream/webrtc/.venv/lib/python3.12/site-packages/pip/_vendor/pyproject_hooks/__init__.py
[1.558s] DEBUG:colcon.colcon_core.task.python.build:While undoing a previous installation files outside the Python library path are being ignored: /home/matthieu/ros2_ws/install/web_control/share/web_control/web/stream/webrtc/.venv/lib/python3.12/site-packages/pip/_vendor/pyproject_hooks/_in_process/_in_process.py
[1.558s] DEBUG:colcon.colcon_core.task.python.build:While undoing a previous installation files outside the Python library path are being ignored: /home/matthieu/ros2_ws/install/web_control/share/web_control/web/stream/webrtc/.venv/lib/python3.12/site-packages/pip/_vendor/pyproject_hooks/_in_process/__init__.py
[1.558s] DEBUG:colcon.colcon_core.task.python.build:While undoing a previous installation files outside the Python library path are being ignored: /home/matthieu/ros2_ws/install/web_control/share/web_control/web/stream/webrtc/.venv/lib/python3.12/site-packages/pip/_vendor/pyproject_hooks/_in_process/__pycache__/_in_process.cpython-312.pyc
[1.558s] DEBUG:colcon.colcon_core.task.python.build:While undoing a previous installation files outside the Python library path are being ignored: /home/matthieu/ros2_ws/install/web_control/share/web_control/web/stream/webrtc/.venv/lib/python3.12/site-packages/pip/_vendor/pyproject_hooks/_in_process/__pycache__/__init__.cpython-312.pyc
[1.558s] DEBUG:colcon.colcon_core.task.python.build:While undoing a previous installation files outside the Python library path are being ignored: /home/matthieu/ros2_ws/install/web_control/share/web_control/web/stream/webrtc/.venv/lib/python3.12/site-packages/pip/_vendor/pyproject_hooks/__pycache__/_impl.cpython-312.pyc
[1.558s] DEBUG:colcon.colcon_core.task.python.build:While undoing a previous installation files outside the Python library path are being ignored: /home/matthieu/ros2_ws/install/web_control/share/web_control/web/stream/webrtc/.venv/lib/python3.12/site-packages/pip/_vendor/pyproject_hooks/__pycache__/_compat.cpython-312.pyc
[1.558s] DEBUG:colcon.colcon_core.task.python.build:While undoing a previous installation files outside the Python library path are being ignored: /home/matthieu/ros2_ws/install/web_control/share/web_control/web/stream/webrtc/.venv/lib/python3.12/site-packages/pip/_vendor/pyproject_hooks/__pycache__/__init__.cpython-312.pyc
[1.558s] DEBUG:colcon.colcon_core.task.python.build:While undoing a previous installation files outside the Python library path are being ignored: /home/matthieu/ros2_ws/install/web_control/share/web_control/web/stream/webrtc/.venv/lib/python3.12/site-packages/pip/_vendor/pygments/util.py
[1.558s] DEBUG:colcon.colcon_core.task.python.build:While undoing a previous installation files outside the Python library path are being ignored: /home/matthieu/ros2_ws/install/web_control/share/web_control/web/stream/webrtc/.venv/lib/python3.12/site-packages/pip/_vendor/pygments/filter.py
[1.558s] DEBUG:colcon.colcon_core.task.python.build:While undoing a previous installation files outside the Python library path are being ignored: /home/matthieu/ros2_ws/install/web_control/share/web_control/web/stream/webrtc/.venv/lib/python3.12/site-packages/pip/_vendor/pygments/plugin.py
[1.558s] DEBUG:colcon.colcon_core.task.python.build:While undoing a previous installation files outside the Python library path are being ignored: /home/matthieu/ros2_ws/install/web_control/share/web_control/web/stream/webrtc/.venv/lib/python3.12/site-packages/pip/_vendor/pygments/lexer.py
[1.558s] DEBUG:colcon.colcon_core.task.python.build:While undoing a previous installation files outside the Python library path are being ignored: /home/matthieu/ros2_ws/install/web_control/share/web_control/web/stream/webrtc/.venv/lib/python3.12/site-packages/pip/_vendor/pygments/style.py
[1.558s] DEBUG:colcon.colcon_core.task.python.build:While undoing a previous installation files outside the Python library path are being ignored: /home/matthieu/ros2_ws/install/web_control/share/web_control/web/stream/webrtc/.venv/lib/python3.12/site-packages/pip/_vendor/pygments/__main__.py
[1.558s] DEBUG:colcon.colcon_core.task.python.build:While undoing a previous installation files outside the Python library path are being ignored: /home/matthieu/ros2_ws/install/web_control/share/web_control/web/stream/webrtc/.venv/lib/python3.12/site-packages/pip/_vendor/pygments/console.py
[1.558s] DEBUG:colcon.colcon_core.task.python.build:While undoing a previous installation files outside the Python library path are being ignored: /home/matthieu/ros2_ws/install/web_control/share/web_control/web/stream/webrtc/.venv/lib/python3.12/site-packages/pip/_vendor/pygments/cmdline.py
[1.558s] DEBUG:colcon.colcon_core.task.python.build:While undoing a previous installation files outside the Python library path are being ignored: /home/matthieu/ros2_ws/install/web_control/share/web_control/web/stream/webrtc/.venv/lib/python3.12/site-packages/pip/_vendor/pygments/token.py
[1.558s] DEBUG:colcon.colcon_core.task.python.build:While undoing a previous installation files outside the Python library path are being ignored: /home/matthieu/ros2_ws/install/web_control/share/web_control/web/stream/webrtc/.venv/lib/python3.12/site-packages/pip/_vendor/pygments/modeline.py
[1.558s] DEBUG:colcon.colcon_core.task.python.build:While undoing a previous installation files outside the Python library path are being ignored: /home/matthieu/ros2_ws/install/web_control/share/web_control/web/stream/webrtc/.venv/lib/python3.12/site-packages/pip/_vendor/pygments/unistring.py
[1.558s] DEBUG:colcon.colcon_core.task.python.build:While undoing a previous installation files outside the Python library path are being ignored: /home/matthieu/ros2_ws/install/web_control/share/web_control/web/stream/webrtc/.venv/lib/python3.12/site-packages/pip/_vendor/pygments/scanner.py
[1.558s] DEBUG:colcon.colcon_core.task.python.build:While undoing a previous installation files outside the Python library path are being ignored: /home/matthieu/ros2_ws/install/web_control/share/web_control/web/stream/webrtc/.venv/lib/python3.12/site-packages/pip/_vendor/pygments/formatter.py
[1.558s] DEBUG:colcon.colcon_core.task.python.build:While undoing a previous installation files outside the Python library path are being ignored: /home/matthieu/ros2_ws/install/web_control/share/web_control/web/stream/webrtc/.venv/lib/python3.12/site-packages/pip/_vendor/pygments/sphinxext.py
[1.558s] DEBUG:colcon.colcon_core.task.python.build:While undoing a previous installation files outside the Python library path are being ignored: /home/matthieu/ros2_ws/install/web_control/share/web_control/web/stream/webrtc/.venv/lib/python3.12/site-packages/pip/_vendor/pygments/regexopt.py
[1.558s] DEBUG:colcon.colcon_core.task.python.build:While undoing a previous installation files outside the Python library path are being ignored: /home/matthieu/ros2_ws/install/web_control/share/web_control/web/stream/webrtc/.venv/lib/python3.12/site-packages/pip/_vendor/pygments/__init__.py
[1.558s] DEBUG:colcon.colcon_core.task.python.build:While undoing a previous installation files outside the Python library path are being ignored: /home/matthieu/ros2_ws/install/web_control/share/web_control/web/stream/webrtc/.venv/lib/python3.12/site-packages/pip/_vendor/pygments/filters/__init__.py
[1.558s] DEBUG:colcon.colcon_core.task.python.build:While undoing a previous installation files outside the Python library path are being ignored: /home/matthieu/ros2_ws/install/web_control/share/web_control/web/stream/webrtc/.venv/lib/python3.12/site-packages/pip/_vendor/pygments/filters/__pycache__/__init__.cpython-312.pyc
[1.558s] DEBUG:colcon.colcon_core.task.python.build:While undoing a previous installation files outside the Python library path are being ignored: /home/matthieu/ros2_ws/install/web_control/share/web_control/web/stream/webrtc/.venv/lib/python3.12/site-packages/pip/_vendor/pygments/lexers/python.py
[1.558s] DEBUG:colcon.colcon_core.task.python.build:While undoing a previous installation files outside the Python library path are being ignored: /home/matthieu/ros2_ws/install/web_control/share/web_control/web/stream/webrtc/.venv/lib/python3.12/site-packages/pip/_vendor/pygments/lexers/_mapping.py
[1.558s] DEBUG:colcon.colcon_core.task.python.build:While undoing a previous installation files outside the Python library path are being ignored: /home/matthieu/ros2_ws/install/web_control/share/web_control/web/stream/webrtc/.venv/lib/python3.12/site-packages/pip/_vendor/pygments/lexers/__init__.py
[1.558s] DEBUG:colcon.colcon_core.task.python.build:While undoing a previous installation files outside the Python library path are being ignored: /home/matthieu/ros2_ws/install/web_control/share/web_control/web/stream/webrtc/.venv/lib/python3.12/site-packages/pip/_vendor/pygments/lexers/__pycache__/python.cpython-312.pyc
[1.558s] DEBUG:colcon.colcon_core.task.python.build:While undoing a previous installation files outside the Python library path are being ignored: /home/matthieu/ros2_ws/install/web_control/share/web_control/web/stream/webrtc/.venv/lib/python3.12/site-packages/pip/_vendor/pygments/lexers/__pycache__/_mapping.cpython-312.pyc
[1.558s] DEBUG:colcon.colcon_core.task.python.build:While undoing a previous installation files outside the Python library path are being ignored: /home/matthieu/ros2_ws/install/web_control/share/web_control/web/stream/webrtc/.venv/lib/python3.12/site-packages/pip/_vendor/pygments/lexers/__pycache__/__init__.cpython-312.pyc
[1.558s] DEBUG:colcon.colcon_core.task.python.build:While undoing a previous installation files outside the Python library path are being ignored: /home/matthieu/ros2_ws/install/web_control/share/web_control/web/stream/webrtc/.venv/lib/python3.12/site-packages/pip/_vendor/pygments/__pycache__/formatter.cpython-312.pyc
[1.558s] DEBUG:colcon.colcon_core.task.python.build:While undoing a previous installation files outside the Python library path are being ignored: /home/matthieu/ros2_ws/install/web_control/share/web_control/web/stream/webrtc/.venv/lib/python3.12/site-packages/pip/_vendor/pygments/__pycache__/modeline.cpython-312.pyc
[1.558s] DEBUG:colcon.colcon_core.task.python.build:While undoing a previous installation files outside the Python library path are being ignored: /home/matthieu/ros2_ws/install/web_control/share/web_control/web/stream/webrtc/.venv/lib/python3.12/site-packages/pip/_vendor/pygments/__pycache__/token.cpython-312.pyc
[1.558s] DEBUG:colcon.colcon_core.task.python.build:While undoing a previous installation files outside the Python library path are being ignored: /home/matthieu/ros2_ws/install/web_control/share/web_control/web/stream/webrtc/.venv/lib/python3.12/site-packages/pip/_vendor/pygments/__pycache__/unistring.cpython-312.pyc
[1.558s] DEBUG:colcon.colcon_core.task.python.build:While undoing a previous installation files outside the Python library path are being ignored: /home/matthieu/ros2_ws/install/web_control/share/web_control/web/stream/webrtc/.venv/lib/python3.12/site-packages/pip/_vendor/pygments/__pycache__/scanner.cpython-312.pyc
[1.558s] DEBUG:colcon.colcon_core.task.python.build:While undoing a previous installation files outside the Python library path are being ignored: /home/matthieu/ros2_ws/install/web_control/share/web_control/web/stream/webrtc/.venv/lib/python3.12/site-packages/pip/_vendor/pygments/__pycache__/sphinxext.cpython-312.pyc
[1.559s] DEBUG:colcon.colcon_core.task.python.build:While undoing a previous installation files outside the Python library path are being ignored: /home/matthieu/ros2_ws/install/web_control/share/web_control/web/stream/webrtc/.venv/lib/python3.12/site-packages/pip/_vendor/pygments/__pycache__/style.cpython-312.pyc
[1.559s] DEBUG:colcon.colcon_core.task.python.build:While undoing a previous installation files outside the Python library path are being ignored: /home/matthieu/ros2_ws/install/web_control/share/web_control/web/stream/webrtc/.venv/lib/python3.12/site-packages/pip/_vendor/pygments/__pycache__/__main__.cpython-312.pyc
[1.559s] DEBUG:colcon.colcon_core.task.python.build:While undoing a previous installation files outside the Python library path are being ignored: /home/matthieu/ros2_ws/install/web_control/share/web_control/web/stream/webrtc/.venv/lib/python3.12/site-packages/pip/_vendor/pygments/__pycache__/console.cpython-312.pyc
[1.559s] DEBUG:colcon.colcon_core.task.python.build:While undoing a previous installation files outside the Python library path are being ignored: /home/matthieu/ros2_ws/install/web_control/share/web_control/web/stream/webrtc/.venv/lib/python3.12/site-packages/pip/_vendor/pygments/__pycache__/util.cpython-312.pyc
[1.559s] DEBUG:colcon.colcon_core.task.python.build:While undoing a previous installation files outside the Python library path are being ignored: /home/matthieu/ros2_ws/install/web_control/share/web_control/web/stream/webrtc/.venv/lib/python3.12/site-packages/pip/_vendor/pygments/__pycache__/__init__.cpython-312.pyc
[1.559s] DEBUG:colcon.colcon_core.task.python.build:While undoing a previous installation files outside the Python library path are being ignored: /home/matthieu/ros2_ws/install/web_control/share/web_control/web/stream/webrtc/.venv/lib/python3.12/site-packages/pip/_vendor/pygments/__pycache__/cmdline.cpython-312.pyc
[1.559s] DEBUG:colcon.colcon_core.task.python.build:While undoing a previous installation files outside the Python library path are being ignored: /home/matthieu/ros2_ws/install/web_control/share/web_control/web/stream/webrtc/.venv/lib/python3.12/site-packages/pip/_vendor/pygments/__pycache__/filter.cpython-312.pyc
[1.559s] DEBUG:colcon.colcon_core.task.python.build:While undoing a previous installation files outside the Python library path are being ignored: /home/matthieu/ros2_ws/install/web_control/share/web_control/web/stream/webrtc/.venv/lib/python3.12/site-packages/pip/_vendor/pygments/__pycache__/plugin.cpython-312.pyc
[1.559s] DEBUG:colcon.colcon_core.task.python.build:While undoing a previous installation files outside the Python library path are being ignored: /home/matthieu/ros2_ws/install/web_control/share/web_control/web/stream/webrtc/.venv/lib/python3.12/site-packages/pip/_vendor/pygments/__pycache__/lexer.cpython-312.pyc
[1.559s] DEBUG:colcon.colcon_core.task.python.build:While undoing a previous installation files outside the Python library path are being ignored: /home/matthieu/ros2_ws/install/web_control/share/web_control/web/stream/webrtc/.venv/lib/python3.12/site-packages/pip/_vendor/pygments/__pycache__/regexopt.cpython-312.pyc
[1.559s] DEBUG:colcon.colcon_core.task.python.build:While undoing a previous installation files outside the Python library path are being ignored: /home/matthieu/ros2_ws/install/web_control/share/web_control/web/stream/webrtc/.venv/lib/python3.12/site-packages/pip/_vendor/pygments/styles/__init__.py
[1.559s] DEBUG:colcon.colcon_core.task.python.build:While undoing a previous installation files outside the Python library path are being ignored: /home/matthieu/ros2_ws/install/web_control/share/web_control/web/stream/webrtc/.venv/lib/python3.12/site-packages/pip/_vendor/pygments/styles/__pycache__/__init__.cpython-312.pyc
[1.559s] DEBUG:colcon.colcon_core.task.python.build:While undoing a previous installation files outside the Python library path are being ignored: /home/matthieu/ros2_ws/install/web_control/share/web_control/web/stream/webrtc/.venv/lib/python3.12/site-packages/pip/_vendor/pygments/formatters/other.py
[1.559s] DEBUG:colcon.colcon_core.task.python.build:While undoing a previous installation files outside the Python library path are being ignored: /home/matthieu/ros2_ws/install/web_control/share/web_control/web/stream/webrtc/.venv/lib/python3.12/site-packages/pip/_vendor/pygments/formatters/rtf.py
[1.559s] DEBUG:colcon.colcon_core.task.python.build:While undoing a previous installation files outside the Python library path are being ignored: /home/matthieu/ros2_ws/install/web_control/share/web_control/web/stream/webrtc/.venv/lib/python3.12/site-packages/pip/_vendor/pygments/formatters/_mapping.py
[1.559s] DEBUG:colcon.colcon_core.task.python.build:While undoing a previous installation files outside the Python library path are being ignored: /home/matthieu/ros2_ws/install/web_control/share/web_control/web/stream/webrtc/.venv/lib/python3.12/site-packages/pip/_vendor/pygments/formatters/img.py
[1.559s] DEBUG:colcon.colcon_core.task.python.build:While undoing a previous installation files outside the Python library path are being ignored: /home/matthieu/ros2_ws/install/web_control/share/web_control/web/stream/webrtc/.venv/lib/python3.12/site-packages/pip/_vendor/pygments/formatters/latex.py
[1.559s] DEBUG:colcon.colcon_core.task.python.build:While undoing a previous installation files outside the Python library path are being ignored: /home/matthieu/ros2_ws/install/web_control/share/web_control/web/stream/webrtc/.venv/lib/python3.12/site-packages/pip/_vendor/pygments/formatters/svg.py
[1.559s] DEBUG:colcon.colcon_core.task.python.build:While undoing a previous installation files outside the Python library path are being ignored: /home/matthieu/ros2_ws/install/web_control/share/web_control/web/stream/webrtc/.venv/lib/python3.12/site-packages/pip/_vendor/pygments/formatters/terminal256.py
[1.559s] DEBUG:colcon.colcon_core.task.python.build:While undoing a previous installation files outside the Python library path are being ignored: /home/matthieu/ros2_ws/install/web_control/share/web_control/web/stream/webrtc/.venv/lib/python3.12/site-packages/pip/_vendor/pygments/formatters/pangomarkup.py
[1.559s] DEBUG:colcon.colcon_core.task.python.build:While undoing a previous installation files outside the Python library path are being ignored: /home/matthieu/ros2_ws/install/web_control/share/web_control/web/stream/webrtc/.venv/lib/python3.12/site-packages/pip/_vendor/pygments/formatters/bbcode.py
[1.559s] DEBUG:colcon.colcon_core.task.python.build:While undoing a previous installation files outside the Python library path are being ignored: /home/matthieu/ros2_ws/install/web_control/share/web_control/web/stream/webrtc/.venv/lib/python3.12/site-packages/pip/_vendor/pygments/formatters/groff.py
[1.559s] DEBUG:colcon.colcon_core.task.python.build:While undoing a previous installation files outside the Python library path are being ignored: /home/matthieu/ros2_ws/install/web_control/share/web_control/web/stream/webrtc/.venv/lib/python3.12/site-packages/pip/_vendor/pygments/formatters/terminal.py
[1.559s] DEBUG:colcon.colcon_core.task.python.build:While undoing a previous installation files outside the Python library path are being ignored: /home/matthieu/ros2_ws/install/web_control/share/web_control/web/stream/webrtc/.venv/lib/python3.12/site-packages/pip/_vendor/pygments/formatters/irc.py
[1.559s] DEBUG:colcon.colcon_core.task.python.build:While undoing a previous installation files outside the Python library path are being ignored: /home/matthieu/ros2_ws/install/web_control/share/web_control/web/stream/webrtc/.venv/lib/python3.12/site-packages/pip/_vendor/pygments/formatters/html.py
[1.559s] DEBUG:colcon.colcon_core.task.python.build:While undoing a previous installation files outside the Python library path are being ignored: /home/matthieu/ros2_ws/install/web_control/share/web_control/web/stream/webrtc/.venv/lib/python3.12/site-packages/pip/_vendor/pygments/formatters/__init__.py
[1.559s] DEBUG:colcon.colcon_core.task.python.build:While undoing a previous installation files outside the Python library path are being ignored: /home/matthieu/ros2_ws/install/web_control/share/web_control/web/stream/webrtc/.venv/lib/python3.12/site-packages/pip/_vendor/pygments/formatters/__pycache__/irc.cpython-312.pyc
[1.559s] DEBUG:colcon.colcon_core.task.python.build:While undoing a previous installation files outside the Python library path are being ignored: /home/matthieu/ros2_ws/install/web_control/share/web_control/web/stream/webrtc/.venv/lib/python3.12/site-packages/pip/_vendor/pygments/formatters/__pycache__/latex.cpython-312.pyc
[1.559s] DEBUG:colcon.colcon_core.task.python.build:While undoing a previous installation files outside the Python library path are being ignored: /home/matthieu/ros2_ws/install/web_control/share/web_control/web/stream/webrtc/.venv/lib/python3.12/site-packages/pip/_vendor/pygments/formatters/__pycache__/bbcode.cpython-312.pyc
[1.559s] DEBUG:colcon.colcon_core.task.python.build:While undoing a previous installation files outside the Python library path are being ignored: /home/matthieu/ros2_ws/install/web_control/share/web_control/web/stream/webrtc/.venv/lib/python3.12/site-packages/pip/_vendor/pygments/formatters/__pycache__/rtf.cpython-312.pyc
[1.559s] DEBUG:colcon.colcon_core.task.python.build:While undoing a previous installation files outside the Python library path are being ignored: /home/matthieu/ros2_ws/install/web_control/share/web_control/web/stream/webrtc/.venv/lib/python3.12/site-packages/pip/_vendor/pygments/formatters/__pycache__/groff.cpython-312.pyc
[1.559s] DEBUG:colcon.colcon_core.task.python.build:While undoing a previous installation files outside the Python library path are being ignored: /home/matthieu/ros2_ws/install/web_control/share/web_control/web/stream/webrtc/.venv/lib/python3.12/site-packages/pip/_vendor/pygments/formatters/__pycache__/img.cpython-312.pyc
[1.559s] DEBUG:colcon.colcon_core.task.python.build:While undoing a previous installation files outside the Python library path are being ignored: /home/matthieu/ros2_ws/install/web_control/share/web_control/web/stream/webrtc/.venv/lib/python3.12/site-packages/pip/_vendor/pygments/formatters/__pycache__/svg.cpython-312.pyc
[1.559s] DEBUG:colcon.colcon_core.task.python.build:While undoing a previous installation files outside the Python library path are being ignored: /home/matthieu/ros2_ws/install/web_control/share/web_control/web/stream/webrtc/.venv/lib/python3.12/site-packages/pip/_vendor/pygments/formatters/__pycache__/terminal.cpython-312.pyc
[1.559s] DEBUG:colcon.colcon_core.task.python.build:While undoing a previous installation files outside the Python library path are being ignored: /home/matthieu/ros2_ws/install/web_control/share/web_control/web/stream/webrtc/.venv/lib/python3.12/site-packages/pip/_vendor/pygments/formatters/__pycache__/html.cpython-312.pyc
[1.559s] DEBUG:colcon.colcon_core.task.python.build:While undoing a previous installation files outside the Python library path are being ignored: /home/matthieu/ros2_ws/install/web_control/share/web_control/web/stream/webrtc/.venv/lib/python3.12/site-packages/pip/_vendor/pygments/formatters/__pycache__/terminal256.cpython-312.pyc
[1.559s] DEBUG:colcon.colcon_core.task.python.build:While undoing a previous installation files outside the Python library path are being ignored: /home/matthieu/ros2_ws/install/web_control/share/web_control/web/stream/webrtc/.venv/lib/python3.12/site-packages/pip/_vendor/pygments/formatters/__pycache__/pangomarkup.cpython-312.pyc
[1.559s] DEBUG:colcon.colcon_core.task.python.build:While undoing a previous installation files outside the Python library path are being ignored: /home/matthieu/ros2_ws/install/web_control/share/web_control/web/stream/webrtc/.venv/lib/python3.12/site-packages/pip/_vendor/pygments/formatters/__pycache__/_mapping.cpython-312.pyc
[1.559s] DEBUG:colcon.colcon_core.task.python.build:While undoing a previous installation files outside the Python library path are being ignored: /home/matthieu/ros2_ws/install/web_control/share/web_control/web/stream/webrtc/.venv/lib/python3.12/site-packages/pip/_vendor/pygments/formatters/__pycache__/__init__.cpython-312.pyc
[1.559s] DEBUG:colcon.colcon_core.task.python.build:While undoing a previous installation files outside the Python library path are being ignored: /home/matthieu/ros2_ws/install/web_control/share/web_control/web/stream/webrtc/.venv/lib/python3.12/site-packages/pip/_vendor/pygments/formatters/__pycache__/other.cpython-312.pyc
[1.559s] DEBUG:colcon.colcon_core.task.python.build:While undoing a previous installation files outside the Python library path are being ignored: /home/matthieu/ros2_ws/install/web_control/share/web_control/web/stream/webrtc/.venv/lib/python3.12/site-packages/pip/_vendor/certifi/cacert.pem
[1.559s] DEBUG:colcon.colcon_core.task.python.build:While undoing a previous installation files outside the Python library path are being ignored: /home/matthieu/ros2_ws/install/web_control/share/web_control/web/stream/webrtc/.venv/lib/python3.12/site-packages/pip/_vendor/certifi/core.py
[1.559s] DEBUG:colcon.colcon_core.task.python.build:While undoing a previous installation files outside the Python library path are being ignored: /home/matthieu/ros2_ws/install/web_control/share/web_control/web/stream/webrtc/.venv/lib/python3.12/site-packages/pip/_vendor/certifi/__main__.py
[1.559s] DEBUG:colcon.colcon_core.task.python.build:While undoing a previous installation files outside the Python library path are being ignored: /home/matthieu/ros2_ws/install/web_control/share/web_control/web/stream/webrtc/.venv/lib/python3.12/site-packages/pip/_vendor/certifi/__init__.py
[1.559s] DEBUG:colcon.colcon_core.task.python.build:While undoing a previous installation files outside the Python library path are being ignored: /home/matthieu/ros2_ws/install/web_control/share/web_control/web/stream/webrtc/.venv/lib/python3.12/site-packages/pip/_vendor/certifi/__pycache__/core.cpython-312.pyc
[1.559s] DEBUG:colcon.colcon_core.task.python.build:While undoing a previous installation files outside the Python library path are being ignored: /home/matthieu/ros2_ws/install/web_control/share/web_control/web/stream/webrtc/.venv/lib/python3.12/site-packages/pip/_vendor/certifi/__pycache__/__main__.cpython-312.pyc
[1.559s] DEBUG:colcon.colcon_core.task.python.build:While undoing a previous installation files outside the Python library path are being ignored: /home/matthieu/ros2_ws/install/web_control/share/web_control/web/stream/webrtc/.venv/lib/python3.12/site-packages/pip/_vendor/certifi/__pycache__/__init__.cpython-312.pyc
[1.559s] DEBUG:colcon.colcon_core.task.python.build:While undoing a previous installation files outside the Python library path are being ignored: /home/matthieu/ros2_ws/install/web_control/share/web_control/web/stream/webrtc/.venv/lib/python3.12/site-packages/pip/_vendor/tenacity/after.py
[1.559s] DEBUG:colcon.colcon_core.task.python.build:While undoing a previous installation files outside the Python library path are being ignored: /home/matthieu/ros2_ws/install/web_control/share/web_control/web/stream/webrtc/.venv/lib/python3.12/site-packages/pip/_vendor/tenacity/tornadoweb.py
[1.560s] DEBUG:colcon.colcon_core.task.python.build:While undoing a previous installation files outside the Python library path are being ignored: /home/matthieu/ros2_ws/install/web_control/share/web_control/web/stream/webrtc/.venv/lib/python3.12/site-packages/pip/_vendor/tenacity/before.py
[1.560s] DEBUG:colcon.colcon_core.task.python.build:While undoing a previous installation files outside the Python library path are being ignored: /home/matthieu/ros2_ws/install/web_control/share/web_control/web/stream/webrtc/.venv/lib/python3.12/site-packages/pip/_vendor/tenacity/before_sleep.py
[1.560s] DEBUG:colcon.colcon_core.task.python.build:While undoing a previous installation files outside the Python library path are being ignored: /home/matthieu/ros2_ws/install/web_control/share/web_control/web/stream/webrtc/.venv/lib/python3.12/site-packages/pip/_vendor/tenacity/wait.py
[1.560s] DEBUG:colcon.colcon_core.task.python.build:While undoing a previous installation files outside the Python library path are being ignored: /home/matthieu/ros2_ws/install/web_control/share/web_control/web/stream/webrtc/.venv/lib/python3.12/site-packages/pip/_vendor/tenacity/_asyncio.py
[1.560s] DEBUG:colcon.colcon_core.task.python.build:While undoing a previous installation files outside the Python library path are being ignored: /home/matthieu/ros2_ws/install/web_control/share/web_control/web/stream/webrtc/.venv/lib/python3.12/site-packages/pip/_vendor/tenacity/_utils.py
[1.560s] DEBUG:colcon.colcon_core.task.python.build:While undoing a previous installation files outside the Python library path are being ignored: /home/matthieu/ros2_ws/install/web_control/share/web_control/web/stream/webrtc/.venv/lib/python3.12/site-packages/pip/_vendor/tenacity/stop.py
[1.560s] DEBUG:colcon.colcon_core.task.python.build:While undoing a previous installation files outside the Python library path are being ignored: /home/matthieu/ros2_ws/install/web_control/share/web_control/web/stream/webrtc/.venv/lib/python3.12/site-packages/pip/_vendor/tenacity/retry.py
[1.560s] DEBUG:colcon.colcon_core.task.python.build:While undoing a previous installation files outside the Python library path are being ignored: /home/matthieu/ros2_ws/install/web_control/share/web_control/web/stream/webrtc/.venv/lib/python3.12/site-packages/pip/_vendor/tenacity/nap.py
[1.560s] DEBUG:colcon.colcon_core.task.python.build:While undoing a previous installation files outside the Python library path are being ignored: /home/matthieu/ros2_ws/install/web_control/share/web_control/web/stream/webrtc/.venv/lib/python3.12/site-packages/pip/_vendor/tenacity/__init__.py
[1.560s] DEBUG:colcon.colcon_core.task.python.build:While undoing a previous installation files outside the Python library path are being ignored: /home/matthieu/ros2_ws/install/web_control/share/web_control/web/stream/webrtc/.venv/lib/python3.12/site-packages/pip/_vendor/tenacity/__pycache__/before.cpython-312.pyc
[1.560s] DEBUG:colcon.colcon_core.task.python.build:While undoing a previous installation files outside the Python library path are being ignored: /home/matthieu/ros2_ws/install/web_control/share/web_control/web/stream/webrtc/.venv/lib/python3.12/site-packages/pip/_vendor/tenacity/__pycache__/_utils.cpython-312.pyc
[1.560s] DEBUG:colcon.colcon_core.task.python.build:While undoing a previous installation files outside the Python library path are being ignored: /home/matthieu/ros2_ws/install/web_control/share/web_control/web/stream/webrtc/.venv/lib/python3.12/site-packages/pip/_vendor/tenacity/__pycache__/nap.cpython-312.pyc
[1.560s] DEBUG:colcon.colcon_core.task.python.build:While undoing a previous installation files outside the Python library path are being ignored: /home/matthieu/ros2_ws/install/web_control/share/web_control/web/stream/webrtc/.venv/lib/python3.12/site-packages/pip/_vendor/tenacity/__pycache__/tornadoweb.cpython-312.pyc
[1.560s] DEBUG:colcon.colcon_core.task.python.build:While undoing a previous installation files outside the Python library path are being ignored: /home/matthieu/ros2_ws/install/web_control/share/web_control/web/stream/webrtc/.venv/lib/python3.12/site-packages/pip/_vendor/tenacity/__pycache__/wait.cpython-312.pyc
[1.560s] DEBUG:colcon.colcon_core.task.python.build:While undoing a previous installation files outside the Python library path are being ignored: /home/matthieu/ros2_ws/install/web_control/share/web_control/web/stream/webrtc/.venv/lib/python3.12/site-packages/pip/_vendor/tenacity/__pycache__/retry.cpython-312.pyc
[1.560s] DEBUG:colcon.colcon_core.task.python.build:While undoing a previous installation files outside the Python library path are being ignored: /home/matthieu/ros2_ws/install/web_control/share/web_control/web/stream/webrtc/.venv/lib/python3.12/site-packages/pip/_vendor/tenacity/__pycache__/after.cpython-312.pyc
[1.560s] DEBUG:colcon.colcon_core.task.python.build:While undoing a previous installation files outside the Python library path are being ignored: /home/matthieu/ros2_ws/install/web_control/share/web_control/web/stream/webrtc/.venv/lib/python3.12/site-packages/pip/_vendor/tenacity/__pycache__/__init__.cpython-312.pyc
[1.560s] DEBUG:colcon.colcon_core.task.python.build:While undoing a previous installation files outside the Python library path are being ignored: /home/matthieu/ros2_ws/install/web_control/share/web_control/web/stream/webrtc/.venv/lib/python3.12/site-packages/pip/_vendor/tenacity/__pycache__/before_sleep.cpython-312.pyc
[1.560s] DEBUG:colcon.colcon_core.task.python.build:While undoing a previous installation files outside the Python library path are being ignored: /home/matthieu/ros2_ws/install/web_control/share/web_control/web/stream/webrtc/.venv/lib/python3.12/site-packages/pip/_vendor/tenacity/__pycache__/_asyncio.cpython-312.pyc
[1.560s] DEBUG:colcon.colcon_core.task.python.build:While undoing a previous installation files outside the Python library path are being ignored: /home/matthieu/ros2_ws/install/web_control/share/web_control/web/stream/webrtc/.venv/lib/python3.12/site-packages/pip/_vendor/tenacity/__pycache__/stop.cpython-312.pyc
[1.560s] DEBUG:colcon.colcon_core.task.python.build:While undoing a previous installation files outside the Python library path are being ignored: /home/matthieu/ros2_ws/install/web_control/share/web_control/web/stream/webrtc/.venv/lib/python3.12/site-packages/pip/_vendor/chardet/euctwfreq.py
[1.560s] DEBUG:colcon.colcon_core.task.python.build:While undoing a previous installation files outside the Python library path are being ignored: /home/matthieu/ros2_ws/install/web_control/share/web_control/web/stream/webrtc/.venv/lib/python3.12/site-packages/pip/_vendor/chardet/codingstatemachinedict.py
[1.560s] DEBUG:colcon.colcon_core.task.python.build:While undoing a previous installation files outside the Python library path are being ignored: /home/matthieu/ros2_ws/install/web_control/share/web_control/web/stream/webrtc/.venv/lib/python3.12/site-packages/pip/_vendor/chardet/big5prober.py
[1.560s] DEBUG:colcon.colcon_core.task.python.build:While undoing a previous installation files outside the Python library path are being ignored: /home/matthieu/ros2_ws/install/web_control/share/web_control/web/stream/webrtc/.venv/lib/python3.12/site-packages/pip/_vendor/chardet/escsm.py
[1.560s] DEBUG:colcon.colcon_core.task.python.build:While undoing a previous installation files outside the Python library path are being ignored: /home/matthieu/ros2_ws/install/web_control/share/web_control/web/stream/webrtc/.venv/lib/python3.12/site-packages/pip/_vendor/chardet/chardistribution.py
[1.560s] DEBUG:colcon.colcon_core.task.python.build:While undoing a previous installation files outside the Python library path are being ignored: /home/matthieu/ros2_ws/install/web_control/share/web_control/web/stream/webrtc/.venv/lib/python3.12/site-packages/pip/_vendor/chardet/langrussianmodel.py
[1.560s] DEBUG:colcon.colcon_core.task.python.build:While undoing a previous installation files outside the Python library path are being ignored: /home/matthieu/ros2_ws/install/web_control/share/web_control/web/stream/webrtc/.venv/lib/python3.12/site-packages/pip/_vendor/chardet/sbcharsetprober.py
[1.560s] DEBUG:colcon.colcon_core.task.python.build:While undoing a previous installation files outside the Python library path are being ignored: /home/matthieu/ros2_ws/install/web_control/share/web_control/web/stream/webrtc/.venv/lib/python3.12/site-packages/pip/_vendor/chardet/mbcsgroupprober.py
[1.560s] DEBUG:colcon.colcon_core.task.python.build:While undoing a previous installation files outside the Python library path are being ignored: /home/matthieu/ros2_ws/install/web_control/share/web_control/web/stream/webrtc/.venv/lib/python3.12/site-packages/pip/_vendor/chardet/mbcssm.py
[1.560s] DEBUG:colcon.colcon_core.task.python.build:While undoing a previous installation files outside the Python library path are being ignored: /home/matthieu/ros2_ws/install/web_control/share/web_control/web/stream/webrtc/.venv/lib/python3.12/site-packages/pip/_vendor/chardet/escprober.py
[1.560s] DEBUG:colcon.colcon_core.task.python.build:While undoing a previous installation files outside the Python library path are being ignored: /home/matthieu/ros2_ws/install/web_control/share/web_control/web/stream/webrtc/.venv/lib/python3.12/site-packages/pip/_vendor/chardet/big5freq.py
[1.560s] DEBUG:colcon.colcon_core.task.python.build:While undoing a previous installation files outside the Python library path are being ignored: /home/matthieu/ros2_ws/install/web_control/share/web_control/web/stream/webrtc/.venv/lib/python3.12/site-packages/pip/_vendor/chardet/gb2312prober.py
[1.560s] DEBUG:colcon.colcon_core.task.python.build:While undoing a previous installation files outside the Python library path are being ignored: /home/matthieu/ros2_ws/install/web_control/share/web_control/web/stream/webrtc/.venv/lib/python3.12/site-packages/pip/_vendor/chardet/johabprober.py
[1.560s] DEBUG:colcon.colcon_core.task.python.build:While undoing a previous installation files outside the Python library path are being ignored: /home/matthieu/ros2_ws/install/web_control/share/web_control/web/stream/webrtc/.venv/lib/python3.12/site-packages/pip/_vendor/chardet/langthaimodel.py
[1.560s] DEBUG:colcon.colcon_core.task.python.build:While undoing a previous installation files outside the Python library path are being ignored: /home/matthieu/ros2_ws/install/web_control/share/web_control/web/stream/webrtc/.venv/lib/python3.12/site-packages/pip/_vendor/chardet/latin1prober.py
[1.560s] DEBUG:colcon.colcon_core.task.python.build:While undoing a previous installation files outside the Python library path are being ignored: /home/matthieu/ros2_ws/install/web_control/share/web_control/web/stream/webrtc/.venv/lib/python3.12/site-packages/pip/_vendor/chardet/euctwprober.py
[1.560s] DEBUG:colcon.colcon_core.task.python.build:While undoing a previous installation files outside the Python library path are being ignored: /home/matthieu/ros2_ws/install/web_control/share/web_control/web/stream/webrtc/.venv/lib/python3.12/site-packages/pip/_vendor/chardet/langhungarianmodel.py
[1.560s] DEBUG:colcon.colcon_core.task.python.build:While undoing a previous installation files outside the Python library path are being ignored: /home/matthieu/ros2_ws/install/web_control/share/web_control/web/stream/webrtc/.venv/lib/python3.12/site-packages/pip/_vendor/chardet/resultdict.py
[1.560s] DEBUG:colcon.colcon_core.task.python.build:While undoing a previous installation files outside the Python library path are being ignored: /home/matthieu/ros2_ws/install/web_control/share/web_control/web/stream/webrtc/.venv/lib/python3.12/site-packages/pip/_vendor/chardet/sbcsgroupprober.py
[1.560s] DEBUG:colcon.colcon_core.task.python.build:While undoing a previous installation files outside the Python library path are being ignored: /home/matthieu/ros2_ws/install/web_control/share/web_control/web/stream/webrtc/.venv/lib/python3.12/site-packages/pip/_vendor/chardet/hebrewprober.py
[1.560s] DEBUG:colcon.colcon_core.task.python.build:While undoing a previous installation files outside the Python library path are being ignored: /home/matthieu/ros2_ws/install/web_control/share/web_control/web/stream/webrtc/.venv/lib/python3.12/site-packages/pip/_vendor/chardet/euckrprober.py
[1.560s] DEBUG:colcon.colcon_core.task.python.build:While undoing a previous installation files outside the Python library path are being ignored: /home/matthieu/ros2_ws/install/web_control/share/web_control/web/stream/webrtc/.venv/lib/python3.12/site-packages/pip/_vendor/chardet/cp949prober.py
[1.560s] DEBUG:colcon.colcon_core.task.python.build:While undoing a previous installation files outside the Python library path are being ignored: /home/matthieu/ros2_ws/install/web_control/share/web_control/web/stream/webrtc/.venv/lib/python3.12/site-packages/pip/_vendor/chardet/jpcntx.py
[1.560s] DEBUG:colcon.colcon_core.task.python.build:While undoing a previous installation files outside the Python library path are being ignored: /home/matthieu/ros2_ws/install/web_control/share/web_control/web/stream/webrtc/.venv/lib/python3.12/site-packages/pip/_vendor/chardet/enums.py
[1.560s] DEBUG:colcon.colcon_core.task.python.build:While undoing a previous installation files outside the Python library path are being ignored: /home/matthieu/ros2_ws/install/web_control/share/web_control/web/stream/webrtc/.venv/lib/python3.12/site-packages/pip/_vendor/chardet/charsetprober.py
[1.560s] DEBUG:colcon.colcon_core.task.python.build:While undoing a previous installation files outside the Python library path are being ignored: /home/matthieu/ros2_ws/install/web_control/share/web_control/web/stream/webrtc/.venv/lib/python3.12/site-packages/pip/_vendor/chardet/charsetgroupprober.py
[1.560s] DEBUG:colcon.colcon_core.task.python.build:While undoing a previous installation files outside the Python library path are being ignored: /home/matthieu/ros2_ws/install/web_control/share/web_control/web/stream/webrtc/.venv/lib/python3.12/site-packages/pip/_vendor/chardet/codingstatemachine.py
[1.560s] DEBUG:colcon.colcon_core.task.python.build:While undoing a previous installation files outside the Python library path are being ignored: /home/matthieu/ros2_ws/install/web_control/share/web_control/web/stream/webrtc/.venv/lib/python3.12/site-packages/pip/_vendor/chardet/euckrfreq.py
[1.560s] DEBUG:colcon.colcon_core.task.python.build:While undoing a previous installation files outside the Python library path are being ignored: /home/matthieu/ros2_ws/install/web_control/share/web_control/web/stream/webrtc/.venv/lib/python3.12/site-packages/pip/_vendor/chardet/utf1632prober.py
[1.560s] DEBUG:colcon.colcon_core.task.python.build:While undoing a previous installation files outside the Python library path are being ignored: /home/matthieu/ros2_ws/install/web_control/share/web_control/web/stream/webrtc/.venv/lib/python3.12/site-packages/pip/_vendor/chardet/mbcharsetprober.py
[1.560s] DEBUG:colcon.colcon_core.task.python.build:While undoing a previous installation files outside the Python library path are being ignored: /home/matthieu/ros2_ws/install/web_control/share/web_control/web/stream/webrtc/.venv/lib/python3.12/site-packages/pip/_vendor/chardet/langhebrewmodel.py
[1.560s] DEBUG:colcon.colcon_core.task.python.build:While undoing a previous installation files outside the Python library path are being ignored: /home/matthieu/ros2_ws/install/web_control/share/web_control/web/stream/webrtc/.venv/lib/python3.12/site-packages/pip/_vendor/chardet/utf8prober.py
[1.560s] DEBUG:colcon.colcon_core.task.python.build:While undoing a previous installation files outside the Python library path are being ignored: /home/matthieu/ros2_ws/install/web_control/share/web_control/web/stream/webrtc/.venv/lib/python3.12/site-packages/pip/_vendor/chardet/jisfreq.py
[1.560s] DEBUG:colcon.colcon_core.task.python.build:While undoing a previous installation files outside the Python library path are being ignored: /home/matthieu/ros2_ws/install/web_control/share/web_control/web/stream/webrtc/.venv/lib/python3.12/site-packages/pip/_vendor/chardet/langbulgarianmodel.py
[1.560s] DEBUG:colcon.colcon_core.task.python.build:While undoing a previous installation files outside the Python library path are being ignored: /home/matthieu/ros2_ws/install/web_control/share/web_control/web/stream/webrtc/.venv/lib/python3.12/site-packages/pip/_vendor/chardet/johabfreq.py
[1.560s] DEBUG:colcon.colcon_core.task.python.build:While undoing a previous installation files outside the Python library path are being ignored: /home/matthieu/ros2_ws/install/web_control/share/web_control/web/stream/webrtc/.venv/lib/python3.12/site-packages/pip/_vendor/chardet/sjisprober.py
[1.560s] DEBUG:colcon.colcon_core.task.python.build:While undoing a previous installation files outside the Python library path are being ignored: /home/matthieu/ros2_ws/install/web_control/share/web_control/web/stream/webrtc/.venv/lib/python3.12/site-packages/pip/_vendor/chardet/macromanprober.py
[1.560s] DEBUG:colcon.colcon_core.task.python.build:While undoing a previous installation files outside the Python library path are being ignored: /home/matthieu/ros2_ws/install/web_control/share/web_control/web/stream/webrtc/.venv/lib/python3.12/site-packages/pip/_vendor/chardet/langturkishmodel.py
[1.560s] DEBUG:colcon.colcon_core.task.python.build:While undoing a previous installation files outside the Python library path are being ignored: /home/matthieu/ros2_ws/install/web_control/share/web_control/web/stream/webrtc/.venv/lib/python3.12/site-packages/pip/_vendor/chardet/langgreekmodel.py
[1.561s] DEBUG:colcon.colcon_core.task.python.build:While undoing a previous installation files outside the Python library path are being ignored: /home/matthieu/ros2_ws/install/web_control/share/web_control/web/stream/webrtc/.venv/lib/python3.12/site-packages/pip/_vendor/chardet/universaldetector.py
[1.561s] DEBUG:colcon.colcon_core.task.python.build:While undoing a previous installation files outside the Python library path are being ignored: /home/matthieu/ros2_ws/install/web_control/share/web_control/web/stream/webrtc/.venv/lib/python3.12/site-packages/pip/_vendor/chardet/version.py
[1.561s] DEBUG:colcon.colcon_core.task.python.build:While undoing a previous installation files outside the Python library path are being ignored: /home/matthieu/ros2_ws/install/web_control/share/web_control/web/stream/webrtc/.venv/lib/python3.12/site-packages/pip/_vendor/chardet/gb2312freq.py
[1.561s] DEBUG:colcon.colcon_core.task.python.build:While undoing a previous installation files outside the Python library path are being ignored: /home/matthieu/ros2_ws/install/web_control/share/web_control/web/stream/webrtc/.venv/lib/python3.12/site-packages/pip/_vendor/chardet/eucjpprober.py
[1.561s] DEBUG:colcon.colcon_core.task.python.build:While undoing a previous installation files outside the Python library path are being ignored: /home/matthieu/ros2_ws/install/web_control/share/web_control/web/stream/webrtc/.venv/lib/python3.12/site-packages/pip/_vendor/chardet/__init__.py
[1.561s] DEBUG:colcon.colcon_core.task.python.build:While undoing a previous installation files outside the Python library path are being ignored: /home/matthieu/ros2_ws/install/web_control/share/web_control/web/stream/webrtc/.venv/lib/python3.12/site-packages/pip/_vendor/chardet/cli/chardetect.py
[1.561s] DEBUG:colcon.colcon_core.task.python.build:While undoing a previous installation files outside the Python library path are being ignored: /home/matthieu/ros2_ws/install/web_control/share/web_control/web/stream/webrtc/.venv/lib/python3.12/site-packages/pip/_vendor/chardet/cli/__init__.py
[1.561s] DEBUG:colcon.colcon_core.task.python.build:While undoing a previous installation files outside the Python library path are being ignored: /home/matthieu/ros2_ws/install/web_control/share/web_control/web/stream/webrtc/.venv/lib/python3.12/site-packages/pip/_vendor/chardet/cli/__pycache__/chardetect.cpython-312.pyc
[1.561s] DEBUG:colcon.colcon_core.task.python.build:While undoing a previous installation files outside the Python library path are being ignored: /home/matthieu/ros2_ws/install/web_control/share/web_control/web/stream/webrtc/.venv/lib/python3.12/site-packages/pip/_vendor/chardet/cli/__pycache__/__init__.cpython-312.pyc
[1.561s] DEBUG:colcon.colcon_core.task.python.build:While undoing a previous installation files outside the Python library path are being ignored: /home/matthieu/ros2_ws/install/web_control/share/web_control/web/stream/webrtc/.venv/lib/python3.12/site-packages/pip/_vendor/chardet/metadata/languages.py
[1.561s] DEBUG:colcon.colcon_core.task.python.build:While undoing a previous installation files outside the Python library path are being ignored: /home/matthieu/ros2_ws/install/web_control/share/web_control/web/stream/webrtc/.venv/lib/python3.12/site-packages/pip/_vendor/chardet/metadata/__init__.py
[1.561s] DEBUG:colcon.colcon_core.task.python.build:While undoing a previous installation files outside the Python library path are being ignored: /home/matthieu/ros2_ws/install/web_control/share/web_control/web/stream/webrtc/.venv/lib/python3.12/site-packages/pip/_vendor/chardet/metadata/__pycache__/__init__.cpython-312.pyc
[1.561s] DEBUG:colcon.colcon_core.task.python.build:While undoing a previous installation files outside the Python library path are being ignored: /home/matthieu/ros2_ws/install/web_control/share/web_control/web/stream/webrtc/.venv/lib/python3.12/site-packages/pip/_vendor/chardet/metadata/__pycache__/languages.cpython-312.pyc
[1.561s] DEBUG:colcon.colcon_core.task.python.build:While undoing a previous installation files outside the Python library path are being ignored: /home/matthieu/ros2_ws/install/web_control/share/web_control/web/stream/webrtc/.venv/lib/python3.12/site-packages/pip/_vendor/chardet/__pycache__/mbcharsetprober.cpython-312.pyc
[1.561s] DEBUG:colcon.colcon_core.task.python.build:While undoing a previous installation files outside the Python library path are being ignored: /home/matthieu/ros2_ws/install/web_control/share/web_control/web/stream/webrtc/.venv/lib/python3.12/site-packages/pip/_vendor/chardet/__pycache__/langbulgarianmodel.cpython-312.pyc
[1.561s] DEBUG:colcon.colcon_core.task.python.build:While undoing a previous installation files outside the Python library path are being ignored: /home/matthieu/ros2_ws/install/web_control/share/web_control/web/stream/webrtc/.venv/lib/python3.12/site-packages/pip/_vendor/chardet/__pycache__/euctwfreq.cpython-312.pyc
[1.561s] DEBUG:colcon.colcon_core.task.python.build:While undoing a previous installation files outside the Python library path are being ignored: /home/matthieu/ros2_ws/install/web_control/share/web_control/web/stream/webrtc/.venv/lib/python3.12/site-packages/pip/_vendor/chardet/__pycache__/jpcntx.cpython-312.pyc
[1.561s] DEBUG:colcon.colcon_core.task.python.build:While undoing a previous installation files outside the Python library path are being ignored: /home/matthieu/ros2_ws/install/web_control/share/web_control/web/stream/webrtc/.venv/lib/python3.12/site-packages/pip/_vendor/chardet/__pycache__/latin1prober.cpython-312.pyc
[1.561s] DEBUG:colcon.colcon_core.task.python.build:While undoing a previous installation files outside the Python library path are being ignored: /home/matthieu/ros2_ws/install/web_control/share/web_control/web/stream/webrtc/.venv/lib/python3.12/site-packages/pip/_vendor/chardet/__pycache__/gb2312freq.cpython-312.pyc
[1.561s] DEBUG:colcon.colcon_core.task.python.build:While undoing a previous installation files outside the Python library path are being ignored: /home/matthieu/ros2_ws/install/web_control/share/web_control/web/stream/webrtc/.venv/lib/python3.12/site-packages/pip/_vendor/chardet/__pycache__/johabfreq.cpython-312.pyc
[1.561s] DEBUG:colcon.colcon_core.task.python.build:While undoing a previous installation files outside the Python library path are being ignored: /home/matthieu/ros2_ws/install/web_control/share/web_control/web/stream/webrtc/.venv/lib/python3.12/site-packages/pip/_vendor/chardet/__pycache__/langgreekmodel.cpython-312.pyc
[1.561s] DEBUG:colcon.colcon_core.task.python.build:While undoing a previous installation files outside the Python library path are being ignored: /home/matthieu/ros2_ws/install/web_control/share/web_control/web/stream/webrtc/.venv/lib/python3.12/site-packages/pip/_vendor/chardet/__pycache__/chardistribution.cpython-312.pyc
[1.561s] DEBUG:colcon.colcon_core.task.python.build:While undoing a previous installation files outside the Python library path are being ignored: /home/matthieu/ros2_ws/install/web_control/share/web_control/web/stream/webrtc/.venv/lib/python3.12/site-packages/pip/_vendor/chardet/__pycache__/sbcsgroupprober.cpython-312.pyc
[1.561s] DEBUG:colcon.colcon_core.task.python.build:While undoing a previous installation files outside the Python library path are being ignored: /home/matthieu/ros2_ws/install/web_control/share/web_control/web/stream/webrtc/.venv/lib/python3.12/site-packages/pip/_vendor/chardet/__pycache__/johabprober.cpython-312.pyc
[1.561s] DEBUG:colcon.colcon_core.task.python.build:While undoing a previous installation files outside the Python library path are being ignored: /home/matthieu/ros2_ws/install/web_control/share/web_control/web/stream/webrtc/.venv/lib/python3.12/site-packages/pip/_vendor/chardet/__pycache__/macromanprober.cpython-312.pyc
[1.561s] DEBUG:colcon.colcon_core.task.python.build:While undoing a previous installation files outside the Python library path are being ignored: /home/matthieu/ros2_ws/install/web_control/share/web_control/web/stream/webrtc/.venv/lib/python3.12/site-packages/pip/_vendor/chardet/__pycache__/big5freq.cpython-312.pyc
[1.561s] DEBUG:colcon.colcon_core.task.python.build:While undoing a previous installation files outside the Python library path are being ignored: /home/matthieu/ros2_ws/install/web_control/share/web_control/web/stream/webrtc/.venv/lib/python3.12/site-packages/pip/_vendor/chardet/__pycache__/euckrprober.cpython-312.pyc
[1.561s] DEBUG:colcon.colcon_core.task.python.build:While undoing a previous installation files outside the Python library path are being ignored: /home/matthieu/ros2_ws/install/web_control/share/web_control/web/stream/webrtc/.venv/lib/python3.12/site-packages/pip/_vendor/chardet/__pycache__/universaldetector.cpython-312.pyc
[1.561s] DEBUG:colcon.colcon_core.task.python.build:While undoing a previous installation files outside the Python library path are being ignored: /home/matthieu/ros2_ws/install/web_control/share/web_control/web/stream/webrtc/.venv/lib/python3.12/site-packages/pip/_vendor/chardet/__pycache__/big5prober.cpython-312.pyc
[1.561s] DEBUG:colcon.colcon_core.task.python.build:While undoing a previous installation files outside the Python library path are being ignored: /home/matthieu/ros2_ws/install/web_control/share/web_control/web/stream/webrtc/.venv/lib/python3.12/site-packages/pip/_vendor/chardet/__pycache__/euckrfreq.cpython-312.pyc
[1.561s] DEBUG:colcon.colcon_core.task.python.build:While undoing a previous installation files outside the Python library path are being ignored: /home/matthieu/ros2_ws/install/web_control/share/web_control/web/stream/webrtc/.venv/lib/python3.12/site-packages/pip/_vendor/chardet/__pycache__/version.cpython-312.pyc
[1.561s] DEBUG:colcon.colcon_core.task.python.build:While undoing a previous installation files outside the Python library path are being ignored: /home/matthieu/ros2_ws/install/web_control/share/web_control/web/stream/webrtc/.venv/lib/python3.12/site-packages/pip/_vendor/chardet/__pycache__/charsetprober.cpython-312.pyc
[1.561s] DEBUG:colcon.colcon_core.task.python.build:While undoing a previous installation files outside the Python library path are being ignored: /home/matthieu/ros2_ws/install/web_control/share/web_control/web/stream/webrtc/.venv/lib/python3.12/site-packages/pip/_vendor/chardet/__pycache__/eucjpprober.cpython-312.pyc
[1.561s] DEBUG:colcon.colcon_core.task.python.build:While undoing a previous installation files outside the Python library path are being ignored: /home/matthieu/ros2_ws/install/web_control/share/web_control/web/stream/webrtc/.venv/lib/python3.12/site-packages/pip/_vendor/chardet/__pycache__/mbcsgroupprober.cpython-312.pyc
[1.561s] DEBUG:colcon.colcon_core.task.python.build:While undoing a previous installation files outside the Python library path are being ignored: /home/matthieu/ros2_ws/install/web_control/share/web_control/web/stream/webrtc/.venv/lib/python3.12/site-packages/pip/_vendor/chardet/__pycache__/gb2312prober.cpython-312.pyc
[1.561s] DEBUG:colcon.colcon_core.task.python.build:While undoing a previous installation files outside the Python library path are being ignored: /home/matthieu/ros2_ws/install/web_control/share/web_control/web/stream/webrtc/.venv/lib/python3.12/site-packages/pip/_vendor/chardet/__pycache__/jisfreq.cpython-312.pyc
[1.561s] DEBUG:colcon.colcon_core.task.python.build:While undoing a previous installation files outside the Python library path are being ignored: /home/matthieu/ros2_ws/install/web_control/share/web_control/web/stream/webrtc/.venv/lib/python3.12/site-packages/pip/_vendor/chardet/__pycache__/enums.cpython-312.pyc
[1.561s] DEBUG:colcon.colcon_core.task.python.build:While undoing a previous installation files outside the Python library path are being ignored: /home/matthieu/ros2_ws/install/web_control/share/web_control/web/stream/webrtc/.venv/lib/python3.12/site-packages/pip/_vendor/chardet/__pycache__/langhungarianmodel.cpython-312.pyc
[1.561s] DEBUG:colcon.colcon_core.task.python.build:While undoing a previous installation files outside the Python library path are being ignored: /home/matthieu/ros2_ws/install/web_control/share/web_control/web/stream/webrtc/.venv/lib/python3.12/site-packages/pip/_vendor/chardet/__pycache__/sbcharsetprober.cpython-312.pyc
[1.561s] DEBUG:colcon.colcon_core.task.python.build:While undoing a previous installation files outside the Python library path are being ignored: /home/matthieu/ros2_ws/install/web_control/share/web_control/web/stream/webrtc/.venv/lib/python3.12/site-packages/pip/_vendor/chardet/__pycache__/langturkishmodel.cpython-312.pyc
[1.561s] DEBUG:colcon.colcon_core.task.python.build:While undoing a previous installation files outside the Python library path are being ignored: /home/matthieu/ros2_ws/install/web_control/share/web_control/web/stream/webrtc/.venv/lib/python3.12/site-packages/pip/_vendor/chardet/__pycache__/cp949prober.cpython-312.pyc
[1.561s] DEBUG:colcon.colcon_core.task.python.build:While undoing a previous installation files outside the Python library path are being ignored: /home/matthieu/ros2_ws/install/web_control/share/web_control/web/stream/webrtc/.venv/lib/python3.12/site-packages/pip/_vendor/chardet/__pycache__/codingstatemachinedict.cpython-312.pyc
[1.561s] DEBUG:colcon.colcon_core.task.python.build:While undoing a previous installation files outside the Python library path are being ignored: /home/matthieu/ros2_ws/install/web_control/share/web_control/web/stream/webrtc/.venv/lib/python3.12/site-packages/pip/_vendor/chardet/__pycache__/resultdict.cpython-312.pyc
[1.561s] DEBUG:colcon.colcon_core.task.python.build:While undoing a previous installation files outside the Python library path are being ignored: /home/matthieu/ros2_ws/install/web_control/share/web_control/web/stream/webrtc/.venv/lib/python3.12/site-packages/pip/_vendor/chardet/__pycache__/langhebrewmodel.cpython-312.pyc
[1.561s] DEBUG:colcon.colcon_core.task.python.build:While undoing a previous installation files outside the Python library path are being ignored: /home/matthieu/ros2_ws/install/web_control/share/web_control/web/stream/webrtc/.venv/lib/python3.12/site-packages/pip/_vendor/chardet/__pycache__/__init__.cpython-312.pyc
[1.561s] DEBUG:colcon.colcon_core.task.python.build:While undoing a previous installation files outside the Python library path are being ignored: /home/matthieu/ros2_ws/install/web_control/share/web_control/web/stream/webrtc/.venv/lib/python3.12/site-packages/pip/_vendor/chardet/__pycache__/escprober.cpython-312.pyc
[1.561s] DEBUG:colcon.colcon_core.task.python.build:While undoing a previous installation files outside the Python library path are being ignored: /home/matthieu/ros2_ws/install/web_control/share/web_control/web/stream/webrtc/.venv/lib/python3.12/site-packages/pip/_vendor/chardet/__pycache__/langrussianmodel.cpython-312.pyc
[1.561s] DEBUG:colcon.colcon_core.task.python.build:While undoing a previous installation files outside the Python library path are being ignored: /home/matthieu/ros2_ws/install/web_control/share/web_control/web/stream/webrtc/.venv/lib/python3.12/site-packages/pip/_vendor/chardet/__pycache__/sjisprober.cpython-312.pyc
[1.561s] DEBUG:colcon.colcon_core.task.python.build:While undoing a previous installation files outside the Python library path are being ignored: /home/matthieu/ros2_ws/install/web_control/share/web_control/web/stream/webrtc/.venv/lib/python3.12/site-packages/pip/_vendor/chardet/__pycache__/hebrewprober.cpython-312.pyc
[1.561s] DEBUG:colcon.colcon_core.task.python.build:While undoing a previous installation files outside the Python library path are being ignored: /home/matthieu/ros2_ws/install/web_control/share/web_control/web/stream/webrtc/.venv/lib/python3.12/site-packages/pip/_vendor/chardet/__pycache__/utf8prober.cpython-312.pyc
[1.561s] DEBUG:colcon.colcon_core.task.python.build:While undoing a previous installation files outside the Python library path are being ignored: /home/matthieu/ros2_ws/install/web_control/share/web_control/web/stream/webrtc/.venv/lib/python3.12/site-packages/pip/_vendor/chardet/__pycache__/codingstatemachine.cpython-312.pyc
[1.561s] DEBUG:colcon.colcon_core.task.python.build:While undoing a previous installation files outside the Python library path are being ignored: /home/matthieu/ros2_ws/install/web_control/share/web_control/web/stream/webrtc/.venv/lib/python3.12/site-packages/pip/_vendor/chardet/__pycache__/langthaimodel.cpython-312.pyc
[1.561s] DEBUG:colcon.colcon_core.task.python.build:While undoing a previous installation files outside the Python library path are being ignored: /home/matthieu/ros2_ws/install/web_control/share/web_control/web/stream/webrtc/.venv/lib/python3.12/site-packages/pip/_vendor/chardet/__pycache__/escsm.cpython-312.pyc
[1.561s] DEBUG:colcon.colcon_core.task.python.build:While undoing a previous installation files outside the Python library path are being ignored: /home/matthieu/ros2_ws/install/web_control/share/web_control/web/stream/webrtc/.venv/lib/python3.12/site-packages/pip/_vendor/chardet/__pycache__/mbcssm.cpython-312.pyc
[1.561s] DEBUG:colcon.colcon_core.task.python.build:While undoing a previous installation files outside the Python library path are being ignored: /home/matthieu/ros2_ws/install/web_control/share/web_control/web/stream/webrtc/.venv/lib/python3.12/site-packages/pip/_vendor/chardet/__pycache__/euctwprober.cpython-312.pyc
[1.561s] DEBUG:colcon.colcon_core.task.python.build:While undoing a previous installation files outside the Python library path are being ignored: /home/matthieu/ros2_ws/install/web_control/share/web_control/web/stream/webrtc/.venv/lib/python3.12/site-packages/pip/_vendor/chardet/__pycache__/charsetgroupprober.cpython-312.pyc
[1.561s] DEBUG:colcon.colcon_core.task.python.build:While undoing a previous installation files outside the Python library path are being ignored: /home/matthieu/ros2_ws/install/web_control/share/web_control/web/stream/webrtc/.venv/lib/python3.12/site-packages/pip/_vendor/chardet/__pycache__/utf1632prober.cpython-312.pyc
[1.561s] DEBUG:colcon.colcon_core.task.python.build:While undoing a previous installation files outside the Python library path are being ignored: /home/matthieu/ros2_ws/install/web_control/share/web_control/web/stream/webrtc/.venv/lib/python3.12/site-packages/pip/_vendor/webencodings/mklabels.py
[1.561s] DEBUG:colcon.colcon_core.task.python.build:While undoing a previous installation files outside the Python library path are being ignored: /home/matthieu/ros2_ws/install/web_control/share/web_control/web/stream/webrtc/.venv/lib/python3.12/site-packages/pip/_vendor/webencodings/x_user_defined.py
[1.561s] DEBUG:colcon.colcon_core.task.python.build:While undoing a previous installation files outside the Python library path are being ignored: /home/matthieu/ros2_ws/install/web_control/share/web_control/web/stream/webrtc/.venv/lib/python3.12/site-packages/pip/_vendor/webencodings/tests.py
[1.562s] DEBUG:colcon.colcon_core.task.python.build:While undoing a previous installation files outside the Python library path are being ignored: /home/matthieu/ros2_ws/install/web_control/share/web_control/web/stream/webrtc/.venv/lib/python3.12/site-packages/pip/_vendor/webencodings/labels.py
[1.562s] DEBUG:colcon.colcon_core.task.python.build:While undoing a previous installation files outside the Python library path are being ignored: /home/matthieu/ros2_ws/install/web_control/share/web_control/web/stream/webrtc/.venv/lib/python3.12/site-packages/pip/_vendor/webencodings/__init__.py
[1.562s] DEBUG:colcon.colcon_core.task.python.build:While undoing a previous installation files outside the Python library path are being ignored: /home/matthieu/ros2_ws/install/web_control/share/web_control/web/stream/webrtc/.venv/lib/python3.12/site-packages/pip/_vendor/webencodings/__pycache__/tests.cpython-312.pyc
[1.562s] DEBUG:colcon.colcon_core.task.python.build:While undoing a previous installation files outside the Python library path are being ignored: /home/matthieu/ros2_ws/install/web_control/share/web_control/web/stream/webrtc/.venv/lib/python3.12/site-packages/pip/_vendor/webencodings/__pycache__/x_user_defined.cpython-312.pyc
[1.562s] DEBUG:colcon.colcon_core.task.python.build:While undoing a previous installation files outside the Python library path are being ignored: /home/matthieu/ros2_ws/install/web_control/share/web_control/web/stream/webrtc/.venv/lib/python3.12/site-packages/pip/_vendor/webencodings/__pycache__/mklabels.cpython-312.pyc
[1.562s] DEBUG:colcon.colcon_core.task.python.build:While undoing a previous installation files outside the Python library path are being ignored: /home/matthieu/ros2_ws/install/web_control/share/web_control/web/stream/webrtc/.venv/lib/python3.12/site-packages/pip/_vendor/webencodings/__pycache__/labels.cpython-312.pyc
[1.562s] DEBUG:colcon.colcon_core.task.python.build:While undoing a previous installation files outside the Python library path are being ignored: /home/matthieu/ros2_ws/install/web_control/share/web_control/web/stream/webrtc/.venv/lib/python3.12/site-packages/pip/_vendor/webencodings/__pycache__/__init__.cpython-312.pyc
[1.562s] DEBUG:colcon.colcon_core.task.python.build:While undoing a previous installation files outside the Python library path are being ignored: /home/matthieu/ros2_ws/install/web_control/share/web_control/web/stream/webrtc/.venv/lib/python3.12/site-packages/pip/_vendor/requests/certs.py
[1.562s] DEBUG:colcon.colcon_core.task.python.build:While undoing a previous installation files outside the Python library path are being ignored: /home/matthieu/ros2_ws/install/web_control/share/web_control/web/stream/webrtc/.venv/lib/python3.12/site-packages/pip/_vendor/requests/packages.py
[1.562s] DEBUG:colcon.colcon_core.task.python.build:While undoing a previous installation files outside the Python library path are being ignored: /home/matthieu/ros2_ws/install/web_control/share/web_control/web/stream/webrtc/.venv/lib/python3.12/site-packages/pip/_vendor/requests/cookies.py
[1.562s] DEBUG:colcon.colcon_core.task.python.build:While undoing a previous installation files outside the Python library path are being ignored: /home/matthieu/ros2_ws/install/web_control/share/web_control/web/stream/webrtc/.venv/lib/python3.12/site-packages/pip/_vendor/requests/adapters.py
[1.562s] DEBUG:colcon.colcon_core.task.python.build:While undoing a previous installation files outside the Python library path are being ignored: /home/matthieu/ros2_ws/install/web_control/share/web_control/web/stream/webrtc/.venv/lib/python3.12/site-packages/pip/_vendor/requests/auth.py
[1.562s] DEBUG:colcon.colcon_core.task.python.build:While undoing a previous installation files outside the Python library path are being ignored: /home/matthieu/ros2_ws/install/web_control/share/web_control/web/stream/webrtc/.venv/lib/python3.12/site-packages/pip/_vendor/requests/hooks.py
[1.562s] DEBUG:colcon.colcon_core.task.python.build:While undoing a previous installation files outside the Python library path are being ignored: /home/matthieu/ros2_ws/install/web_control/share/web_control/web/stream/webrtc/.venv/lib/python3.12/site-packages/pip/_vendor/requests/help.py
[1.562s] DEBUG:colcon.colcon_core.task.python.build:While undoing a previous installation files outside the Python library path are being ignored: /home/matthieu/ros2_ws/install/web_control/share/web_control/web/stream/webrtc/.venv/lib/python3.12/site-packages/pip/_vendor/requests/sessions.py
[1.562s] DEBUG:colcon.colcon_core.task.python.build:While undoing a previous installation files outside the Python library path are being ignored: /home/matthieu/ros2_ws/install/web_control/share/web_control/web/stream/webrtc/.venv/lib/python3.12/site-packages/pip/_vendor/requests/__version__.py
[1.562s] DEBUG:colcon.colcon_core.task.python.build:While undoing a previous installation files outside the Python library path are being ignored: /home/matthieu/ros2_ws/install/web_control/share/web_control/web/stream/webrtc/.venv/lib/python3.12/site-packages/pip/_vendor/requests/status_codes.py
[1.562s] DEBUG:colcon.colcon_core.task.python.build:While undoing a previous installation files outside the Python library path are being ignored: /home/matthieu/ros2_ws/install/web_control/share/web_control/web/stream/webrtc/.venv/lib/python3.12/site-packages/pip/_vendor/requests/compat.py
[1.562s] DEBUG:colcon.colcon_core.task.python.build:While undoing a previous installation files outside the Python library path are being ignored: /home/matthieu/ros2_ws/install/web_control/share/web_control/web/stream/webrtc/.venv/lib/python3.12/site-packages/pip/_vendor/requests/models.py
[1.562s] DEBUG:colcon.colcon_core.task.python.build:While undoing a previous installation files outside the Python library path are being ignored: /home/matthieu/ros2_ws/install/web_control/share/web_control/web/stream/webrtc/.venv/lib/python3.12/site-packages/pip/_vendor/requests/_internal_utils.py
[1.562s] DEBUG:colcon.colcon_core.task.python.build:While undoing a previous installation files outside the Python library path are being ignored: /home/matthieu/ros2_ws/install/web_control/share/web_control/web/stream/webrtc/.venv/lib/python3.12/site-packages/pip/_vendor/requests/structures.py
[1.562s] DEBUG:colcon.colcon_core.task.python.build:While undoing a previous installation files outside the Python library path are being ignored: /home/matthieu/ros2_ws/install/web_control/share/web_control/web/stream/webrtc/.venv/lib/python3.12/site-packages/pip/_vendor/requests/api.py
[1.562s] DEBUG:colcon.colcon_core.task.python.build:While undoing a previous installation files outside the Python library path are being ignored: /home/matthieu/ros2_ws/install/web_control/share/web_control/web/stream/webrtc/.venv/lib/python3.12/site-packages/pip/_vendor/requests/exceptions.py
[1.562s] DEBUG:colcon.colcon_core.task.python.build:While undoing a previous installation files outside the Python library path are being ignored: /home/matthieu/ros2_ws/install/web_control/share/web_control/web/stream/webrtc/.venv/lib/python3.12/site-packages/pip/_vendor/requests/utils.py
[1.562s] DEBUG:colcon.colcon_core.task.python.build:While undoing a previous installation files outside the Python library path are being ignored: /home/matthieu/ros2_ws/install/web_control/share/web_control/web/stream/webrtc/.venv/lib/python3.12/site-packages/pip/_vendor/requests/__init__.py
[1.562s] DEBUG:colcon.colcon_core.task.python.build:While undoing a previous installation files outside the Python library path are being ignored: /home/matthieu/ros2_ws/install/web_control/share/web_control/web/stream/webrtc/.venv/lib/python3.12/site-packages/pip/_vendor/requests/__pycache__/_internal_utils.cpython-312.pyc
[1.562s] DEBUG:colcon.colcon_core.task.python.build:While undoing a previous installation files outside the Python library path are being ignored: /home/matthieu/ros2_ws/install/web_control/share/web_control/web/stream/webrtc/.venv/lib/python3.12/site-packages/pip/_vendor/requests/__pycache__/auth.cpython-312.pyc
[1.562s] DEBUG:colcon.colcon_core.task.python.build:While undoing a previous installation files outside the Python library path are being ignored: /home/matthieu/ros2_ws/install/web_control/share/web_control/web/stream/webrtc/.venv/lib/python3.12/site-packages/pip/_vendor/requests/__pycache__/cookies.cpython-312.pyc
[1.562s] DEBUG:colcon.colcon_core.task.python.build:While undoing a previous installation files outside the Python library path are being ignored: /home/matthieu/ros2_ws/install/web_control/share/web_control/web/stream/webrtc/.venv/lib/python3.12/site-packages/pip/_vendor/requests/__pycache__/__version__.cpython-312.pyc
[1.562s] DEBUG:colcon.colcon_core.task.python.build:While undoing a previous installation files outside the Python library path are being ignored: /home/matthieu/ros2_ws/install/web_control/share/web_control/web/stream/webrtc/.venv/lib/python3.12/site-packages/pip/_vendor/requests/__pycache__/packages.cpython-312.pyc
[1.562s] DEBUG:colcon.colcon_core.task.python.build:While undoing a previous installation files outside the Python library path are being ignored: /home/matthieu/ros2_ws/install/web_control/share/web_control/web/stream/webrtc/.venv/lib/python3.12/site-packages/pip/_vendor/requests/__pycache__/structures.cpython-312.pyc
[1.562s] DEBUG:colcon.colcon_core.task.python.build:While undoing a previous installation files outside the Python library path are being ignored: /home/matthieu/ros2_ws/install/web_control/share/web_control/web/stream/webrtc/.venv/lib/python3.12/site-packages/pip/_vendor/requests/__pycache__/models.cpython-312.pyc
[1.562s] DEBUG:colcon.colcon_core.task.python.build:While undoing a previous installation files outside the Python library path are being ignored: /home/matthieu/ros2_ws/install/web_control/share/web_control/web/stream/webrtc/.venv/lib/python3.12/site-packages/pip/_vendor/requests/__pycache__/hooks.cpython-312.pyc
[1.562s] DEBUG:colcon.colcon_core.task.python.build:While undoing a previous installation files outside the Python library path are being ignored: /home/matthieu/ros2_ws/install/web_control/share/web_control/web/stream/webrtc/.venv/lib/python3.12/site-packages/pip/_vendor/requests/__pycache__/api.cpython-312.pyc
[1.562s] DEBUG:colcon.colcon_core.task.python.build:While undoing a previous installation files outside the Python library path are being ignored: /home/matthieu/ros2_ws/install/web_control/share/web_control/web/stream/webrtc/.venv/lib/python3.12/site-packages/pip/_vendor/requests/__pycache__/exceptions.cpython-312.pyc
[1.562s] DEBUG:colcon.colcon_core.task.python.build:While undoing a previous installation files outside the Python library path are being ignored: /home/matthieu/ros2_ws/install/web_control/share/web_control/web/stream/webrtc/.venv/lib/python3.12/site-packages/pip/_vendor/requests/__pycache__/certs.cpython-312.pyc
[1.562s] DEBUG:colcon.colcon_core.task.python.build:While undoing a previous installation files outside the Python library path are being ignored: /home/matthieu/ros2_ws/install/web_control/share/web_control/web/stream/webrtc/.venv/lib/python3.12/site-packages/pip/_vendor/requests/__pycache__/help.cpython-312.pyc
[1.562s] DEBUG:colcon.colcon_core.task.python.build:While undoing a previous installation files outside the Python library path are being ignored: /home/matthieu/ros2_ws/install/web_control/share/web_control/web/stream/webrtc/.venv/lib/python3.12/site-packages/pip/_vendor/requests/__pycache__/status_codes.cpython-312.pyc
[1.562s] DEBUG:colcon.colcon_core.task.python.build:While undoing a previous installation files outside the Python library path are being ignored: /home/matthieu/ros2_ws/install/web_control/share/web_control/web/stream/webrtc/.venv/lib/python3.12/site-packages/pip/_vendor/requests/__pycache__/__init__.cpython-312.pyc
[1.562s] DEBUG:colcon.colcon_core.task.python.build:While undoing a previous installation files outside the Python library path are being ignored: /home/matthieu/ros2_ws/install/web_control/share/web_control/web/stream/webrtc/.venv/lib/python3.12/site-packages/pip/_vendor/requests/__pycache__/adapters.cpython-312.pyc
[1.562s] DEBUG:colcon.colcon_core.task.python.build:While undoing a previous installation files outside the Python library path are being ignored: /home/matthieu/ros2_ws/install/web_control/share/web_control/web/stream/webrtc/.venv/lib/python3.12/site-packages/pip/_vendor/requests/__pycache__/sessions.cpython-312.pyc
[1.562s] DEBUG:colcon.colcon_core.task.python.build:While undoing a previous installation files outside the Python library path are being ignored: /home/matthieu/ros2_ws/install/web_control/share/web_control/web/stream/webrtc/.venv/lib/python3.12/site-packages/pip/_vendor/requests/__pycache__/compat.cpython-312.pyc
[1.562s] DEBUG:colcon.colcon_core.task.python.build:While undoing a previous installation files outside the Python library path are being ignored: /home/matthieu/ros2_ws/install/web_control/share/web_control/web/stream/webrtc/.venv/lib/python3.12/site-packages/pip/_vendor/requests/__pycache__/utils.cpython-312.pyc
[1.562s] DEBUG:colcon.colcon_core.task.python.build:While undoing a previous installation files outside the Python library path are being ignored: /home/matthieu/ros2_ws/install/web_control/share/web_control/web/stream/webrtc/.venv/lib/python3.12/site-packages/pip/_vendor/idna/idnadata.py
[1.562s] DEBUG:colcon.colcon_core.task.python.build:While undoing a previous installation files outside the Python library path are being ignored: /home/matthieu/ros2_ws/install/web_control/share/web_control/web/stream/webrtc/.venv/lib/python3.12/site-packages/pip/_vendor/idna/codec.py
[1.562s] DEBUG:colcon.colcon_core.task.python.build:While undoing a previous installation files outside the Python library path are being ignored: /home/matthieu/ros2_ws/install/web_control/share/web_control/web/stream/webrtc/.venv/lib/python3.12/site-packages/pip/_vendor/idna/core.py
[1.562s] DEBUG:colcon.colcon_core.task.python.build:While undoing a previous installation files outside the Python library path are being ignored: /home/matthieu/ros2_ws/install/web_control/share/web_control/web/stream/webrtc/.venv/lib/python3.12/site-packages/pip/_vendor/idna/uts46data.py
[1.562s] DEBUG:colcon.colcon_core.task.python.build:While undoing a previous installation files outside the Python library path are being ignored: /home/matthieu/ros2_ws/install/web_control/share/web_control/web/stream/webrtc/.venv/lib/python3.12/site-packages/pip/_vendor/idna/compat.py
[1.562s] DEBUG:colcon.colcon_core.task.python.build:While undoing a previous installation files outside the Python library path are being ignored: /home/matthieu/ros2_ws/install/web_control/share/web_control/web/stream/webrtc/.venv/lib/python3.12/site-packages/pip/_vendor/idna/package_data.py
[1.562s] DEBUG:colcon.colcon_core.task.python.build:While undoing a previous installation files outside the Python library path are being ignored: /home/matthieu/ros2_ws/install/web_control/share/web_control/web/stream/webrtc/.venv/lib/python3.12/site-packages/pip/_vendor/idna/intranges.py
[1.562s] DEBUG:colcon.colcon_core.task.python.build:While undoing a previous installation files outside the Python library path are being ignored: /home/matthieu/ros2_ws/install/web_control/share/web_control/web/stream/webrtc/.venv/lib/python3.12/site-packages/pip/_vendor/idna/__init__.py
[1.562s] DEBUG:colcon.colcon_core.task.python.build:While undoing a previous installation files outside the Python library path are being ignored: /home/matthieu/ros2_ws/install/web_control/share/web_control/web/stream/webrtc/.venv/lib/python3.12/site-packages/pip/_vendor/idna/__pycache__/package_data.cpython-312.pyc
[1.562s] DEBUG:colcon.colcon_core.task.python.build:While undoing a previous installation files outside the Python library path are being ignored: /home/matthieu/ros2_ws/install/web_control/share/web_control/web/stream/webrtc/.venv/lib/python3.12/site-packages/pip/_vendor/idna/__pycache__/codec.cpython-312.pyc
[1.562s] DEBUG:colcon.colcon_core.task.python.build:While undoing a previous installation files outside the Python library path are being ignored: /home/matthieu/ros2_ws/install/web_control/share/web_control/web/stream/webrtc/.venv/lib/python3.12/site-packages/pip/_vendor/idna/__pycache__/idnadata.cpython-312.pyc
[1.562s] DEBUG:colcon.colcon_core.task.python.build:While undoing a previous installation files outside the Python library path are being ignored: /home/matthieu/ros2_ws/install/web_control/share/web_control/web/stream/webrtc/.venv/lib/python3.12/site-packages/pip/_vendor/idna/__pycache__/intranges.cpython-312.pyc
[1.562s] DEBUG:colcon.colcon_core.task.python.build:While undoing a previous installation files outside the Python library path are being ignored: /home/matthieu/ros2_ws/install/web_control/share/web_control/web/stream/webrtc/.venv/lib/python3.12/site-packages/pip/_vendor/idna/__pycache__/core.cpython-312.pyc
[1.562s] DEBUG:colcon.colcon_core.task.python.build:While undoing a previous installation files outside the Python library path are being ignored: /home/matthieu/ros2_ws/install/web_control/share/web_control/web/stream/webrtc/.venv/lib/python3.12/site-packages/pip/_vendor/idna/__pycache__/uts46data.cpython-312.pyc
[1.562s] DEBUG:colcon.colcon_core.task.python.build:While undoing a previous installation files outside the Python library path are being ignored: /home/matthieu/ros2_ws/install/web_control/share/web_control/web/stream/webrtc/.venv/lib/python3.12/site-packages/pip/_vendor/idna/__pycache__/__init__.cpython-312.pyc
[1.562s] DEBUG:colcon.colcon_core.task.python.build:While undoing a previous installation files outside the Python library path are being ignored: /home/matthieu/ros2_ws/install/web_control/share/web_control/web/stream/webrtc/.venv/lib/python3.12/site-packages/pip/_vendor/idna/__pycache__/compat.cpython-312.pyc
[1.562s] DEBUG:colcon.colcon_core.task.python.build:While undoing a previous installation files outside the Python library path are being ignored: /home/matthieu/ros2_ws/install/web_control/share/web_control/web/stream/webrtc/.venv/lib/python3.12/site-packages/pip/_vendor/cachecontrol/controller.py
[1.562s] DEBUG:colcon.colcon_core.task.python.build:While undoing a previous installation files outside the Python library path are being ignored: /home/matthieu/ros2_ws/install/web_control/share/web_control/web/stream/webrtc/.venv/lib/python3.12/site-packages/pip/_vendor/cachecontrol/cache.py
[1.562s] DEBUG:colcon.colcon_core.task.python.build:While undoing a previous installation files outside the Python library path are being ignored: /home/matthieu/ros2_ws/install/web_control/share/web_control/web/stream/webrtc/.venv/lib/python3.12/site-packages/pip/_vendor/cachecontrol/_cmd.py
[1.563s] DEBUG:colcon.colcon_core.task.python.build:While undoing a previous installation files outside the Python library path are being ignored: /home/matthieu/ros2_ws/install/web_control/share/web_control/web/stream/webrtc/.venv/lib/python3.12/site-packages/pip/_vendor/cachecontrol/heuristics.py
[1.563s] DEBUG:colcon.colcon_core.task.python.build:While undoing a previous installation files outside the Python library path are being ignored: /home/matthieu/ros2_ws/install/web_control/share/web_control/web/stream/webrtc/.venv/lib/python3.12/site-packages/pip/_vendor/cachecontrol/adapter.py
[1.563s] DEBUG:colcon.colcon_core.task.python.build:While undoing a previous installation files outside the Python library path are being ignored: /home/matthieu/ros2_ws/install/web_control/share/web_control/web/stream/webrtc/.venv/lib/python3.12/site-packages/pip/_vendor/cachecontrol/wrapper.py
[1.563s] DEBUG:colcon.colcon_core.task.python.build:While undoing a previous installation files outside the Python library path are being ignored: /home/matthieu/ros2_ws/install/web_control/share/web_control/web/stream/webrtc/.venv/lib/python3.12/site-packages/pip/_vendor/cachecontrol/filewrapper.py
[1.563s] DEBUG:colcon.colcon_core.task.python.build:While undoing a previous installation files outside the Python library path are being ignored: /home/matthieu/ros2_ws/install/web_control/share/web_control/web/stream/webrtc/.venv/lib/python3.12/site-packages/pip/_vendor/cachecontrol/serialize.py
[1.563s] DEBUG:colcon.colcon_core.task.python.build:While undoing a previous installation files outside the Python library path are being ignored: /home/matthieu/ros2_ws/install/web_control/share/web_control/web/stream/webrtc/.venv/lib/python3.12/site-packages/pip/_vendor/cachecontrol/__init__.py
[1.563s] DEBUG:colcon.colcon_core.task.python.build:While undoing a previous installation files outside the Python library path are being ignored: /home/matthieu/ros2_ws/install/web_control/share/web_control/web/stream/webrtc/.venv/lib/python3.12/site-packages/pip/_vendor/cachecontrol/__pycache__/heuristics.cpython-312.pyc
[1.563s] DEBUG:colcon.colcon_core.task.python.build:While undoing a previous installation files outside the Python library path are being ignored: /home/matthieu/ros2_ws/install/web_control/share/web_control/web/stream/webrtc/.venv/lib/python3.12/site-packages/pip/_vendor/cachecontrol/__pycache__/serialize.cpython-312.pyc
[1.563s] DEBUG:colcon.colcon_core.task.python.build:While undoing a previous installation files outside the Python library path are being ignored: /home/matthieu/ros2_ws/install/web_control/share/web_control/web/stream/webrtc/.venv/lib/python3.12/site-packages/pip/_vendor/cachecontrol/__pycache__/filewrapper.cpython-312.pyc
[1.563s] DEBUG:colcon.colcon_core.task.python.build:While undoing a previous installation files outside the Python library path are being ignored: /home/matthieu/ros2_ws/install/web_control/share/web_control/web/stream/webrtc/.venv/lib/python3.12/site-packages/pip/_vendor/cachecontrol/__pycache__/controller.cpython-312.pyc
[1.563s] DEBUG:colcon.colcon_core.task.python.build:While undoing a previous installation files outside the Python library path are being ignored: /home/matthieu/ros2_ws/install/web_control/share/web_control/web/stream/webrtc/.venv/lib/python3.12/site-packages/pip/_vendor/cachecontrol/__pycache__/wrapper.cpython-312.pyc
[1.563s] DEBUG:colcon.colcon_core.task.python.build:While undoing a previous installation files outside the Python library path are being ignored: /home/matthieu/ros2_ws/install/web_control/share/web_control/web/stream/webrtc/.venv/lib/python3.12/site-packages/pip/_vendor/cachecontrol/__pycache__/adapter.cpython-312.pyc
[1.563s] DEBUG:colcon.colcon_core.task.python.build:While undoing a previous installation files outside the Python library path are being ignored: /home/matthieu/ros2_ws/install/web_control/share/web_control/web/stream/webrtc/.venv/lib/python3.12/site-packages/pip/_vendor/cachecontrol/__pycache__/_cmd.cpython-312.pyc
[1.563s] DEBUG:colcon.colcon_core.task.python.build:While undoing a previous installation files outside the Python library path are being ignored: /home/matthieu/ros2_ws/install/web_control/share/web_control/web/stream/webrtc/.venv/lib/python3.12/site-packages/pip/_vendor/cachecontrol/__pycache__/cache.cpython-312.pyc
[1.563s] DEBUG:colcon.colcon_core.task.python.build:While undoing a previous installation files outside the Python library path are being ignored: /home/matthieu/ros2_ws/install/web_control/share/web_control/web/stream/webrtc/.venv/lib/python3.12/site-packages/pip/_vendor/cachecontrol/__pycache__/__init__.cpython-312.pyc
[1.563s] DEBUG:colcon.colcon_core.task.python.build:While undoing a previous installation files outside the Python library path are being ignored: /home/matthieu/ros2_ws/install/web_control/share/web_control/web/stream/webrtc/.venv/lib/python3.12/site-packages/pip/_vendor/cachecontrol/caches/file_cache.py
[1.563s] DEBUG:colcon.colcon_core.task.python.build:While undoing a previous installation files outside the Python library path are being ignored: /home/matthieu/ros2_ws/install/web_control/share/web_control/web/stream/webrtc/.venv/lib/python3.12/site-packages/pip/_vendor/cachecontrol/caches/redis_cache.py
[1.563s] DEBUG:colcon.colcon_core.task.python.build:While undoing a previous installation files outside the Python library path are being ignored: /home/matthieu/ros2_ws/install/web_control/share/web_control/web/stream/webrtc/.venv/lib/python3.12/site-packages/pip/_vendor/cachecontrol/caches/__init__.py
[1.563s] DEBUG:colcon.colcon_core.task.python.build:While undoing a previous installation files outside the Python library path are being ignored: /home/matthieu/ros2_ws/install/web_control/share/web_control/web/stream/webrtc/.venv/lib/python3.12/site-packages/pip/_vendor/cachecontrol/caches/__pycache__/file_cache.cpython-312.pyc
[1.563s] DEBUG:colcon.colcon_core.task.python.build:While undoing a previous installation files outside the Python library path are being ignored: /home/matthieu/ros2_ws/install/web_control/share/web_control/web/stream/webrtc/.venv/lib/python3.12/site-packages/pip/_vendor/cachecontrol/caches/__pycache__/__init__.cpython-312.pyc
[1.563s] DEBUG:colcon.colcon_core.task.python.build:While undoing a previous installation files outside the Python library path are being ignored: /home/matthieu/ros2_ws/install/web_control/share/web_control/web/stream/webrtc/.venv/lib/python3.12/site-packages/pip/_vendor/cachecontrol/caches/__pycache__/redis_cache.cpython-312.pyc
[1.563s] DEBUG:colcon.colcon_core.task.python.build:While undoing a previous installation files outside the Python library path are being ignored: /home/matthieu/ros2_ws/install/web_control/share/web_control/web/stream/webrtc/.venv/lib/python3.12/site-packages/pip/_vendor/distlib/locators.py
[1.563s] DEBUG:colcon.colcon_core.task.python.build:While undoing a previous installation files outside the Python library path are being ignored: /home/matthieu/ros2_ws/install/web_control/share/web_control/web/stream/webrtc/.venv/lib/python3.12/site-packages/pip/_vendor/distlib/util.py
[1.563s] DEBUG:colcon.colcon_core.task.python.build:While undoing a previous installation files outside the Python library path are being ignored: /home/matthieu/ros2_ws/install/web_control/share/web_control/web/stream/webrtc/.venv/lib/python3.12/site-packages/pip/_vendor/distlib/manifest.py
[1.563s] DEBUG:colcon.colcon_core.task.python.build:While undoing a previous installation files outside the Python library path are being ignored: /home/matthieu/ros2_ws/install/web_control/share/web_control/web/stream/webrtc/.venv/lib/python3.12/site-packages/pip/_vendor/distlib/index.py
[1.563s] DEBUG:colcon.colcon_core.task.python.build:While undoing a previous installation files outside the Python library path are being ignored: /home/matthieu/ros2_ws/install/web_control/share/web_control/web/stream/webrtc/.venv/lib/python3.12/site-packages/pip/_vendor/distlib/metadata.py
[1.563s] DEBUG:colcon.colcon_core.task.python.build:While undoing a previous installation files outside the Python library path are being ignored: /home/matthieu/ros2_ws/install/web_control/share/web_control/web/stream/webrtc/.venv/lib/python3.12/site-packages/pip/_vendor/distlib/markers.py
[1.563s] DEBUG:colcon.colcon_core.task.python.build:While undoing a previous installation files outside the Python library path are being ignored: /home/matthieu/ros2_ws/install/web_control/share/web_control/web/stream/webrtc/.venv/lib/python3.12/site-packages/pip/_vendor/distlib/compat.py
[1.563s] DEBUG:colcon.colcon_core.task.python.build:While undoing a previous installation files outside the Python library path are being ignored: /home/matthieu/ros2_ws/install/web_control/share/web_control/web/stream/webrtc/.venv/lib/python3.12/site-packages/pip/_vendor/distlib/resources.py
[1.563s] DEBUG:colcon.colcon_core.task.python.build:While undoing a previous installation files outside the Python library path are being ignored: /home/matthieu/ros2_ws/install/web_control/share/web_control/web/stream/webrtc/.venv/lib/python3.12/site-packages/pip/_vendor/distlib/scripts.py
[1.563s] DEBUG:colcon.colcon_core.task.python.build:While undoing a previous installation files outside the Python library path are being ignored: /home/matthieu/ros2_ws/install/web_control/share/web_control/web/stream/webrtc/.venv/lib/python3.12/site-packages/pip/_vendor/distlib/wheel.py
[1.563s] DEBUG:colcon.colcon_core.task.python.build:While undoing a previous installation files outside the Python library path are being ignored: /home/matthieu/ros2_ws/install/web_control/share/web_control/web/stream/webrtc/.venv/lib/python3.12/site-packages/pip/_vendor/distlib/database.py
[1.563s] DEBUG:colcon.colcon_core.task.python.build:While undoing a previous installation files outside the Python library path are being ignored: /home/matthieu/ros2_ws/install/web_control/share/web_control/web/stream/webrtc/.venv/lib/python3.12/site-packages/pip/_vendor/distlib/version.py
[1.563s] DEBUG:colcon.colcon_core.task.python.build:While undoing a previous installation files outside the Python library path are being ignored: /home/matthieu/ros2_ws/install/web_control/share/web_control/web/stream/webrtc/.venv/lib/python3.12/site-packages/pip/_vendor/distlib/__init__.py
[1.563s] DEBUG:colcon.colcon_core.task.python.build:While undoing a previous installation files outside the Python library path are being ignored: /home/matthieu/ros2_ws/install/web_control/share/web_control/web/stream/webrtc/.venv/lib/python3.12/site-packages/pip/_vendor/distlib/__pycache__/locators.cpython-312.pyc
[1.563s] DEBUG:colcon.colcon_core.task.python.build:While undoing a previous installation files outside the Python library path are being ignored: /home/matthieu/ros2_ws/install/web_control/share/web_control/web/stream/webrtc/.venv/lib/python3.12/site-packages/pip/_vendor/distlib/__pycache__/index.cpython-312.pyc
[1.563s] DEBUG:colcon.colcon_core.task.python.build:While undoing a previous installation files outside the Python library path are being ignored: /home/matthieu/ros2_ws/install/web_control/share/web_control/web/stream/webrtc/.venv/lib/python3.12/site-packages/pip/_vendor/distlib/__pycache__/wheel.cpython-312.pyc
[1.563s] DEBUG:colcon.colcon_core.task.python.build:While undoing a previous installation files outside the Python library path are being ignored: /home/matthieu/ros2_ws/install/web_control/share/web_control/web/stream/webrtc/.venv/lib/python3.12/site-packages/pip/_vendor/distlib/__pycache__/version.cpython-312.pyc
[1.563s] DEBUG:colcon.colcon_core.task.python.build:While undoing a previous installation files outside the Python library path are being ignored: /home/matthieu/ros2_ws/install/web_control/share/web_control/web/stream/webrtc/.venv/lib/python3.12/site-packages/pip/_vendor/distlib/__pycache__/resources.cpython-312.pyc
[1.563s] DEBUG:colcon.colcon_core.task.python.build:While undoing a previous installation files outside the Python library path are being ignored: /home/matthieu/ros2_ws/install/web_control/share/web_control/web/stream/webrtc/.venv/lib/python3.12/site-packages/pip/_vendor/distlib/__pycache__/scripts.cpython-312.pyc
[1.563s] DEBUG:colcon.colcon_core.task.python.build:While undoing a previous installation files outside the Python library path are being ignored: /home/matthieu/ros2_ws/install/web_control/share/web_control/web/stream/webrtc/.venv/lib/python3.12/site-packages/pip/_vendor/distlib/__pycache__/util.cpython-312.pyc
[1.563s] DEBUG:colcon.colcon_core.task.python.build:While undoing a previous installation files outside the Python library path are being ignored: /home/matthieu/ros2_ws/install/web_control/share/web_control/web/stream/webrtc/.venv/lib/python3.12/site-packages/pip/_vendor/distlib/__pycache__/__init__.cpython-312.pyc
[1.563s] DEBUG:colcon.colcon_core.task.python.build:While undoing a previous installation files outside the Python library path are being ignored: /home/matthieu/ros2_ws/install/web_control/share/web_control/web/stream/webrtc/.venv/lib/python3.12/site-packages/pip/_vendor/distlib/__pycache__/database.cpython-312.pyc
[1.563s] DEBUG:colcon.colcon_core.task.python.build:While undoing a previous installation files outside the Python library path are being ignored: /home/matthieu/ros2_ws/install/web_control/share/web_control/web/stream/webrtc/.venv/lib/python3.12/site-packages/pip/_vendor/distlib/__pycache__/manifest.cpython-312.pyc
[1.563s] DEBUG:colcon.colcon_core.task.python.build:While undoing a previous installation files outside the Python library path are being ignored: /home/matthieu/ros2_ws/install/web_control/share/web_control/web/stream/webrtc/.venv/lib/python3.12/site-packages/pip/_vendor/distlib/__pycache__/metadata.cpython-312.pyc
[1.563s] DEBUG:colcon.colcon_core.task.python.build:While undoing a previous installation files outside the Python library path are being ignored: /home/matthieu/ros2_ws/install/web_control/share/web_control/web/stream/webrtc/.venv/lib/python3.12/site-packages/pip/_vendor/distlib/__pycache__/markers.cpython-312.pyc
[1.563s] DEBUG:colcon.colcon_core.task.python.build:While undoing a previous installation files outside the Python library path are being ignored: /home/matthieu/ros2_ws/install/web_control/share/web_control/web/stream/webrtc/.venv/lib/python3.12/site-packages/pip/_vendor/distlib/__pycache__/compat.cpython-312.pyc
[1.563s] DEBUG:colcon.colcon_core.task.python.build:While undoing a previous installation files outside the Python library path are being ignored: /home/matthieu/ros2_ws/install/web_control/share/web_control/web/stream/webrtc/.venv/lib/python3.12/site-packages/pip/_vendor/pkg_resources/__init__.py
[1.563s] DEBUG:colcon.colcon_core.task.python.build:While undoing a previous installation files outside the Python library path are being ignored: /home/matthieu/ros2_ws/install/web_control/share/web_control/web/stream/webrtc/.venv/lib/python3.12/site-packages/pip/_vendor/pkg_resources/__pycache__/__init__.cpython-312.pyc
[1.563s] DEBUG:colcon.colcon_core.task.python.build:While undoing a previous installation files outside the Python library path are being ignored: /home/matthieu/ros2_ws/install/web_control/share/web_control/web/stream/webrtc/.venv/lib/python3.12/site-packages/pip/_vendor/__pycache__/six.cpython-312.pyc
[1.563s] DEBUG:colcon.colcon_core.task.python.build:While undoing a previous installation files outside the Python library path are being ignored: /home/matthieu/ros2_ws/install/web_control/share/web_control/web/stream/webrtc/.venv/lib/python3.12/site-packages/pip/_vendor/__pycache__/__init__.cpython-312.pyc
[1.563s] DEBUG:colcon.colcon_core.task.python.build:While undoing a previous installation files outside the Python library path are being ignored: /home/matthieu/ros2_ws/install/web_control/share/web_control/web/stream/webrtc/.venv/lib/python3.12/site-packages/pip/_vendor/__pycache__/typing_extensions.cpython-312.pyc
[1.563s] DEBUG:colcon.colcon_core.task.python.build:While undoing a previous installation files outside the Python library path are being ignored: /home/matthieu/ros2_ws/install/web_control/share/web_control/web/stream/webrtc/.venv/lib/python3.12/site-packages/pip/_vendor/rich/_pick.py
[1.563s] DEBUG:colcon.colcon_core.task.python.build:While undoing a previous installation files outside the Python library path are being ignored: /home/matthieu/ros2_ws/install/web_control/share/web_control/web/stream/webrtc/.venv/lib/python3.12/site-packages/pip/_vendor/rich/cells.py
[1.563s] DEBUG:colcon.colcon_core.task.python.build:While undoing a previous installation files outside the Python library path are being ignored: /home/matthieu/ros2_ws/install/web_control/share/web_control/web/stream/webrtc/.venv/lib/python3.12/site-packages/pip/_vendor/rich/scope.py
[1.563s] DEBUG:colcon.colcon_core.task.python.build:While undoing a previous installation files outside the Python library path are being ignored: /home/matthieu/ros2_ws/install/web_control/share/web_control/web/stream/webrtc/.venv/lib/python3.12/site-packages/pip/_vendor/rich/emoji.py
[1.563s] DEBUG:colcon.colcon_core.task.python.build:While undoing a previous installation files outside the Python library path are being ignored: /home/matthieu/ros2_ws/install/web_control/share/web_control/web/stream/webrtc/.venv/lib/python3.12/site-packages/pip/_vendor/rich/status.py
[1.563s] DEBUG:colcon.colcon_core.task.python.build:While undoing a previous installation files outside the Python library path are being ignored: /home/matthieu/ros2_ws/install/web_control/share/web_control/web/stream/webrtc/.venv/lib/python3.12/site-packages/pip/_vendor/rich/theme.py
[1.563s] DEBUG:colcon.colcon_core.task.python.build:While undoing a previous installation files outside the Python library path are being ignored: /home/matthieu/ros2_ws/install/web_control/share/web_control/web/stream/webrtc/.venv/lib/python3.12/site-packages/pip/_vendor/rich/box.py
[1.563s] DEBUG:colcon.colcon_core.task.python.build:While undoing a previous installation files outside the Python library path are being ignored: /home/matthieu/ros2_ws/install/web_control/share/web_control/web/stream/webrtc/.venv/lib/python3.12/site-packages/pip/_vendor/rich/pretty.py
[1.563s] DEBUG:colcon.colcon_core.task.python.build:While undoing a previous installation files outside the Python library path are being ignored: /home/matthieu/ros2_ws/install/web_control/share/web_control/web/stream/webrtc/.venv/lib/python3.12/site-packages/pip/_vendor/rich/filesize.py
[1.564s] DEBUG:colcon.colcon_core.task.python.build:While undoing a previous installation files outside the Python library path are being ignored: /home/matthieu/ros2_ws/install/web_control/share/web_control/web/stream/webrtc/.venv/lib/python3.12/site-packages/pip/_vendor/rich/progress.py
[1.564s] DEBUG:colcon.colcon_core.task.python.build:While undoing a previous installation files outside the Python library path are being ignored: /home/matthieu/ros2_ws/install/web_control/share/web_control/web/stream/webrtc/.venv/lib/python3.12/site-packages/pip/_vendor/rich/_loop.py
[1.564s] DEBUG:colcon.colcon_core.task.python.build:While undoing a previous installation files outside the Python library path are being ignored: /home/matthieu/ros2_ws/install/web_control/share/web_control/web/stream/webrtc/.venv/lib/python3.12/site-packages/pip/_vendor/rich/_spinners.py
[1.564s] DEBUG:colcon.colcon_core.task.python.build:While undoing a previous installation files outside the Python library path are being ignored: /home/matthieu/ros2_ws/install/web_control/share/web_control/web/stream/webrtc/.venv/lib/python3.12/site-packages/pip/_vendor/rich/panel.py
[1.564s] DEBUG:colcon.colcon_core.task.python.build:While undoing a previous installation files outside the Python library path are being ignored: /home/matthieu/ros2_ws/install/web_control/share/web_control/web/stream/webrtc/.venv/lib/python3.12/site-packages/pip/_vendor/rich/palette.py
[1.564s] DEBUG:colcon.colcon_core.task.python.build:While undoing a previous installation files outside the Python library path are being ignored: /home/matthieu/ros2_ws/install/web_control/share/web_control/web/stream/webrtc/.venv/lib/python3.12/site-packages/pip/_vendor/rich/region.py
[1.564s] DEBUG:colcon.colcon_core.task.python.build:While undoing a previous installation files outside the Python library path are being ignored: /home/matthieu/ros2_ws/install/web_control/share/web_control/web/stream/webrtc/.venv/lib/python3.12/site-packages/pip/_vendor/rich/terminal_theme.py
[1.564s] DEBUG:colcon.colcon_core.task.python.build:While undoing a previous installation files outside the Python library path are being ignored: /home/matthieu/ros2_ws/install/web_control/share/web_control/web/stream/webrtc/.venv/lib/python3.12/site-packages/pip/_vendor/rich/file_proxy.py
[1.564s] DEBUG:colcon.colcon_core.task.python.build:While undoing a previous installation files outside the Python library path are being ignored: /home/matthieu/ros2_ws/install/web_control/share/web_control/web/stream/webrtc/.venv/lib/python3.12/site-packages/pip/_vendor/rich/screen.py
[1.564s] DEBUG:colcon.colcon_core.task.python.build:While undoing a previous installation files outside the Python library path are being ignored: /home/matthieu/ros2_ws/install/web_control/share/web_control/web/stream/webrtc/.venv/lib/python3.12/site-packages/pip/_vendor/rich/layout.py
[1.564s] DEBUG:colcon.colcon_core.task.python.build:While undoing a previous installation files outside the Python library path are being ignored: /home/matthieu/ros2_ws/install/web_control/share/web_control/web/stream/webrtc/.venv/lib/python3.12/site-packages/pip/_vendor/rich/_emoji_codes.py
[1.564s] DEBUG:colcon.colcon_core.task.python.build:While undoing a previous installation files outside the Python library path are being ignored: /home/matthieu/ros2_ws/install/web_control/share/web_control/web/stream/webrtc/.venv/lib/python3.12/site-packages/pip/_vendor/rich/progress_bar.py
[1.564s] DEBUG:colcon.colcon_core.task.python.build:While undoing a previous installation files outside the Python library path are being ignored: /home/matthieu/ros2_ws/install/web_control/share/web_control/web/stream/webrtc/.venv/lib/python3.12/site-packages/pip/_vendor/rich/live_render.py
[1.564s] DEBUG:colcon.colcon_core.task.python.build:While undoing a previous installation files outside the Python library path are being ignored: /home/matthieu/ros2_ws/install/web_control/share/web_control/web/stream/webrtc/.venv/lib/python3.12/site-packages/pip/_vendor/rich/padding.py
[1.564s] DEBUG:colcon.colcon_core.task.python.build:While undoing a previous installation files outside the Python library path are being ignored: /home/matthieu/ros2_ws/install/web_control/share/web_control/web/stream/webrtc/.venv/lib/python3.12/site-packages/pip/_vendor/rich/_cell_widths.py
[1.564s] DEBUG:colcon.colcon_core.task.python.build:While undoing a previous installation files outside the Python library path are being ignored: /home/matthieu/ros2_ws/install/web_control/share/web_control/web/stream/webrtc/.venv/lib/python3.12/site-packages/pip/_vendor/rich/ansi.py
[1.564s] DEBUG:colcon.colcon_core.task.python.build:While undoing a previous installation files outside the Python library path are being ignored: /home/matthieu/ros2_ws/install/web_control/share/web_control/web/stream/webrtc/.venv/lib/python3.12/site-packages/pip/_vendor/rich/control.py
[1.564s] DEBUG:colcon.colcon_core.task.python.build:While undoing a previous installation files outside the Python library path are being ignored: /home/matthieu/ros2_ws/install/web_control/share/web_control/web/stream/webrtc/.venv/lib/python3.12/site-packages/pip/_vendor/rich/_fileno.py
[1.564s] DEBUG:colcon.colcon_core.task.python.build:While undoing a previous installation files outside the Python library path are being ignored: /home/matthieu/ros2_ws/install/web_control/share/web_control/web/stream/webrtc/.venv/lib/python3.12/site-packages/pip/_vendor/rich/_export_format.py
[1.564s] DEBUG:colcon.colcon_core.task.python.build:While undoing a previous installation files outside the Python library path are being ignored: /home/matthieu/ros2_ws/install/web_control/share/web_control/web/stream/webrtc/.venv/lib/python3.12/site-packages/pip/_vendor/rich/align.py
[1.564s] DEBUG:colcon.colcon_core.task.python.build:While undoing a previous installation files outside the Python library path are being ignored: /home/matthieu/ros2_ws/install/web_control/share/web_control/web/stream/webrtc/.venv/lib/python3.12/site-packages/pip/_vendor/rich/live.py
[1.564s] DEBUG:colcon.colcon_core.task.python.build:While undoing a previous installation files outside the Python library path are being ignored: /home/matthieu/ros2_ws/install/web_control/share/web_control/web/stream/webrtc/.venv/lib/python3.12/site-packages/pip/_vendor/rich/styled.py
[1.564s] DEBUG:colcon.colcon_core.task.python.build:While undoing a previous installation files outside the Python library path are being ignored: /home/matthieu/ros2_ws/install/web_control/share/web_control/web/stream/webrtc/.venv/lib/python3.12/site-packages/pip/_vendor/rich/columns.py
[1.564s] DEBUG:colcon.colcon_core.task.python.build:While undoing a previous installation files outside the Python library path are being ignored: /home/matthieu/ros2_ws/install/web_control/share/web_control/web/stream/webrtc/.venv/lib/python3.12/site-packages/pip/_vendor/rich/_ratio.py
[1.564s] DEBUG:colcon.colcon_core.task.python.build:While undoing a previous installation files outside the Python library path are being ignored: /home/matthieu/ros2_ws/install/web_control/share/web_control/web/stream/webrtc/.venv/lib/python3.12/site-packages/pip/_vendor/rich/prompt.py
[1.564s] DEBUG:colcon.colcon_core.task.python.build:While undoing a previous installation files outside the Python library path are being ignored: /home/matthieu/ros2_ws/install/web_control/share/web_control/web/stream/webrtc/.venv/lib/python3.12/site-packages/pip/_vendor/rich/diagnose.py
[1.564s] DEBUG:colcon.colcon_core.task.python.build:While undoing a previous installation files outside the Python library path are being ignored: /home/matthieu/ros2_ws/install/web_control/share/web_control/web/stream/webrtc/.venv/lib/python3.12/site-packages/pip/_vendor/rich/logging.py
[1.564s] DEBUG:colcon.colcon_core.task.python.build:While undoing a previous installation files outside the Python library path are being ignored: /home/matthieu/ros2_ws/install/web_control/share/web_control/web/stream/webrtc/.venv/lib/python3.12/site-packages/pip/_vendor/rich/default_styles.py
[1.564s] DEBUG:colcon.colcon_core.task.python.build:While undoing a previous installation files outside the Python library path are being ignored: /home/matthieu/ros2_ws/install/web_control/share/web_control/web/stream/webrtc/.venv/lib/python3.12/site-packages/pip/_vendor/rich/_inspect.py
[1.564s] DEBUG:colcon.colcon_core.task.python.build:While undoing a previous installation files outside the Python library path are being ignored: /home/matthieu/ros2_ws/install/web_control/share/web_control/web/stream/webrtc/.venv/lib/python3.12/site-packages/pip/_vendor/rich/text.py
[1.564s] DEBUG:colcon.colcon_core.task.python.build:While undoing a previous installation files outside the Python library path are being ignored: /home/matthieu/ros2_ws/install/web_control/share/web_control/web/stream/webrtc/.venv/lib/python3.12/site-packages/pip/_vendor/rich/_log_render.py
[1.564s] DEBUG:colcon.colcon_core.task.python.build:While undoing a previous installation files outside the Python library path are being ignored: /home/matthieu/ros2_ws/install/web_control/share/web_control/web/stream/webrtc/.venv/lib/python3.12/site-packages/pip/_vendor/rich/spinner.py
[1.564s] DEBUG:colcon.colcon_core.task.python.build:While undoing a previous installation files outside the Python library path are being ignored: /home/matthieu/ros2_ws/install/web_control/share/web_control/web/stream/webrtc/.venv/lib/python3.12/site-packages/pip/_vendor/rich/repr.py
[1.564s] DEBUG:colcon.colcon_core.task.python.build:While undoing a previous installation files outside the Python library path are being ignored: /home/matthieu/ros2_ws/install/web_control/share/web_control/web/stream/webrtc/.venv/lib/python3.12/site-packages/pip/_vendor/rich/containers.py
[1.564s] DEBUG:colcon.colcon_core.task.python.build:While undoing a previous installation files outside the Python library path are being ignored: /home/matthieu/ros2_ws/install/web_control/share/web_control/web/stream/webrtc/.venv/lib/python3.12/site-packages/pip/_vendor/rich/_palettes.py
[1.564s] DEBUG:colcon.colcon_core.task.python.build:While undoing a previous installation files outside the Python library path are being ignored: /home/matthieu/ros2_ws/install/web_control/share/web_control/web/stream/webrtc/.venv/lib/python3.12/site-packages/pip/_vendor/rich/style.py
[1.564s] DEBUG:colcon.colcon_core.task.python.build:While undoing a previous installation files outside the Python library path are being ignored: /home/matthieu/ros2_ws/install/web_control/share/web_control/web/stream/webrtc/.venv/lib/python3.12/site-packages/pip/_vendor/rich/jupyter.py
[1.564s] DEBUG:colcon.colcon_core.task.python.build:While undoing a previous installation files outside the Python library path are being ignored: /home/matthieu/ros2_ws/install/web_control/share/web_control/web/stream/webrtc/.venv/lib/python3.12/site-packages/pip/_vendor/rich/highlighter.py
[1.564s] DEBUG:colcon.colcon_core.task.python.build:While undoing a previous installation files outside the Python library path are being ignored: /home/matthieu/ros2_ws/install/web_control/share/web_control/web/stream/webrtc/.venv/lib/python3.12/site-packages/pip/_vendor/rich/_extension.py
[1.564s] DEBUG:colcon.colcon_core.task.python.build:While undoing a previous installation files outside the Python library path are being ignored: /home/matthieu/ros2_ws/install/web_control/share/web_control/web/stream/webrtc/.venv/lib/python3.12/site-packages/pip/_vendor/rich/errors.py
[1.564s] DEBUG:colcon.colcon_core.task.python.build:While undoing a previous installation files outside the Python library path are being ignored: /home/matthieu/ros2_ws/install/web_control/share/web_control/web/stream/webrtc/.venv/lib/python3.12/site-packages/pip/_vendor/rich/__main__.py
[1.564s] DEBUG:colcon.colcon_core.task.python.build:While undoing a previous installation files outside the Python library path are being ignored: /home/matthieu/ros2_ws/install/web_control/share/web_control/web/stream/webrtc/.venv/lib/python3.12/site-packages/pip/_vendor/rich/table.py
[1.564s] DEBUG:colcon.colcon_core.task.python.build:While undoing a previous installation files outside the Python library path are being ignored: /home/matthieu/ros2_ws/install/web_control/share/web_control/web/stream/webrtc/.venv/lib/python3.12/site-packages/pip/_vendor/rich/console.py
[1.564s] DEBUG:colcon.colcon_core.task.python.build:While undoing a previous installation files outside the Python library path are being ignored: /home/matthieu/ros2_ws/install/web_control/share/web_control/web/stream/webrtc/.venv/lib/python3.12/site-packages/pip/_vendor/rich/_stack.py
[1.564s] DEBUG:colcon.colcon_core.task.python.build:While undoing a previous installation files outside the Python library path are being ignored: /home/matthieu/ros2_ws/install/web_control/share/web_control/web/stream/webrtc/.venv/lib/python3.12/site-packages/pip/_vendor/rich/measure.py
[1.564s] DEBUG:colcon.colcon_core.task.python.build:While undoing a previous installation files outside the Python library path are being ignored: /home/matthieu/ros2_ws/install/web_control/share/web_control/web/stream/webrtc/.venv/lib/python3.12/site-packages/pip/_vendor/rich/_null_file.py
[1.564s] DEBUG:colcon.colcon_core.task.python.build:While undoing a previous installation files outside the Python library path are being ignored: /home/matthieu/ros2_ws/install/web_control/share/web_control/web/stream/webrtc/.venv/lib/python3.12/site-packages/pip/_vendor/rich/syntax.py
[1.564s] DEBUG:colcon.colcon_core.task.python.build:While undoing a previous installation files outside the Python library path are being ignored: /home/matthieu/ros2_ws/install/web_control/share/web_control/web/stream/webrtc/.venv/lib/python3.12/site-packages/pip/_vendor/rich/color_triplet.py
[1.564s] DEBUG:colcon.colcon_core.task.python.build:While undoing a previous installation files outside the Python library path are being ignored: /home/matthieu/ros2_ws/install/web_control/share/web_control/web/stream/webrtc/.venv/lib/python3.12/site-packages/pip/_vendor/rich/bar.py
[1.564s] DEBUG:colcon.colcon_core.task.python.build:While undoing a previous installation files outside the Python library path are being ignored: /home/matthieu/ros2_ws/install/web_control/share/web_control/web/stream/webrtc/.venv/lib/python3.12/site-packages/pip/_vendor/rich/abc.py
[1.564s] DEBUG:colcon.colcon_core.task.python.build:While undoing a previous installation files outside the Python library path are being ignored: /home/matthieu/ros2_ws/install/web_control/share/web_control/web/stream/webrtc/.venv/lib/python3.12/site-packages/pip/_vendor/rich/_wrap.py
[1.564s] DEBUG:colcon.colcon_core.task.python.build:While undoing a previous installation files outside the Python library path are being ignored: /home/matthieu/ros2_ws/install/web_control/share/web_control/web/stream/webrtc/.venv/lib/python3.12/site-packages/pip/_vendor/rich/constrain.py
[1.564s] DEBUG:colcon.colcon_core.task.python.build:While undoing a previous installation files outside the Python library path are being ignored: /home/matthieu/ros2_ws/install/web_control/share/web_control/web/stream/webrtc/.venv/lib/python3.12/site-packages/pip/_vendor/rich/segment.py
[1.564s] DEBUG:colcon.colcon_core.task.python.build:While undoing a previous installation files outside the Python library path are being ignored: /home/matthieu/ros2_ws/install/web_control/share/web_control/web/stream/webrtc/.venv/lib/python3.12/site-packages/pip/_vendor/rich/_windows.py
[1.564s] DEBUG:colcon.colcon_core.task.python.build:While undoing a previous installation files outside the Python library path are being ignored: /home/matthieu/ros2_ws/install/web_control/share/web_control/web/stream/webrtc/.venv/lib/python3.12/site-packages/pip/_vendor/rich/protocol.py
[1.564s] DEBUG:colcon.colcon_core.task.python.build:While undoing a previous installation files outside the Python library path are being ignored: /home/matthieu/ros2_ws/install/web_control/share/web_control/web/stream/webrtc/.venv/lib/python3.12/site-packages/pip/_vendor/rich/rule.py
[1.564s] DEBUG:colcon.colcon_core.task.python.build:While undoing a previous installation files outside the Python library path are being ignored: /home/matthieu/ros2_ws/install/web_control/share/web_control/web/stream/webrtc/.venv/lib/python3.12/site-packages/pip/_vendor/rich/_timer.py
[1.564s] DEBUG:colcon.colcon_core.task.python.build:While undoing a previous installation files outside the Python library path are being ignored: /home/matthieu/ros2_ws/install/web_control/share/web_control/web/stream/webrtc/.venv/lib/python3.12/site-packages/pip/_vendor/rich/_win32_console.py
[1.564s] DEBUG:colcon.colcon_core.task.python.build:While undoing a previous installation files outside the Python library path are being ignored: /home/matthieu/ros2_ws/install/web_control/share/web_control/web/stream/webrtc/.venv/lib/python3.12/site-packages/pip/_vendor/rich/_emoji_replace.py
[1.564s] DEBUG:colcon.colcon_core.task.python.build:While undoing a previous installation files outside the Python library path are being ignored: /home/matthieu/ros2_ws/install/web_control/share/web_control/web/stream/webrtc/.venv/lib/python3.12/site-packages/pip/_vendor/rich/json.py
[1.565s] DEBUG:colcon.colcon_core.task.python.build:While undoing a previous installation files outside the Python library path are being ignored: /home/matthieu/ros2_ws/install/web_control/share/web_control/web/stream/webrtc/.venv/lib/python3.12/site-packages/pip/_vendor/rich/color.py
[1.565s] DEBUG:colcon.colcon_core.task.python.build:While undoing a previous installation files outside the Python library path are being ignored: /home/matthieu/ros2_ws/install/web_control/share/web_control/web/stream/webrtc/.venv/lib/python3.12/site-packages/pip/_vendor/rich/traceback.py
[1.565s] DEBUG:colcon.colcon_core.task.python.build:While undoing a previous installation files outside the Python library path are being ignored: /home/matthieu/ros2_ws/install/web_control/share/web_control/web/stream/webrtc/.venv/lib/python3.12/site-packages/pip/_vendor/rich/themes.py
[1.565s] DEBUG:colcon.colcon_core.task.python.build:While undoing a previous installation files outside the Python library path are being ignored: /home/matthieu/ros2_ws/install/web_control/share/web_control/web/stream/webrtc/.venv/lib/python3.12/site-packages/pip/_vendor/rich/pager.py
[1.565s] DEBUG:colcon.colcon_core.task.python.build:While undoing a previous installation files outside the Python library path are being ignored: /home/matthieu/ros2_ws/install/web_control/share/web_control/web/stream/webrtc/.venv/lib/python3.12/site-packages/pip/_vendor/rich/tree.py
[1.565s] DEBUG:colcon.colcon_core.task.python.build:While undoing a previous installation files outside the Python library path are being ignored: /home/matthieu/ros2_ws/install/web_control/share/web_control/web/stream/webrtc/.venv/lib/python3.12/site-packages/pip/_vendor/rich/_windows_renderer.py
[1.565s] DEBUG:colcon.colcon_core.task.python.build:While undoing a previous installation files outside the Python library path are being ignored: /home/matthieu/ros2_ws/install/web_control/share/web_control/web/stream/webrtc/.venv/lib/python3.12/site-packages/pip/_vendor/rich/__init__.py
[1.565s] DEBUG:colcon.colcon_core.task.python.build:While undoing a previous installation files outside the Python library path are being ignored: /home/matthieu/ros2_ws/install/web_control/share/web_control/web/stream/webrtc/.venv/lib/python3.12/site-packages/pip/_vendor/rich/markup.py
[1.565s] DEBUG:colcon.colcon_core.task.python.build:While undoing a previous installation files outside the Python library path are being ignored: /home/matthieu/ros2_ws/install/web_control/share/web_control/web/stream/webrtc/.venv/lib/python3.12/site-packages/pip/_vendor/rich/__pycache__/layout.cpython-312.pyc
[1.565s] DEBUG:colcon.colcon_core.task.python.build:While undoing a previous installation files outside the Python library path are being ignored: /home/matthieu/ros2_ws/install/web_control/share/web_control/web/stream/webrtc/.venv/lib/python3.12/site-packages/pip/_vendor/rich/__pycache__/_ratio.cpython-312.pyc
[1.565s] DEBUG:colcon.colcon_core.task.python.build:While undoing a previous installation files outside the Python library path are being ignored: /home/matthieu/ros2_ws/install/web_control/share/web_control/web/stream/webrtc/.venv/lib/python3.12/site-packages/pip/_vendor/rich/__pycache__/markup.cpython-312.pyc
[1.565s] DEBUG:colcon.colcon_core.task.python.build:While undoing a previous installation files outside the Python library path are being ignored: /home/matthieu/ros2_ws/install/web_control/share/web_control/web/stream/webrtc/.venv/lib/python3.12/site-packages/pip/_vendor/rich/__pycache__/_extension.cpython-312.pyc
[1.565s] DEBUG:colcon.colcon_core.task.python.build:While undoing a previous installation files outside the Python library path are being ignored: /home/matthieu/ros2_ws/install/web_control/share/web_control/web/stream/webrtc/.venv/lib/python3.12/site-packages/pip/_vendor/rich/__pycache__/bar.cpython-312.pyc
[1.565s] DEBUG:colcon.colcon_core.task.python.build:While undoing a previous installation files outside the Python library path are being ignored: /home/matthieu/ros2_ws/install/web_control/share/web_control/web/stream/webrtc/.venv/lib/python3.12/site-packages/pip/_vendor/rich/__pycache__/measure.cpython-312.pyc
[1.565s] DEBUG:colcon.colcon_core.task.python.build:While undoing a previous installation files outside the Python library path are being ignored: /home/matthieu/ros2_ws/install/web_control/share/web_control/web/stream/webrtc/.venv/lib/python3.12/site-packages/pip/_vendor/rich/__pycache__/_cell_widths.cpython-312.pyc
[1.565s] DEBUG:colcon.colcon_core.task.python.build:While undoing a previous installation files outside the Python library path are being ignored: /home/matthieu/ros2_ws/install/web_control/share/web_control/web/stream/webrtc/.venv/lib/python3.12/site-packages/pip/_vendor/rich/__pycache__/errors.cpython-312.pyc
[1.565s] DEBUG:colcon.colcon_core.task.python.build:While undoing a previous installation files outside the Python library path are being ignored: /home/matthieu/ros2_ws/install/web_control/share/web_control/web/stream/webrtc/.venv/lib/python3.12/site-packages/pip/_vendor/rich/__pycache__/_inspect.cpython-312.pyc
[1.565s] DEBUG:colcon.colcon_core.task.python.build:While undoing a previous installation files outside the Python library path are being ignored: /home/matthieu/ros2_ws/install/web_control/share/web_control/web/stream/webrtc/.venv/lib/python3.12/site-packages/pip/_vendor/rich/__pycache__/themes.cpython-312.pyc
[1.565s] DEBUG:colcon.colcon_core.task.python.build:While undoing a previous installation files outside the Python library path are being ignored: /home/matthieu/ros2_ws/install/web_control/share/web_control/web/stream/webrtc/.venv/lib/python3.12/site-packages/pip/_vendor/rich/__pycache__/containers.cpython-312.pyc
[1.565s] DEBUG:colcon.colcon_core.task.python.build:While undoing a previous installation files outside the Python library path are being ignored: /home/matthieu/ros2_ws/install/web_control/share/web_control/web/stream/webrtc/.venv/lib/python3.12/site-packages/pip/_vendor/rich/__pycache__/_pick.cpython-312.pyc
[1.565s] DEBUG:colcon.colcon_core.task.python.build:While undoing a previous installation files outside the Python library path are being ignored: /home/matthieu/ros2_ws/install/web_control/share/web_control/web/stream/webrtc/.venv/lib/python3.12/site-packages/pip/_vendor/rich/__pycache__/region.cpython-312.pyc
[1.565s] DEBUG:colcon.colcon_core.task.python.build:While undoing a previous installation files outside the Python library path are being ignored: /home/matthieu/ros2_ws/install/web_control/share/web_control/web/stream/webrtc/.venv/lib/python3.12/site-packages/pip/_vendor/rich/__pycache__/_loop.cpython-312.pyc
[1.565s] DEBUG:colcon.colcon_core.task.python.build:While undoing a previous installation files outside the Python library path are being ignored: /home/matthieu/ros2_ws/install/web_control/share/web_control/web/stream/webrtc/.venv/lib/python3.12/site-packages/pip/_vendor/rich/__pycache__/_windows.cpython-312.pyc
[1.565s] DEBUG:colcon.colcon_core.task.python.build:While undoing a previous installation files outside the Python library path are being ignored: /home/matthieu/ros2_ws/install/web_control/share/web_control/web/stream/webrtc/.venv/lib/python3.12/site-packages/pip/_vendor/rich/__pycache__/progress_bar.cpython-312.pyc
[1.565s] DEBUG:colcon.colcon_core.task.python.build:While undoing a previous installation files outside the Python library path are being ignored: /home/matthieu/ros2_ws/install/web_control/share/web_control/web/stream/webrtc/.venv/lib/python3.12/site-packages/pip/_vendor/rich/__pycache__/repr.cpython-312.pyc
[1.565s] DEBUG:colcon.colcon_core.task.python.build:While undoing a previous installation files outside the Python library path are being ignored: /home/matthieu/ros2_ws/install/web_control/share/web_control/web/stream/webrtc/.venv/lib/python3.12/site-packages/pip/_vendor/rich/__pycache__/jupyter.cpython-312.pyc
[1.565s] DEBUG:colcon.colcon_core.task.python.build:While undoing a previous installation files outside the Python library path are being ignored: /home/matthieu/ros2_ws/install/web_control/share/web_control/web/stream/webrtc/.venv/lib/python3.12/site-packages/pip/_vendor/rich/__pycache__/rule.cpython-312.pyc
[1.565s] DEBUG:colcon.colcon_core.task.python.build:While undoing a previous installation files outside the Python library path are being ignored: /home/matthieu/ros2_ws/install/web_control/share/web_control/web/stream/webrtc/.venv/lib/python3.12/site-packages/pip/_vendor/rich/__pycache__/traceback.cpython-312.pyc
[1.565s] DEBUG:colcon.colcon_core.task.python.build:While undoing a previous installation files outside the Python library path are being ignored: /home/matthieu/ros2_ws/install/web_control/share/web_control/web/stream/webrtc/.venv/lib/python3.12/site-packages/pip/_vendor/rich/__pycache__/_export_format.cpython-312.pyc
[1.565s] DEBUG:colcon.colcon_core.task.python.build:While undoing a previous installation files outside the Python library path are being ignored: /home/matthieu/ros2_ws/install/web_control/share/web_control/web/stream/webrtc/.venv/lib/python3.12/site-packages/pip/_vendor/rich/__pycache__/constrain.cpython-312.pyc
[1.565s] DEBUG:colcon.colcon_core.task.python.build:While undoing a previous installation files outside the Python library path are being ignored: /home/matthieu/ros2_ws/install/web_control/share/web_control/web/stream/webrtc/.venv/lib/python3.12/site-packages/pip/_vendor/rich/__pycache__/_emoji_codes.cpython-312.pyc
[1.565s] DEBUG:colcon.colcon_core.task.python.build:While undoing a previous installation files outside the Python library path are being ignored: /home/matthieu/ros2_ws/install/web_control/share/web_control/web/stream/webrtc/.venv/lib/python3.12/site-packages/pip/_vendor/rich/__pycache__/_fileno.cpython-312.pyc
[1.565s] DEBUG:colcon.colcon_core.task.python.build:While undoing a previous installation files outside the Python library path are being ignored: /home/matthieu/ros2_ws/install/web_control/share/web_control/web/stream/webrtc/.venv/lib/python3.12/site-packages/pip/_vendor/rich/__pycache__/default_styles.cpython-312.pyc
[1.565s] DEBUG:colcon.colcon_core.task.python.build:While undoing a previous installation files outside the Python library path are being ignored: /home/matthieu/ros2_ws/install/web_control/share/web_control/web/stream/webrtc/.venv/lib/python3.12/site-packages/pip/_vendor/rich/__pycache__/segment.cpython-312.pyc
[1.565s] DEBUG:colcon.colcon_core.task.python.build:While undoing a previous installation files outside the Python library path are being ignored: /home/matthieu/ros2_ws/install/web_control/share/web_control/web/stream/webrtc/.venv/lib/python3.12/site-packages/pip/_vendor/rich/__pycache__/status.cpython-312.pyc
[1.565s] DEBUG:colcon.colcon_core.task.python.build:While undoing a previous installation files outside the Python library path are being ignored: /home/matthieu/ros2_ws/install/web_control/share/web_control/web/stream/webrtc/.venv/lib/python3.12/site-packages/pip/_vendor/rich/__pycache__/prompt.cpython-312.pyc
[1.565s] DEBUG:colcon.colcon_core.task.python.build:While undoing a previous installation files outside the Python library path are being ignored: /home/matthieu/ros2_ws/install/web_control/share/web_control/web/stream/webrtc/.venv/lib/python3.12/site-packages/pip/_vendor/rich/__pycache__/highlighter.cpython-312.pyc
[1.565s] DEBUG:colcon.colcon_core.task.python.build:While undoing a previous installation files outside the Python library path are being ignored: /home/matthieu/ros2_ws/install/web_control/share/web_control/web/stream/webrtc/.venv/lib/python3.12/site-packages/pip/_vendor/rich/__pycache__/abc.cpython-312.pyc
[1.565s] DEBUG:colcon.colcon_core.task.python.build:While undoing a previous installation files outside the Python library path are being ignored: /home/matthieu/ros2_ws/install/web_control/share/web_control/web/stream/webrtc/.venv/lib/python3.12/site-packages/pip/_vendor/rich/__pycache__/pager.cpython-312.pyc
[1.565s] DEBUG:colcon.colcon_core.task.python.build:While undoing a previous installation files outside the Python library path are being ignored: /home/matthieu/ros2_ws/install/web_control/share/web_control/web/stream/webrtc/.venv/lib/python3.12/site-packages/pip/_vendor/rich/__pycache__/box.cpython-312.pyc
[1.565s] DEBUG:colcon.colcon_core.task.python.build:While undoing a previous installation files outside the Python library path are being ignored: /home/matthieu/ros2_ws/install/web_control/share/web_control/web/stream/webrtc/.venv/lib/python3.12/site-packages/pip/_vendor/rich/__pycache__/control.cpython-312.pyc
[1.565s] DEBUG:colcon.colcon_core.task.python.build:While undoing a previous installation files outside the Python library path are being ignored: /home/matthieu/ros2_ws/install/web_control/share/web_control/web/stream/webrtc/.venv/lib/python3.12/site-packages/pip/_vendor/rich/__pycache__/_null_file.cpython-312.pyc
[1.565s] DEBUG:colcon.colcon_core.task.python.build:While undoing a previous installation files outside the Python library path are being ignored: /home/matthieu/ros2_ws/install/web_control/share/web_control/web/stream/webrtc/.venv/lib/python3.12/site-packages/pip/_vendor/rich/__pycache__/live.cpython-312.pyc
[1.565s] DEBUG:colcon.colcon_core.task.python.build:While undoing a previous installation files outside the Python library path are being ignored: /home/matthieu/ros2_ws/install/web_control/share/web_control/web/stream/webrtc/.venv/lib/python3.12/site-packages/pip/_vendor/rich/__pycache__/screen.cpython-312.pyc
[1.565s] DEBUG:colcon.colcon_core.task.python.build:While undoing a previous installation files outside the Python library path are being ignored: /home/matthieu/ros2_ws/install/web_control/share/web_control/web/stream/webrtc/.venv/lib/python3.12/site-packages/pip/_vendor/rich/__pycache__/columns.cpython-312.pyc
[1.565s] DEBUG:colcon.colcon_core.task.python.build:While undoing a previous installation files outside the Python library path are being ignored: /home/matthieu/ros2_ws/install/web_control/share/web_control/web/stream/webrtc/.venv/lib/python3.12/site-packages/pip/_vendor/rich/__pycache__/_palettes.cpython-312.pyc
[1.565s] DEBUG:colcon.colcon_core.task.python.build:While undoing a previous installation files outside the Python library path are being ignored: /home/matthieu/ros2_ws/install/web_control/share/web_control/web/stream/webrtc/.venv/lib/python3.12/site-packages/pip/_vendor/rich/__pycache__/color.cpython-312.pyc
[1.565s] DEBUG:colcon.colcon_core.task.python.build:While undoing a previous installation files outside the Python library path are being ignored: /home/matthieu/ros2_ws/install/web_control/share/web_control/web/stream/webrtc/.venv/lib/python3.12/site-packages/pip/_vendor/rich/__pycache__/_emoji_replace.cpython-312.pyc
[1.565s] DEBUG:colcon.colcon_core.task.python.build:While undoing a previous installation files outside the Python library path are being ignored: /home/matthieu/ros2_ws/install/web_control/share/web_control/web/stream/webrtc/.venv/lib/python3.12/site-packages/pip/_vendor/rich/__pycache__/_timer.cpython-312.pyc
[1.565s] DEBUG:colcon.colcon_core.task.python.build:While undoing a previous installation files outside the Python library path are being ignored: /home/matthieu/ros2_ws/install/web_control/share/web_control/web/stream/webrtc/.venv/lib/python3.12/site-packages/pip/_vendor/rich/__pycache__/_win32_console.cpython-312.pyc
[1.565s] DEBUG:colcon.colcon_core.task.python.build:While undoing a previous installation files outside the Python library path are being ignored: /home/matthieu/ros2_ws/install/web_control/share/web_control/web/stream/webrtc/.venv/lib/python3.12/site-packages/pip/_vendor/rich/__pycache__/terminal_theme.cpython-312.pyc
[1.565s] DEBUG:colcon.colcon_core.task.python.build:While undoing a previous installation files outside the Python library path are being ignored: /home/matthieu/ros2_ws/install/web_control/share/web_control/web/stream/webrtc/.venv/lib/python3.12/site-packages/pip/_vendor/rich/__pycache__/_log_render.cpython-312.pyc
[1.565s] DEBUG:colcon.colcon_core.task.python.build:While undoing a previous installation files outside the Python library path are being ignored: /home/matthieu/ros2_ws/install/web_control/share/web_control/web/stream/webrtc/.venv/lib/python3.12/site-packages/pip/_vendor/rich/__pycache__/style.cpython-312.pyc
[1.565s] DEBUG:colcon.colcon_core.task.python.build:While undoing a previous installation files outside the Python library path are being ignored: /home/matthieu/ros2_ws/install/web_control/share/web_control/web/stream/webrtc/.venv/lib/python3.12/site-packages/pip/_vendor/rich/__pycache__/logging.cpython-312.pyc
[1.565s] DEBUG:colcon.colcon_core.task.python.build:While undoing a previous installation files outside the Python library path are being ignored: /home/matthieu/ros2_ws/install/web_control/share/web_control/web/stream/webrtc/.venv/lib/python3.12/site-packages/pip/_vendor/rich/__pycache__/progress.cpython-312.pyc
[1.565s] DEBUG:colcon.colcon_core.task.python.build:While undoing a previous installation files outside the Python library path are being ignored: /home/matthieu/ros2_ws/install/web_control/share/web_control/web/stream/webrtc/.venv/lib/python3.12/site-packages/pip/_vendor/rich/__pycache__/diagnose.cpython-312.pyc
[1.566s] DEBUG:colcon.colcon_core.task.python.build:While undoing a previous installation files outside the Python library path are being ignored: /home/matthieu/ros2_ws/install/web_control/share/web_control/web/stream/webrtc/.venv/lib/python3.12/site-packages/pip/_vendor/rich/__pycache__/__main__.cpython-312.pyc
[1.566s] DEBUG:colcon.colcon_core.task.python.build:While undoing a previous installation files outside the Python library path are being ignored: /home/matthieu/ros2_ws/install/web_control/share/web_control/web/stream/webrtc/.venv/lib/python3.12/site-packages/pip/_vendor/rich/__pycache__/table.cpython-312.pyc
[1.566s] DEBUG:colcon.colcon_core.task.python.build:While undoing a previous installation files outside the Python library path are being ignored: /home/matthieu/ros2_ws/install/web_control/share/web_control/web/stream/webrtc/.venv/lib/python3.12/site-packages/pip/_vendor/rich/__pycache__/spinner.cpython-312.pyc
[1.566s] DEBUG:colcon.colcon_core.task.python.build:While undoing a previous installation files outside the Python library path are being ignored: /home/matthieu/ros2_ws/install/web_control/share/web_control/web/stream/webrtc/.venv/lib/python3.12/site-packages/pip/_vendor/rich/__pycache__/cells.cpython-312.pyc
[1.566s] DEBUG:colcon.colcon_core.task.python.build:While undoing a previous installation files outside the Python library path are being ignored: /home/matthieu/ros2_ws/install/web_control/share/web_control/web/stream/webrtc/.venv/lib/python3.12/site-packages/pip/_vendor/rich/__pycache__/protocol.cpython-312.pyc
[1.566s] DEBUG:colcon.colcon_core.task.python.build:While undoing a previous installation files outside the Python library path are being ignored: /home/matthieu/ros2_ws/install/web_control/share/web_control/web/stream/webrtc/.venv/lib/python3.12/site-packages/pip/_vendor/rich/__pycache__/syntax.cpython-312.pyc
[1.566s] DEBUG:colcon.colcon_core.task.python.build:While undoing a previous installation files outside the Python library path are being ignored: /home/matthieu/ros2_ws/install/web_control/share/web_control/web/stream/webrtc/.venv/lib/python3.12/site-packages/pip/_vendor/rich/__pycache__/filesize.cpython-312.pyc
[1.566s] DEBUG:colcon.colcon_core.task.python.build:While undoing a previous installation files outside the Python library path are being ignored: /home/matthieu/ros2_ws/install/web_control/share/web_control/web/stream/webrtc/.venv/lib/python3.12/site-packages/pip/_vendor/rich/__pycache__/console.cpython-312.pyc
[1.566s] DEBUG:colcon.colcon_core.task.python.build:While undoing a previous installation files outside the Python library path are being ignored: /home/matthieu/ros2_ws/install/web_control/share/web_control/web/stream/webrtc/.venv/lib/python3.12/site-packages/pip/_vendor/rich/__pycache__/text.cpython-312.pyc
[1.566s] DEBUG:colcon.colcon_core.task.python.build:While undoing a previous installation files outside the Python library path are being ignored: /home/matthieu/ros2_ws/install/web_control/share/web_control/web/stream/webrtc/.venv/lib/python3.12/site-packages/pip/_vendor/rich/__pycache__/tree.cpython-312.pyc
[1.566s] DEBUG:colcon.colcon_core.task.python.build:While undoing a previous installation files outside the Python library path are being ignored: /home/matthieu/ros2_ws/install/web_control/share/web_control/web/stream/webrtc/.venv/lib/python3.12/site-packages/pip/_vendor/rich/__pycache__/styled.cpython-312.pyc
[1.566s] DEBUG:colcon.colcon_core.task.python.build:While undoing a previous installation files outside the Python library path are being ignored: /home/matthieu/ros2_ws/install/web_control/share/web_control/web/stream/webrtc/.venv/lib/python3.12/site-packages/pip/_vendor/rich/__pycache__/live_render.cpython-312.pyc
[1.566s] DEBUG:colcon.colcon_core.task.python.build:While undoing a previous installation files outside the Python library path are being ignored: /home/matthieu/ros2_ws/install/web_control/share/web_control/web/stream/webrtc/.venv/lib/python3.12/site-packages/pip/_vendor/rich/__pycache__/__init__.cpython-312.pyc
[1.566s] DEBUG:colcon.colcon_core.task.python.build:While undoing a previous installation files outside the Python library path are being ignored: /home/matthieu/ros2_ws/install/web_control/share/web_control/web/stream/webrtc/.venv/lib/python3.12/site-packages/pip/_vendor/rich/__pycache__/theme.cpython-312.pyc
[1.566s] DEBUG:colcon.colcon_core.task.python.build:While undoing a previous installation files outside the Python library path are being ignored: /home/matthieu/ros2_ws/install/web_control/share/web_control/web/stream/webrtc/.venv/lib/python3.12/site-packages/pip/_vendor/rich/__pycache__/ansi.cpython-312.pyc
[1.566s] DEBUG:colcon.colcon_core.task.python.build:While undoing a previous installation files outside the Python library path are being ignored: /home/matthieu/ros2_ws/install/web_control/share/web_control/web/stream/webrtc/.venv/lib/python3.12/site-packages/pip/_vendor/rich/__pycache__/file_proxy.cpython-312.pyc
[1.566s] DEBUG:colcon.colcon_core.task.python.build:While undoing a previous installation files outside the Python library path are being ignored: /home/matthieu/ros2_ws/install/web_control/share/web_control/web/stream/webrtc/.venv/lib/python3.12/site-packages/pip/_vendor/rich/__pycache__/_stack.cpython-312.pyc
[1.566s] DEBUG:colcon.colcon_core.task.python.build:While undoing a previous installation files outside the Python library path are being ignored: /home/matthieu/ros2_ws/install/web_control/share/web_control/web/stream/webrtc/.venv/lib/python3.12/site-packages/pip/_vendor/rich/__pycache__/scope.cpython-312.pyc
[1.566s] DEBUG:colcon.colcon_core.task.python.build:While undoing a previous installation files outside the Python library path are being ignored: /home/matthieu/ros2_ws/install/web_control/share/web_control/web/stream/webrtc/.venv/lib/python3.12/site-packages/pip/_vendor/rich/__pycache__/color_triplet.cpython-312.pyc
[1.566s] DEBUG:colcon.colcon_core.task.python.build:While undoing a previous installation files outside the Python library path are being ignored: /home/matthieu/ros2_ws/install/web_control/share/web_control/web/stream/webrtc/.venv/lib/python3.12/site-packages/pip/_vendor/rich/__pycache__/emoji.cpython-312.pyc
[1.566s] DEBUG:colcon.colcon_core.task.python.build:While undoing a previous installation files outside the Python library path are being ignored: /home/matthieu/ros2_ws/install/web_control/share/web_control/web/stream/webrtc/.venv/lib/python3.12/site-packages/pip/_vendor/rich/__pycache__/json.cpython-312.pyc
[1.566s] DEBUG:colcon.colcon_core.task.python.build:While undoing a previous installation files outside the Python library path are being ignored: /home/matthieu/ros2_ws/install/web_control/share/web_control/web/stream/webrtc/.venv/lib/python3.12/site-packages/pip/_vendor/rich/__pycache__/panel.cpython-312.pyc
[1.566s] DEBUG:colcon.colcon_core.task.python.build:While undoing a previous installation files outside the Python library path are being ignored: /home/matthieu/ros2_ws/install/web_control/share/web_control/web/stream/webrtc/.venv/lib/python3.12/site-packages/pip/_vendor/rich/__pycache__/_wrap.cpython-312.pyc
[1.566s] DEBUG:colcon.colcon_core.task.python.build:While undoing a previous installation files outside the Python library path are being ignored: /home/matthieu/ros2_ws/install/web_control/share/web_control/web/stream/webrtc/.venv/lib/python3.12/site-packages/pip/_vendor/rich/__pycache__/_spinners.cpython-312.pyc
[1.566s] DEBUG:colcon.colcon_core.task.python.build:While undoing a previous installation files outside the Python library path are being ignored: /home/matthieu/ros2_ws/install/web_control/share/web_control/web/stream/webrtc/.venv/lib/python3.12/site-packages/pip/_vendor/rich/__pycache__/_windows_renderer.cpython-312.pyc
[1.566s] DEBUG:colcon.colcon_core.task.python.build:While undoing a previous installation files outside the Python library path are being ignored: /home/matthieu/ros2_ws/install/web_control/share/web_control/web/stream/webrtc/.venv/lib/python3.12/site-packages/pip/_vendor/rich/__pycache__/align.cpython-312.pyc
[1.566s] DEBUG:colcon.colcon_core.task.python.build:While undoing a previous installation files outside the Python library path are being ignored: /home/matthieu/ros2_ws/install/web_control/share/web_control/web/stream/webrtc/.venv/lib/python3.12/site-packages/pip/_vendor/rich/__pycache__/pretty.cpython-312.pyc
[1.566s] DEBUG:colcon.colcon_core.task.python.build:While undoing a previous installation files outside the Python library path are being ignored: /home/matthieu/ros2_ws/install/web_control/share/web_control/web/stream/webrtc/.venv/lib/python3.12/site-packages/pip/_vendor/rich/__pycache__/palette.cpython-312.pyc
[1.566s] DEBUG:colcon.colcon_core.task.python.build:While undoing a previous installation files outside the Python library path are being ignored: /home/matthieu/ros2_ws/install/web_control/share/web_control/web/stream/webrtc/.venv/lib/python3.12/site-packages/pip/_vendor/rich/__pycache__/padding.cpython-312.pyc
[1.566s] DEBUG:colcon.colcon_core.task.python.build:While undoing a previous installation files outside the Python library path are being ignored: /home/matthieu/ros2_ws/install/web_control/share/web_control/web/stream/webrtc/.venv/lib/python3.12/site-packages/pip/_vendor/resolvelib/resolvers.py
[1.566s] DEBUG:colcon.colcon_core.task.python.build:While undoing a previous installation files outside the Python library path are being ignored: /home/matthieu/ros2_ws/install/web_control/share/web_control/web/stream/webrtc/.venv/lib/python3.12/site-packages/pip/_vendor/resolvelib/reporters.py
[1.566s] DEBUG:colcon.colcon_core.task.python.build:While undoing a previous installation files outside the Python library path are being ignored: /home/matthieu/ros2_ws/install/web_control/share/web_control/web/stream/webrtc/.venv/lib/python3.12/site-packages/pip/_vendor/resolvelib/structs.py
[1.566s] DEBUG:colcon.colcon_core.task.python.build:While undoing a previous installation files outside the Python library path are being ignored: /home/matthieu/ros2_ws/install/web_control/share/web_control/web/stream/webrtc/.venv/lib/python3.12/site-packages/pip/_vendor/resolvelib/providers.py
[1.566s] DEBUG:colcon.colcon_core.task.python.build:While undoing a previous installation files outside the Python library path are being ignored: /home/matthieu/ros2_ws/install/web_control/share/web_control/web/stream/webrtc/.venv/lib/python3.12/site-packages/pip/_vendor/resolvelib/__init__.py
[1.566s] DEBUG:colcon.colcon_core.task.python.build:While undoing a previous installation files outside the Python library path are being ignored: /home/matthieu/ros2_ws/install/web_control/share/web_control/web/stream/webrtc/.venv/lib/python3.12/site-packages/pip/_vendor/resolvelib/__pycache__/resolvers.cpython-312.pyc
[1.566s] DEBUG:colcon.colcon_core.task.python.build:While undoing a previous installation files outside the Python library path are being ignored: /home/matthieu/ros2_ws/install/web_control/share/web_control/web/stream/webrtc/.venv/lib/python3.12/site-packages/pip/_vendor/resolvelib/__pycache__/reporters.cpython-312.pyc
[1.566s] DEBUG:colcon.colcon_core.task.python.build:While undoing a previous installation files outside the Python library path are being ignored: /home/matthieu/ros2_ws/install/web_control/share/web_control/web/stream/webrtc/.venv/lib/python3.12/site-packages/pip/_vendor/resolvelib/__pycache__/structs.cpython-312.pyc
[1.566s] DEBUG:colcon.colcon_core.task.python.build:While undoing a previous installation files outside the Python library path are being ignored: /home/matthieu/ros2_ws/install/web_control/share/web_control/web/stream/webrtc/.venv/lib/python3.12/site-packages/pip/_vendor/resolvelib/__pycache__/__init__.cpython-312.pyc
[1.566s] DEBUG:colcon.colcon_core.task.python.build:While undoing a previous installation files outside the Python library path are being ignored: /home/matthieu/ros2_ws/install/web_control/share/web_control/web/stream/webrtc/.venv/lib/python3.12/site-packages/pip/_vendor/resolvelib/__pycache__/providers.cpython-312.pyc
[1.566s] DEBUG:colcon.colcon_core.task.python.build:While undoing a previous installation files outside the Python library path are being ignored: /home/matthieu/ros2_ws/install/web_control/share/web_control/web/stream/webrtc/.venv/lib/python3.12/site-packages/pip/_vendor/resolvelib/compat/collections_abc.py
[1.566s] DEBUG:colcon.colcon_core.task.python.build:While undoing a previous installation files outside the Python library path are being ignored: /home/matthieu/ros2_ws/install/web_control/share/web_control/web/stream/webrtc/.venv/lib/python3.12/site-packages/pip/_vendor/resolvelib/compat/__init__.py
[1.566s] DEBUG:colcon.colcon_core.task.python.build:While undoing a previous installation files outside the Python library path are being ignored: /home/matthieu/ros2_ws/install/web_control/share/web_control/web/stream/webrtc/.venv/lib/python3.12/site-packages/pip/_vendor/resolvelib/compat/__pycache__/collections_abc.cpython-312.pyc
[1.566s] DEBUG:colcon.colcon_core.task.python.build:While undoing a previous installation files outside the Python library path are being ignored: /home/matthieu/ros2_ws/install/web_control/share/web_control/web/stream/webrtc/.venv/lib/python3.12/site-packages/pip/_vendor/resolvelib/compat/__pycache__/__init__.cpython-312.pyc
[1.566s] DEBUG:colcon.colcon_core.task.python.build:While undoing a previous installation files outside the Python library path are being ignored: /home/matthieu/ros2_ws/install/web_control/share/web_control/web/stream/webrtc/.venv/lib/python3.12/site-packages/pip/_vendor/msgpack/fallback.py
[1.566s] DEBUG:colcon.colcon_core.task.python.build:While undoing a previous installation files outside the Python library path are being ignored: /home/matthieu/ros2_ws/install/web_control/share/web_control/web/stream/webrtc/.venv/lib/python3.12/site-packages/pip/_vendor/msgpack/ext.py
[1.566s] DEBUG:colcon.colcon_core.task.python.build:While undoing a previous installation files outside the Python library path are being ignored: /home/matthieu/ros2_ws/install/web_control/share/web_control/web/stream/webrtc/.venv/lib/python3.12/site-packages/pip/_vendor/msgpack/exceptions.py
[1.567s] DEBUG:colcon.colcon_core.task.python.build:While undoing a previous installation files outside the Python library path are being ignored: /home/matthieu/ros2_ws/install/web_control/share/web_control/web/stream/webrtc/.venv/lib/python3.12/site-packages/pip/_vendor/msgpack/__init__.py
[1.567s] DEBUG:colcon.colcon_core.task.python.build:While undoing a previous installation files outside the Python library path are being ignored: /home/matthieu/ros2_ws/install/web_control/share/web_control/web/stream/webrtc/.venv/lib/python3.12/site-packages/pip/_vendor/msgpack/__pycache__/ext.cpython-312.pyc
[1.567s] DEBUG:colcon.colcon_core.task.python.build:While undoing a previous installation files outside the Python library path are being ignored: /home/matthieu/ros2_ws/install/web_control/share/web_control/web/stream/webrtc/.venv/lib/python3.12/site-packages/pip/_vendor/msgpack/__pycache__/exceptions.cpython-312.pyc
[1.567s] DEBUG:colcon.colcon_core.task.python.build:While undoing a previous installation files outside the Python library path are being ignored: /home/matthieu/ros2_ws/install/web_control/share/web_control/web/stream/webrtc/.venv/lib/python3.12/site-packages/pip/_vendor/msgpack/__pycache__/__init__.cpython-312.pyc
[1.567s] DEBUG:colcon.colcon_core.task.python.build:While undoing a previous installation files outside the Python library path are being ignored: /home/matthieu/ros2_ws/install/web_control/share/web_control/web/stream/webrtc/.venv/lib/python3.12/site-packages/pip/_vendor/msgpack/__pycache__/fallback.cpython-312.pyc
[1.567s] DEBUG:colcon.colcon_core.task.python.build:While undoing a previous installation files outside the Python library path are being ignored: /home/matthieu/ros2_ws/install/web_control/share/web_control/web/stream/webrtc/.venv/lib/python3.12/site-packages/pip/_vendor/pyparsing/util.py
[1.567s] DEBUG:colcon.colcon_core.task.python.build:While undoing a previous installation files outside the Python library path are being ignored: /home/matthieu/ros2_ws/install/web_control/share/web_control/web/stream/webrtc/.venv/lib/python3.12/site-packages/pip/_vendor/pyparsing/unicode.py
[1.567s] DEBUG:colcon.colcon_core.task.python.build:While undoing a previous installation files outside the Python library path are being ignored: /home/matthieu/ros2_ws/install/web_control/share/web_control/web/stream/webrtc/.venv/lib/python3.12/site-packages/pip/_vendor/pyparsing/testing.py
[1.567s] DEBUG:colcon.colcon_core.task.python.build:While undoing a previous installation files outside the Python library path are being ignored: /home/matthieu/ros2_ws/install/web_control/share/web_control/web/stream/webrtc/.venv/lib/python3.12/site-packages/pip/_vendor/pyparsing/actions.py
[1.567s] DEBUG:colcon.colcon_core.task.python.build:While undoing a previous installation files outside the Python library path are being ignored: /home/matthieu/ros2_ws/install/web_control/share/web_control/web/stream/webrtc/.venv/lib/python3.12/site-packages/pip/_vendor/pyparsing/core.py
[1.567s] DEBUG:colcon.colcon_core.task.python.build:While undoing a previous installation files outside the Python library path are being ignored: /home/matthieu/ros2_ws/install/web_control/share/web_control/web/stream/webrtc/.venv/lib/python3.12/site-packages/pip/_vendor/pyparsing/results.py
[1.567s] DEBUG:colcon.colcon_core.task.python.build:While undoing a previous installation files outside the Python library path are being ignored: /home/matthieu/ros2_ws/install/web_control/share/web_control/web/stream/webrtc/.venv/lib/python3.12/site-packages/pip/_vendor/pyparsing/common.py
[1.567s] DEBUG:colcon.colcon_core.task.python.build:While undoing a previous installation files outside the Python library path are being ignored: /home/matthieu/ros2_ws/install/web_control/share/web_control/web/stream/webrtc/.venv/lib/python3.12/site-packages/pip/_vendor/pyparsing/helpers.py
[1.567s] DEBUG:colcon.colcon_core.task.python.build:While undoing a previous installation files outside the Python library path are being ignored: /home/matthieu/ros2_ws/install/web_control/share/web_control/web/stream/webrtc/.venv/lib/python3.12/site-packages/pip/_vendor/pyparsing/exceptions.py
[1.567s] DEBUG:colcon.colcon_core.task.python.build:While undoing a previous installation files outside the Python library path are being ignored: /home/matthieu/ros2_ws/install/web_control/share/web_control/web/stream/webrtc/.venv/lib/python3.12/site-packages/pip/_vendor/pyparsing/__init__.py
[1.567s] DEBUG:colcon.colcon_core.task.python.build:While undoing a previous installation files outside the Python library path are being ignored: /home/matthieu/ros2_ws/install/web_control/share/web_control/web/stream/webrtc/.venv/lib/python3.12/site-packages/pip/_vendor/pyparsing/__pycache__/common.cpython-312.pyc
[1.567s] DEBUG:colcon.colcon_core.task.python.build:While undoing a previous installation files outside the Python library path are being ignored: /home/matthieu/ros2_ws/install/web_control/share/web_control/web/stream/webrtc/.venv/lib/python3.12/site-packages/pip/_vendor/pyparsing/__pycache__/helpers.cpython-312.pyc
[1.567s] DEBUG:colcon.colcon_core.task.python.build:While undoing a previous installation files outside the Python library path are being ignored: /home/matthieu/ros2_ws/install/web_control/share/web_control/web/stream/webrtc/.venv/lib/python3.12/site-packages/pip/_vendor/pyparsing/__pycache__/unicode.cpython-312.pyc
[1.567s] DEBUG:colcon.colcon_core.task.python.build:While undoing a previous installation files outside the Python library path are being ignored: /home/matthieu/ros2_ws/install/web_control/share/web_control/web/stream/webrtc/.venv/lib/python3.12/site-packages/pip/_vendor/pyparsing/__pycache__/results.cpython-312.pyc
[1.567s] DEBUG:colcon.colcon_core.task.python.build:While undoing a previous installation files outside the Python library path are being ignored: /home/matthieu/ros2_ws/install/web_control/share/web_control/web/stream/webrtc/.venv/lib/python3.12/site-packages/pip/_vendor/pyparsing/__pycache__/core.cpython-312.pyc
[1.567s] DEBUG:colcon.colcon_core.task.python.build:While undoing a previous installation files outside the Python library path are being ignored: /home/matthieu/ros2_ws/install/web_control/share/web_control/web/stream/webrtc/.venv/lib/python3.12/site-packages/pip/_vendor/pyparsing/__pycache__/exceptions.cpython-312.pyc
[1.567s] DEBUG:colcon.colcon_core.task.python.build:While undoing a previous installation files outside the Python library path are being ignored: /home/matthieu/ros2_ws/install/web_control/share/web_control/web/stream/webrtc/.venv/lib/python3.12/site-packages/pip/_vendor/pyparsing/__pycache__/util.cpython-312.pyc
[1.567s] DEBUG:colcon.colcon_core.task.python.build:While undoing a previous installation files outside the Python library path are being ignored: /home/matthieu/ros2_ws/install/web_control/share/web_control/web/stream/webrtc/.venv/lib/python3.12/site-packages/pip/_vendor/pyparsing/__pycache__/__init__.cpython-312.pyc
[1.567s] DEBUG:colcon.colcon_core.task.python.build:While undoing a previous installation files outside the Python library path are being ignored: /home/matthieu/ros2_ws/install/web_control/share/web_control/web/stream/webrtc/.venv/lib/python3.12/site-packages/pip/_vendor/pyparsing/__pycache__/actions.cpython-312.pyc
[1.567s] DEBUG:colcon.colcon_core.task.python.build:While undoing a previous installation files outside the Python library path are being ignored: /home/matthieu/ros2_ws/install/web_control/share/web_control/web/stream/webrtc/.venv/lib/python3.12/site-packages/pip/_vendor/pyparsing/__pycache__/testing.cpython-312.pyc
[1.567s] DEBUG:colcon.colcon_core.task.python.build:While undoing a previous installation files outside the Python library path are being ignored: /home/matthieu/ros2_ws/install/web_control/share/web_control/web/stream/webrtc/.venv/lib/python3.12/site-packages/pip/_vendor/pyparsing/diagram/__init__.py
[1.567s] DEBUG:colcon.colcon_core.task.python.build:While undoing a previous installation files outside the Python library path are being ignored: /home/matthieu/ros2_ws/install/web_control/share/web_control/web/stream/webrtc/.venv/lib/python3.12/site-packages/pip/_vendor/pyparsing/diagram/__pycache__/__init__.cpython-312.pyc
[1.567s] DEBUG:colcon.colcon_core.task.python.build:While undoing a previous installation files outside the Python library path are being ignored: /home/matthieu/ros2_ws/install/web_control/share/web_control/web/stream/webrtc/.venv/lib/python3.12/site-packages/pip/_vendor/distro/distro.py
[1.567s] DEBUG:colcon.colcon_core.task.python.build:While undoing a previous installation files outside the Python library path are being ignored: /home/matthieu/ros2_ws/install/web_control/share/web_control/web/stream/webrtc/.venv/lib/python3.12/site-packages/pip/_vendor/distro/__main__.py
[1.567s] DEBUG:colcon.colcon_core.task.python.build:While undoing a previous installation files outside the Python library path are being ignored: /home/matthieu/ros2_ws/install/web_control/share/web_control/web/stream/webrtc/.venv/lib/python3.12/site-packages/pip/_vendor/distro/__init__.py
[1.567s] DEBUG:colcon.colcon_core.task.python.build:While undoing a previous installation files outside the Python library path are being ignored: /home/matthieu/ros2_ws/install/web_control/share/web_control/web/stream/webrtc/.venv/lib/python3.12/site-packages/pip/_vendor/distro/__pycache__/distro.cpython-312.pyc
[1.567s] DEBUG:colcon.colcon_core.task.python.build:While undoing a previous installation files outside the Python library path are being ignored: /home/matthieu/ros2_ws/install/web_control/share/web_control/web/stream/webrtc/.venv/lib/python3.12/site-packages/pip/_vendor/distro/__pycache__/__main__.cpython-312.pyc
[1.567s] DEBUG:colcon.colcon_core.task.python.build:While undoing a previous installation files outside the Python library path are being ignored: /home/matthieu/ros2_ws/install/web_control/share/web_control/web/stream/webrtc/.venv/lib/python3.12/site-packages/pip/_vendor/distro/__pycache__/__init__.cpython-312.pyc
[1.567s] DEBUG:colcon.colcon_core.task.python.build:While undoing a previous installation files outside the Python library path are being ignored: /home/matthieu/ros2_ws/install/web_control/share/web_control/web/stream/webrtc/.venv/lib/python3.12/site-packages/pip/_vendor/platformdirs/macos.py
[1.567s] DEBUG:colcon.colcon_core.task.python.build:While undoing a previous installation files outside the Python library path are being ignored: /home/matthieu/ros2_ws/install/web_control/share/web_control/web/stream/webrtc/.venv/lib/python3.12/site-packages/pip/_vendor/platformdirs/unix.py
[1.567s] DEBUG:colcon.colcon_core.task.python.build:While undoing a previous installation files outside the Python library path are being ignored: /home/matthieu/ros2_ws/install/web_control/share/web_control/web/stream/webrtc/.venv/lib/python3.12/site-packages/pip/_vendor/platformdirs/windows.py
[1.567s] DEBUG:colcon.colcon_core.task.python.build:While undoing a previous installation files outside the Python library path are being ignored: /home/matthieu/ros2_ws/install/web_control/share/web_control/web/stream/webrtc/.venv/lib/python3.12/site-packages/pip/_vendor/platformdirs/__main__.py
[1.567s] DEBUG:colcon.colcon_core.task.python.build:While undoing a previous installation files outside the Python library path are being ignored: /home/matthieu/ros2_ws/install/web_control/share/web_control/web/stream/webrtc/.venv/lib/python3.12/site-packages/pip/_vendor/platformdirs/android.py
[1.567s] DEBUG:colcon.colcon_core.task.python.build:While undoing a previous installation files outside the Python library path are being ignored: /home/matthieu/ros2_ws/install/web_control/share/web_control/web/stream/webrtc/.venv/lib/python3.12/site-packages/pip/_vendor/platformdirs/api.py
[1.567s] DEBUG:colcon.colcon_core.task.python.build:While undoing a previous installation files outside the Python library path are being ignored: /home/matthieu/ros2_ws/install/web_control/share/web_control/web/stream/webrtc/.venv/lib/python3.12/site-packages/pip/_vendor/platformdirs/version.py
[1.567s] DEBUG:colcon.colcon_core.task.python.build:While undoing a previous installation files outside the Python library path are being ignored: /home/matthieu/ros2_ws/install/web_control/share/web_control/web/stream/webrtc/.venv/lib/python3.12/site-packages/pip/_vendor/platformdirs/__init__.py
[1.567s] DEBUG:colcon.colcon_core.task.python.build:While undoing a previous installation files outside the Python library path are being ignored: /home/matthieu/ros2_ws/install/web_control/share/web_control/web/stream/webrtc/.venv/lib/python3.12/site-packages/pip/_vendor/platformdirs/__pycache__/api.cpython-312.pyc
[1.567s] DEBUG:colcon.colcon_core.task.python.build:While undoing a previous installation files outside the Python library path are being ignored: /home/matthieu/ros2_ws/install/web_control/share/web_control/web/stream/webrtc/.venv/lib/python3.12/site-packages/pip/_vendor/platformdirs/__pycache__/version.cpython-312.pyc
[1.567s] DEBUG:colcon.colcon_core.task.python.build:While undoing a previous installation files outside the Python library path are being ignored: /home/matthieu/ros2_ws/install/web_control/share/web_control/web/stream/webrtc/.venv/lib/python3.12/site-packages/pip/_vendor/platformdirs/__pycache__/android.cpython-312.pyc
[1.567s] DEBUG:colcon.colcon_core.task.python.build:While undoing a previous installation files outside the Python library path are being ignored: /home/matthieu/ros2_ws/install/web_control/share/web_control/web/stream/webrtc/.venv/lib/python3.12/site-packages/pip/_vendor/platformdirs/__pycache__/__main__.cpython-312.pyc
[1.567s] DEBUG:colcon.colcon_core.task.python.build:While undoing a previous installation files outside the Python library path are being ignored: /home/matthieu/ros2_ws/install/web_control/share/web_control/web/stream/webrtc/.venv/lib/python3.12/site-packages/pip/_vendor/platformdirs/__pycache__/macos.cpython-312.pyc
[1.567s] DEBUG:colcon.colcon_core.task.python.build:While undoing a previous installation files outside the Python library path are being ignored: /home/matthieu/ros2_ws/install/web_control/share/web_control/web/stream/webrtc/.venv/lib/python3.12/site-packages/pip/_vendor/platformdirs/__pycache__/__init__.cpython-312.pyc
[1.567s] DEBUG:colcon.colcon_core.task.python.build:While undoing a previous installation files outside the Python library path are being ignored: /home/matthieu/ros2_ws/install/web_control/share/web_control/web/stream/webrtc/.venv/lib/python3.12/site-packages/pip/_vendor/platformdirs/__pycache__/unix.cpython-312.pyc
[1.567s] DEBUG:colcon.colcon_core.task.python.build:While undoing a previous installation files outside the Python library path are being ignored: /home/matthieu/ros2_ws/install/web_control/share/web_control/web/stream/webrtc/.venv/lib/python3.12/site-packages/pip/_vendor/platformdirs/__pycache__/windows.cpython-312.pyc
[1.568s] DEBUG:colcon.colcon_core.task.python.build:While undoing a previous installation files outside the Python library path are being ignored: /home/matthieu/ros2_ws/install/web_control/share/web_control/web/stream/webrtc/.venv/lib/python3.12/site-packages/pip/_vendor/packaging/_musllinux.py
[1.568s] DEBUG:colcon.colcon_core.task.python.build:While undoing a previous installation files outside the Python library path are being ignored: /home/matthieu/ros2_ws/install/web_control/share/web_control/web/stream/webrtc/.venv/lib/python3.12/site-packages/pip/_vendor/packaging/requirements.py
[1.568s] DEBUG:colcon.colcon_core.task.python.build:While undoing a previous installation files outside the Python library path are being ignored: /home/matthieu/ros2_ws/install/web_control/share/web_control/web/stream/webrtc/.venv/lib/python3.12/site-packages/pip/_vendor/packaging/specifiers.py
[1.568s] DEBUG:colcon.colcon_core.task.python.build:While undoing a previous installation files outside the Python library path are being ignored: /home/matthieu/ros2_ws/install/web_control/share/web_control/web/stream/webrtc/.venv/lib/python3.12/site-packages/pip/_vendor/packaging/__about__.py
[1.568s] DEBUG:colcon.colcon_core.task.python.build:While undoing a previous installation files outside the Python library path are being ignored: /home/matthieu/ros2_ws/install/web_control/share/web_control/web/stream/webrtc/.venv/lib/python3.12/site-packages/pip/_vendor/packaging/_manylinux.py
[1.568s] DEBUG:colcon.colcon_core.task.python.build:While undoing a previous installation files outside the Python library path are being ignored: /home/matthieu/ros2_ws/install/web_control/share/web_control/web/stream/webrtc/.venv/lib/python3.12/site-packages/pip/_vendor/packaging/markers.py
[1.568s] DEBUG:colcon.colcon_core.task.python.build:While undoing a previous installation files outside the Python library path are being ignored: /home/matthieu/ros2_ws/install/web_control/share/web_control/web/stream/webrtc/.venv/lib/python3.12/site-packages/pip/_vendor/packaging/_structures.py
[1.568s] DEBUG:colcon.colcon_core.task.python.build:While undoing a previous installation files outside the Python library path are being ignored: /home/matthieu/ros2_ws/install/web_control/share/web_control/web/stream/webrtc/.venv/lib/python3.12/site-packages/pip/_vendor/packaging/tags.py
[1.568s] DEBUG:colcon.colcon_core.task.python.build:While undoing a previous installation files outside the Python library path are being ignored: /home/matthieu/ros2_ws/install/web_control/share/web_control/web/stream/webrtc/.venv/lib/python3.12/site-packages/pip/_vendor/packaging/utils.py
[1.568s] DEBUG:colcon.colcon_core.task.python.build:While undoing a previous installation files outside the Python library path are being ignored: /home/matthieu/ros2_ws/install/web_control/share/web_control/web/stream/webrtc/.venv/lib/python3.12/site-packages/pip/_vendor/packaging/version.py
[1.568s] DEBUG:colcon.colcon_core.task.python.build:While undoing a previous installation files outside the Python library path are being ignored: /home/matthieu/ros2_ws/install/web_control/share/web_control/web/stream/webrtc/.venv/lib/python3.12/site-packages/pip/_vendor/packaging/__init__.py
[1.568s] DEBUG:colcon.colcon_core.task.python.build:While undoing a previous installation files outside the Python library path are being ignored: /home/matthieu/ros2_ws/install/web_control/share/web_control/web/stream/webrtc/.venv/lib/python3.12/site-packages/pip/_vendor/packaging/__pycache__/_manylinux.cpython-312.pyc
[1.568s] DEBUG:colcon.colcon_core.task.python.build:While undoing a previous installation files outside the Python library path are being ignored: /home/matthieu/ros2_ws/install/web_control/share/web_control/web/stream/webrtc/.venv/lib/python3.12/site-packages/pip/_vendor/packaging/__pycache__/__about__.cpython-312.pyc
[1.568s] DEBUG:colcon.colcon_core.task.python.build:While undoing a previous installation files outside the Python library path are being ignored: /home/matthieu/ros2_ws/install/web_control/share/web_control/web/stream/webrtc/.venv/lib/python3.12/site-packages/pip/_vendor/packaging/__pycache__/_musllinux.cpython-312.pyc
[1.568s] DEBUG:colcon.colcon_core.task.python.build:While undoing a previous installation files outside the Python library path are being ignored: /home/matthieu/ros2_ws/install/web_control/share/web_control/web/stream/webrtc/.venv/lib/python3.12/site-packages/pip/_vendor/packaging/__pycache__/version.cpython-312.pyc
[1.568s] DEBUG:colcon.colcon_core.task.python.build:While undoing a previous installation files outside the Python library path are being ignored: /home/matthieu/ros2_ws/install/web_control/share/web_control/web/stream/webrtc/.venv/lib/python3.12/site-packages/pip/_vendor/packaging/__pycache__/_structures.cpython-312.pyc
[1.568s] DEBUG:colcon.colcon_core.task.python.build:While undoing a previous installation files outside the Python library path are being ignored: /home/matthieu/ros2_ws/install/web_control/share/web_control/web/stream/webrtc/.venv/lib/python3.12/site-packages/pip/_vendor/packaging/__pycache__/requirements.cpython-312.pyc
[1.568s] DEBUG:colcon.colcon_core.task.python.build:While undoing a previous installation files outside the Python library path are being ignored: /home/matthieu/ros2_ws/install/web_control/share/web_control/web/stream/webrtc/.venv/lib/python3.12/site-packages/pip/_vendor/packaging/__pycache__/tags.cpython-312.pyc
[1.568s] DEBUG:colcon.colcon_core.task.python.build:While undoing a previous installation files outside the Python library path are being ignored: /home/matthieu/ros2_ws/install/web_control/share/web_control/web/stream/webrtc/.venv/lib/python3.12/site-packages/pip/_vendor/packaging/__pycache__/__init__.cpython-312.pyc
[1.568s] DEBUG:colcon.colcon_core.task.python.build:While undoing a previous installation files outside the Python library path are being ignored: /home/matthieu/ros2_ws/install/web_control/share/web_control/web/stream/webrtc/.venv/lib/python3.12/site-packages/pip/_vendor/packaging/__pycache__/specifiers.cpython-312.pyc
[1.568s] DEBUG:colcon.colcon_core.task.python.build:While undoing a previous installation files outside the Python library path are being ignored: /home/matthieu/ros2_ws/install/web_control/share/web_control/web/stream/webrtc/.venv/lib/python3.12/site-packages/pip/_vendor/packaging/__pycache__/markers.cpython-312.pyc
[1.568s] DEBUG:colcon.colcon_core.task.python.build:While undoing a previous installation files outside the Python library path are being ignored: /home/matthieu/ros2_ws/install/web_control/share/web_control/web/stream/webrtc/.venv/lib/python3.12/site-packages/pip/_vendor/packaging/__pycache__/utils.cpython-312.pyc
[1.568s] DEBUG:colcon.colcon_core.task.python.build:While undoing a previous installation files outside the Python library path are being ignored: /home/matthieu/ros2_ws/install/web_control/share/web_control/web/stream/webrtc/.venv/lib/python3.12/site-packages/pip/_vendor/colorama/ansi.py
[1.568s] DEBUG:colcon.colcon_core.task.python.build:While undoing a previous installation files outside the Python library path are being ignored: /home/matthieu/ros2_ws/install/web_control/share/web_control/web/stream/webrtc/.venv/lib/python3.12/site-packages/pip/_vendor/colorama/winterm.py
[1.568s] DEBUG:colcon.colcon_core.task.python.build:While undoing a previous installation files outside the Python library path are being ignored: /home/matthieu/ros2_ws/install/web_control/share/web_control/web/stream/webrtc/.venv/lib/python3.12/site-packages/pip/_vendor/colorama/win32.py
[1.568s] DEBUG:colcon.colcon_core.task.python.build:While undoing a previous installation files outside the Python library path are being ignored: /home/matthieu/ros2_ws/install/web_control/share/web_control/web/stream/webrtc/.venv/lib/python3.12/site-packages/pip/_vendor/colorama/initialise.py
[1.568s] DEBUG:colcon.colcon_core.task.python.build:While undoing a previous installation files outside the Python library path are being ignored: /home/matthieu/ros2_ws/install/web_control/share/web_control/web/stream/webrtc/.venv/lib/python3.12/site-packages/pip/_vendor/colorama/ansitowin32.py
[1.568s] DEBUG:colcon.colcon_core.task.python.build:While undoing a previous installation files outside the Python library path are being ignored: /home/matthieu/ros2_ws/install/web_control/share/web_control/web/stream/webrtc/.venv/lib/python3.12/site-packages/pip/_vendor/colorama/__init__.py
[1.568s] DEBUG:colcon.colcon_core.task.python.build:While undoing a previous installation files outside the Python library path are being ignored: /home/matthieu/ros2_ws/install/web_control/share/web_control/web/stream/webrtc/.venv/lib/python3.12/site-packages/pip/_vendor/colorama/__pycache__/winterm.cpython-312.pyc
[1.568s] DEBUG:colcon.colcon_core.task.python.build:While undoing a previous installation files outside the Python library path are being ignored: /home/matthieu/ros2_ws/install/web_control/share/web_control/web/stream/webrtc/.venv/lib/python3.12/site-packages/pip/_vendor/colorama/__pycache__/win32.cpython-312.pyc
[1.568s] DEBUG:colcon.colcon_core.task.python.build:While undoing a previous installation files outside the Python library path are being ignored: /home/matthieu/ros2_ws/install/web_control/share/web_control/web/stream/webrtc/.venv/lib/python3.12/site-packages/pip/_vendor/colorama/__pycache__/ansitowin32.cpython-312.pyc
[1.568s] DEBUG:colcon.colcon_core.task.python.build:While undoing a previous installation files outside the Python library path are being ignored: /home/matthieu/ros2_ws/install/web_control/share/web_control/web/stream/webrtc/.venv/lib/python3.12/site-packages/pip/_vendor/colorama/__pycache__/__init__.cpython-312.pyc
[1.568s] DEBUG:colcon.colcon_core.task.python.build:While undoing a previous installation files outside the Python library path are being ignored: /home/matthieu/ros2_ws/install/web_control/share/web_control/web/stream/webrtc/.venv/lib/python3.12/site-packages/pip/_vendor/colorama/__pycache__/ansi.cpython-312.pyc
[1.568s] DEBUG:colcon.colcon_core.task.python.build:While undoing a previous installation files outside the Python library path are being ignored: /home/matthieu/ros2_ws/install/web_control/share/web_control/web/stream/webrtc/.venv/lib/python3.12/site-packages/pip/_vendor/colorama/__pycache__/initialise.cpython-312.pyc
[1.568s] DEBUG:colcon.colcon_core.task.python.build:While undoing a previous installation files outside the Python library path are being ignored: /home/matthieu/ros2_ws/install/web_control/share/web_control/web/stream/webrtc/.venv/lib/python3.12/site-packages/pip/_vendor/colorama/tests/ansi_test.py
[1.568s] DEBUG:colcon.colcon_core.task.python.build:While undoing a previous installation files outside the Python library path are being ignored: /home/matthieu/ros2_ws/install/web_control/share/web_control/web/stream/webrtc/.venv/lib/python3.12/site-packages/pip/_vendor/colorama/tests/winterm_test.py
[1.568s] DEBUG:colcon.colcon_core.task.python.build:While undoing a previous installation files outside the Python library path are being ignored: /home/matthieu/ros2_ws/install/web_control/share/web_control/web/stream/webrtc/.venv/lib/python3.12/site-packages/pip/_vendor/colorama/tests/isatty_test.py
[1.568s] DEBUG:colcon.colcon_core.task.python.build:While undoing a previous installation files outside the Python library path are being ignored: /home/matthieu/ros2_ws/install/web_control/share/web_control/web/stream/webrtc/.venv/lib/python3.12/site-packages/pip/_vendor/colorama/tests/ansitowin32_test.py
[1.568s] DEBUG:colcon.colcon_core.task.python.build:While undoing a previous installation files outside the Python library path are being ignored: /home/matthieu/ros2_ws/install/web_control/share/web_control/web/stream/webrtc/.venv/lib/python3.12/site-packages/pip/_vendor/colorama/tests/initialise_test.py
[1.568s] DEBUG:colcon.colcon_core.task.python.build:While undoing a previous installation files outside the Python library path are being ignored: /home/matthieu/ros2_ws/install/web_control/share/web_control/web/stream/webrtc/.venv/lib/python3.12/site-packages/pip/_vendor/colorama/tests/utils.py
[1.568s] DEBUG:colcon.colcon_core.task.python.build:While undoing a previous installation files outside the Python library path are being ignored: /home/matthieu/ros2_ws/install/web_control/share/web_control/web/stream/webrtc/.venv/lib/python3.12/site-packages/pip/_vendor/colorama/tests/__init__.py
[1.569s] DEBUG:colcon.colcon_core.task.python.build:While undoing a previous installation files outside the Python library path are being ignored: /home/matthieu/ros2_ws/install/web_control/share/web_control/web/stream/webrtc/.venv/lib/python3.12/site-packages/pip/_vendor/colorama/tests/__pycache__/ansi_test.cpython-312.pyc
[1.569s] DEBUG:colcon.colcon_core.task.python.build:While undoing a previous installation files outside the Python library path are being ignored: /home/matthieu/ros2_ws/install/web_control/share/web_control/web/stream/webrtc/.venv/lib/python3.12/site-packages/pip/_vendor/colorama/tests/__pycache__/winterm_test.cpython-312.pyc
[1.569s] DEBUG:colcon.colcon_core.task.python.build:While undoing a previous installation files outside the Python library path are being ignored: /home/matthieu/ros2_ws/install/web_control/share/web_control/web/stream/webrtc/.venv/lib/python3.12/site-packages/pip/_vendor/colorama/tests/__pycache__/ansitowin32_test.cpython-312.pyc
[1.569s] DEBUG:colcon.colcon_core.task.python.build:While undoing a previous installation files outside the Python library path are being ignored: /home/matthieu/ros2_ws/install/web_control/share/web_control/web/stream/webrtc/.venv/lib/python3.12/site-packages/pip/_vendor/colorama/tests/__pycache__/isatty_test.cpython-312.pyc
[1.569s] DEBUG:colcon.colcon_core.task.python.build:While undoing a previous installation files outside the Python library path are being ignored: /home/matthieu/ros2_ws/install/web_control/share/web_control/web/stream/webrtc/.venv/lib/python3.12/site-packages/pip/_vendor/colorama/tests/__pycache__/__init__.cpython-312.pyc
[1.569s] DEBUG:colcon.colcon_core.task.python.build:While undoing a previous installation files outside the Python library path are being ignored: /home/matthieu/ros2_ws/install/web_control/share/web_control/web/stream/webrtc/.venv/lib/python3.12/site-packages/pip/_vendor/colorama/tests/__pycache__/utils.cpython-312.pyc
[1.569s] DEBUG:colcon.colcon_core.task.python.build:While undoing a previous installation files outside the Python library path are being ignored: /home/matthieu/ros2_ws/install/web_control/share/web_control/web/stream/webrtc/.venv/lib/python3.12/site-packages/pip/_vendor/colorama/tests/__pycache__/initialise_test.cpython-312.pyc
[1.569s] DEBUG:colcon.colcon_core.task.python.build:While undoing a previous installation files outside the Python library path are being ignored: /home/matthieu/ros2_ws/install/web_control/share/web_control/web/stream/webrtc/.venv/lib/python3.12/site-packages/pip/_vendor/tomli/_parser.py
[1.569s] DEBUG:colcon.colcon_core.task.python.build:While undoing a previous installation files outside the Python library path are being ignored: /home/matthieu/ros2_ws/install/web_control/share/web_control/web/stream/webrtc/.venv/lib/python3.12/site-packages/pip/_vendor/tomli/_re.py
[1.569s] DEBUG:colcon.colcon_core.task.python.build:While undoing a previous installation files outside the Python library path are being ignored: /home/matthieu/ros2_ws/install/web_control/share/web_control/web/stream/webrtc/.venv/lib/python3.12/site-packages/pip/_vendor/tomli/_types.py
[1.569s] DEBUG:colcon.colcon_core.task.python.build:While undoing a previous installation files outside the Python library path are being ignored: /home/matthieu/ros2_ws/install/web_control/share/web_control/web/stream/webrtc/.venv/lib/python3.12/site-packages/pip/_vendor/tomli/__init__.py
[1.569s] DEBUG:colcon.colcon_core.task.python.build:While undoing a previous installation files outside the Python library path are being ignored: /home/matthieu/ros2_ws/install/web_control/share/web_control/web/stream/webrtc/.venv/lib/python3.12/site-packages/pip/_vendor/tomli/__pycache__/_re.cpython-312.pyc
[1.569s] DEBUG:colcon.colcon_core.task.python.build:While undoing a previous installation files outside the Python library path are being ignored: /home/matthieu/ros2_ws/install/web_control/share/web_control/web/stream/webrtc/.venv/lib/python3.12/site-packages/pip/_vendor/tomli/__pycache__/_types.cpython-312.pyc
[1.569s] DEBUG:colcon.colcon_core.task.python.build:While undoing a previous installation files outside the Python library path are being ignored: /home/matthieu/ros2_ws/install/web_control/share/web_control/web/stream/webrtc/.venv/lib/python3.12/site-packages/pip/_vendor/tomli/__pycache__/__init__.cpython-312.pyc
[1.569s] DEBUG:colcon.colcon_core.task.python.build:While undoing a previous installation files outside the Python library path are being ignored: /home/matthieu/ros2_ws/install/web_control/share/web_control/web/stream/webrtc/.venv/lib/python3.12/site-packages/pip/_vendor/tomli/__pycache__/_parser.cpython-312.pyc
[1.569s] DEBUG:colcon.colcon_core.task.python.build:While undoing a previous installation files outside the Python library path are being ignored: /home/matthieu/ros2_ws/install/web_control/share/web_control/web/stream/webrtc/.venv/lib/python3.12/site-packages/pip/_vendor/truststore/_api.py
[1.569s] DEBUG:colcon.colcon_core.task.python.build:While undoing a previous installation files outside the Python library path are being ignored: /home/matthieu/ros2_ws/install/web_control/share/web_control/web/stream/webrtc/.venv/lib/python3.12/site-packages/pip/_vendor/truststore/_ssl_constants.py
[1.569s] DEBUG:colcon.colcon_core.task.python.build:While undoing a previous installation files outside the Python library path are being ignored: /home/matthieu/ros2_ws/install/web_control/share/web_control/web/stream/webrtc/.venv/lib/python3.12/site-packages/pip/_vendor/truststore/_macos.py
[1.569s] DEBUG:colcon.colcon_core.task.python.build:While undoing a previous installation files outside the Python library path are being ignored: /home/matthieu/ros2_ws/install/web_control/share/web_control/web/stream/webrtc/.venv/lib/python3.12/site-packages/pip/_vendor/truststore/_windows.py
[1.569s] DEBUG:colcon.colcon_core.task.python.build:While undoing a previous installation files outside the Python library path are being ignored: /home/matthieu/ros2_ws/install/web_control/share/web_control/web/stream/webrtc/.venv/lib/python3.12/site-packages/pip/_vendor/truststore/_openssl.py
[1.569s] DEBUG:colcon.colcon_core.task.python.build:While undoing a previous installation files outside the Python library path are being ignored: /home/matthieu/ros2_ws/install/web_control/share/web_control/web/stream/webrtc/.venv/lib/python3.12/site-packages/pip/_vendor/truststore/__init__.py
[1.569s] DEBUG:colcon.colcon_core.task.python.build:While undoing a previous installation files outside the Python library path are being ignored: /home/matthieu/ros2_ws/install/web_control/share/web_control/web/stream/webrtc/.venv/lib/python3.12/site-packages/pip/_vendor/truststore/__pycache__/_macos.cpython-312.pyc
[1.569s] DEBUG:colcon.colcon_core.task.python.build:While undoing a previous installation files outside the Python library path are being ignored: /home/matthieu/ros2_ws/install/web_control/share/web_control/web/stream/webrtc/.venv/lib/python3.12/site-packages/pip/_vendor/truststore/__pycache__/_api.cpython-312.pyc
[1.569s] DEBUG:colcon.colcon_core.task.python.build:While undoing a previous installation files outside the Python library path are being ignored: /home/matthieu/ros2_ws/install/web_control/share/web_control/web/stream/webrtc/.venv/lib/python3.12/site-packages/pip/_vendor/truststore/__pycache__/_windows.cpython-312.pyc
[1.569s] DEBUG:colcon.colcon_core.task.python.build:While undoing a previous installation files outside the Python library path are being ignored: /home/matthieu/ros2_ws/install/web_control/share/web_control/web/stream/webrtc/.venv/lib/python3.12/site-packages/pip/_vendor/truststore/__pycache__/_ssl_constants.cpython-312.pyc
[1.569s] DEBUG:colcon.colcon_core.task.python.build:While undoing a previous installation files outside the Python library path are being ignored: /home/matthieu/ros2_ws/install/web_control/share/web_control/web/stream/webrtc/.venv/lib/python3.12/site-packages/pip/_vendor/truststore/__pycache__/__init__.cpython-312.pyc
[1.569s] DEBUG:colcon.colcon_core.task.python.build:While undoing a previous installation files outside the Python library path are being ignored: /home/matthieu/ros2_ws/install/web_control/share/web_control/web/stream/webrtc/.venv/lib/python3.12/site-packages/pip/_vendor/truststore/__pycache__/_openssl.cpython-312.pyc
[1.569s] DEBUG:colcon.colcon_core.task.python.build:While undoing a previous installation files outside the Python library path are being ignored: /home/matthieu/ros2_ws/install/web_control/share/web_control/web/stream/webrtc/.venv/lib/python3.12/site-packages/pip/_vendor/urllib3/request.py
[1.569s] DEBUG:colcon.colcon_core.task.python.build:While undoing a previous installation files outside the Python library path are being ignored: /home/matthieu/ros2_ws/install/web_control/share/web_control/web/stream/webrtc/.venv/lib/python3.12/site-packages/pip/_vendor/urllib3/response.py
[1.569s] DEBUG:colcon.colcon_core.task.python.build:While undoing a previous installation files outside the Python library path are being ignored: /home/matthieu/ros2_ws/install/web_control/share/web_control/web/stream/webrtc/.venv/lib/python3.12/site-packages/pip/_vendor/urllib3/poolmanager.py
[1.569s] DEBUG:colcon.colcon_core.task.python.build:While undoing a previous installation files outside the Python library path are being ignored: /home/matthieu/ros2_ws/install/web_control/share/web_control/web/stream/webrtc/.venv/lib/python3.12/site-packages/pip/_vendor/urllib3/_version.py
[1.569s] DEBUG:colcon.colcon_core.task.python.build:While undoing a previous installation files outside the Python library path are being ignored: /home/matthieu/ros2_ws/install/web_control/share/web_control/web/stream/webrtc/.venv/lib/python3.12/site-packages/pip/_vendor/urllib3/connection.py
[1.569s] DEBUG:colcon.colcon_core.task.python.build:While undoing a previous installation files outside the Python library path are being ignored: /home/matthieu/ros2_ws/install/web_control/share/web_control/web/stream/webrtc/.venv/lib/python3.12/site-packages/pip/_vendor/urllib3/filepost.py
[1.569s] DEBUG:colcon.colcon_core.task.python.build:While undoing a previous installation files outside the Python library path are being ignored: /home/matthieu/ros2_ws/install/web_control/share/web_control/web/stream/webrtc/.venv/lib/python3.12/site-packages/pip/_vendor/urllib3/fields.py
[1.569s] DEBUG:colcon.colcon_core.task.python.build:While undoing a previous installation files outside the Python library path are being ignored: /home/matthieu/ros2_ws/install/web_control/share/web_control/web/stream/webrtc/.venv/lib/python3.12/site-packages/pip/_vendor/urllib3/exceptions.py
[1.569s] DEBUG:colcon.colcon_core.task.python.build:While undoing a previous installation files outside the Python library path are being ignored: /home/matthieu/ros2_ws/install/web_control/share/web_control/web/stream/webrtc/.venv/lib/python3.12/site-packages/pip/_vendor/urllib3/_collections.py
[1.569s] DEBUG:colcon.colcon_core.task.python.build:While undoing a previous installation files outside the Python library path are being ignored: /home/matthieu/ros2_ws/install/web_control/share/web_control/web/stream/webrtc/.venv/lib/python3.12/site-packages/pip/_vendor/urllib3/connectionpool.py
[1.569s] DEBUG:colcon.colcon_core.task.python.build:While undoing a previous installation files outside the Python library path are being ignored: /home/matthieu/ros2_ws/install/web_control/share/web_control/web/stream/webrtc/.venv/lib/python3.12/site-packages/pip/_vendor/urllib3/__init__.py
[1.569s] DEBUG:colcon.colcon_core.task.python.build:While undoing a previous installation files outside the Python library path are being ignored: /home/matthieu/ros2_ws/install/web_control/share/web_control/web/stream/webrtc/.venv/lib/python3.12/site-packages/pip/_vendor/urllib3/util/request.py
[1.570s] DEBUG:colcon.colcon_core.task.python.build:While undoing a previous installation files outside the Python library path are being ignored: /home/matthieu/ros2_ws/install/web_control/share/web_control/web/stream/webrtc/.venv/lib/python3.12/site-packages/pip/_vendor/urllib3/util/ssl_.py
[1.570s] DEBUG:colcon.colcon_core.task.python.build:While undoing a previous installation files outside the Python library path are being ignored: /home/matthieu/ros2_ws/install/web_control/share/web_control/web/stream/webrtc/.venv/lib/python3.12/site-packages/pip/_vendor/urllib3/util/response.py
[1.570s] DEBUG:colcon.colcon_core.task.python.build:While undoing a previous installation files outside the Python library path are being ignored: /home/matthieu/ros2_ws/install/web_control/share/web_control/web/stream/webrtc/.venv/lib/python3.12/site-packages/pip/_vendor/urllib3/util/ssltransport.py
[1.570s] DEBUG:colcon.colcon_core.task.python.build:While undoing a previous installation files outside the Python library path are being ignored: /home/matthieu/ros2_ws/install/web_control/share/web_control/web/stream/webrtc/.venv/lib/python3.12/site-packages/pip/_vendor/urllib3/util/timeout.py
[1.570s] DEBUG:colcon.colcon_core.task.python.build:While undoing a previous installation files outside the Python library path are being ignored: /home/matthieu/ros2_ws/install/web_control/share/web_control/web/stream/webrtc/.venv/lib/python3.12/site-packages/pip/_vendor/urllib3/util/wait.py
[1.570s] DEBUG:colcon.colcon_core.task.python.build:While undoing a previous installation files outside the Python library path are being ignored: /home/matthieu/ros2_ws/install/web_control/share/web_control/web/stream/webrtc/.venv/lib/python3.12/site-packages/pip/_vendor/urllib3/util/connection.py
[1.570s] DEBUG:colcon.colcon_core.task.python.build:While undoing a previous installation files outside the Python library path are being ignored: /home/matthieu/ros2_ws/install/web_control/share/web_control/web/stream/webrtc/.venv/lib/python3.12/site-packages/pip/_vendor/urllib3/util/queue.py
[1.570s] DEBUG:colcon.colcon_core.task.python.build:While undoing a previous installation files outside the Python library path are being ignored: /home/matthieu/ros2_ws/install/web_control/share/web_control/web/stream/webrtc/.venv/lib/python3.12/site-packages/pip/_vendor/urllib3/util/ssl_match_hostname.py
[1.570s] DEBUG:colcon.colcon_core.task.python.build:While undoing a previous installation files outside the Python library path are being ignored: /home/matthieu/ros2_ws/install/web_control/share/web_control/web/stream/webrtc/.venv/lib/python3.12/site-packages/pip/_vendor/urllib3/util/proxy.py
[1.570s] DEBUG:colcon.colcon_core.task.python.build:While undoing a previous installation files outside the Python library path are being ignored: /home/matthieu/ros2_ws/install/web_control/share/web_control/web/stream/webrtc/.venv/lib/python3.12/site-packages/pip/_vendor/urllib3/util/retry.py
[1.570s] DEBUG:colcon.colcon_core.task.python.build:While undoing a previous installation files outside the Python library path are being ignored: /home/matthieu/ros2_ws/install/web_control/share/web_control/web/stream/webrtc/.venv/lib/python3.12/site-packages/pip/_vendor/urllib3/util/url.py
[1.570s] DEBUG:colcon.colcon_core.task.python.build:While undoing a previous installation files outside the Python library path are being ignored: /home/matthieu/ros2_ws/install/web_control/share/web_control/web/stream/webrtc/.venv/lib/python3.12/site-packages/pip/_vendor/urllib3/util/__init__.py
[1.570s] DEBUG:colcon.colcon_core.task.python.build:While undoing a previous installation files outside the Python library path are being ignored: /home/matthieu/ros2_ws/install/web_control/share/web_control/web/stream/webrtc/.venv/lib/python3.12/site-packages/pip/_vendor/urllib3/util/__pycache__/timeout.cpython-312.pyc
[1.570s] DEBUG:colcon.colcon_core.task.python.build:While undoing a previous installation files outside the Python library path are being ignored: /home/matthieu/ros2_ws/install/web_control/share/web_control/web/stream/webrtc/.venv/lib/python3.12/site-packages/pip/_vendor/urllib3/util/__pycache__/response.cpython-312.pyc
[1.570s] DEBUG:colcon.colcon_core.task.python.build:While undoing a previous installation files outside the Python library path are being ignored: /home/matthieu/ros2_ws/install/web_control/share/web_control/web/stream/webrtc/.venv/lib/python3.12/site-packages/pip/_vendor/urllib3/util/__pycache__/ssl_.cpython-312.pyc
[1.570s] DEBUG:colcon.colcon_core.task.python.build:While undoing a previous installation files outside the Python library path are being ignored: /home/matthieu/ros2_ws/install/web_control/share/web_control/web/stream/webrtc/.venv/lib/python3.12/site-packages/pip/_vendor/urllib3/util/__pycache__/request.cpython-312.pyc
[1.570s] DEBUG:colcon.colcon_core.task.python.build:While undoing a previous installation files outside the Python library path are being ignored: /home/matthieu/ros2_ws/install/web_control/share/web_control/web/stream/webrtc/.venv/lib/python3.12/site-packages/pip/_vendor/urllib3/util/__pycache__/url.cpython-312.pyc
[1.570s] DEBUG:colcon.colcon_core.task.python.build:While undoing a previous installation files outside the Python library path are being ignored: /home/matthieu/ros2_ws/install/web_control/share/web_control/web/stream/webrtc/.venv/lib/python3.12/site-packages/pip/_vendor/urllib3/util/__pycache__/connection.cpython-312.pyc
[1.570s] DEBUG:colcon.colcon_core.task.python.build:While undoing a previous installation files outside the Python library path are being ignored: /home/matthieu/ros2_ws/install/web_control/share/web_control/web/stream/webrtc/.venv/lib/python3.12/site-packages/pip/_vendor/urllib3/util/__pycache__/proxy.cpython-312.pyc
[1.570s] DEBUG:colcon.colcon_core.task.python.build:While undoing a previous installation files outside the Python library path are being ignored: /home/matthieu/ros2_ws/install/web_control/share/web_control/web/stream/webrtc/.venv/lib/python3.12/site-packages/pip/_vendor/urllib3/util/__pycache__/ssltransport.cpython-312.pyc
[1.570s] DEBUG:colcon.colcon_core.task.python.build:While undoing a previous installation files outside the Python library path are being ignored: /home/matthieu/ros2_ws/install/web_control/share/web_control/web/stream/webrtc/.venv/lib/python3.12/site-packages/pip/_vendor/urllib3/util/__pycache__/ssl_match_hostname.cpython-312.pyc
[1.570s] DEBUG:colcon.colcon_core.task.python.build:While undoing a previous installation files outside the Python library path are being ignored: /home/matthieu/ros2_ws/install/web_control/share/web_control/web/stream/webrtc/.venv/lib/python3.12/site-packages/pip/_vendor/urllib3/util/__pycache__/queue.cpython-312.pyc
[1.570s] DEBUG:colcon.colcon_core.task.python.build:While undoing a previous installation files outside the Python library path are being ignored: /home/matthieu/ros2_ws/install/web_control/share/web_control/web/stream/webrtc/.venv/lib/python3.12/site-packages/pip/_vendor/urllib3/util/__pycache__/wait.cpython-312.pyc
[1.570s] DEBUG:colcon.colcon_core.task.python.build:While undoing a previous installation files outside the Python library path are being ignored: /home/matthieu/ros2_ws/install/web_control/share/web_control/web/stream/webrtc/.venv/lib/python3.12/site-packages/pip/_vendor/urllib3/util/__pycache__/retry.cpython-312.pyc
[1.570s] DEBUG:colcon.colcon_core.task.python.build:While undoing a previous installation files outside the Python library path are being ignored: /home/matthieu/ros2_ws/install/web_control/share/web_control/web/stream/webrtc/.venv/lib/python3.12/site-packages/pip/_vendor/urllib3/util/__pycache__/__init__.cpython-312.pyc
[1.570s] DEBUG:colcon.colcon_core.task.python.build:While undoing a previous installation files outside the Python library path are being ignored: /home/matthieu/ros2_ws/install/web_control/share/web_control/web/stream/webrtc/.venv/lib/python3.12/site-packages/pip/_vendor/urllib3/__pycache__/response.cpython-312.pyc
[1.570s] DEBUG:colcon.colcon_core.task.python.build:While undoing a previous installation files outside the Python library path are being ignored: /home/matthieu/ros2_ws/install/web_control/share/web_control/web/stream/webrtc/.venv/lib/python3.12/site-packages/pip/_vendor/urllib3/__pycache__/_collections.cpython-312.pyc
[1.570s] DEBUG:colcon.colcon_core.task.python.build:While undoing a previous installation files outside the Python library path are being ignored: /home/matthieu/ros2_ws/install/web_control/share/web_control/web/stream/webrtc/.venv/lib/python3.12/site-packages/pip/_vendor/urllib3/__pycache__/request.cpython-312.pyc
[1.570s] DEBUG:colcon.colcon_core.task.python.build:While undoing a previous installation files outside the Python library path are being ignored: /home/matthieu/ros2_ws/install/web_control/share/web_control/web/stream/webrtc/.venv/lib/python3.12/site-packages/pip/_vendor/urllib3/__pycache__/connection.cpython-312.pyc
[1.570s] DEBUG:colcon.colcon_core.task.python.build:While undoing a previous installation files outside the Python library path are being ignored: /home/matthieu/ros2_ws/install/web_control/share/web_control/web/stream/webrtc/.venv/lib/python3.12/site-packages/pip/_vendor/urllib3/__pycache__/_version.cpython-312.pyc
[1.570s] DEBUG:colcon.colcon_core.task.python.build:While undoing a previous installation files outside the Python library path are being ignored: /home/matthieu/ros2_ws/install/web_control/share/web_control/web/stream/webrtc/.venv/lib/python3.12/site-packages/pip/_vendor/urllib3/__pycache__/connectionpool.cpython-312.pyc
[1.570s] DEBUG:colcon.colcon_core.task.python.build:While undoing a previous installation files outside the Python library path are being ignored: /home/matthieu/ros2_ws/install/web_control/share/web_control/web/stream/webrtc/.venv/lib/python3.12/site-packages/pip/_vendor/urllib3/__pycache__/poolmanager.cpython-312.pyc
[1.570s] DEBUG:colcon.colcon_core.task.python.build:While undoing a previous installation files outside the Python library path are being ignored: /home/matthieu/ros2_ws/install/web_control/share/web_control/web/stream/webrtc/.venv/lib/python3.12/site-packages/pip/_vendor/urllib3/__pycache__/exceptions.cpython-312.pyc
[1.570s] DEBUG:colcon.colcon_core.task.python.build:While undoing a previous installation files outside the Python library path are being ignored: /home/matthieu/ros2_ws/install/web_control/share/web_control/web/stream/webrtc/.venv/lib/python3.12/site-packages/pip/_vendor/urllib3/__pycache__/filepost.cpython-312.pyc
[1.570s] DEBUG:colcon.colcon_core.task.python.build:While undoing a previous installation files outside the Python library path are being ignored: /home/matthieu/ros2_ws/install/web_control/share/web_control/web/stream/webrtc/.venv/lib/python3.12/site-packages/pip/_vendor/urllib3/__pycache__/__init__.cpython-312.pyc
[1.570s] DEBUG:colcon.colcon_core.task.python.build:While undoing a previous installation files outside the Python library path are being ignored: /home/matthieu/ros2_ws/install/web_control/share/web_control/web/stream/webrtc/.venv/lib/python3.12/site-packages/pip/_vendor/urllib3/__pycache__/fields.cpython-312.pyc
[1.570s] DEBUG:colcon.colcon_core.task.python.build:While undoing a previous installation files outside the Python library path are being ignored: /home/matthieu/ros2_ws/install/web_control/share/web_control/web/stream/webrtc/.venv/lib/python3.12/site-packages/pip/_vendor/urllib3/contrib/pyopenssl.py
[1.570s] DEBUG:colcon.colcon_core.task.python.build:While undoing a previous installation files outside the Python library path are being ignored: /home/matthieu/ros2_ws/install/web_control/share/web_control/web/stream/webrtc/.venv/lib/python3.12/site-packages/pip/_vendor/urllib3/contrib/_appengine_environ.py
[1.570s] DEBUG:colcon.colcon_core.task.python.build:While undoing a previous installation files outside the Python library path are being ignored: /home/matthieu/ros2_ws/install/web_control/share/web_control/web/stream/webrtc/.venv/lib/python3.12/site-packages/pip/_vendor/urllib3/contrib/appengine.py
[1.570s] DEBUG:colcon.colcon_core.task.python.build:While undoing a previous installation files outside the Python library path are being ignored: /home/matthieu/ros2_ws/install/web_control/share/web_control/web/stream/webrtc/.venv/lib/python3.12/site-packages/pip/_vendor/urllib3/contrib/socks.py
[1.570s] DEBUG:colcon.colcon_core.task.python.build:While undoing a previous installation files outside the Python library path are being ignored: /home/matthieu/ros2_ws/install/web_control/share/web_control/web/stream/webrtc/.venv/lib/python3.12/site-packages/pip/_vendor/urllib3/contrib/securetransport.py
[1.570s] DEBUG:colcon.colcon_core.task.python.build:While undoing a previous installation files outside the Python library path are being ignored: /home/matthieu/ros2_ws/install/web_control/share/web_control/web/stream/webrtc/.venv/lib/python3.12/site-packages/pip/_vendor/urllib3/contrib/ntlmpool.py
[1.571s] DEBUG:colcon.colcon_core.task.python.build:While undoing a previous installation files outside the Python library path are being ignored: /home/matthieu/ros2_ws/install/web_control/share/web_control/web/stream/webrtc/.venv/lib/python3.12/site-packages/pip/_vendor/urllib3/contrib/__init__.py
[1.571s] DEBUG:colcon.colcon_core.task.python.build:While undoing a previous installation files outside the Python library path are being ignored: /home/matthieu/ros2_ws/install/web_control/share/web_control/web/stream/webrtc/.venv/lib/python3.12/site-packages/pip/_vendor/urllib3/contrib/__pycache__/ntlmpool.cpython-312.pyc
[1.571s] DEBUG:colcon.colcon_core.task.python.build:While undoing a previous installation files outside the Python library path are being ignored: /home/matthieu/ros2_ws/install/web_control/share/web_control/web/stream/webrtc/.venv/lib/python3.12/site-packages/pip/_vendor/urllib3/contrib/__pycache__/socks.cpython-312.pyc
[1.571s] DEBUG:colcon.colcon_core.task.python.build:While undoing a previous installation files outside the Python library path are being ignored: /home/matthieu/ros2_ws/install/web_control/share/web_control/web/stream/webrtc/.venv/lib/python3.12/site-packages/pip/_vendor/urllib3/contrib/__pycache__/securetransport.cpython-312.pyc
[1.571s] DEBUG:colcon.colcon_core.task.python.build:While undoing a previous installation files outside the Python library path are being ignored: /home/matthieu/ros2_ws/install/web_control/share/web_control/web/stream/webrtc/.venv/lib/python3.12/site-packages/pip/_vendor/urllib3/contrib/__pycache__/_appengine_environ.cpython-312.pyc
[1.571s] DEBUG:colcon.colcon_core.task.python.build:While undoing a previous installation files outside the Python library path are being ignored: /home/matthieu/ros2_ws/install/web_control/share/web_control/web/stream/webrtc/.venv/lib/python3.12/site-packages/pip/_vendor/urllib3/contrib/__pycache__/pyopenssl.cpython-312.pyc
[1.571s] DEBUG:colcon.colcon_core.task.python.build:While undoing a previous installation files outside the Python library path are being ignored: /home/matthieu/ros2_ws/install/web_control/share/web_control/web/stream/webrtc/.venv/lib/python3.12/site-packages/pip/_vendor/urllib3/contrib/__pycache__/appengine.cpython-312.pyc
[1.571s] DEBUG:colcon.colcon_core.task.python.build:While undoing a previous installation files outside the Python library path are being ignored: /home/matthieu/ros2_ws/install/web_control/share/web_control/web/stream/webrtc/.venv/lib/python3.12/site-packages/pip/_vendor/urllib3/contrib/__pycache__/__init__.cpython-312.pyc
[1.571s] DEBUG:colcon.colcon_core.task.python.build:While undoing a previous installation files outside the Python library path are being ignored: /home/matthieu/ros2_ws/install/web_control/share/web_control/web/stream/webrtc/.venv/lib/python3.12/site-packages/pip/_vendor/urllib3/contrib/_securetransport/bindings.py
[1.571s] DEBUG:colcon.colcon_core.task.python.build:While undoing a previous installation files outside the Python library path are being ignored: /home/matthieu/ros2_ws/install/web_control/share/web_control/web/stream/webrtc/.venv/lib/python3.12/site-packages/pip/_vendor/urllib3/contrib/_securetransport/low_level.py
[1.571s] DEBUG:colcon.colcon_core.task.python.build:While undoing a previous installation files outside the Python library path are being ignored: /home/matthieu/ros2_ws/install/web_control/share/web_control/web/stream/webrtc/.venv/lib/python3.12/site-packages/pip/_vendor/urllib3/contrib/_securetransport/__init__.py
[1.571s] DEBUG:colcon.colcon_core.task.python.build:While undoing a previous installation files outside the Python library path are being ignored: /home/matthieu/ros2_ws/install/web_control/share/web_control/web/stream/webrtc/.venv/lib/python3.12/site-packages/pip/_vendor/urllib3/contrib/_securetransport/__pycache__/low_level.cpython-312.pyc
[1.571s] DEBUG:colcon.colcon_core.task.python.build:While undoing a previous installation files outside the Python library path are being ignored: /home/matthieu/ros2_ws/install/web_control/share/web_control/web/stream/webrtc/.venv/lib/python3.12/site-packages/pip/_vendor/urllib3/contrib/_securetransport/__pycache__/bindings.cpython-312.pyc
[1.571s] DEBUG:colcon.colcon_core.task.python.build:While undoing a previous installation files outside the Python library path are being ignored: /home/matthieu/ros2_ws/install/web_control/share/web_control/web/stream/webrtc/.venv/lib/python3.12/site-packages/pip/_vendor/urllib3/contrib/_securetransport/__pycache__/__init__.cpython-312.pyc
[1.571s] DEBUG:colcon.colcon_core.task.python.build:While undoing a previous installation files outside the Python library path are being ignored: /home/matthieu/ros2_ws/install/web_control/share/web_control/web/stream/webrtc/.venv/lib/python3.12/site-packages/pip/_vendor/urllib3/packages/six.py
[1.571s] DEBUG:colcon.colcon_core.task.python.build:While undoing a previous installation files outside the Python library path are being ignored: /home/matthieu/ros2_ws/install/web_control/share/web_control/web/stream/webrtc/.venv/lib/python3.12/site-packages/pip/_vendor/urllib3/packages/__init__.py
[1.571s] DEBUG:colcon.colcon_core.task.python.build:While undoing a previous installation files outside the Python library path are being ignored: /home/matthieu/ros2_ws/install/web_control/share/web_control/web/stream/webrtc/.venv/lib/python3.12/site-packages/pip/_vendor/urllib3/packages/backports/weakref_finalize.py
[1.571s] DEBUG:colcon.colcon_core.task.python.build:While undoing a previous installation files outside the Python library path are being ignored: /home/matthieu/ros2_ws/install/web_control/share/web_control/web/stream/webrtc/.venv/lib/python3.12/site-packages/pip/_vendor/urllib3/packages/backports/makefile.py
[1.571s] DEBUG:colcon.colcon_core.task.python.build:While undoing a previous installation files outside the Python library path are being ignored: /home/matthieu/ros2_ws/install/web_control/share/web_control/web/stream/webrtc/.venv/lib/python3.12/site-packages/pip/_vendor/urllib3/packages/backports/__init__.py
[1.571s] DEBUG:colcon.colcon_core.task.python.build:While undoing a previous installation files outside the Python library path are being ignored: /home/matthieu/ros2_ws/install/web_control/share/web_control/web/stream/webrtc/.venv/lib/python3.12/site-packages/pip/_vendor/urllib3/packages/backports/__pycache__/makefile.cpython-312.pyc
[1.571s] DEBUG:colcon.colcon_core.task.python.build:While undoing a previous installation files outside the Python library path are being ignored: /home/matthieu/ros2_ws/install/web_control/share/web_control/web/stream/webrtc/.venv/lib/python3.12/site-packages/pip/_vendor/urllib3/packages/backports/__pycache__/weakref_finalize.cpython-312.pyc
[1.571s] DEBUG:colcon.colcon_core.task.python.build:While undoing a previous installation files outside the Python library path are being ignored: /home/matthieu/ros2_ws/install/web_control/share/web_control/web/stream/webrtc/.venv/lib/python3.12/site-packages/pip/_vendor/urllib3/packages/backports/__pycache__/__init__.cpython-312.pyc
[1.571s] DEBUG:colcon.colcon_core.task.python.build:While undoing a previous installation files outside the Python library path are being ignored: /home/matthieu/ros2_ws/install/web_control/share/web_control/web/stream/webrtc/.venv/lib/python3.12/site-packages/pip/_vendor/urllib3/packages/__pycache__/six.cpython-312.pyc
[1.571s] DEBUG:colcon.colcon_core.task.python.build:While undoing a previous installation files outside the Python library path are being ignored: /home/matthieu/ros2_ws/install/web_control/share/web_control/web/stream/webrtc/.venv/lib/python3.12/site-packages/pip/_vendor/urllib3/packages/__pycache__/__init__.cpython-312.pyc
[1.571s] DEBUG:colcon.colcon_core.task.python.build:While undoing a previous installation files outside the Python library path are being ignored: /home/matthieu/ros2_ws/install/web_control/share/web_control/web/stream/webrtc/.venv/lib/python3.12/site-packages/pip/_internal/configuration.py
[1.571s] DEBUG:colcon.colcon_core.task.python.build:While undoing a previous installation files outside the Python library path are being ignored: /home/matthieu/ros2_ws/install/web_control/share/web_control/web/stream/webrtc/.venv/lib/python3.12/site-packages/pip/_internal/main.py
[1.571s] DEBUG:colcon.colcon_core.task.python.build:While undoing a previous installation files outside the Python library path are being ignored: /home/matthieu/ros2_ws/install/web_control/share/web_control/web/stream/webrtc/.venv/lib/python3.12/site-packages/pip/_internal/wheel_builder.py
[1.571s] DEBUG:colcon.colcon_core.task.python.build:While undoing a previous installation files outside the Python library path are being ignored: /home/matthieu/ros2_ws/install/web_control/share/web_control/web/stream/webrtc/.venv/lib/python3.12/site-packages/pip/_internal/cache.py
[1.571s] DEBUG:colcon.colcon_core.task.python.build:While undoing a previous installation files outside the Python library path are being ignored: /home/matthieu/ros2_ws/install/web_control/share/web_control/web/stream/webrtc/.venv/lib/python3.12/site-packages/pip/_internal/pyproject.py
[1.571s] DEBUG:colcon.colcon_core.task.python.build:While undoing a previous installation files outside the Python library path are being ignored: /home/matthieu/ros2_ws/install/web_control/share/web_control/web/stream/webrtc/.venv/lib/python3.12/site-packages/pip/_internal/build_env.py
[1.571s] DEBUG:colcon.colcon_core.task.python.build:While undoing a previous installation files outside the Python library path are being ignored: /home/matthieu/ros2_ws/install/web_control/share/web_control/web/stream/webrtc/.venv/lib/python3.12/site-packages/pip/_internal/self_outdated_check.py
[1.571s] DEBUG:colcon.colcon_core.task.python.build:While undoing a previous installation files outside the Python library path are being ignored: /home/matthieu/ros2_ws/install/web_control/share/web_control/web/stream/webrtc/.venv/lib/python3.12/site-packages/pip/_internal/exceptions.py
[1.571s] DEBUG:colcon.colcon_core.task.python.build:While undoing a previous installation files outside the Python library path are being ignored: /home/matthieu/ros2_ws/install/web_control/share/web_control/web/stream/webrtc/.venv/lib/python3.12/site-packages/pip/_internal/__init__.py
[1.571s] DEBUG:colcon.colcon_core.task.python.build:While undoing a previous installation files outside the Python library path are being ignored: /home/matthieu/ros2_ws/install/web_control/share/web_control/web/stream/webrtc/.venv/lib/python3.12/site-packages/pip/_internal/resolution/base.py
[1.571s] DEBUG:colcon.colcon_core.task.python.build:While undoing a previous installation files outside the Python library path are being ignored: /home/matthieu/ros2_ws/install/web_control/share/web_control/web/stream/webrtc/.venv/lib/python3.12/site-packages/pip/_internal/resolution/__init__.py
[1.571s] DEBUG:colcon.colcon_core.task.python.build:While undoing a previous installation files outside the Python library path are being ignored: /home/matthieu/ros2_ws/install/web_control/share/web_control/web/stream/webrtc/.venv/lib/python3.12/site-packages/pip/_internal/resolution/__pycache__/base.cpython-312.pyc
[1.571s] DEBUG:colcon.colcon_core.task.python.build:While undoing a previous installation files outside the Python library path are being ignored: /home/matthieu/ros2_ws/install/web_control/share/web_control/web/stream/webrtc/.venv/lib/python3.12/site-packages/pip/_internal/resolution/__pycache__/__init__.cpython-312.pyc
[1.571s] DEBUG:colcon.colcon_core.task.python.build:While undoing a previous installation files outside the Python library path are being ignored: /home/matthieu/ros2_ws/install/web_control/share/web_control/web/stream/webrtc/.venv/lib/python3.12/site-packages/pip/_internal/resolution/legacy/resolver.py
[1.571s] DEBUG:colcon.colcon_core.task.python.build:While undoing a previous installation files outside the Python library path are being ignored: /home/matthieu/ros2_ws/install/web_control/share/web_control/web/stream/webrtc/.venv/lib/python3.12/site-packages/pip/_internal/resolution/legacy/__init__.py
[1.572s] DEBUG:colcon.colcon_core.task.python.build:While undoing a previous installation files outside the Python library path are being ignored: /home/matthieu/ros2_ws/install/web_control/share/web_control/web/stream/webrtc/.venv/lib/python3.12/site-packages/pip/_internal/resolution/legacy/__pycache__/resolver.cpython-312.pyc
[1.572s] DEBUG:colcon.colcon_core.task.python.build:While undoing a previous installation files outside the Python library path are being ignored: /home/matthieu/ros2_ws/install/web_control/share/web_control/web/stream/webrtc/.venv/lib/python3.12/site-packages/pip/_internal/resolution/legacy/__pycache__/__init__.cpython-312.pyc
[1.572s] DEBUG:colcon.colcon_core.task.python.build:While undoing a previous installation files outside the Python library path are being ignored: /home/matthieu/ros2_ws/install/web_control/share/web_control/web/stream/webrtc/.venv/lib/python3.12/site-packages/pip/_internal/resolution/resolvelib/base.py
[1.572s] DEBUG:colcon.colcon_core.task.python.build:While undoing a previous installation files outside the Python library path are being ignored: /home/matthieu/ros2_ws/install/web_control/share/web_control/web/stream/webrtc/.venv/lib/python3.12/site-packages/pip/_internal/resolution/resolvelib/provider.py
[1.572s] DEBUG:colcon.colcon_core.task.python.build:While undoing a previous installation files outside the Python library path are being ignored: /home/matthieu/ros2_ws/install/web_control/share/web_control/web/stream/webrtc/.venv/lib/python3.12/site-packages/pip/_internal/resolution/resolvelib/requirements.py
[1.572s] DEBUG:colcon.colcon_core.task.python.build:While undoing a previous installation files outside the Python library path are being ignored: /home/matthieu/ros2_ws/install/web_control/share/web_control/web/stream/webrtc/.venv/lib/python3.12/site-packages/pip/_internal/resolution/resolvelib/candidates.py
[1.572s] DEBUG:colcon.colcon_core.task.python.build:While undoing a previous installation files outside the Python library path are being ignored: /home/matthieu/ros2_ws/install/web_control/share/web_control/web/stream/webrtc/.venv/lib/python3.12/site-packages/pip/_internal/resolution/resolvelib/resolver.py
[1.572s] DEBUG:colcon.colcon_core.task.python.build:While undoing a previous installation files outside the Python library path are being ignored: /home/matthieu/ros2_ws/install/web_control/share/web_control/web/stream/webrtc/.venv/lib/python3.12/site-packages/pip/_internal/resolution/resolvelib/reporter.py
[1.572s] DEBUG:colcon.colcon_core.task.python.build:While undoing a previous installation files outside the Python library path are being ignored: /home/matthieu/ros2_ws/install/web_control/share/web_control/web/stream/webrtc/.venv/lib/python3.12/site-packages/pip/_internal/resolution/resolvelib/found_candidates.py
[1.572s] DEBUG:colcon.colcon_core.task.python.build:While undoing a previous installation files outside the Python library path are being ignored: /home/matthieu/ros2_ws/install/web_control/share/web_control/web/stream/webrtc/.venv/lib/python3.12/site-packages/pip/_internal/resolution/resolvelib/factory.py
[1.572s] DEBUG:colcon.colcon_core.task.python.build:While undoing a previous installation files outside the Python library path are being ignored: /home/matthieu/ros2_ws/install/web_control/share/web_control/web/stream/webrtc/.venv/lib/python3.12/site-packages/pip/_internal/resolution/resolvelib/__init__.py
[1.572s] DEBUG:colcon.colcon_core.task.python.build:While undoing a previous installation files outside the Python library path are being ignored: /home/matthieu/ros2_ws/install/web_control/share/web_control/web/stream/webrtc/.venv/lib/python3.12/site-packages/pip/_internal/resolution/resolvelib/__pycache__/candidates.cpython-312.pyc
[1.572s] DEBUG:colcon.colcon_core.task.python.build:While undoing a previous installation files outside the Python library path are being ignored: /home/matthieu/ros2_ws/install/web_control/share/web_control/web/stream/webrtc/.venv/lib/python3.12/site-packages/pip/_internal/resolution/resolvelib/__pycache__/resolver.cpython-312.pyc
[1.572s] DEBUG:colcon.colcon_core.task.python.build:While undoing a previous installation files outside the Python library path are being ignored: /home/matthieu/ros2_ws/install/web_control/share/web_control/web/stream/webrtc/.venv/lib/python3.12/site-packages/pip/_internal/resolution/resolvelib/__pycache__/base.cpython-312.pyc
[1.572s] DEBUG:colcon.colcon_core.task.python.build:While undoing a previous installation files outside the Python library path are being ignored: /home/matthieu/ros2_ws/install/web_control/share/web_control/web/stream/webrtc/.venv/lib/python3.12/site-packages/pip/_internal/resolution/resolvelib/__pycache__/reporter.cpython-312.pyc
[1.572s] DEBUG:colcon.colcon_core.task.python.build:While undoing a previous installation files outside the Python library path are being ignored: /home/matthieu/ros2_ws/install/web_control/share/web_control/web/stream/webrtc/.venv/lib/python3.12/site-packages/pip/_internal/resolution/resolvelib/__pycache__/provider.cpython-312.pyc
[1.572s] DEBUG:colcon.colcon_core.task.python.build:While undoing a previous installation files outside the Python library path are being ignored: /home/matthieu/ros2_ws/install/web_control/share/web_control/web/stream/webrtc/.venv/lib/python3.12/site-packages/pip/_internal/resolution/resolvelib/__pycache__/requirements.cpython-312.pyc
[1.572s] DEBUG:colcon.colcon_core.task.python.build:While undoing a previous installation files outside the Python library path are being ignored: /home/matthieu/ros2_ws/install/web_control/share/web_control/web/stream/webrtc/.venv/lib/python3.12/site-packages/pip/_internal/resolution/resolvelib/__pycache__/factory.cpython-312.pyc
[1.572s] DEBUG:colcon.colcon_core.task.python.build:While undoing a previous installation files outside the Python library path are being ignored: /home/matthieu/ros2_ws/install/web_control/share/web_control/web/stream/webrtc/.venv/lib/python3.12/site-packages/pip/_internal/resolution/resolvelib/__pycache__/found_candidates.cpython-312.pyc
[1.572s] DEBUG:colcon.colcon_core.task.python.build:While undoing a previous installation files outside the Python library path are being ignored: /home/matthieu/ros2_ws/install/web_control/share/web_control/web/stream/webrtc/.venv/lib/python3.12/site-packages/pip/_internal/resolution/resolvelib/__pycache__/__init__.cpython-312.pyc
[1.572s] DEBUG:colcon.colcon_core.task.python.build:While undoing a previous installation files outside the Python library path are being ignored: /home/matthieu/ros2_ws/install/web_control/share/web_control/web/stream/webrtc/.venv/lib/python3.12/site-packages/pip/_internal/operations/prepare.py
[1.572s] DEBUG:colcon.colcon_core.task.python.build:While undoing a previous installation files outside the Python library path are being ignored: /home/matthieu/ros2_ws/install/web_control/share/web_control/web/stream/webrtc/.venv/lib/python3.12/site-packages/pip/_internal/operations/freeze.py
[1.572s] DEBUG:colcon.colcon_core.task.python.build:While undoing a previous installation files outside the Python library path are being ignored: /home/matthieu/ros2_ws/install/web_control/share/web_control/web/stream/webrtc/.venv/lib/python3.12/site-packages/pip/_internal/operations/check.py
[1.572s] DEBUG:colcon.colcon_core.task.python.build:While undoing a previous installation files outside the Python library path are being ignored: /home/matthieu/ros2_ws/install/web_control/share/web_control/web/stream/webrtc/.venv/lib/python3.12/site-packages/pip/_internal/operations/__init__.py
[1.572s] DEBUG:colcon.colcon_core.task.python.build:While undoing a previous installation files outside the Python library path are being ignored: /home/matthieu/ros2_ws/install/web_control/share/web_control/web/stream/webrtc/.venv/lib/python3.12/site-packages/pip/_internal/operations/build/wheel_legacy.py
[1.572s] DEBUG:colcon.colcon_core.task.python.build:While undoing a previous installation files outside the Python library path are being ignored: /home/matthieu/ros2_ws/install/web_control/share/web_control/web/stream/webrtc/.venv/lib/python3.12/site-packages/pip/_internal/operations/build/build_tracker.py
[1.572s] DEBUG:colcon.colcon_core.task.python.build:While undoing a previous installation files outside the Python library path are being ignored: /home/matthieu/ros2_ws/install/web_control/share/web_control/web/stream/webrtc/.venv/lib/python3.12/site-packages/pip/_internal/operations/build/metadata.py
[1.572s] DEBUG:colcon.colcon_core.task.python.build:While undoing a previous installation files outside the Python library path are being ignored: /home/matthieu/ros2_ws/install/web_control/share/web_control/web/stream/webrtc/.venv/lib/python3.12/site-packages/pip/_internal/operations/build/wheel_editable.py
[1.572s] DEBUG:colcon.colcon_core.task.python.build:While undoing a previous installation files outside the Python library path are being ignored: /home/matthieu/ros2_ws/install/web_control/share/web_control/web/stream/webrtc/.venv/lib/python3.12/site-packages/pip/_internal/operations/build/metadata_editable.py
[1.572s] DEBUG:colcon.colcon_core.task.python.build:While undoing a previous installation files outside the Python library path are being ignored: /home/matthieu/ros2_ws/install/web_control/share/web_control/web/stream/webrtc/.venv/lib/python3.12/site-packages/pip/_internal/operations/build/wheel.py
[1.572s] DEBUG:colcon.colcon_core.task.python.build:While undoing a previous installation files outside the Python library path are being ignored: /home/matthieu/ros2_ws/install/web_control/share/web_control/web/stream/webrtc/.venv/lib/python3.12/site-packages/pip/_internal/operations/build/metadata_legacy.py
[1.572s] DEBUG:colcon.colcon_core.task.python.build:While undoing a previous installation files outside the Python library path are being ignored: /home/matthieu/ros2_ws/install/web_control/share/web_control/web/stream/webrtc/.venv/lib/python3.12/site-packages/pip/_internal/operations/build/__init__.py
[1.572s] DEBUG:colcon.colcon_core.task.python.build:While undoing a previous installation files outside the Python library path are being ignored: /home/matthieu/ros2_ws/install/web_control/share/web_control/web/stream/webrtc/.venv/lib/python3.12/site-packages/pip/_internal/operations/build/__pycache__/metadata_legacy.cpython-312.pyc
[1.572s] DEBUG:colcon.colcon_core.task.python.build:While undoing a previous installation files outside the Python library path are being ignored: /home/matthieu/ros2_ws/install/web_control/share/web_control/web/stream/webrtc/.venv/lib/python3.12/site-packages/pip/_internal/operations/build/__pycache__/wheel_legacy.cpython-312.pyc
[1.572s] DEBUG:colcon.colcon_core.task.python.build:While undoing a previous installation files outside the Python library path are being ignored: /home/matthieu/ros2_ws/install/web_control/share/web_control/web/stream/webrtc/.venv/lib/python3.12/site-packages/pip/_internal/operations/build/__pycache__/wheel_editable.cpython-312.pyc
[1.572s] DEBUG:colcon.colcon_core.task.python.build:While undoing a previous installation files outside the Python library path are being ignored: /home/matthieu/ros2_ws/install/web_control/share/web_control/web/stream/webrtc/.venv/lib/python3.12/site-packages/pip/_internal/operations/build/__pycache__/wheel.cpython-312.pyc
[1.572s] DEBUG:colcon.colcon_core.task.python.build:While undoing a previous installation files outside the Python library path are being ignored: /home/matthieu/ros2_ws/install/web_control/share/web_control/web/stream/webrtc/.venv/lib/python3.12/site-packages/pip/_internal/operations/build/__pycache__/__init__.cpython-312.pyc
[1.572s] DEBUG:colcon.colcon_core.task.python.build:While undoing a previous installation files outside the Python library path are being ignored: /home/matthieu/ros2_ws/install/web_control/share/web_control/web/stream/webrtc/.venv/lib/python3.12/site-packages/pip/_internal/operations/build/__pycache__/metadata.cpython-312.pyc
[1.572s] DEBUG:colcon.colcon_core.task.python.build:While undoing a previous installation files outside the Python library path are being ignored: /home/matthieu/ros2_ws/install/web_control/share/web_control/web/stream/webrtc/.venv/lib/python3.12/site-packages/pip/_internal/operations/build/__pycache__/metadata_editable.cpython-312.pyc
[1.572s] DEBUG:colcon.colcon_core.task.python.build:While undoing a previous installation files outside the Python library path are being ignored: /home/matthieu/ros2_ws/install/web_control/share/web_control/web/stream/webrtc/.venv/lib/python3.12/site-packages/pip/_internal/operations/build/__pycache__/build_tracker.cpython-312.pyc
[1.572s] DEBUG:colcon.colcon_core.task.python.build:While undoing a previous installation files outside the Python library path are being ignored: /home/matthieu/ros2_ws/install/web_control/share/web_control/web/stream/webrtc/.venv/lib/python3.12/site-packages/pip/_internal/operations/install/wheel.py
[1.573s] DEBUG:colcon.colcon_core.task.python.build:While undoing a previous installation files outside the Python library path are being ignored: /home/matthieu/ros2_ws/install/web_control/share/web_control/web/stream/webrtc/.venv/lib/python3.12/site-packages/pip/_internal/operations/install/editable_legacy.py
[1.573s] DEBUG:colcon.colcon_core.task.python.build:While undoing a previous installation files outside the Python library path are being ignored: /home/matthieu/ros2_ws/install/web_control/share/web_control/web/stream/webrtc/.venv/lib/python3.12/site-packages/pip/_internal/operations/install/__init__.py
[1.573s] DEBUG:colcon.colcon_core.task.python.build:While undoing a previous installation files outside the Python library path are being ignored: /home/matthieu/ros2_ws/install/web_control/share/web_control/web/stream/webrtc/.venv/lib/python3.12/site-packages/pip/_internal/operations/install/__pycache__/wheel.cpython-312.pyc
[1.573s] DEBUG:colcon.colcon_core.task.python.build:While undoing a previous installation files outside the Python library path are being ignored: /home/matthieu/ros2_ws/install/web_control/share/web_control/web/stream/webrtc/.venv/lib/python3.12/site-packages/pip/_internal/operations/install/__pycache__/editable_legacy.cpython-312.pyc
[1.573s] DEBUG:colcon.colcon_core.task.python.build:While undoing a previous installation files outside the Python library path are being ignored: /home/matthieu/ros2_ws/install/web_control/share/web_control/web/stream/webrtc/.venv/lib/python3.12/site-packages/pip/_internal/operations/install/__pycache__/__init__.cpython-312.pyc
[1.573s] DEBUG:colcon.colcon_core.task.python.build:While undoing a previous installation files outside the Python library path are being ignored: /home/matthieu/ros2_ws/install/web_control/share/web_control/web/stream/webrtc/.venv/lib/python3.12/site-packages/pip/_internal/operations/__pycache__/prepare.cpython-312.pyc
[1.573s] DEBUG:colcon.colcon_core.task.python.build:While undoing a previous installation files outside the Python library path are being ignored: /home/matthieu/ros2_ws/install/web_control/share/web_control/web/stream/webrtc/.venv/lib/python3.12/site-packages/pip/_internal/operations/__pycache__/check.cpython-312.pyc
[1.573s] DEBUG:colcon.colcon_core.task.python.build:While undoing a previous installation files outside the Python library path are being ignored: /home/matthieu/ros2_ws/install/web_control/share/web_control/web/stream/webrtc/.venv/lib/python3.12/site-packages/pip/_internal/operations/__pycache__/__init__.cpython-312.pyc
[1.573s] DEBUG:colcon.colcon_core.task.python.build:While undoing a previous installation files outside the Python library path are being ignored: /home/matthieu/ros2_ws/install/web_control/share/web_control/web/stream/webrtc/.venv/lib/python3.12/site-packages/pip/_internal/operations/__pycache__/freeze.cpython-312.pyc
[1.573s] DEBUG:colcon.colcon_core.task.python.build:While undoing a previous installation files outside the Python library path are being ignored: /home/matthieu/ros2_ws/install/web_control/share/web_control/web/stream/webrtc/.venv/lib/python3.12/site-packages/pip/_internal/models/target_python.py
[1.573s] DEBUG:colcon.colcon_core.task.python.build:While undoing a previous installation files outside the Python library path are being ignored: /home/matthieu/ros2_ws/install/web_control/share/web_control/web/stream/webrtc/.venv/lib/python3.12/site-packages/pip/_internal/models/scheme.py
[1.573s] DEBUG:colcon.colcon_core.task.python.build:While undoing a previous installation files outside the Python library path are being ignored: /home/matthieu/ros2_ws/install/web_control/share/web_control/web/stream/webrtc/.venv/lib/python3.12/site-packages/pip/_internal/models/index.py
[1.573s] DEBUG:colcon.colcon_core.task.python.build:While undoing a previous installation files outside the Python library path are being ignored: /home/matthieu/ros2_ws/install/web_control/share/web_control/web/stream/webrtc/.venv/lib/python3.12/site-packages/pip/_internal/models/search_scope.py
[1.573s] DEBUG:colcon.colcon_core.task.python.build:While undoing a previous installation files outside the Python library path are being ignored: /home/matthieu/ros2_ws/install/web_control/share/web_control/web/stream/webrtc/.venv/lib/python3.12/site-packages/pip/_internal/models/selection_prefs.py
[1.573s] DEBUG:colcon.colcon_core.task.python.build:While undoing a previous installation files outside the Python library path are being ignored: /home/matthieu/ros2_ws/install/web_control/share/web_control/web/stream/webrtc/.venv/lib/python3.12/site-packages/pip/_internal/models/link.py
[1.573s] DEBUG:colcon.colcon_core.task.python.build:While undoing a previous installation files outside the Python library path are being ignored: /home/matthieu/ros2_ws/install/web_control/share/web_control/web/stream/webrtc/.venv/lib/python3.12/site-packages/pip/_internal/models/candidate.py
[1.573s] DEBUG:colcon.colcon_core.task.python.build:While undoing a previous installation files outside the Python library path are being ignored: /home/matthieu/ros2_ws/install/web_control/share/web_control/web/stream/webrtc/.venv/lib/python3.12/site-packages/pip/_internal/models/installation_report.py
[1.573s] DEBUG:colcon.colcon_core.task.python.build:While undoing a previous installation files outside the Python library path are being ignored: /home/matthieu/ros2_ws/install/web_control/share/web_control/web/stream/webrtc/.venv/lib/python3.12/site-packages/pip/_internal/models/direct_url.py
[1.573s] DEBUG:colcon.colcon_core.task.python.build:While undoing a previous installation files outside the Python library path are being ignored: /home/matthieu/ros2_ws/install/web_control/share/web_control/web/stream/webrtc/.venv/lib/python3.12/site-packages/pip/_internal/models/wheel.py
[1.573s] DEBUG:colcon.colcon_core.task.python.build:While undoing a previous installation files outside the Python library path are being ignored: /home/matthieu/ros2_ws/install/web_control/share/web_control/web/stream/webrtc/.venv/lib/python3.12/site-packages/pip/_internal/models/__init__.py
[1.573s] DEBUG:colcon.colcon_core.task.python.build:While undoing a previous installation files outside the Python library path are being ignored: /home/matthieu/ros2_ws/install/web_control/share/web_control/web/stream/webrtc/.venv/lib/python3.12/site-packages/pip/_internal/models/format_control.py
[1.573s] DEBUG:colcon.colcon_core.task.python.build:While undoing a previous installation files outside the Python library path are being ignored: /home/matthieu/ros2_ws/install/web_control/share/web_control/web/stream/webrtc/.venv/lib/python3.12/site-packages/pip/_internal/models/__pycache__/index.cpython-312.pyc
[1.573s] DEBUG:colcon.colcon_core.task.python.build:While undoing a previous installation files outside the Python library path are being ignored: /home/matthieu/ros2_ws/install/web_control/share/web_control/web/stream/webrtc/.venv/lib/python3.12/site-packages/pip/_internal/models/__pycache__/direct_url.cpython-312.pyc
[1.573s] DEBUG:colcon.colcon_core.task.python.build:While undoing a previous installation files outside the Python library path are being ignored: /home/matthieu/ros2_ws/install/web_control/share/web_control/web/stream/webrtc/.venv/lib/python3.12/site-packages/pip/_internal/models/__pycache__/search_scope.cpython-312.pyc
[1.573s] DEBUG:colcon.colcon_core.task.python.build:While undoing a previous installation files outside the Python library path are being ignored: /home/matthieu/ros2_ws/install/web_control/share/web_control/web/stream/webrtc/.venv/lib/python3.12/site-packages/pip/_internal/models/__pycache__/wheel.cpython-312.pyc
[1.573s] DEBUG:colcon.colcon_core.task.python.build:While undoing a previous installation files outside the Python library path are being ignored: /home/matthieu/ros2_ws/install/web_control/share/web_control/web/stream/webrtc/.venv/lib/python3.12/site-packages/pip/_internal/models/__pycache__/link.cpython-312.pyc
[1.573s] DEBUG:colcon.colcon_core.task.python.build:While undoing a previous installation files outside the Python library path are being ignored: /home/matthieu/ros2_ws/install/web_control/share/web_control/web/stream/webrtc/.venv/lib/python3.12/site-packages/pip/_internal/models/__pycache__/target_python.cpython-312.pyc
[1.573s] DEBUG:colcon.colcon_core.task.python.build:While undoing a previous installation files outside the Python library path are being ignored: /home/matthieu/ros2_ws/install/web_control/share/web_control/web/stream/webrtc/.venv/lib/python3.12/site-packages/pip/_internal/models/__pycache__/scheme.cpython-312.pyc
[1.573s] DEBUG:colcon.colcon_core.task.python.build:While undoing a previous installation files outside the Python library path are being ignored: /home/matthieu/ros2_ws/install/web_control/share/web_control/web/stream/webrtc/.venv/lib/python3.12/site-packages/pip/_internal/models/__pycache__/selection_prefs.cpython-312.pyc
[1.573s] DEBUG:colcon.colcon_core.task.python.build:While undoing a previous installation files outside the Python library path are being ignored: /home/matthieu/ros2_ws/install/web_control/share/web_control/web/stream/webrtc/.venv/lib/python3.12/site-packages/pip/_internal/models/__pycache__/installation_report.cpython-312.pyc
[1.573s] DEBUG:colcon.colcon_core.task.python.build:While undoing a previous installation files outside the Python library path are being ignored: /home/matthieu/ros2_ws/install/web_control/share/web_control/web/stream/webrtc/.venv/lib/python3.12/site-packages/pip/_internal/models/__pycache__/candidate.cpython-312.pyc
[1.573s] DEBUG:colcon.colcon_core.task.python.build:While undoing a previous installation files outside the Python library path are being ignored: /home/matthieu/ros2_ws/install/web_control/share/web_control/web/stream/webrtc/.venv/lib/python3.12/site-packages/pip/_internal/models/__pycache__/format_control.cpython-312.pyc
[1.573s] DEBUG:colcon.colcon_core.task.python.build:While undoing a previous installation files outside the Python library path are being ignored: /home/matthieu/ros2_ws/install/web_control/share/web_control/web/stream/webrtc/.venv/lib/python3.12/site-packages/pip/_internal/models/__pycache__/__init__.cpython-312.pyc
[1.573s] DEBUG:colcon.colcon_core.task.python.build:While undoing a previous installation files outside the Python library path are being ignored: /home/matthieu/ros2_ws/install/web_control/share/web_control/web/stream/webrtc/.venv/lib/python3.12/site-packages/pip/_internal/cli/progress_bars.py
[1.573s] DEBUG:colcon.colcon_core.task.python.build:While undoing a previous installation files outside the Python library path are being ignored: /home/matthieu/ros2_ws/install/web_control/share/web_control/web/stream/webrtc/.venv/lib/python3.12/site-packages/pip/_internal/cli/main.py
[1.573s] DEBUG:colcon.colcon_core.task.python.build:While undoing a previous installation files outside the Python library path are being ignored: /home/matthieu/ros2_ws/install/web_control/share/web_control/web/stream/webrtc/.venv/lib/python3.12/site-packages/pip/_internal/cli/spinners.py
[1.573s] DEBUG:colcon.colcon_core.task.python.build:While undoing a previous installation files outside the Python library path are being ignored: /home/matthieu/ros2_ws/install/web_control/share/web_control/web/stream/webrtc/.venv/lib/python3.12/site-packages/pip/_internal/cli/cmdoptions.py
[1.573s] DEBUG:colcon.colcon_core.task.python.build:While undoing a previous installation files outside the Python library path are being ignored: /home/matthieu/ros2_ws/install/web_control/share/web_control/web/stream/webrtc/.venv/lib/python3.12/site-packages/pip/_internal/cli/command_context.py
[1.573s] DEBUG:colcon.colcon_core.task.python.build:While undoing a previous installation files outside the Python library path are being ignored: /home/matthieu/ros2_ws/install/web_control/share/web_control/web/stream/webrtc/.venv/lib/python3.12/site-packages/pip/_internal/cli/base_command.py
[1.573s] DEBUG:colcon.colcon_core.task.python.build:While undoing a previous installation files outside the Python library path are being ignored: /home/matthieu/ros2_ws/install/web_control/share/web_control/web/stream/webrtc/.venv/lib/python3.12/site-packages/pip/_internal/cli/parser.py
[1.573s] DEBUG:colcon.colcon_core.task.python.build:While undoing a previous installation files outside the Python library path are being ignored: /home/matthieu/ros2_ws/install/web_control/share/web_control/web/stream/webrtc/.venv/lib/python3.12/site-packages/pip/_internal/cli/status_codes.py
[1.574s] DEBUG:colcon.colcon_core.task.python.build:While undoing a previous installation files outside the Python library path are being ignored: /home/matthieu/ros2_ws/install/web_control/share/web_control/web/stream/webrtc/.venv/lib/python3.12/site-packages/pip/_internal/cli/req_command.py
[1.574s] DEBUG:colcon.colcon_core.task.python.build:While undoing a previous installation files outside the Python library path are being ignored: /home/matthieu/ros2_ws/install/web_control/share/web_control/web/stream/webrtc/.venv/lib/python3.12/site-packages/pip/_internal/cli/autocompletion.py
[1.574s] DEBUG:colcon.colcon_core.task.python.build:While undoing a previous installation files outside the Python library path are being ignored: /home/matthieu/ros2_ws/install/web_control/share/web_control/web/stream/webrtc/.venv/lib/python3.12/site-packages/pip/_internal/cli/main_parser.py
[1.574s] DEBUG:colcon.colcon_core.task.python.build:While undoing a previous installation files outside the Python library path are being ignored: /home/matthieu/ros2_ws/install/web_control/share/web_control/web/stream/webrtc/.venv/lib/python3.12/site-packages/pip/_internal/cli/__init__.py
[1.574s] DEBUG:colcon.colcon_core.task.python.build:While undoing a previous installation files outside the Python library path are being ignored: /home/matthieu/ros2_ws/install/web_control/share/web_control/web/stream/webrtc/.venv/lib/python3.12/site-packages/pip/_internal/cli/__pycache__/command_context.cpython-312.pyc
[1.574s] DEBUG:colcon.colcon_core.task.python.build:While undoing a previous installation files outside the Python library path are being ignored: /home/matthieu/ros2_ws/install/web_control/share/web_control/web/stream/webrtc/.venv/lib/python3.12/site-packages/pip/_internal/cli/__pycache__/spinners.cpython-312.pyc
[1.574s] DEBUG:colcon.colcon_core.task.python.build:While undoing a previous installation files outside the Python library path are being ignored: /home/matthieu/ros2_ws/install/web_control/share/web_control/web/stream/webrtc/.venv/lib/python3.12/site-packages/pip/_internal/cli/__pycache__/autocompletion.cpython-312.pyc
[1.574s] DEBUG:colcon.colcon_core.task.python.build:While undoing a previous installation files outside the Python library path are being ignored: /home/matthieu/ros2_ws/install/web_control/share/web_control/web/stream/webrtc/.venv/lib/python3.12/site-packages/pip/_internal/cli/__pycache__/progress_bars.cpython-312.pyc
[1.574s] DEBUG:colcon.colcon_core.task.python.build:While undoing a previous installation files outside the Python library path are being ignored: /home/matthieu/ros2_ws/install/web_control/share/web_control/web/stream/webrtc/.venv/lib/python3.12/site-packages/pip/_internal/cli/__pycache__/main.cpython-312.pyc
[1.574s] DEBUG:colcon.colcon_core.task.python.build:While undoing a previous installation files outside the Python library path are being ignored: /home/matthieu/ros2_ws/install/web_control/share/web_control/web/stream/webrtc/.venv/lib/python3.12/site-packages/pip/_internal/cli/__pycache__/base_command.cpython-312.pyc
[1.574s] DEBUG:colcon.colcon_core.task.python.build:While undoing a previous installation files outside the Python library path are being ignored: /home/matthieu/ros2_ws/install/web_control/share/web_control/web/stream/webrtc/.venv/lib/python3.12/site-packages/pip/_internal/cli/__pycache__/cmdoptions.cpython-312.pyc
[1.574s] DEBUG:colcon.colcon_core.task.python.build:While undoing a previous installation files outside the Python library path are being ignored: /home/matthieu/ros2_ws/install/web_control/share/web_control/web/stream/webrtc/.venv/lib/python3.12/site-packages/pip/_internal/cli/__pycache__/main_parser.cpython-312.pyc
[1.574s] DEBUG:colcon.colcon_core.task.python.build:While undoing a previous installation files outside the Python library path are being ignored: /home/matthieu/ros2_ws/install/web_control/share/web_control/web/stream/webrtc/.venv/lib/python3.12/site-packages/pip/_internal/cli/__pycache__/status_codes.cpython-312.pyc
[1.574s] DEBUG:colcon.colcon_core.task.python.build:While undoing a previous installation files outside the Python library path are being ignored: /home/matthieu/ros2_ws/install/web_control/share/web_control/web/stream/webrtc/.venv/lib/python3.12/site-packages/pip/_internal/cli/__pycache__/__init__.cpython-312.pyc
[1.574s] DEBUG:colcon.colcon_core.task.python.build:While undoing a previous installation files outside the Python library path are being ignored: /home/matthieu/ros2_ws/install/web_control/share/web_control/web/stream/webrtc/.venv/lib/python3.12/site-packages/pip/_internal/cli/__pycache__/req_command.cpython-312.pyc
[1.574s] DEBUG:colcon.colcon_core.task.python.build:While undoing a previous installation files outside the Python library path are being ignored: /home/matthieu/ros2_ws/install/web_control/share/web_control/web/stream/webrtc/.venv/lib/python3.12/site-packages/pip/_internal/cli/__pycache__/parser.cpython-312.pyc
[1.574s] DEBUG:colcon.colcon_core.task.python.build:While undoing a previous installation files outside the Python library path are being ignored: /home/matthieu/ros2_ws/install/web_control/share/web_control/web/stream/webrtc/.venv/lib/python3.12/site-packages/pip/_internal/network/session.py
[1.574s] DEBUG:colcon.colcon_core.task.python.build:While undoing a previous installation files outside the Python library path are being ignored: /home/matthieu/ros2_ws/install/web_control/share/web_control/web/stream/webrtc/.venv/lib/python3.12/site-packages/pip/_internal/network/cache.py
[1.574s] DEBUG:colcon.colcon_core.task.python.build:While undoing a previous installation files outside the Python library path are being ignored: /home/matthieu/ros2_ws/install/web_control/share/web_control/web/stream/webrtc/.venv/lib/python3.12/site-packages/pip/_internal/network/auth.py
[1.574s] DEBUG:colcon.colcon_core.task.python.build:While undoing a previous installation files outside the Python library path are being ignored: /home/matthieu/ros2_ws/install/web_control/share/web_control/web/stream/webrtc/.venv/lib/python3.12/site-packages/pip/_internal/network/lazy_wheel.py
[1.574s] DEBUG:colcon.colcon_core.task.python.build:While undoing a previous installation files outside the Python library path are being ignored: /home/matthieu/ros2_ws/install/web_control/share/web_control/web/stream/webrtc/.venv/lib/python3.12/site-packages/pip/_internal/network/download.py
[1.574s] DEBUG:colcon.colcon_core.task.python.build:While undoing a previous installation files outside the Python library path are being ignored: /home/matthieu/ros2_ws/install/web_control/share/web_control/web/stream/webrtc/.venv/lib/python3.12/site-packages/pip/_internal/network/utils.py
[1.574s] DEBUG:colcon.colcon_core.task.python.build:While undoing a previous installation files outside the Python library path are being ignored: /home/matthieu/ros2_ws/install/web_control/share/web_control/web/stream/webrtc/.venv/lib/python3.12/site-packages/pip/_internal/network/xmlrpc.py
[1.574s] DEBUG:colcon.colcon_core.task.python.build:While undoing a previous installation files outside the Python library path are being ignored: /home/matthieu/ros2_ws/install/web_control/share/web_control/web/stream/webrtc/.venv/lib/python3.12/site-packages/pip/_internal/network/__init__.py
[1.574s] DEBUG:colcon.colcon_core.task.python.build:While undoing a previous installation files outside the Python library path are being ignored: /home/matthieu/ros2_ws/install/web_control/share/web_control/web/stream/webrtc/.venv/lib/python3.12/site-packages/pip/_internal/network/__pycache__/auth.cpython-312.pyc
[1.574s] DEBUG:colcon.colcon_core.task.python.build:While undoing a previous installation files outside the Python library path are being ignored: /home/matthieu/ros2_ws/install/web_control/share/web_control/web/stream/webrtc/.venv/lib/python3.12/site-packages/pip/_internal/network/__pycache__/lazy_wheel.cpython-312.pyc
[1.574s] DEBUG:colcon.colcon_core.task.python.build:While undoing a previous installation files outside the Python library path are being ignored: /home/matthieu/ros2_ws/install/web_control/share/web_control/web/stream/webrtc/.venv/lib/python3.12/site-packages/pip/_internal/network/__pycache__/download.cpython-312.pyc
[1.574s] DEBUG:colcon.colcon_core.task.python.build:While undoing a previous installation files outside the Python library path are being ignored: /home/matthieu/ros2_ws/install/web_control/share/web_control/web/stream/webrtc/.venv/lib/python3.12/site-packages/pip/_internal/network/__pycache__/xmlrpc.cpython-312.pyc
[1.574s] DEBUG:colcon.colcon_core.task.python.build:While undoing a previous installation files outside the Python library path are being ignored: /home/matthieu/ros2_ws/install/web_control/share/web_control/web/stream/webrtc/.venv/lib/python3.12/site-packages/pip/_internal/network/__pycache__/session.cpython-312.pyc
[1.574s] DEBUG:colcon.colcon_core.task.python.build:While undoing a previous installation files outside the Python library path are being ignored: /home/matthieu/ros2_ws/install/web_control/share/web_control/web/stream/webrtc/.venv/lib/python3.12/site-packages/pip/_internal/network/__pycache__/cache.cpython-312.pyc
[1.574s] DEBUG:colcon.colcon_core.task.python.build:While undoing a previous installation files outside the Python library path are being ignored: /home/matthieu/ros2_ws/install/web_control/share/web_control/web/stream/webrtc/.venv/lib/python3.12/site-packages/pip/_internal/network/__pycache__/__init__.cpython-312.pyc
[1.574s] DEBUG:colcon.colcon_core.task.python.build:While undoing a previous installation files outside the Python library path are being ignored: /home/matthieu/ros2_ws/install/web_control/share/web_control/web/stream/webrtc/.venv/lib/python3.12/site-packages/pip/_internal/network/__pycache__/utils.cpython-312.pyc
[1.574s] DEBUG:colcon.colcon_core.task.python.build:While undoing a previous installation files outside the Python library path are being ignored: /home/matthieu/ros2_ws/install/web_control/share/web_control/web/stream/webrtc/.venv/lib/python3.12/site-packages/pip/_internal/locations/_distutils.py
[1.574s] DEBUG:colcon.colcon_core.task.python.build:While undoing a previous installation files outside the Python library path are being ignored: /home/matthieu/ros2_ws/install/web_control/share/web_control/web/stream/webrtc/.venv/lib/python3.12/site-packages/pip/_internal/locations/base.py
[1.574s] DEBUG:colcon.colcon_core.task.python.build:While undoing a previous installation files outside the Python library path are being ignored: /home/matthieu/ros2_ws/install/web_control/share/web_control/web/stream/webrtc/.venv/lib/python3.12/site-packages/pip/_internal/locations/_sysconfig.py
[1.574s] DEBUG:colcon.colcon_core.task.python.build:While undoing a previous installation files outside the Python library path are being ignored: /home/matthieu/ros2_ws/install/web_control/share/web_control/web/stream/webrtc/.venv/lib/python3.12/site-packages/pip/_internal/locations/__init__.py
[1.574s] DEBUG:colcon.colcon_core.task.python.build:While undoing a previous installation files outside the Python library path are being ignored: /home/matthieu/ros2_ws/install/web_control/share/web_control/web/stream/webrtc/.venv/lib/python3.12/site-packages/pip/_internal/locations/__pycache__/_distutils.cpython-312.pyc
[1.574s] DEBUG:colcon.colcon_core.task.python.build:While undoing a previous installation files outside the Python library path are being ignored: /home/matthieu/ros2_ws/install/web_control/share/web_control/web/stream/webrtc/.venv/lib/python3.12/site-packages/pip/_internal/locations/__pycache__/_sysconfig.cpython-312.pyc
[1.575s] DEBUG:colcon.colcon_core.task.python.build:While undoing a previous installation files outside the Python library path are being ignored: /home/matthieu/ros2_ws/install/web_control/share/web_control/web/stream/webrtc/.venv/lib/python3.12/site-packages/pip/_internal/locations/__pycache__/base.cpython-312.pyc
[1.575s] DEBUG:colcon.colcon_core.task.python.build:While undoing a previous installation files outside the Python library path are being ignored: /home/matthieu/ros2_ws/install/web_control/share/web_control/web/stream/webrtc/.venv/lib/python3.12/site-packages/pip/_internal/locations/__pycache__/__init__.cpython-312.pyc
[1.575s] DEBUG:colcon.colcon_core.task.python.build:While undoing a previous installation files outside the Python library path are being ignored: /home/matthieu/ros2_ws/install/web_control/share/web_control/web/stream/webrtc/.venv/lib/python3.12/site-packages/pip/_internal/metadata/base.py
[1.575s] DEBUG:colcon.colcon_core.task.python.build:While undoing a previous installation files outside the Python library path are being ignored: /home/matthieu/ros2_ws/install/web_control/share/web_control/web/stream/webrtc/.venv/lib/python3.12/site-packages/pip/_internal/metadata/pkg_resources.py
[1.575s] DEBUG:colcon.colcon_core.task.python.build:While undoing a previous installation files outside the Python library path are being ignored: /home/matthieu/ros2_ws/install/web_control/share/web_control/web/stream/webrtc/.venv/lib/python3.12/site-packages/pip/_internal/metadata/_json.py
[1.575s] DEBUG:colcon.colcon_core.task.python.build:While undoing a previous installation files outside the Python library path are being ignored: /home/matthieu/ros2_ws/install/web_control/share/web_control/web/stream/webrtc/.venv/lib/python3.12/site-packages/pip/_internal/metadata/__init__.py
[1.575s] DEBUG:colcon.colcon_core.task.python.build:While undoing a previous installation files outside the Python library path are being ignored: /home/matthieu/ros2_ws/install/web_control/share/web_control/web/stream/webrtc/.venv/lib/python3.12/site-packages/pip/_internal/metadata/__pycache__/_json.cpython-312.pyc
[1.575s] DEBUG:colcon.colcon_core.task.python.build:While undoing a previous installation files outside the Python library path are being ignored: /home/matthieu/ros2_ws/install/web_control/share/web_control/web/stream/webrtc/.venv/lib/python3.12/site-packages/pip/_internal/metadata/__pycache__/pkg_resources.cpython-312.pyc
[1.575s] DEBUG:colcon.colcon_core.task.python.build:While undoing a previous installation files outside the Python library path are being ignored: /home/matthieu/ros2_ws/install/web_control/share/web_control/web/stream/webrtc/.venv/lib/python3.12/site-packages/pip/_internal/metadata/__pycache__/base.cpython-312.pyc
[1.575s] DEBUG:colcon.colcon_core.task.python.build:While undoing a previous installation files outside the Python library path are being ignored: /home/matthieu/ros2_ws/install/web_control/share/web_control/web/stream/webrtc/.venv/lib/python3.12/site-packages/pip/_internal/metadata/__pycache__/__init__.cpython-312.pyc
[1.575s] DEBUG:colcon.colcon_core.task.python.build:While undoing a previous installation files outside the Python library path are being ignored: /home/matthieu/ros2_ws/install/web_control/share/web_control/web/stream/webrtc/.venv/lib/python3.12/site-packages/pip/_internal/metadata/importlib/_envs.py
[1.575s] DEBUG:colcon.colcon_core.task.python.build:While undoing a previous installation files outside the Python library path are being ignored: /home/matthieu/ros2_ws/install/web_control/share/web_control/web/stream/webrtc/.venv/lib/python3.12/site-packages/pip/_internal/metadata/importlib/_dists.py
[1.575s] DEBUG:colcon.colcon_core.task.python.build:While undoing a previous installation files outside the Python library path are being ignored: /home/matthieu/ros2_ws/install/web_control/share/web_control/web/stream/webrtc/.venv/lib/python3.12/site-packages/pip/_internal/metadata/importlib/_compat.py
[1.575s] DEBUG:colcon.colcon_core.task.python.build:While undoing a previous installation files outside the Python library path are being ignored: /home/matthieu/ros2_ws/install/web_control/share/web_control/web/stream/webrtc/.venv/lib/python3.12/site-packages/pip/_internal/metadata/importlib/__init__.py
[1.575s] DEBUG:colcon.colcon_core.task.python.build:While undoing a previous installation files outside the Python library path are being ignored: /home/matthieu/ros2_ws/install/web_control/share/web_control/web/stream/webrtc/.venv/lib/python3.12/site-packages/pip/_internal/metadata/importlib/__pycache__/_compat.cpython-312.pyc
[1.575s] DEBUG:colcon.colcon_core.task.python.build:While undoing a previous installation files outside the Python library path are being ignored: /home/matthieu/ros2_ws/install/web_control/share/web_control/web/stream/webrtc/.venv/lib/python3.12/site-packages/pip/_internal/metadata/importlib/__pycache__/_envs.cpython-312.pyc
[1.575s] DEBUG:colcon.colcon_core.task.python.build:While undoing a previous installation files outside the Python library path are being ignored: /home/matthieu/ros2_ws/install/web_control/share/web_control/web/stream/webrtc/.venv/lib/python3.12/site-packages/pip/_internal/metadata/importlib/__pycache__/_dists.cpython-312.pyc
[1.575s] DEBUG:colcon.colcon_core.task.python.build:While undoing a previous installation files outside the Python library path are being ignored: /home/matthieu/ros2_ws/install/web_control/share/web_control/web/stream/webrtc/.venv/lib/python3.12/site-packages/pip/_internal/metadata/importlib/__pycache__/__init__.cpython-312.pyc
[1.575s] DEBUG:colcon.colcon_core.task.python.build:While undoing a previous installation files outside the Python library path are being ignored: /home/matthieu/ros2_ws/install/web_control/share/web_control/web/stream/webrtc/.venv/lib/python3.12/site-packages/pip/_internal/__pycache__/wheel_builder.cpython-312.pyc
[1.575s] DEBUG:colcon.colcon_core.task.python.build:While undoing a previous installation files outside the Python library path are being ignored: /home/matthieu/ros2_ws/install/web_control/share/web_control/web/stream/webrtc/.venv/lib/python3.12/site-packages/pip/_internal/__pycache__/self_outdated_check.cpython-312.pyc
[1.575s] DEBUG:colcon.colcon_core.task.python.build:While undoing a previous installation files outside the Python library path are being ignored: /home/matthieu/ros2_ws/install/web_control/share/web_control/web/stream/webrtc/.venv/lib/python3.12/site-packages/pip/_internal/__pycache__/main.cpython-312.pyc
[1.575s] DEBUG:colcon.colcon_core.task.python.build:While undoing a previous installation files outside the Python library path are being ignored: /home/matthieu/ros2_ws/install/web_control/share/web_control/web/stream/webrtc/.venv/lib/python3.12/site-packages/pip/_internal/__pycache__/pyproject.cpython-312.pyc
[1.575s] DEBUG:colcon.colcon_core.task.python.build:While undoing a previous installation files outside the Python library path are being ignored: /home/matthieu/ros2_ws/install/web_control/share/web_control/web/stream/webrtc/.venv/lib/python3.12/site-packages/pip/_internal/__pycache__/exceptions.cpython-312.pyc
[1.575s] DEBUG:colcon.colcon_core.task.python.build:While undoing a previous installation files outside the Python library path are being ignored: /home/matthieu/ros2_ws/install/web_control/share/web_control/web/stream/webrtc/.venv/lib/python3.12/site-packages/pip/_internal/__pycache__/build_env.cpython-312.pyc
[1.575s] DEBUG:colcon.colcon_core.task.python.build:While undoing a previous installation files outside the Python library path are being ignored: /home/matthieu/ros2_ws/install/web_control/share/web_control/web/stream/webrtc/.venv/lib/python3.12/site-packages/pip/_internal/__pycache__/configuration.cpython-312.pyc
[1.575s] DEBUG:colcon.colcon_core.task.python.build:While undoing a previous installation files outside the Python library path are being ignored: /home/matthieu/ros2_ws/install/web_control/share/web_control/web/stream/webrtc/.venv/lib/python3.12/site-packages/pip/_internal/__pycache__/cache.cpython-312.pyc
[1.575s] DEBUG:colcon.colcon_core.task.python.build:While undoing a previous installation files outside the Python library path are being ignored: /home/matthieu/ros2_ws/install/web_control/share/web_control/web/stream/webrtc/.venv/lib/python3.12/site-packages/pip/_internal/__pycache__/__init__.cpython-312.pyc
[1.575s] DEBUG:colcon.colcon_core.task.python.build:While undoing a previous installation files outside the Python library path are being ignored: /home/matthieu/ros2_ws/install/web_control/share/web_control/web/stream/webrtc/.venv/lib/python3.12/site-packages/pip/_internal/distributions/installed.py
[1.575s] DEBUG:colcon.colcon_core.task.python.build:While undoing a previous installation files outside the Python library path are being ignored: /home/matthieu/ros2_ws/install/web_control/share/web_control/web/stream/webrtc/.venv/lib/python3.12/site-packages/pip/_internal/distributions/base.py
[1.575s] DEBUG:colcon.colcon_core.task.python.build:While undoing a previous installation files outside the Python library path are being ignored: /home/matthieu/ros2_ws/install/web_control/share/web_control/web/stream/webrtc/.venv/lib/python3.12/site-packages/pip/_internal/distributions/sdist.py
[1.575s] DEBUG:colcon.colcon_core.task.python.build:While undoing a previous installation files outside the Python library path are being ignored: /home/matthieu/ros2_ws/install/web_control/share/web_control/web/stream/webrtc/.venv/lib/python3.12/site-packages/pip/_internal/distributions/wheel.py
[1.575s] DEBUG:colcon.colcon_core.task.python.build:While undoing a previous installation files outside the Python library path are being ignored: /home/matthieu/ros2_ws/install/web_control/share/web_control/web/stream/webrtc/.venv/lib/python3.12/site-packages/pip/_internal/distributions/__init__.py
[1.575s] DEBUG:colcon.colcon_core.task.python.build:While undoing a previous installation files outside the Python library path are being ignored: /home/matthieu/ros2_ws/install/web_control/share/web_control/web/stream/webrtc/.venv/lib/python3.12/site-packages/pip/_internal/distributions/__pycache__/base.cpython-312.pyc
[1.575s] DEBUG:colcon.colcon_core.task.python.build:While undoing a previous installation files outside the Python library path are being ignored: /home/matthieu/ros2_ws/install/web_control/share/web_control/web/stream/webrtc/.venv/lib/python3.12/site-packages/pip/_internal/distributions/__pycache__/wheel.cpython-312.pyc
[1.575s] DEBUG:colcon.colcon_core.task.python.build:While undoing a previous installation files outside the Python library path are being ignored: /home/matthieu/ros2_ws/install/web_control/share/web_control/web/stream/webrtc/.venv/lib/python3.12/site-packages/pip/_internal/distributions/__pycache__/installed.cpython-312.pyc
[1.575s] DEBUG:colcon.colcon_core.task.python.build:While undoing a previous installation files outside the Python library path are being ignored: /home/matthieu/ros2_ws/install/web_control/share/web_control/web/stream/webrtc/.venv/lib/python3.12/site-packages/pip/_internal/distributions/__pycache__/sdist.cpython-312.pyc
[1.575s] DEBUG:colcon.colcon_core.task.python.build:While undoing a previous installation files outside the Python library path are being ignored: /home/matthieu/ros2_ws/install/web_control/share/web_control/web/stream/webrtc/.venv/lib/python3.12/site-packages/pip/_internal/distributions/__pycache__/__init__.cpython-312.pyc
[1.575s] DEBUG:colcon.colcon_core.task.python.build:While undoing a previous installation files outside the Python library path are being ignored: /home/matthieu/ros2_ws/install/web_control/share/web_control/web/stream/webrtc/.venv/lib/python3.12/site-packages/pip/_internal/req/req_file.py
[1.575s] DEBUG:colcon.colcon_core.task.python.build:While undoing a previous installation files outside the Python library path are being ignored: /home/matthieu/ros2_ws/install/web_control/share/web_control/web/stream/webrtc/.venv/lib/python3.12/site-packages/pip/_internal/req/constructors.py
[1.576s] DEBUG:colcon.colcon_core.task.python.build:While undoing a previous installation files outside the Python library path are being ignored: /home/matthieu/ros2_ws/install/web_control/share/web_control/web/stream/webrtc/.venv/lib/python3.12/site-packages/pip/_internal/req/req_set.py
[1.576s] DEBUG:colcon.colcon_core.task.python.build:While undoing a previous installation files outside the Python library path are being ignored: /home/matthieu/ros2_ws/install/web_control/share/web_control/web/stream/webrtc/.venv/lib/python3.12/site-packages/pip/_internal/req/req_install.py
[1.576s] DEBUG:colcon.colcon_core.task.python.build:While undoing a previous installation files outside the Python library path are being ignored: /home/matthieu/ros2_ws/install/web_control/share/web_control/web/stream/webrtc/.venv/lib/python3.12/site-packages/pip/_internal/req/req_uninstall.py
[1.576s] DEBUG:colcon.colcon_core.task.python.build:While undoing a previous installation files outside the Python library path are being ignored: /home/matthieu/ros2_ws/install/web_control/share/web_control/web/stream/webrtc/.venv/lib/python3.12/site-packages/pip/_internal/req/__init__.py
[1.576s] DEBUG:colcon.colcon_core.task.python.build:While undoing a previous installation files outside the Python library path are being ignored: /home/matthieu/ros2_ws/install/web_control/share/web_control/web/stream/webrtc/.venv/lib/python3.12/site-packages/pip/_internal/req/__pycache__/req_install.cpython-312.pyc
[1.576s] DEBUG:colcon.colcon_core.task.python.build:While undoing a previous installation files outside the Python library path are being ignored: /home/matthieu/ros2_ws/install/web_control/share/web_control/web/stream/webrtc/.venv/lib/python3.12/site-packages/pip/_internal/req/__pycache__/req_file.cpython-312.pyc
[1.576s] DEBUG:colcon.colcon_core.task.python.build:While undoing a previous installation files outside the Python library path are being ignored: /home/matthieu/ros2_ws/install/web_control/share/web_control/web/stream/webrtc/.venv/lib/python3.12/site-packages/pip/_internal/req/__pycache__/req_uninstall.cpython-312.pyc
[1.576s] DEBUG:colcon.colcon_core.task.python.build:While undoing a previous installation files outside the Python library path are being ignored: /home/matthieu/ros2_ws/install/web_control/share/web_control/web/stream/webrtc/.venv/lib/python3.12/site-packages/pip/_internal/req/__pycache__/constructors.cpython-312.pyc
[1.576s] DEBUG:colcon.colcon_core.task.python.build:While undoing a previous installation files outside the Python library path are being ignored: /home/matthieu/ros2_ws/install/web_control/share/web_control/web/stream/webrtc/.venv/lib/python3.12/site-packages/pip/_internal/req/__pycache__/__init__.cpython-312.pyc
[1.576s] DEBUG:colcon.colcon_core.task.python.build:While undoing a previous installation files outside the Python library path are being ignored: /home/matthieu/ros2_ws/install/web_control/share/web_control/web/stream/webrtc/.venv/lib/python3.12/site-packages/pip/_internal/req/__pycache__/req_set.cpython-312.pyc
[1.576s] DEBUG:colcon.colcon_core.task.python.build:While undoing a previous installation files outside the Python library path are being ignored: /home/matthieu/ros2_ws/install/web_control/share/web_control/web/stream/webrtc/.venv/lib/python3.12/site-packages/pip/_internal/utils/encoding.py
[1.576s] DEBUG:colcon.colcon_core.task.python.build:While undoing a previous installation files outside the Python library path are being ignored: /home/matthieu/ros2_ws/install/web_control/share/web_control/web/stream/webrtc/.venv/lib/python3.12/site-packages/pip/_internal/utils/appdirs.py
[1.576s] DEBUG:colcon.colcon_core.task.python.build:While undoing a previous installation files outside the Python library path are being ignored: /home/matthieu/ros2_ws/install/web_control/share/web_control/web/stream/webrtc/.venv/lib/python3.12/site-packages/pip/_internal/utils/direct_url_helpers.py
[1.576s] DEBUG:colcon.colcon_core.task.python.build:While undoing a previous installation files outside the Python library path are being ignored: /home/matthieu/ros2_ws/install/web_control/share/web_control/web/stream/webrtc/.venv/lib/python3.12/site-packages/pip/_internal/utils/filetypes.py
[1.576s] DEBUG:colcon.colcon_core.task.python.build:While undoing a previous installation files outside the Python library path are being ignored: /home/matthieu/ros2_ws/install/web_control/share/web_control/web/stream/webrtc/.venv/lib/python3.12/site-packages/pip/_internal/utils/setuptools_build.py
[1.576s] DEBUG:colcon.colcon_core.task.python.build:While undoing a previous installation files outside the Python library path are being ignored: /home/matthieu/ros2_ws/install/web_control/share/web_control/web/stream/webrtc/.venv/lib/python3.12/site-packages/pip/_internal/utils/temp_dir.py
[1.576s] DEBUG:colcon.colcon_core.task.python.build:While undoing a previous installation files outside the Python library path are being ignored: /home/matthieu/ros2_ws/install/web_control/share/web_control/web/stream/webrtc/.venv/lib/python3.12/site-packages/pip/_internal/utils/glibc.py
[1.576s] DEBUG:colcon.colcon_core.task.python.build:While undoing a previous installation files outside the Python library path are being ignored: /home/matthieu/ros2_ws/install/web_control/share/web_control/web/stream/webrtc/.venv/lib/python3.12/site-packages/pip/_internal/utils/unpacking.py
[1.576s] DEBUG:colcon.colcon_core.task.python.build:While undoing a previous installation files outside the Python library path are being ignored: /home/matthieu/ros2_ws/install/web_control/share/web_control/web/stream/webrtc/.venv/lib/python3.12/site-packages/pip/_internal/utils/urls.py
[1.576s] DEBUG:colcon.colcon_core.task.python.build:While undoing a previous installation files outside the Python library path are being ignored: /home/matthieu/ros2_ws/install/web_control/share/web_control/web/stream/webrtc/.venv/lib/python3.12/site-packages/pip/_internal/utils/datetime.py
[1.576s] DEBUG:colcon.colcon_core.task.python.build:While undoing a previous installation files outside the Python library path are being ignored: /home/matthieu/ros2_ws/install/web_control/share/web_control/web/stream/webrtc/.venv/lib/python3.12/site-packages/pip/_internal/utils/hashes.py
[1.576s] DEBUG:colcon.colcon_core.task.python.build:While undoing a previous installation files outside the Python library path are being ignored: /home/matthieu/ros2_ws/install/web_control/share/web_control/web/stream/webrtc/.venv/lib/python3.12/site-packages/pip/_internal/utils/subprocess.py
[1.576s] DEBUG:colcon.colcon_core.task.python.build:While undoing a previous installation files outside the Python library path are being ignored: /home/matthieu/ros2_ws/install/web_control/share/web_control/web/stream/webrtc/.venv/lib/python3.12/site-packages/pip/_internal/utils/logging.py
[1.576s] DEBUG:colcon.colcon_core.task.python.build:While undoing a previous installation files outside the Python library path are being ignored: /home/matthieu/ros2_ws/install/web_control/share/web_control/web/stream/webrtc/.venv/lib/python3.12/site-packages/pip/_internal/utils/entrypoints.py
[1.576s] DEBUG:colcon.colcon_core.task.python.build:While undoing a previous installation files outside the Python library path are being ignored: /home/matthieu/ros2_ws/install/web_control/share/web_control/web/stream/webrtc/.venv/lib/python3.12/site-packages/pip/_internal/utils/misc.py
[1.576s] DEBUG:colcon.colcon_core.task.python.build:While undoing a previous installation files outside the Python library path are being ignored: /home/matthieu/ros2_ws/install/web_control/share/web_control/web/stream/webrtc/.venv/lib/python3.12/site-packages/pip/_internal/utils/compatibility_tags.py
[1.576s] DEBUG:colcon.colcon_core.task.python.build:While undoing a previous installation files outside the Python library path are being ignored: /home/matthieu/ros2_ws/install/web_control/share/web_control/web/stream/webrtc/.venv/lib/python3.12/site-packages/pip/_internal/utils/virtualenv.py
[1.576s] DEBUG:colcon.colcon_core.task.python.build:While undoing a previous installation files outside the Python library path are being ignored: /home/matthieu/ros2_ws/install/web_control/share/web_control/web/stream/webrtc/.venv/lib/python3.12/site-packages/pip/_internal/utils/compat.py
[1.576s] DEBUG:colcon.colcon_core.task.python.build:While undoing a previous installation files outside the Python library path are being ignored: /home/matthieu/ros2_ws/install/web_control/share/web_control/web/stream/webrtc/.venv/lib/python3.12/site-packages/pip/_internal/utils/models.py
[1.576s] DEBUG:colcon.colcon_core.task.python.build:While undoing a previous installation files outside the Python library path are being ignored: /home/matthieu/ros2_ws/install/web_control/share/web_control/web/stream/webrtc/.venv/lib/python3.12/site-packages/pip/_internal/utils/filesystem.py
[1.576s] DEBUG:colcon.colcon_core.task.python.build:While undoing a previous installation files outside the Python library path are being ignored: /home/matthieu/ros2_ws/install/web_control/share/web_control/web/stream/webrtc/.venv/lib/python3.12/site-packages/pip/_internal/utils/_jaraco_text.py
[1.576s] DEBUG:colcon.colcon_core.task.python.build:While undoing a previous installation files outside the Python library path are being ignored: /home/matthieu/ros2_ws/install/web_control/share/web_control/web/stream/webrtc/.venv/lib/python3.12/site-packages/pip/_internal/utils/packaging.py
[1.576s] DEBUG:colcon.colcon_core.task.python.build:While undoing a previous installation files outside the Python library path are being ignored: /home/matthieu/ros2_ws/install/web_control/share/web_control/web/stream/webrtc/.venv/lib/python3.12/site-packages/pip/_internal/utils/wheel.py
[1.576s] DEBUG:colcon.colcon_core.task.python.build:While undoing a previous installation files outside the Python library path are being ignored: /home/matthieu/ros2_ws/install/web_control/share/web_control/web/stream/webrtc/.venv/lib/python3.12/site-packages/pip/_internal/utils/_log.py
[1.576s] DEBUG:colcon.colcon_core.task.python.build:While undoing a previous installation files outside the Python library path are being ignored: /home/matthieu/ros2_ws/install/web_control/share/web_control/web/stream/webrtc/.venv/lib/python3.12/site-packages/pip/_internal/utils/egg_link.py
[1.577s] DEBUG:colcon.colcon_core.task.python.build:While undoing a previous installation files outside the Python library path are being ignored: /home/matthieu/ros2_ws/install/web_control/share/web_control/web/stream/webrtc/.venv/lib/python3.12/site-packages/pip/_internal/utils/deprecation.py
[1.577s] DEBUG:colcon.colcon_core.task.python.build:While undoing a previous installation files outside the Python library path are being ignored: /home/matthieu/ros2_ws/install/web_control/share/web_control/web/stream/webrtc/.venv/lib/python3.12/site-packages/pip/_internal/utils/__init__.py
[1.577s] DEBUG:colcon.colcon_core.task.python.build:While undoing a previous installation files outside the Python library path are being ignored: /home/matthieu/ros2_ws/install/web_control/share/web_control/web/stream/webrtc/.venv/lib/python3.12/site-packages/pip/_internal/utils/__pycache__/entrypoints.cpython-312.pyc
[1.577s] DEBUG:colcon.colcon_core.task.python.build:While undoing a previous installation files outside the Python library path are being ignored: /home/matthieu/ros2_ws/install/web_control/share/web_control/web/stream/webrtc/.venv/lib/python3.12/site-packages/pip/_internal/utils/__pycache__/misc.cpython-312.pyc
[1.577s] DEBUG:colcon.colcon_core.task.python.build:While undoing a previous installation files outside the Python library path are being ignored: /home/matthieu/ros2_ws/install/web_control/share/web_control/web/stream/webrtc/.venv/lib/python3.12/site-packages/pip/_internal/utils/__pycache__/datetime.cpython-312.pyc
[1.577s] DEBUG:colcon.colcon_core.task.python.build:While undoing a previous installation files outside the Python library path are being ignored: /home/matthieu/ros2_ws/install/web_control/share/web_control/web/stream/webrtc/.venv/lib/python3.12/site-packages/pip/_internal/utils/__pycache__/deprecation.cpython-312.pyc
[1.577s] DEBUG:colcon.colcon_core.task.python.build:While undoing a previous installation files outside the Python library path are being ignored: /home/matthieu/ros2_ws/install/web_control/share/web_control/web/stream/webrtc/.venv/lib/python3.12/site-packages/pip/_internal/utils/__pycache__/temp_dir.cpython-312.pyc
[1.577s] DEBUG:colcon.colcon_core.task.python.build:While undoing a previous installation files outside the Python library path are being ignored: /home/matthieu/ros2_ws/install/web_control/share/web_control/web/stream/webrtc/.venv/lib/python3.12/site-packages/pip/_internal/utils/__pycache__/virtualenv.cpython-312.pyc
[1.577s] DEBUG:colcon.colcon_core.task.python.build:While undoing a previous installation files outside the Python library path are being ignored: /home/matthieu/ros2_ws/install/web_control/share/web_control/web/stream/webrtc/.venv/lib/python3.12/site-packages/pip/_internal/utils/__pycache__/glibc.cpython-312.pyc
[1.577s] DEBUG:colcon.colcon_core.task.python.build:While undoing a previous installation files outside the Python library path are being ignored: /home/matthieu/ros2_ws/install/web_control/share/web_control/web/stream/webrtc/.venv/lib/python3.12/site-packages/pip/_internal/utils/__pycache__/direct_url_helpers.cpython-312.pyc
[1.577s] DEBUG:colcon.colcon_core.task.python.build:While undoing a previous installation files outside the Python library path are being ignored: /home/matthieu/ros2_ws/install/web_control/share/web_control/web/stream/webrtc/.venv/lib/python3.12/site-packages/pip/_internal/utils/__pycache__/_log.cpython-312.pyc
[1.577s] DEBUG:colcon.colcon_core.task.python.build:While undoing a previous installation files outside the Python library path are being ignored: /home/matthieu/ros2_ws/install/web_control/share/web_control/web/stream/webrtc/.venv/lib/python3.12/site-packages/pip/_internal/utils/__pycache__/models.cpython-312.pyc
[1.577s] DEBUG:colcon.colcon_core.task.python.build:While undoing a previous installation files outside the Python library path are being ignored: /home/matthieu/ros2_ws/install/web_control/share/web_control/web/stream/webrtc/.venv/lib/python3.12/site-packages/pip/_internal/utils/__pycache__/setuptools_build.cpython-312.pyc
[1.577s] DEBUG:colcon.colcon_core.task.python.build:While undoing a previous installation files outside the Python library path are being ignored: /home/matthieu/ros2_ws/install/web_control/share/web_control/web/stream/webrtc/.venv/lib/python3.12/site-packages/pip/_internal/utils/__pycache__/packaging.cpython-312.pyc
[1.577s] DEBUG:colcon.colcon_core.task.python.build:While undoing a previous installation files outside the Python library path are being ignored: /home/matthieu/ros2_ws/install/web_control/share/web_control/web/stream/webrtc/.venv/lib/python3.12/site-packages/pip/_internal/utils/__pycache__/wheel.cpython-312.pyc
[1.577s] DEBUG:colcon.colcon_core.task.python.build:While undoing a previous installation files outside the Python library path are being ignored: /home/matthieu/ros2_ws/install/web_control/share/web_control/web/stream/webrtc/.venv/lib/python3.12/site-packages/pip/_internal/utils/__pycache__/logging.cpython-312.pyc
[1.577s] DEBUG:colcon.colcon_core.task.python.build:While undoing a previous installation files outside the Python library path are being ignored: /home/matthieu/ros2_ws/install/web_control/share/web_control/web/stream/webrtc/.venv/lib/python3.12/site-packages/pip/_internal/utils/__pycache__/encoding.cpython-312.pyc
[1.577s] DEBUG:colcon.colcon_core.task.python.build:While undoing a previous installation files outside the Python library path are being ignored: /home/matthieu/ros2_ws/install/web_control/share/web_control/web/stream/webrtc/.venv/lib/python3.12/site-packages/pip/_internal/utils/__pycache__/hashes.cpython-312.pyc
[1.577s] DEBUG:colcon.colcon_core.task.python.build:While undoing a previous installation files outside the Python library path are being ignored: /home/matthieu/ros2_ws/install/web_control/share/web_control/web/stream/webrtc/.venv/lib/python3.12/site-packages/pip/_internal/utils/__pycache__/urls.cpython-312.pyc
[1.577s] DEBUG:colcon.colcon_core.task.python.build:While undoing a previous installation files outside the Python library path are being ignored: /home/matthieu/ros2_ws/install/web_control/share/web_control/web/stream/webrtc/.venv/lib/python3.12/site-packages/pip/_internal/utils/__pycache__/appdirs.cpython-312.pyc
[1.577s] DEBUG:colcon.colcon_core.task.python.build:While undoing a previous installation files outside the Python library path are being ignored: /home/matthieu/ros2_ws/install/web_control/share/web_control/web/stream/webrtc/.venv/lib/python3.12/site-packages/pip/_internal/utils/__pycache__/__init__.cpython-312.pyc
[1.577s] DEBUG:colcon.colcon_core.task.python.build:While undoing a previous installation files outside the Python library path are being ignored: /home/matthieu/ros2_ws/install/web_control/share/web_control/web/stream/webrtc/.venv/lib/python3.12/site-packages/pip/_internal/utils/__pycache__/unpacking.cpython-312.pyc
[1.577s] DEBUG:colcon.colcon_core.task.python.build:While undoing a previous installation files outside the Python library path are being ignored: /home/matthieu/ros2_ws/install/web_control/share/web_control/web/stream/webrtc/.venv/lib/python3.12/site-packages/pip/_internal/utils/__pycache__/egg_link.cpython-312.pyc
[1.577s] DEBUG:colcon.colcon_core.task.python.build:While undoing a previous installation files outside the Python library path are being ignored: /home/matthieu/ros2_ws/install/web_control/share/web_control/web/stream/webrtc/.venv/lib/python3.12/site-packages/pip/_internal/utils/__pycache__/subprocess.cpython-312.pyc
[1.577s] DEBUG:colcon.colcon_core.task.python.build:While undoing a previous installation files outside the Python library path are being ignored: /home/matthieu/ros2_ws/install/web_control/share/web_control/web/stream/webrtc/.venv/lib/python3.12/site-packages/pip/_internal/utils/__pycache__/filetypes.cpython-312.pyc
[1.577s] DEBUG:colcon.colcon_core.task.python.build:While undoing a previous installation files outside the Python library path are being ignored: /home/matthieu/ros2_ws/install/web_control/share/web_control/web/stream/webrtc/.venv/lib/python3.12/site-packages/pip/_internal/utils/__pycache__/compatibility_tags.cpython-312.pyc
[1.577s] DEBUG:colcon.colcon_core.task.python.build:While undoing a previous installation files outside the Python library path are being ignored: /home/matthieu/ros2_ws/install/web_control/share/web_control/web/stream/webrtc/.venv/lib/python3.12/site-packages/pip/_internal/utils/__pycache__/compat.cpython-312.pyc
[1.577s] DEBUG:colcon.colcon_core.task.python.build:While undoing a previous installation files outside the Python library path are being ignored: /home/matthieu/ros2_ws/install/web_control/share/web_control/web/stream/webrtc/.venv/lib/python3.12/site-packages/pip/_internal/utils/__pycache__/filesystem.cpython-312.pyc
[1.577s] DEBUG:colcon.colcon_core.task.python.build:While undoing a previous installation files outside the Python library path are being ignored: /home/matthieu/ros2_ws/install/web_control/share/web_control/web/stream/webrtc/.venv/lib/python3.12/site-packages/pip/_internal/utils/__pycache__/_jaraco_text.cpython-312.pyc
[1.577s] DEBUG:colcon.colcon_core.task.python.build:While undoing a previous installation files outside the Python library path are being ignored: /home/matthieu/ros2_ws/install/web_control/share/web_control/web/stream/webrtc/.venv/lib/python3.12/site-packages/pip/_internal/index/collector.py
[1.577s] DEBUG:colcon.colcon_core.task.python.build:While undoing a previous installation files outside the Python library path are being ignored: /home/matthieu/ros2_ws/install/web_control/share/web_control/web/stream/webrtc/.venv/lib/python3.12/site-packages/pip/_internal/index/package_finder.py
[1.577s] DEBUG:colcon.colcon_core.task.python.build:While undoing a previous installation files outside the Python library path are being ignored: /home/matthieu/ros2_ws/install/web_control/share/web_control/web/stream/webrtc/.venv/lib/python3.12/site-packages/pip/_internal/index/sources.py
[1.577s] DEBUG:colcon.colcon_core.task.python.build:While undoing a previous installation files outside the Python library path are being ignored: /home/matthieu/ros2_ws/install/web_control/share/web_control/web/stream/webrtc/.venv/lib/python3.12/site-packages/pip/_internal/index/__init__.py
[1.577s] DEBUG:colcon.colcon_core.task.python.build:While undoing a previous installation files outside the Python library path are being ignored: /home/matthieu/ros2_ws/install/web_control/share/web_control/web/stream/webrtc/.venv/lib/python3.12/site-packages/pip/_internal/index/__pycache__/sources.cpython-312.pyc
[1.577s] DEBUG:colcon.colcon_core.task.python.build:While undoing a previous installation files outside the Python library path are being ignored: /home/matthieu/ros2_ws/install/web_control/share/web_control/web/stream/webrtc/.venv/lib/python3.12/site-packages/pip/_internal/index/__pycache__/__init__.cpython-312.pyc
[1.578s] DEBUG:colcon.colcon_core.task.python.build:While undoing a previous installation files outside the Python library path are being ignored: /home/matthieu/ros2_ws/install/web_control/share/web_control/web/stream/webrtc/.venv/lib/python3.12/site-packages/pip/_internal/index/__pycache__/package_finder.cpython-312.pyc
[1.578s] DEBUG:colcon.colcon_core.task.python.build:While undoing a previous installation files outside the Python library path are being ignored: /home/matthieu/ros2_ws/install/web_control/share/web_control/web/stream/webrtc/.venv/lib/python3.12/site-packages/pip/_internal/index/__pycache__/collector.cpython-312.pyc
[1.578s] DEBUG:colcon.colcon_core.task.python.build:While undoing a previous installation files outside the Python library path are being ignored: /home/matthieu/ros2_ws/install/web_control/share/web_control/web/stream/webrtc/.venv/lib/python3.12/site-packages/pip/_internal/vcs/git.py
[1.578s] DEBUG:colcon.colcon_core.task.python.build:While undoing a previous installation files outside the Python library path are being ignored: /home/matthieu/ros2_ws/install/web_control/share/web_control/web/stream/webrtc/.venv/lib/python3.12/site-packages/pip/_internal/vcs/versioncontrol.py
[1.578s] DEBUG:colcon.colcon_core.task.python.build:While undoing a previous installation files outside the Python library path are being ignored: /home/matthieu/ros2_ws/install/web_control/share/web_control/web/stream/webrtc/.venv/lib/python3.12/site-packages/pip/_internal/vcs/mercurial.py
[1.578s] DEBUG:colcon.colcon_core.task.python.build:While undoing a previous installation files outside the Python library path are being ignored: /home/matthieu/ros2_ws/install/web_control/share/web_control/web/stream/webrtc/.venv/lib/python3.12/site-packages/pip/_internal/vcs/bazaar.py
[1.578s] DEBUG:colcon.colcon_core.task.python.build:While undoing a previous installation files outside the Python library path are being ignored: /home/matthieu/ros2_ws/install/web_control/share/web_control/web/stream/webrtc/.venv/lib/python3.12/site-packages/pip/_internal/vcs/subversion.py
[1.578s] DEBUG:colcon.colcon_core.task.python.build:While undoing a previous installation files outside the Python library path are being ignored: /home/matthieu/ros2_ws/install/web_control/share/web_control/web/stream/webrtc/.venv/lib/python3.12/site-packages/pip/_internal/vcs/__init__.py
[1.578s] DEBUG:colcon.colcon_core.task.python.build:While undoing a previous installation files outside the Python library path are being ignored: /home/matthieu/ros2_ws/install/web_control/share/web_control/web/stream/webrtc/.venv/lib/python3.12/site-packages/pip/_internal/vcs/__pycache__/mercurial.cpython-312.pyc
[1.578s] DEBUG:colcon.colcon_core.task.python.build:While undoing a previous installation files outside the Python library path are being ignored: /home/matthieu/ros2_ws/install/web_control/share/web_control/web/stream/webrtc/.venv/lib/python3.12/site-packages/pip/_internal/vcs/__pycache__/subversion.cpython-312.pyc
[1.578s] DEBUG:colcon.colcon_core.task.python.build:While undoing a previous installation files outside the Python library path are being ignored: /home/matthieu/ros2_ws/install/web_control/share/web_control/web/stream/webrtc/.venv/lib/python3.12/site-packages/pip/_internal/vcs/__pycache__/versioncontrol.cpython-312.pyc
[1.578s] DEBUG:colcon.colcon_core.task.python.build:While undoing a previous installation files outside the Python library path are being ignored: /home/matthieu/ros2_ws/install/web_control/share/web_control/web/stream/webrtc/.venv/lib/python3.12/site-packages/pip/_internal/vcs/__pycache__/__init__.cpython-312.pyc
[1.578s] DEBUG:colcon.colcon_core.task.python.build:While undoing a previous installation files outside the Python library path are being ignored: /home/matthieu/ros2_ws/install/web_control/share/web_control/web/stream/webrtc/.venv/lib/python3.12/site-packages/pip/_internal/vcs/__pycache__/git.cpython-312.pyc
[1.578s] DEBUG:colcon.colcon_core.task.python.build:While undoing a previous installation files outside the Python library path are being ignored: /home/matthieu/ros2_ws/install/web_control/share/web_control/web/stream/webrtc/.venv/lib/python3.12/site-packages/pip/_internal/vcs/__pycache__/bazaar.cpython-312.pyc
[1.578s] DEBUG:colcon.colcon_core.task.python.build:While undoing a previous installation files outside the Python library path are being ignored: /home/matthieu/ros2_ws/install/web_control/share/web_control/web/stream/webrtc/.venv/lib/python3.12/site-packages/pip/_internal/commands/configuration.py
[1.578s] DEBUG:colcon.colcon_core.task.python.build:While undoing a previous installation files outside the Python library path are being ignored: /home/matthieu/ros2_ws/install/web_control/share/web_control/web/stream/webrtc/.venv/lib/python3.12/site-packages/pip/_internal/commands/install.py
[1.578s] DEBUG:colcon.colcon_core.task.python.build:While undoing a previous installation files outside the Python library path are being ignored: /home/matthieu/ros2_ws/install/web_control/share/web_control/web/stream/webrtc/.venv/lib/python3.12/site-packages/pip/_internal/commands/inspect.py
[1.578s] DEBUG:colcon.colcon_core.task.python.build:While undoing a previous installation files outside the Python library path are being ignored: /home/matthieu/ros2_ws/install/web_control/share/web_control/web/stream/webrtc/.venv/lib/python3.12/site-packages/pip/_internal/commands/debug.py
[1.578s] DEBUG:colcon.colcon_core.task.python.build:While undoing a previous installation files outside the Python library path are being ignored: /home/matthieu/ros2_ws/install/web_control/share/web_control/web/stream/webrtc/.venv/lib/python3.12/site-packages/pip/_internal/commands/list.py
[1.578s] DEBUG:colcon.colcon_core.task.python.build:While undoing a previous installation files outside the Python library path are being ignored: /home/matthieu/ros2_ws/install/web_control/share/web_control/web/stream/webrtc/.venv/lib/python3.12/site-packages/pip/_internal/commands/cache.py
[1.578s] DEBUG:colcon.colcon_core.task.python.build:While undoing a previous installation files outside the Python library path are being ignored: /home/matthieu/ros2_ws/install/web_control/share/web_control/web/stream/webrtc/.venv/lib/python3.12/site-packages/pip/_internal/commands/freeze.py
[1.578s] DEBUG:colcon.colcon_core.task.python.build:While undoing a previous installation files outside the Python library path are being ignored: /home/matthieu/ros2_ws/install/web_control/share/web_control/web/stream/webrtc/.venv/lib/python3.12/site-packages/pip/_internal/commands/index.py
[1.578s] DEBUG:colcon.colcon_core.task.python.build:While undoing a previous installation files outside the Python library path are being ignored: /home/matthieu/ros2_ws/install/web_control/share/web_control/web/stream/webrtc/.venv/lib/python3.12/site-packages/pip/_internal/commands/uninstall.py
[1.578s] DEBUG:colcon.colcon_core.task.python.build:While undoing a previous installation files outside the Python library path are being ignored: /home/matthieu/ros2_ws/install/web_control/share/web_control/web/stream/webrtc/.venv/lib/python3.12/site-packages/pip/_internal/commands/check.py
[1.578s] DEBUG:colcon.colcon_core.task.python.build:While undoing a previous installation files outside the Python library path are being ignored: /home/matthieu/ros2_ws/install/web_control/share/web_control/web/stream/webrtc/.venv/lib/python3.12/site-packages/pip/_internal/commands/help.py
[1.578s] DEBUG:colcon.colcon_core.task.python.build:While undoing a previous installation files outside the Python library path are being ignored: /home/matthieu/ros2_ws/install/web_control/share/web_control/web/stream/webrtc/.venv/lib/python3.12/site-packages/pip/_internal/commands/show.py
[1.578s] DEBUG:colcon.colcon_core.task.python.build:While undoing a previous installation files outside the Python library path are being ignored: /home/matthieu/ros2_ws/install/web_control/share/web_control/web/stream/webrtc/.venv/lib/python3.12/site-packages/pip/_internal/commands/hash.py
[1.578s] DEBUG:colcon.colcon_core.task.python.build:While undoing a previous installation files outside the Python library path are being ignored: /home/matthieu/ros2_ws/install/web_control/share/web_control/web/stream/webrtc/.venv/lib/python3.12/site-packages/pip/_internal/commands/wheel.py
[1.578s] DEBUG:colcon.colcon_core.task.python.build:While undoing a previous installation files outside the Python library path are being ignored: /home/matthieu/ros2_ws/install/web_control/share/web_control/web/stream/webrtc/.venv/lib/python3.12/site-packages/pip/_internal/commands/completion.py
[1.578s] DEBUG:colcon.colcon_core.task.python.build:While undoing a previous installation files outside the Python library path are being ignored: /home/matthieu/ros2_ws/install/web_control/share/web_control/web/stream/webrtc/.venv/lib/python3.12/site-packages/pip/_internal/commands/search.py
[1.579s] DEBUG:colcon.colcon_core.task.python.build:While undoing a previous installation files outside the Python library path are being ignored: /home/matthieu/ros2_ws/install/web_control/share/web_control/web/stream/webrtc/.venv/lib/python3.12/site-packages/pip/_internal/commands/download.py
[1.579s] DEBUG:colcon.colcon_core.task.python.build:While undoing a previous installation files outside the Python library path are being ignored: /home/matthieu/ros2_ws/install/web_control/share/web_control/web/stream/webrtc/.venv/lib/python3.12/site-packages/pip/_internal/commands/__init__.py
[1.579s] DEBUG:colcon.colcon_core.task.python.build:While undoing a previous installation files outside the Python library path are being ignored: /home/matthieu/ros2_ws/install/web_control/share/web_control/web/stream/webrtc/.venv/lib/python3.12/site-packages/pip/_internal/commands/__pycache__/inspect.cpython-312.pyc
[1.579s] DEBUG:colcon.colcon_core.task.python.build:While undoing a previous installation files outside the Python library path are being ignored: /home/matthieu/ros2_ws/install/web_control/share/web_control/web/stream/webrtc/.venv/lib/python3.12/site-packages/pip/_internal/commands/__pycache__/show.cpython-312.pyc
[1.579s] DEBUG:colcon.colcon_core.task.python.build:While undoing a previous installation files outside the Python library path are being ignored: /home/matthieu/ros2_ws/install/web_control/share/web_control/web/stream/webrtc/.venv/lib/python3.12/site-packages/pip/_internal/commands/__pycache__/index.cpython-312.pyc
[1.579s] DEBUG:colcon.colcon_core.task.python.build:While undoing a previous installation files outside the Python library path are being ignored: /home/matthieu/ros2_ws/install/web_control/share/web_control/web/stream/webrtc/.venv/lib/python3.12/site-packages/pip/_internal/commands/__pycache__/install.cpython-312.pyc
[1.579s] DEBUG:colcon.colcon_core.task.python.build:While undoing a previous installation files outside the Python library path are being ignored: /home/matthieu/ros2_ws/install/web_control/share/web_control/web/stream/webrtc/.venv/lib/python3.12/site-packages/pip/_internal/commands/__pycache__/completion.cpython-312.pyc
[1.579s] DEBUG:colcon.colcon_core.task.python.build:While undoing a previous installation files outside the Python library path are being ignored: /home/matthieu/ros2_ws/install/web_control/share/web_control/web/stream/webrtc/.venv/lib/python3.12/site-packages/pip/_internal/commands/__pycache__/download.cpython-312.pyc
[1.579s] DEBUG:colcon.colcon_core.task.python.build:While undoing a previous installation files outside the Python library path are being ignored: /home/matthieu/ros2_ws/install/web_control/share/web_control/web/stream/webrtc/.venv/lib/python3.12/site-packages/pip/_internal/commands/__pycache__/hash.cpython-312.pyc
[1.579s] DEBUG:colcon.colcon_core.task.python.build:While undoing a previous installation files outside the Python library path are being ignored: /home/matthieu/ros2_ws/install/web_control/share/web_control/web/stream/webrtc/.venv/lib/python3.12/site-packages/pip/_internal/commands/__pycache__/wheel.cpython-312.pyc
[1.579s] DEBUG:colcon.colcon_core.task.python.build:While undoing a previous installation files outside the Python library path are being ignored: /home/matthieu/ros2_ws/install/web_control/share/web_control/web/stream/webrtc/.venv/lib/python3.12/site-packages/pip/_internal/commands/__pycache__/check.cpython-312.pyc
[1.579s] DEBUG:colcon.colcon_core.task.python.build:While undoing a previous installation files outside the Python library path are being ignored: /home/matthieu/ros2_ws/install/web_control/share/web_control/web/stream/webrtc/.venv/lib/python3.12/site-packages/pip/_internal/commands/__pycache__/search.cpython-312.pyc
[1.579s] DEBUG:colcon.colcon_core.task.python.build:While undoing a previous installation files outside the Python library path are being ignored: /home/matthieu/ros2_ws/install/web_control/share/web_control/web/stream/webrtc/.venv/lib/python3.12/site-packages/pip/_internal/commands/__pycache__/debug.cpython-312.pyc
[1.579s] DEBUG:colcon.colcon_core.task.python.build:While undoing a previous installation files outside the Python library path are being ignored: /home/matthieu/ros2_ws/install/web_control/share/web_control/web/stream/webrtc/.venv/lib/python3.12/site-packages/pip/_internal/commands/__pycache__/help.cpython-312.pyc
[1.579s] DEBUG:colcon.colcon_core.task.python.build:While undoing a previous installation files outside the Python library path are being ignored: /home/matthieu/ros2_ws/install/web_control/share/web_control/web/stream/webrtc/.venv/lib/python3.12/site-packages/pip/_internal/commands/__pycache__/uninstall.cpython-312.pyc
[1.579s] DEBUG:colcon.colcon_core.task.python.build:While undoing a previous installation files outside the Python library path are being ignored: /home/matthieu/ros2_ws/install/web_control/share/web_control/web/stream/webrtc/.venv/lib/python3.12/site-packages/pip/_internal/commands/__pycache__/configuration.cpython-312.pyc
[1.579s] DEBUG:colcon.colcon_core.task.python.build:While undoing a previous installation files outside the Python library path are being ignored: /home/matthieu/ros2_ws/install/web_control/share/web_control/web/stream/webrtc/.venv/lib/python3.12/site-packages/pip/_internal/commands/__pycache__/cache.cpython-312.pyc
[1.579s] DEBUG:colcon.colcon_core.task.python.build:While undoing a previous installation files outside the Python library path are being ignored: /home/matthieu/ros2_ws/install/web_control/share/web_control/web/stream/webrtc/.venv/lib/python3.12/site-packages/pip/_internal/commands/__pycache__/__init__.cpython-312.pyc
[1.579s] DEBUG:colcon.colcon_core.task.python.build:While undoing a previous installation files outside the Python library path are being ignored: /home/matthieu/ros2_ws/install/web_control/share/web_control/web/stream/webrtc/.venv/lib/python3.12/site-packages/pip/_internal/commands/__pycache__/list.cpython-312.pyc
[1.579s] DEBUG:colcon.colcon_core.task.python.build:While undoing a previous installation files outside the Python library path are being ignored: /home/matthieu/ros2_ws/install/web_control/share/web_control/web/stream/webrtc/.venv/lib/python3.12/site-packages/pip/_internal/commands/__pycache__/freeze.cpython-312.pyc
[1.579s] DEBUG:colcon.colcon_core.task.python.build:While undoing a previous installation files outside the Python library path are being ignored: /home/matthieu/ros2_ws/install/web_control/share/web_control/web/stream/webrtc/.venv/lib/python3.12/site-packages/pip/__pycache__/__main__.cpython-312.pyc
[1.579s] DEBUG:colcon.colcon_core.task.python.build:While undoing a previous installation files outside the Python library path are being ignored: /home/matthieu/ros2_ws/install/web_control/share/web_control/web/stream/webrtc/.venv/lib/python3.12/site-packages/pip/__pycache__/__init__.cpython-312.pyc
[1.579s] DEBUG:colcon.colcon_core.task.python.build:While undoing a previous installation files outside the Python library path are being ignored: /home/matthieu/ros2_ws/install/web_control/share/web_control/web/stream/webrtc/.venv/lib/python3.12/site-packages/pip/__pycache__/__pip-runner__.cpython-312.pyc
[1.579s] DEBUG:colcon.colcon_core.task.python.build:While undoing a previous installation files outside the Python library path are being ignored: /home/matthieu/ros2_ws/install/web_control/share/web_control/web/stream/webrtc/.venv/lib/python3.12/site-packages/ifaddr-0.2.0.dist-info/WHEEL
[1.579s] DEBUG:colcon.colcon_core.task.python.build:While undoing a previous installation files outside the Python library path are being ignored: /home/matthieu/ros2_ws/install/web_control/share/web_control/web/stream/webrtc/.venv/lib/python3.12/site-packages/ifaddr-0.2.0.dist-info/RECORD
[1.579s] DEBUG:colcon.colcon_core.task.python.build:While undoing a previous installation files outside the Python library path are being ignored: /home/matthieu/ros2_ws/install/web_control/share/web_control/web/stream/webrtc/.venv/lib/python3.12/site-packages/ifaddr-0.2.0.dist-info/INSTALLER
[1.579s] DEBUG:colcon.colcon_core.task.python.build:While undoing a previous installation files outside the Python library path are being ignored: /home/matthieu/ros2_ws/install/web_control/share/web_control/web/stream/webrtc/.venv/lib/python3.12/site-packages/ifaddr-0.2.0.dist-info/LICENSE.txt
[1.579s] DEBUG:colcon.colcon_core.task.python.build:While undoing a previous installation files outside the Python library path are being ignored: /home/matthieu/ros2_ws/install/web_control/share/web_control/web/stream/webrtc/.venv/lib/python3.12/site-packages/ifaddr-0.2.0.dist-info/top_level.txt
[1.579s] DEBUG:colcon.colcon_core.task.python.build:While undoing a previous installation files outside the Python library path are being ignored: /home/matthieu/ros2_ws/install/web_control/share/web_control/web/stream/webrtc/.venv/lib/python3.12/site-packages/ifaddr-0.2.0.dist-info/METADATA
[1.579s] DEBUG:colcon.colcon_core.task.python.build:While undoing a previous installation files outside the Python library path are being ignored: /home/matthieu/ros2_ws/install/web_control/share/web_control/web/stream/webrtc/.venv/lib/python3.12/site-packages/aiortc/stats.py
[1.579s] DEBUG:colcon.colcon_core.task.python.build:While undoing a previous installation files outside the Python library path are being ignored: /home/matthieu/ros2_ws/install/web_control/share/web_control/web/stream/webrtc/.venv/lib/python3.12/site-packages/aiortc/rtcicetransport.py
[1.579s] DEBUG:colcon.colcon_core.task.python.build:While undoing a previous installation files outside the Python library path are being ignored: /home/matthieu/ros2_ws/install/web_control/share/web_control/web/stream/webrtc/.venv/lib/python3.12/site-packages/aiortc/rtcdtlstransport.py
[1.579s] DEBUG:colcon.colcon_core.task.python.build:While undoing a previous installation files outside the Python library path are being ignored: /home/matthieu/ros2_ws/install/web_control/share/web_control/web/stream/webrtc/.venv/lib/python3.12/site-packages/aiortc/rtcrtpparameters.py
[1.579s] DEBUG:colcon.colcon_core.task.python.build:While undoing a previous installation files outside the Python library path are being ignored: /home/matthieu/ros2_ws/install/web_control/share/web_control/web/stream/webrtc/.venv/lib/python3.12/site-packages/aiortc/rtcsessiondescription.py
[1.580s] DEBUG:colcon.colcon_core.task.python.build:While undoing a previous installation files outside the Python library path are being ignored: /home/matthieu/ros2_ws/install/web_control/share/web_control/web/stream/webrtc/.venv/lib/python3.12/site-packages/aiortc/rtcconfiguration.py
[1.580s] DEBUG:colcon.colcon_core.task.python.build:While undoing a previous installation files outside the Python library path are being ignored: /home/matthieu/ros2_ws/install/web_control/share/web_control/web/stream/webrtc/.venv/lib/python3.12/site-packages/aiortc/rtcrtptransceiver.py
[1.580s] DEBUG:colcon.colcon_core.task.python.build:While undoing a previous installation files outside the Python library path are being ignored: /home/matthieu/ros2_ws/install/web_control/share/web_control/web/stream/webrtc/.venv/lib/python3.12/site-packages/aiortc/rtcdatachannel.py
[1.580s] DEBUG:colcon.colcon_core.task.python.build:While undoing a previous installation files outside the Python library path are being ignored: /home/matthieu/ros2_ws/install/web_control/share/web_control/web/stream/webrtc/.venv/lib/python3.12/site-packages/aiortc/events.py
[1.580s] DEBUG:colcon.colcon_core.task.python.build:While undoing a previous installation files outside the Python library path are being ignored: /home/matthieu/ros2_ws/install/web_control/share/web_control/web/stream/webrtc/.venv/lib/python3.12/site-packages/aiortc/rtp.py
[1.580s] DEBUG:colcon.colcon_core.task.python.build:While undoing a previous installation files outside the Python library path are being ignored: /home/matthieu/ros2_ws/install/web_control/share/web_control/web/stream/webrtc/.venv/lib/python3.12/site-packages/aiortc/rtcsctptransport.py
[1.580s] DEBUG:colcon.colcon_core.task.python.build:While undoing a previous installation files outside the Python library path are being ignored: /home/matthieu/ros2_ws/install/web_control/share/web_control/web/stream/webrtc/.venv/lib/python3.12/site-packages/aiortc/mediastreams.py
[1.580s] DEBUG:colcon.colcon_core.task.python.build:While undoing a previous installation files outside the Python library path are being ignored: /home/matthieu/ros2_ws/install/web_control/share/web_control/web/stream/webrtc/.venv/lib/python3.12/site-packages/aiortc/clock.py
[1.580s] DEBUG:colcon.colcon_core.task.python.build:While undoing a previous installation files outside the Python library path are being ignored: /home/matthieu/ros2_ws/install/web_control/share/web_control/web/stream/webrtc/.venv/lib/python3.12/site-packages/aiortc/jitterbuffer.py
[1.580s] DEBUG:colcon.colcon_core.task.python.build:While undoing a previous installation files outside the Python library path are being ignored: /home/matthieu/ros2_ws/install/web_control/share/web_control/web/stream/webrtc/.venv/lib/python3.12/site-packages/aiortc/sdp.py
[1.580s] DEBUG:colcon.colcon_core.task.python.build:While undoing a previous installation files outside the Python library path are being ignored: /home/matthieu/ros2_ws/install/web_control/share/web_control/web/stream/webrtc/.venv/lib/python3.12/site-packages/aiortc/rtcpeerconnection.py
[1.580s] DEBUG:colcon.colcon_core.task.python.build:While undoing a previous installation files outside the Python library path are being ignored: /home/matthieu/ros2_ws/install/web_control/share/web_control/web/stream/webrtc/.venv/lib/python3.12/site-packages/aiortc/rate.py
[1.580s] DEBUG:colcon.colcon_core.task.python.build:While undoing a previous installation files outside the Python library path are being ignored: /home/matthieu/ros2_ws/install/web_control/share/web_control/web/stream/webrtc/.venv/lib/python3.12/site-packages/aiortc/exceptions.py
[1.580s] DEBUG:colcon.colcon_core.task.python.build:While undoing a previous installation files outside the Python library path are being ignored: /home/matthieu/ros2_ws/install/web_control/share/web_control/web/stream/webrtc/.venv/lib/python3.12/site-packages/aiortc/utils.py
[1.580s] DEBUG:colcon.colcon_core.task.python.build:While undoing a previous installation files outside the Python library path are being ignored: /home/matthieu/ros2_ws/install/web_control/share/web_control/web/stream/webrtc/.venv/lib/python3.12/site-packages/aiortc/rtcrtpreceiver.py
[1.580s] DEBUG:colcon.colcon_core.task.python.build:While undoing a previous installation files outside the Python library path are being ignored: /home/matthieu/ros2_ws/install/web_control/share/web_control/web/stream/webrtc/.venv/lib/python3.12/site-packages/aiortc/__init__.py
[1.580s] DEBUG:colcon.colcon_core.task.python.build:While undoing a previous installation files outside the Python library path are being ignored: /home/matthieu/ros2_ws/install/web_control/share/web_control/web/stream/webrtc/.venv/lib/python3.12/site-packages/aiortc/rtcrtpsender.py
[1.580s] DEBUG:colcon.colcon_core.task.python.build:While undoing a previous installation files outside the Python library path are being ignored: /home/matthieu/ros2_ws/install/web_control/share/web_control/web/stream/webrtc/.venv/lib/python3.12/site-packages/aiortc/__pycache__/rtcrtpreceiver.cpython-312.pyc
[1.580s] DEBUG:colcon.colcon_core.task.python.build:While undoing a previous installation files outside the Python library path are being ignored: /home/matthieu/ros2_ws/install/web_control/share/web_control/web/stream/webrtc/.venv/lib/python3.12/site-packages/aiortc/__pycache__/rtcsctptransport.cpython-312.pyc
[1.580s] DEBUG:colcon.colcon_core.task.python.build:While undoing a previous installation files outside the Python library path are being ignored: /home/matthieu/ros2_ws/install/web_control/share/web_control/web/stream/webrtc/.venv/lib/python3.12/site-packages/aiortc/__pycache__/jitterbuffer.cpython-312.pyc
[1.580s] DEBUG:colcon.colcon_core.task.python.build:While undoing a previous installation files outside the Python library path are being ignored: /home/matthieu/ros2_ws/install/web_control/share/web_control/web/stream/webrtc/.venv/lib/python3.12/site-packages/aiortc/__pycache__/rtp.cpython-312.pyc
[1.580s] DEBUG:colcon.colcon_core.task.python.build:While undoing a previous installation files outside the Python library path are being ignored: /home/matthieu/ros2_ws/install/web_control/share/web_control/web/stream/webrtc/.venv/lib/python3.12/site-packages/aiortc/__pycache__/rtcrtptransceiver.cpython-312.pyc
[1.580s] DEBUG:colcon.colcon_core.task.python.build:While undoing a previous installation files outside the Python library path are being ignored: /home/matthieu/ros2_ws/install/web_control/share/web_control/web/stream/webrtc/.venv/lib/python3.12/site-packages/aiortc/__pycache__/mediastreams.cpython-312.pyc
[1.580s] DEBUG:colcon.colcon_core.task.python.build:While undoing a previous installation files outside the Python library path are being ignored: /home/matthieu/ros2_ws/install/web_control/share/web_control/web/stream/webrtc/.venv/lib/python3.12/site-packages/aiortc/__pycache__/rtcpeerconnection.cpython-312.pyc
[1.580s] DEBUG:colcon.colcon_core.task.python.build:While undoing a previous installation files outside the Python library path are being ignored: /home/matthieu/ros2_ws/install/web_control/share/web_control/web/stream/webrtc/.venv/lib/python3.12/site-packages/aiortc/__pycache__/rtcrtpsender.cpython-312.pyc
[1.580s] DEBUG:colcon.colcon_core.task.python.build:While undoing a previous installation files outside the Python library path are being ignored: /home/matthieu/ros2_ws/install/web_control/share/web_control/web/stream/webrtc/.venv/lib/python3.12/site-packages/aiortc/__pycache__/stats.cpython-312.pyc
[1.580s] DEBUG:colcon.colcon_core.task.python.build:While undoing a previous installation files outside the Python library path are being ignored: /home/matthieu/ros2_ws/install/web_control/share/web_control/web/stream/webrtc/.venv/lib/python3.12/site-packages/aiortc/__pycache__/sdp.cpython-312.pyc
[1.580s] DEBUG:colcon.colcon_core.task.python.build:While undoing a previous installation files outside the Python library path are being ignored: /home/matthieu/ros2_ws/install/web_control/share/web_control/web/stream/webrtc/.venv/lib/python3.12/site-packages/aiortc/__pycache__/rtcicetransport.cpython-312.pyc
[1.580s] DEBUG:colcon.colcon_core.task.python.build:While undoing a previous installation files outside the Python library path are being ignored: /home/matthieu/ros2_ws/install/web_control/share/web_control/web/stream/webrtc/.venv/lib/python3.12/site-packages/aiortc/__pycache__/rtcrtpparameters.cpython-312.pyc
[1.580s] DEBUG:colcon.colcon_core.task.python.build:While undoing a previous installation files outside the Python library path are being ignored: /home/matthieu/ros2_ws/install/web_control/share/web_control/web/stream/webrtc/.venv/lib/python3.12/site-packages/aiortc/__pycache__/rtcdtlstransport.cpython-312.pyc
[1.580s] DEBUG:colcon.colcon_core.task.python.build:While undoing a previous installation files outside the Python library path are being ignored: /home/matthieu/ros2_ws/install/web_control/share/web_control/web/stream/webrtc/.venv/lib/python3.12/site-packages/aiortc/__pycache__/exceptions.cpython-312.pyc
[1.580s] DEBUG:colcon.colcon_core.task.python.build:While undoing a previous installation files outside the Python library path are being ignored: /home/matthieu/ros2_ws/install/web_control/share/web_control/web/stream/webrtc/.venv/lib/python3.12/site-packages/aiortc/__pycache__/events.cpython-312.pyc
[1.580s] DEBUG:colcon.colcon_core.task.python.build:While undoing a previous installation files outside the Python library path are being ignored: /home/matthieu/ros2_ws/install/web_control/share/web_control/web/stream/webrtc/.venv/lib/python3.12/site-packages/aiortc/__pycache__/clock.cpython-312.pyc
[1.581s] DEBUG:colcon.colcon_core.task.python.build:While undoing a previous installation files outside the Python library path are being ignored: /home/matthieu/ros2_ws/install/web_control/share/web_control/web/stream/webrtc/.venv/lib/python3.12/site-packages/aiortc/__pycache__/rate.cpython-312.pyc
[1.581s] DEBUG:colcon.colcon_core.task.python.build:While undoing a previous installation files outside the Python library path are being ignored: /home/matthieu/ros2_ws/install/web_control/share/web_control/web/stream/webrtc/.venv/lib/python3.12/site-packages/aiortc/__pycache__/__init__.cpython-312.pyc
[1.581s] DEBUG:colcon.colcon_core.task.python.build:While undoing a previous installation files outside the Python library path are being ignored: /home/matthieu/ros2_ws/install/web_control/share/web_control/web/stream/webrtc/.venv/lib/python3.12/site-packages/aiortc/__pycache__/rtcdatachannel.cpython-312.pyc
[1.581s] DEBUG:colcon.colcon_core.task.python.build:While undoing a previous installation files outside the Python library path are being ignored: /home/matthieu/ros2_ws/install/web_control/share/web_control/web/stream/webrtc/.venv/lib/python3.12/site-packages/aiortc/__pycache__/rtcsessiondescription.cpython-312.pyc
[1.581s] DEBUG:colcon.colcon_core.task.python.build:While undoing a previous installation files outside the Python library path are being ignored: /home/matthieu/ros2_ws/install/web_control/share/web_control/web/stream/webrtc/.venv/lib/python3.12/site-packages/aiortc/__pycache__/utils.cpython-312.pyc
[1.581s] DEBUG:colcon.colcon_core.task.python.build:While undoing a previous installation files outside the Python library path are being ignored: /home/matthieu/ros2_ws/install/web_control/share/web_control/web/stream/webrtc/.venv/lib/python3.12/site-packages/aiortc/__pycache__/rtcconfiguration.cpython-312.pyc
[1.581s] DEBUG:colcon.colcon_core.task.python.build:While undoing a previous installation files outside the Python library path are being ignored: /home/matthieu/ros2_ws/install/web_control/share/web_control/web/stream/webrtc/.venv/lib/python3.12/site-packages/aiortc/codecs/_opus.abi3.so
[1.581s] DEBUG:colcon.colcon_core.task.python.build:While undoing a previous installation files outside the Python library path are being ignored: /home/matthieu/ros2_ws/install/web_control/share/web_control/web/stream/webrtc/.venv/lib/python3.12/site-packages/aiortc/codecs/_vpx.abi3.so
[1.581s] DEBUG:colcon.colcon_core.task.python.build:While undoing a previous installation files outside the Python library path are being ignored: /home/matthieu/ros2_ws/install/web_control/share/web_control/web/stream/webrtc/.venv/lib/python3.12/site-packages/aiortc/codecs/base.py
[1.581s] DEBUG:colcon.colcon_core.task.python.build:While undoing a previous installation files outside the Python library path are being ignored: /home/matthieu/ros2_ws/install/web_control/share/web_control/web/stream/webrtc/.venv/lib/python3.12/site-packages/aiortc/codecs/_vpx.pyi
[1.581s] DEBUG:colcon.colcon_core.task.python.build:While undoing a previous installation files outside the Python library path are being ignored: /home/matthieu/ros2_ws/install/web_control/share/web_control/web/stream/webrtc/.venv/lib/python3.12/site-packages/aiortc/codecs/h264.py
[1.581s] DEBUG:colcon.colcon_core.task.python.build:While undoing a previous installation files outside the Python library path are being ignored: /home/matthieu/ros2_ws/install/web_control/share/web_control/web/stream/webrtc/.venv/lib/python3.12/site-packages/aiortc/codecs/g711.py
[1.581s] DEBUG:colcon.colcon_core.task.python.build:While undoing a previous installation files outside the Python library path are being ignored: /home/matthieu/ros2_ws/install/web_control/share/web_control/web/stream/webrtc/.venv/lib/python3.12/site-packages/aiortc/codecs/opus.py
[1.581s] DEBUG:colcon.colcon_core.task.python.build:While undoing a previous installation files outside the Python library path are being ignored: /home/matthieu/ros2_ws/install/web_control/share/web_control/web/stream/webrtc/.venv/lib/python3.12/site-packages/aiortc/codecs/vpx.py
[1.581s] DEBUG:colcon.colcon_core.task.python.build:While undoing a previous installation files outside the Python library path are being ignored: /home/matthieu/ros2_ws/install/web_control/share/web_control/web/stream/webrtc/.venv/lib/python3.12/site-packages/aiortc/codecs/_opus.pyi
[1.581s] DEBUG:colcon.colcon_core.task.python.build:While undoing a previous installation files outside the Python library path are being ignored: /home/matthieu/ros2_ws/install/web_control/share/web_control/web/stream/webrtc/.venv/lib/python3.12/site-packages/aiortc/codecs/__init__.py
[1.581s] DEBUG:colcon.colcon_core.task.python.build:While undoing a previous installation files outside the Python library path are being ignored: /home/matthieu/ros2_ws/install/web_control/share/web_control/web/stream/webrtc/.venv/lib/python3.12/site-packages/aiortc/codecs/__pycache__/vpx.cpython-312.pyc
[1.581s] DEBUG:colcon.colcon_core.task.python.build:While undoing a previous installation files outside the Python library path are being ignored: /home/matthieu/ros2_ws/install/web_control/share/web_control/web/stream/webrtc/.venv/lib/python3.12/site-packages/aiortc/codecs/__pycache__/h264.cpython-312.pyc
[1.581s] DEBUG:colcon.colcon_core.task.python.build:While undoing a previous installation files outside the Python library path are being ignored: /home/matthieu/ros2_ws/install/web_control/share/web_control/web/stream/webrtc/.venv/lib/python3.12/site-packages/aiortc/codecs/__pycache__/g711.cpython-312.pyc
[1.581s] DEBUG:colcon.colcon_core.task.python.build:While undoing a previous installation files outside the Python library path are being ignored: /home/matthieu/ros2_ws/install/web_control/share/web_control/web/stream/webrtc/.venv/lib/python3.12/site-packages/aiortc/codecs/__pycache__/base.cpython-312.pyc
[1.581s] DEBUG:colcon.colcon_core.task.python.build:While undoing a previous installation files outside the Python library path are being ignored: /home/matthieu/ros2_ws/install/web_control/share/web_control/web/stream/webrtc/.venv/lib/python3.12/site-packages/aiortc/codecs/__pycache__/opus.cpython-312.pyc
[1.581s] DEBUG:colcon.colcon_core.task.python.build:While undoing a previous installation files outside the Python library path are being ignored: /home/matthieu/ros2_ws/install/web_control/share/web_control/web/stream/webrtc/.venv/lib/python3.12/site-packages/aiortc/codecs/__pycache__/__init__.cpython-312.pyc
[1.581s] DEBUG:colcon.colcon_core.task.python.build:While undoing a previous installation files outside the Python library path are being ignored: /home/matthieu/ros2_ws/install/web_control/share/web_control/web/stream/webrtc/.venv/lib/python3.12/site-packages/aiortc/contrib/media.py
[1.581s] DEBUG:colcon.colcon_core.task.python.build:While undoing a previous installation files outside the Python library path are being ignored: /home/matthieu/ros2_ws/install/web_control/share/web_control/web/stream/webrtc/.venv/lib/python3.12/site-packages/aiortc/contrib/signaling.py
[1.581s] DEBUG:colcon.colcon_core.task.python.build:While undoing a previous installation files outside the Python library path are being ignored: /home/matthieu/ros2_ws/install/web_control/share/web_control/web/stream/webrtc/.venv/lib/python3.12/site-packages/aiortc/contrib/__init__.py
[1.581s] DEBUG:colcon.colcon_core.task.python.build:While undoing a previous installation files outside the Python library path are being ignored: /home/matthieu/ros2_ws/install/web_control/share/web_control/web/stream/webrtc/.venv/lib/python3.12/site-packages/aiortc/contrib/__pycache__/media.cpython-312.pyc
[1.581s] DEBUG:colcon.colcon_core.task.python.build:While undoing a previous installation files outside the Python library path are being ignored: /home/matthieu/ros2_ws/install/web_control/share/web_control/web/stream/webrtc/.venv/lib/python3.12/site-packages/aiortc/contrib/__pycache__/signaling.cpython-312.pyc
[1.581s] DEBUG:colcon.colcon_core.task.python.build:While undoing a previous installation files outside the Python library path are being ignored: /home/matthieu/ros2_ws/install/web_control/share/web_control/web/stream/webrtc/.venv/lib/python3.12/site-packages/aiortc/contrib/__pycache__/__init__.cpython-312.pyc
[1.581s] DEBUG:colcon.colcon_core.task.python.build:While undoing a previous installation files outside the Python library path are being ignored: /home/matthieu/ros2_ws/install/web_control/share/web_control/web/stream/webrtc/.venv/lib/python3.12/site-packages/aiosignal-1.4.0.dist-info/WHEEL
[1.581s] DEBUG:colcon.colcon_core.task.python.build:While undoing a previous installation files outside the Python library path are being ignored: /home/matthieu/ros2_ws/install/web_control/share/web_control/web/stream/webrtc/.venv/lib/python3.12/site-packages/aiosignal-1.4.0.dist-info/RECORD
[1.581s] DEBUG:colcon.colcon_core.task.python.build:While undoing a previous installation files outside the Python library path are being ignored: /home/matthieu/ros2_ws/install/web_control/share/web_control/web/stream/webrtc/.venv/lib/python3.12/site-packages/aiosignal-1.4.0.dist-info/INSTALLER
[1.581s] DEBUG:colcon.colcon_core.task.python.build:While undoing a previous installation files outside the Python library path are being ignored: /home/matthieu/ros2_ws/install/web_control/share/web_control/web/stream/webrtc/.venv/lib/python3.12/site-packages/aiosignal-1.4.0.dist-info/top_level.txt
[1.581s] DEBUG:colcon.colcon_core.task.python.build:While undoing a previous installation files outside the Python library path are being ignored: /home/matthieu/ros2_ws/install/web_control/share/web_control/web/stream/webrtc/.venv/lib/python3.12/site-packages/aiosignal-1.4.0.dist-info/METADATA
[1.582s] DEBUG:colcon.colcon_core.task.python.build:While undoing a previous installation files outside the Python library path are being ignored: /home/matthieu/ros2_ws/install/web_control/share/web_control/web/stream/webrtc/.venv/lib/python3.12/site-packages/aiosignal-1.4.0.dist-info/licenses/LICENSE
[1.582s] DEBUG:colcon.colcon_core.task.python.build:While undoing a previous installation files outside the Python library path are being ignored: /home/matthieu/ros2_ws/install/web_control/share/web_control/web/stream/webrtc/.venv/lib/python3.12/site-packages/aiohttp/_helpers.pyx
[1.582s] DEBUG:colcon.colcon_core.task.python.build:While undoing a previous installation files outside the Python library path are being ignored: /home/matthieu/ros2_ws/install/web_control/share/web_control/web/stream/webrtc/.venv/lib/python3.12/site-packages/aiohttp/_cparser.pxd
[1.582s] DEBUG:colcon.colcon_core.task.python.build:While undoing a previous installation files outside the Python library path are being ignored: /home/matthieu/ros2_ws/install/web_control/share/web_control/web/stream/webrtc/.venv/lib/python3.12/site-packages/aiohttp/http_writer.py
[1.582s] DEBUG:colcon.colcon_core.task.python.build:While undoing a previous installation files outside the Python library path are being ignored: /home/matthieu/ros2_ws/install/web_control/share/web_control/web/stream/webrtc/.venv/lib/python3.12/site-packages/aiohttp/_http_parser.pyx
[1.582s] DEBUG:colcon.colcon_core.task.python.build:While undoing a previous installation files outside the Python library path are being ignored: /home/matthieu/ros2_ws/install/web_control/share/web_control/web/stream/webrtc/.venv/lib/python3.12/site-packages/aiohttp/web_app.py
[1.582s] DEBUG:colcon.colcon_core.task.python.build:While undoing a previous installation files outside the Python library path are being ignored: /home/matthieu/ros2_ws/install/web_control/share/web_control/web/stream/webrtc/.venv/lib/python3.12/site-packages/aiohttp/multipart.py
[1.582s] DEBUG:colcon.colcon_core.task.python.build:While undoing a previous installation files outside the Python library path are being ignored: /home/matthieu/ros2_ws/install/web_control/share/web_control/web/stream/webrtc/.venv/lib/python3.12/site-packages/aiohttp/http_exceptions.py
[1.582s] DEBUG:colcon.colcon_core.task.python.build:While undoing a previous installation files outside the Python library path are being ignored: /home/matthieu/ros2_ws/install/web_control/share/web_control/web/stream/webrtc/.venv/lib/python3.12/site-packages/aiohttp/formdata.py
[1.582s] DEBUG:colcon.colcon_core.task.python.build:While undoing a previous installation files outside the Python library path are being ignored: /home/matthieu/ros2_ws/install/web_control/share/web_control/web/stream/webrtc/.venv/lib/python3.12/site-packages/aiohttp/_find_header.pxd
[1.582s] DEBUG:colcon.colcon_core.task.python.build:While undoing a previous installation files outside the Python library path are being ignored: /home/matthieu/ros2_ws/install/web_control/share/web_control/web/stream/webrtc/.venv/lib/python3.12/site-packages/aiohttp/web_ws.py
[1.582s] DEBUG:colcon.colcon_core.task.python.build:While undoing a previous installation files outside the Python library path are being ignored: /home/matthieu/ros2_ws/install/web_control/share/web_control/web/stream/webrtc/.venv/lib/python3.12/site-packages/aiohttp/tracing.py
[1.582s] DEBUG:colcon.colcon_core.task.python.build:While undoing a previous installation files outside the Python library path are being ignored: /home/matthieu/ros2_ws/install/web_control/share/web_control/web/stream/webrtc/.venv/lib/python3.12/site-packages/aiohttp/client_exceptions.py
[1.582s] DEBUG:colcon.colcon_core.task.python.build:While undoing a previous installation files outside the Python library path are being ignored: /home/matthieu/ros2_ws/install/web_control/share/web_control/web/stream/webrtc/.venv/lib/python3.12/site-packages/aiohttp/_http_writer.cpython-312-x86_64-linux-gnu.so
[1.582s] DEBUG:colcon.colcon_core.task.python.build:While undoing a previous installation files outside the Python library path are being ignored: /home/matthieu/ros2_ws/install/web_control/share/web_control/web/stream/webrtc/.venv/lib/python3.12/site-packages/aiohttp/connector.py
[1.582s] DEBUG:colcon.colcon_core.task.python.build:While undoing a previous installation files outside the Python library path are being ignored: /home/matthieu/ros2_ws/install/web_control/share/web_control/web/stream/webrtc/.venv/lib/python3.12/site-packages/aiohttp/client_reqrep.py
[1.582s] DEBUG:colcon.colcon_core.task.python.build:While undoing a previous installation files outside the Python library path are being ignored: /home/matthieu/ros2_ws/install/web_control/share/web_control/web/stream/webrtc/.venv/lib/python3.12/site-packages/aiohttp/_helpers.cpython-312-x86_64-linux-gnu.so
[1.582s] DEBUG:colcon.colcon_core.task.python.build:While undoing a previous installation files outside the Python library path are being ignored: /home/matthieu/ros2_ws/install/web_control/share/web_control/web/stream/webrtc/.venv/lib/python3.12/site-packages/aiohttp/web_exceptions.py
[1.582s] DEBUG:colcon.colcon_core.task.python.build:While undoing a previous installation files outside the Python library path are being ignored: /home/matthieu/ros2_ws/install/web_control/share/web_control/web/stream/webrtc/.venv/lib/python3.12/site-packages/aiohttp/web_middlewares.py
[1.582s] DEBUG:colcon.colcon_core.task.python.build:While undoing a previous installation files outside the Python library path are being ignored: /home/matthieu/ros2_ws/install/web_control/share/web_control/web/stream/webrtc/.venv/lib/python3.12/site-packages/aiohttp/test_utils.py
[1.582s] DEBUG:colcon.colcon_core.task.python.build:While undoing a previous installation files outside the Python library path are being ignored: /home/matthieu/ros2_ws/install/web_control/share/web_control/web/stream/webrtc/.venv/lib/python3.12/site-packages/aiohttp/_http_writer.pyx
[1.582s] DEBUG:colcon.colcon_core.task.python.build:While undoing a previous installation files outside the Python library path are being ignored: /home/matthieu/ros2_ws/install/web_control/share/web_control/web/stream/webrtc/.venv/lib/python3.12/site-packages/aiohttp/typedefs.py
[1.582s] DEBUG:colcon.colcon_core.task.python.build:While undoing a previous installation files outside the Python library path are being ignored: /home/matthieu/ros2_ws/install/web_control/share/web_control/web/stream/webrtc/.venv/lib/python3.12/site-packages/aiohttp/worker.py
[1.582s] DEBUG:colcon.colcon_core.task.python.build:While undoing a previous installation files outside the Python library path are being ignored: /home/matthieu/ros2_ws/install/web_control/share/web_control/web/stream/webrtc/.venv/lib/python3.12/site-packages/aiohttp/web_runner.py
[1.582s] DEBUG:colcon.colcon_core.task.python.build:While undoing a previous installation files outside the Python library path are being ignored: /home/matthieu/ros2_ws/install/web_control/share/web_control/web/stream/webrtc/.venv/lib/python3.12/site-packages/aiohttp/web_request.py
[1.582s] DEBUG:colcon.colcon_core.task.python.build:While undoing a previous installation files outside the Python library path are being ignored: /home/matthieu/ros2_ws/install/web_control/share/web_control/web/stream/webrtc/.venv/lib/python3.12/site-packages/aiohttp/web_urldispatcher.py
[1.582s] DEBUG:colcon.colcon_core.task.python.build:While undoing a previous installation files outside the Python library path are being ignored: /home/matthieu/ros2_ws/install/web_control/share/web_control/web/stream/webrtc/.venv/lib/python3.12/site-packages/aiohttp/client_ws.py
[1.582s] DEBUG:colcon.colcon_core.task.python.build:While undoing a previous installation files outside the Python library path are being ignored: /home/matthieu/ros2_ws/install/web_control/share/web_control/web/stream/webrtc/.venv/lib/python3.12/site-packages/aiohttp/tcp_helpers.py
[1.582s] DEBUG:colcon.colcon_core.task.python.build:While undoing a previous installation files outside the Python library path are being ignored: /home/matthieu/ros2_ws/install/web_control/share/web_control/web/stream/webrtc/.venv/lib/python3.12/site-packages/aiohttp/web_routedef.py
[1.582s] DEBUG:colcon.colcon_core.task.python.build:While undoing a previous installation files outside the Python library path are being ignored: /home/matthieu/ros2_ws/install/web_control/share/web_control/web/stream/webrtc/.venv/lib/python3.12/site-packages/aiohttp/http_parser.py
[1.582s] DEBUG:colcon.colcon_core.task.python.build:While undoing a previous installation files outside the Python library path are being ignored: /home/matthieu/ros2_ws/install/web_control/share/web_control/web/stream/webrtc/.venv/lib/python3.12/site-packages/aiohttp/pytest_plugin.py
[1.582s] DEBUG:colcon.colcon_core.task.python.build:While undoing a previous installation files outside the Python library path are being ignored: /home/matthieu/ros2_ws/install/web_control/share/web_control/web/stream/webrtc/.venv/lib/python3.12/site-packages/aiohttp/locks.py
[1.582s] DEBUG:colcon.colcon_core.task.python.build:While undoing a previous installation files outside the Python library path are being ignored: /home/matthieu/ros2_ws/install/web_control/share/web_control/web/stream/webrtc/.venv/lib/python3.12/site-packages/aiohttp/_http_parser.cpython-312-x86_64-linux-gnu.so
[1.583s] DEBUG:colcon.colcon_core.task.python.build:While undoing a previous installation files outside the Python library path are being ignored: /home/matthieu/ros2_ws/install/web_control/share/web_control/web/stream/webrtc/.venv/lib/python3.12/site-packages/aiohttp/client_proto.py
[1.583s] DEBUG:colcon.colcon_core.task.python.build:While undoing a previous installation files outside the Python library path are being ignored: /home/matthieu/ros2_ws/install/web_control/share/web_control/web/stream/webrtc/.venv/lib/python3.12/site-packages/aiohttp/web_log.py
[1.583s] DEBUG:colcon.colcon_core.task.python.build:While undoing a previous installation files outside the Python library path are being ignored: /home/matthieu/ros2_ws/install/web_control/share/web_control/web/stream/webrtc/.venv/lib/python3.12/site-packages/aiohttp/payload_streamer.py
[1.583s] DEBUG:colcon.colcon_core.task.python.build:While undoing a previous installation files outside the Python library path are being ignored: /home/matthieu/ros2_ws/install/web_control/share/web_control/web/stream/webrtc/.venv/lib/python3.12/site-packages/aiohttp/http.py
[1.583s] DEBUG:colcon.colcon_core.task.python.build:While undoing a previous installation files outside the Python library path are being ignored: /home/matthieu/ros2_ws/install/web_control/share/web_control/web/stream/webrtc/.venv/lib/python3.12/site-packages/aiohttp/payload.py
[1.583s] DEBUG:colcon.colcon_core.task.python.build:While undoing a previous installation files outside the Python library path are being ignored: /home/matthieu/ros2_ws/install/web_control/share/web_control/web/stream/webrtc/.venv/lib/python3.12/site-packages/aiohttp/log.py
[1.583s] DEBUG:colcon.colcon_core.task.python.build:While undoing a previous installation files outside the Python library path are being ignored: /home/matthieu/ros2_ws/install/web_control/share/web_control/web/stream/webrtc/.venv/lib/python3.12/site-packages/aiohttp/_helpers.pyi
[1.583s] DEBUG:colcon.colcon_core.task.python.build:While undoing a previous installation files outside the Python library path are being ignored: /home/matthieu/ros2_ws/install/web_control/share/web_control/web/stream/webrtc/.venv/lib/python3.12/site-packages/aiohttp/streams.py
[1.583s] DEBUG:colcon.colcon_core.task.python.build:While undoing a previous installation files outside the Python library path are being ignored: /home/matthieu/ros2_ws/install/web_control/share/web_control/web/stream/webrtc/.venv/lib/python3.12/site-packages/aiohttp/abc.py
[1.583s] DEBUG:colcon.colcon_core.task.python.build:While undoing a previous installation files outside the Python library path are being ignored: /home/matthieu/ros2_ws/install/web_control/share/web_control/web/stream/webrtc/.venv/lib/python3.12/site-packages/aiohttp/web_server.py
[1.583s] DEBUG:colcon.colcon_core.task.python.build:While undoing a previous installation files outside the Python library path are being ignored: /home/matthieu/ros2_ws/install/web_control/share/web_control/web/stream/webrtc/.venv/lib/python3.12/site-packages/aiohttp/web_response.py
[1.583s] DEBUG:colcon.colcon_core.task.python.build:While undoing a previous installation files outside the Python library path are being ignored: /home/matthieu/ros2_ws/install/web_control/share/web_control/web/stream/webrtc/.venv/lib/python3.12/site-packages/aiohttp/resolver.py
[1.583s] DEBUG:colcon.colcon_core.task.python.build:While undoing a previous installation files outside the Python library path are being ignored: /home/matthieu/ros2_ws/install/web_control/share/web_control/web/stream/webrtc/.venv/lib/python3.12/site-packages/aiohttp/py.typed
[1.583s] DEBUG:colcon.colcon_core.task.python.build:While undoing a previous installation files outside the Python library path are being ignored: /home/matthieu/ros2_ws/install/web_control/share/web_control/web/stream/webrtc/.venv/lib/python3.12/site-packages/aiohttp/_websocket.pyx
[1.583s] DEBUG:colcon.colcon_core.task.python.build:While undoing a previous installation files outside the Python library path are being ignored: /home/matthieu/ros2_ws/install/web_control/share/web_control/web/stream/webrtc/.venv/lib/python3.12/site-packages/aiohttp/hdrs.py
[1.583s] DEBUG:colcon.colcon_core.task.python.build:While undoing a previous installation files outside the Python library path are being ignored: /home/matthieu/ros2_ws/install/web_control/share/web_control/web/stream/webrtc/.venv/lib/python3.12/site-packages/aiohttp/web.py
[1.583s] DEBUG:colcon.colcon_core.task.python.build:While undoing a previous installation files outside the Python library path are being ignored: /home/matthieu/ros2_ws/install/web_control/share/web_control/web/stream/webrtc/.venv/lib/python3.12/site-packages/aiohttp/base_protocol.py
[1.583s] DEBUG:colcon.colcon_core.task.python.build:While undoing a previous installation files outside the Python library path are being ignored: /home/matthieu/ros2_ws/install/web_control/share/web_control/web/stream/webrtc/.venv/lib/python3.12/site-packages/aiohttp/web_protocol.py
[1.583s] DEBUG:colcon.colcon_core.task.python.build:While undoing a previous installation files outside the Python library path are being ignored: /home/matthieu/ros2_ws/install/web_control/share/web_control/web/stream/webrtc/.venv/lib/python3.12/site-packages/aiohttp/client.py
[1.583s] DEBUG:colcon.colcon_core.task.python.build:While undoing a previous installation files outside the Python library path are being ignored: /home/matthieu/ros2_ws/install/web_control/share/web_control/web/stream/webrtc/.venv/lib/python3.12/site-packages/aiohttp/web_fileresponse.py
[1.583s] DEBUG:colcon.colcon_core.task.python.build:While undoing a previous installation files outside the Python library path are being ignored: /home/matthieu/ros2_ws/install/web_control/share/web_control/web/stream/webrtc/.venv/lib/python3.12/site-packages/aiohttp/compression_utils.py
[1.583s] DEBUG:colcon.colcon_core.task.python.build:While undoing a previous installation files outside the Python library path are being ignored: /home/matthieu/ros2_ws/install/web_control/share/web_control/web/stream/webrtc/.venv/lib/python3.12/site-packages/aiohttp/helpers.py
[1.583s] DEBUG:colcon.colcon_core.task.python.build:While undoing a previous installation files outside the Python library path are being ignored: /home/matthieu/ros2_ws/install/web_control/share/web_control/web/stream/webrtc/.venv/lib/python3.12/site-packages/aiohttp/http_websocket.py
[1.583s] DEBUG:colcon.colcon_core.task.python.build:While undoing a previous installation files outside the Python library path are being ignored: /home/matthieu/ros2_ws/install/web_control/share/web_control/web/stream/webrtc/.venv/lib/python3.12/site-packages/aiohttp/_websocket.cpython-312-x86_64-linux-gnu.so
[1.583s] DEBUG:colcon.colcon_core.task.python.build:While undoing a previous installation files outside the Python library path are being ignored: /home/matthieu/ros2_ws/install/web_control/share/web_control/web/stream/webrtc/.venv/lib/python3.12/site-packages/aiohttp/cookiejar.py
[1.583s] DEBUG:colcon.colcon_core.task.python.build:While undoing a previous installation files outside the Python library path are being ignored: /home/matthieu/ros2_ws/install/web_control/share/web_control/web/stream/webrtc/.venv/lib/python3.12/site-packages/aiohttp/_headers.pxi
[1.583s] DEBUG:colcon.colcon_core.task.python.build:While undoing a previous installation files outside the Python library path are being ignored: /home/matthieu/ros2_ws/install/web_control/share/web_control/web/stream/webrtc/.venv/lib/python3.12/site-packages/aiohttp/__init__.py
[1.583s] DEBUG:colcon.colcon_core.task.python.build:While undoing a previous installation files outside the Python library path are being ignored: /home/matthieu/ros2_ws/install/web_control/share/web_control/web/stream/webrtc/.venv/lib/python3.12/site-packages/aiohttp/__pycache__/locks.cpython-312.pyc
[1.583s] DEBUG:colcon.colcon_core.task.python.build:While undoing a previous installation files outside the Python library path are being ignored: /home/matthieu/ros2_ws/install/web_control/share/web_control/web/stream/webrtc/.venv/lib/python3.12/site-packages/aiohttp/__pycache__/helpers.cpython-312.pyc
[1.583s] DEBUG:colcon.colcon_core.task.python.build:While undoing a previous installation files outside the Python library path are being ignored: /home/matthieu/ros2_ws/install/web_control/share/web_control/web/stream/webrtc/.venv/lib/python3.12/site-packages/aiohttp/__pycache__/hdrs.cpython-312.pyc
[1.583s] DEBUG:colcon.colcon_core.task.python.build:While undoing a previous installation files outside the Python library path are being ignored: /home/matthieu/ros2_ws/install/web_control/share/web_control/web/stream/webrtc/.venv/lib/python3.12/site-packages/aiohttp/__pycache__/worker.cpython-312.pyc
[1.583s] DEBUG:colcon.colcon_core.task.python.build:While undoing a previous installation files outside the Python library path are being ignored: /home/matthieu/ros2_ws/install/web_control/share/web_control/web/stream/webrtc/.venv/lib/python3.12/site-packages/aiohttp/__pycache__/base_protocol.cpython-312.pyc
[1.583s] DEBUG:colcon.colcon_core.task.python.build:While undoing a previous installation files outside the Python library path are being ignored: /home/matthieu/ros2_ws/install/web_control/share/web_control/web/stream/webrtc/.venv/lib/python3.12/site-packages/aiohttp/__pycache__/web_fileresponse.cpython-312.pyc
[1.583s] DEBUG:colcon.colcon_core.task.python.build:While undoing a previous installation files outside the Python library path are being ignored: /home/matthieu/ros2_ws/install/web_control/share/web_control/web/stream/webrtc/.venv/lib/python3.12/site-packages/aiohttp/__pycache__/formdata.cpython-312.pyc
[1.584s] DEBUG:colcon.colcon_core.task.python.build:While undoing a previous installation files outside the Python library path are being ignored: /home/matthieu/ros2_ws/install/web_control/share/web_control/web/stream/webrtc/.venv/lib/python3.12/site-packages/aiohttp/__pycache__/http_parser.cpython-312.pyc
[1.584s] DEBUG:colcon.colcon_core.task.python.build:While undoing a previous installation files outside the Python library path are being ignored: /home/matthieu/ros2_ws/install/web_control/share/web_control/web/stream/webrtc/.venv/lib/python3.12/site-packages/aiohttp/__pycache__/web_middlewares.cpython-312.pyc
[1.584s] DEBUG:colcon.colcon_core.task.python.build:While undoing a previous installation files outside the Python library path are being ignored: /home/matthieu/ros2_ws/install/web_control/share/web_control/web/stream/webrtc/.venv/lib/python3.12/site-packages/aiohttp/__pycache__/web_routedef.cpython-312.pyc
[1.584s] DEBUG:colcon.colcon_core.task.python.build:While undoing a previous installation files outside the Python library path are being ignored: /home/matthieu/ros2_ws/install/web_control/share/web_control/web/stream/webrtc/.venv/lib/python3.12/site-packages/aiohttp/__pycache__/web_log.cpython-312.pyc
[1.584s] DEBUG:colcon.colcon_core.task.python.build:While undoing a previous installation files outside the Python library path are being ignored: /home/matthieu/ros2_ws/install/web_control/share/web_control/web/stream/webrtc/.venv/lib/python3.12/site-packages/aiohttp/__pycache__/typedefs.cpython-312.pyc
[1.584s] DEBUG:colcon.colcon_core.task.python.build:While undoing a previous installation files outside the Python library path are being ignored: /home/matthieu/ros2_ws/install/web_control/share/web_control/web/stream/webrtc/.venv/lib/python3.12/site-packages/aiohttp/__pycache__/web_urldispatcher.cpython-312.pyc
[1.584s] DEBUG:colcon.colcon_core.task.python.build:While undoing a previous installation files outside the Python library path are being ignored: /home/matthieu/ros2_ws/install/web_control/share/web_control/web/stream/webrtc/.venv/lib/python3.12/site-packages/aiohttp/__pycache__/client_proto.cpython-312.pyc
[1.584s] DEBUG:colcon.colcon_core.task.python.build:While undoing a previous installation files outside the Python library path are being ignored: /home/matthieu/ros2_ws/install/web_control/share/web_control/web/stream/webrtc/.venv/lib/python3.12/site-packages/aiohttp/__pycache__/web.cpython-312.pyc
[1.584s] DEBUG:colcon.colcon_core.task.python.build:While undoing a previous installation files outside the Python library path are being ignored: /home/matthieu/ros2_ws/install/web_control/share/web_control/web/stream/webrtc/.venv/lib/python3.12/site-packages/aiohttp/__pycache__/client_reqrep.cpython-312.pyc
[1.584s] DEBUG:colcon.colcon_core.task.python.build:While undoing a previous installation files outside the Python library path are being ignored: /home/matthieu/ros2_ws/install/web_control/share/web_control/web/stream/webrtc/.venv/lib/python3.12/site-packages/aiohttp/__pycache__/http.cpython-312.pyc
[1.584s] DEBUG:colcon.colcon_core.task.python.build:While undoing a previous installation files outside the Python library path are being ignored: /home/matthieu/ros2_ws/install/web_control/share/web_control/web/stream/webrtc/.venv/lib/python3.12/site-packages/aiohttp/__pycache__/web_exceptions.cpython-312.pyc
[1.584s] DEBUG:colcon.colcon_core.task.python.build:While undoing a previous installation files outside the Python library path are being ignored: /home/matthieu/ros2_ws/install/web_control/share/web_control/web/stream/webrtc/.venv/lib/python3.12/site-packages/aiohttp/__pycache__/http_websocket.cpython-312.pyc
[1.584s] DEBUG:colcon.colcon_core.task.python.build:While undoing a previous installation files outside the Python library path are being ignored: /home/matthieu/ros2_ws/install/web_control/share/web_control/web/stream/webrtc/.venv/lib/python3.12/site-packages/aiohttp/__pycache__/tcp_helpers.cpython-312.pyc
[1.584s] DEBUG:colcon.colcon_core.task.python.build:While undoing a previous installation files outside the Python library path are being ignored: /home/matthieu/ros2_ws/install/web_control/share/web_control/web/stream/webrtc/.venv/lib/python3.12/site-packages/aiohttp/__pycache__/web_protocol.cpython-312.pyc
[1.584s] DEBUG:colcon.colcon_core.task.python.build:While undoing a previous installation files outside the Python library path are being ignored: /home/matthieu/ros2_ws/install/web_control/share/web_control/web/stream/webrtc/.venv/lib/python3.12/site-packages/aiohttp/__pycache__/log.cpython-312.pyc
[1.584s] DEBUG:colcon.colcon_core.task.python.build:While undoing a previous installation files outside the Python library path are being ignored: /home/matthieu/ros2_ws/install/web_control/share/web_control/web/stream/webrtc/.venv/lib/python3.12/site-packages/aiohttp/__pycache__/web_request.cpython-312.pyc
[1.584s] DEBUG:colcon.colcon_core.task.python.build:While undoing a previous installation files outside the Python library path are being ignored: /home/matthieu/ros2_ws/install/web_control/share/web_control/web/stream/webrtc/.venv/lib/python3.12/site-packages/aiohttp/__pycache__/resolver.cpython-312.pyc
[1.584s] DEBUG:colcon.colcon_core.task.python.build:While undoing a previous installation files outside the Python library path are being ignored: /home/matthieu/ros2_ws/install/web_control/share/web_control/web/stream/webrtc/.venv/lib/python3.12/site-packages/aiohttp/__pycache__/compression_utils.cpython-312.pyc
[1.584s] DEBUG:colcon.colcon_core.task.python.build:While undoing a previous installation files outside the Python library path are being ignored: /home/matthieu/ros2_ws/install/web_control/share/web_control/web/stream/webrtc/.venv/lib/python3.12/site-packages/aiohttp/__pycache__/abc.cpython-312.pyc
[1.584s] DEBUG:colcon.colcon_core.task.python.build:While undoing a previous installation files outside the Python library path are being ignored: /home/matthieu/ros2_ws/install/web_control/share/web_control/web/stream/webrtc/.venv/lib/python3.12/site-packages/aiohttp/__pycache__/client_exceptions.cpython-312.pyc
[1.584s] DEBUG:colcon.colcon_core.task.python.build:While undoing a previous installation files outside the Python library path are being ignored: /home/matthieu/ros2_ws/install/web_control/share/web_control/web/stream/webrtc/.venv/lib/python3.12/site-packages/aiohttp/__pycache__/test_utils.cpython-312.pyc
[1.584s] DEBUG:colcon.colcon_core.task.python.build:While undoing a previous installation files outside the Python library path are being ignored: /home/matthieu/ros2_ws/install/web_control/share/web_control/web/stream/webrtc/.venv/lib/python3.12/site-packages/aiohttp/__pycache__/tracing.cpython-312.pyc
[1.584s] DEBUG:colcon.colcon_core.task.python.build:While undoing a previous installation files outside the Python library path are being ignored: /home/matthieu/ros2_ws/install/web_control/share/web_control/web/stream/webrtc/.venv/lib/python3.12/site-packages/aiohttp/__pycache__/http_writer.cpython-312.pyc
[1.584s] DEBUG:colcon.colcon_core.task.python.build:While undoing a previous installation files outside the Python library path are being ignored: /home/matthieu/ros2_ws/install/web_control/share/web_control/web/stream/webrtc/.venv/lib/python3.12/site-packages/aiohttp/__pycache__/payload.cpython-312.pyc
[1.584s] DEBUG:colcon.colcon_core.task.python.build:While undoing a previous installation files outside the Python library path are being ignored: /home/matthieu/ros2_ws/install/web_control/share/web_control/web/stream/webrtc/.venv/lib/python3.12/site-packages/aiohttp/__pycache__/cookiejar.cpython-312.pyc
[1.584s] DEBUG:colcon.colcon_core.task.python.build:While undoing a previous installation files outside the Python library path are being ignored: /home/matthieu/ros2_ws/install/web_control/share/web_control/web/stream/webrtc/.venv/lib/python3.12/site-packages/aiohttp/__pycache__/web_app.cpython-312.pyc
[1.584s] DEBUG:colcon.colcon_core.task.python.build:While undoing a previous installation files outside the Python library path are being ignored: /home/matthieu/ros2_ws/install/web_control/share/web_control/web/stream/webrtc/.venv/lib/python3.12/site-packages/aiohttp/__pycache__/web_server.cpython-312.pyc
[1.584s] DEBUG:colcon.colcon_core.task.python.build:While undoing a previous installation files outside the Python library path are being ignored: /home/matthieu/ros2_ws/install/web_control/share/web_control/web/stream/webrtc/.venv/lib/python3.12/site-packages/aiohttp/__pycache__/web_ws.cpython-312.pyc
[1.584s] DEBUG:colcon.colcon_core.task.python.build:While undoing a previous installation files outside the Python library path are being ignored: /home/matthieu/ros2_ws/install/web_control/share/web_control/web/stream/webrtc/.venv/lib/python3.12/site-packages/aiohttp/__pycache__/__init__.cpython-312.pyc
[1.584s] DEBUG:colcon.colcon_core.task.python.build:While undoing a previous installation files outside the Python library path are being ignored: /home/matthieu/ros2_ws/install/web_control/share/web_control/web/stream/webrtc/.venv/lib/python3.12/site-packages/aiohttp/__pycache__/streams.cpython-312.pyc
[1.585s] DEBUG:colcon.colcon_core.task.python.build:While undoing a previous installation files outside the Python library path are being ignored: /home/matthieu/ros2_ws/install/web_control/share/web_control/web/stream/webrtc/.venv/lib/python3.12/site-packages/aiohttp/__pycache__/web_runner.cpython-312.pyc
[1.585s] DEBUG:colcon.colcon_core.task.python.build:While undoing a previous installation files outside the Python library path are being ignored: /home/matthieu/ros2_ws/install/web_control/share/web_control/web/stream/webrtc/.venv/lib/python3.12/site-packages/aiohttp/__pycache__/client_ws.cpython-312.pyc
[1.585s] DEBUG:colcon.colcon_core.task.python.build:While undoing a previous installation files outside the Python library path are being ignored: /home/matthieu/ros2_ws/install/web_control/share/web_control/web/stream/webrtc/.venv/lib/python3.12/site-packages/aiohttp/__pycache__/web_response.cpython-312.pyc
[1.585s] DEBUG:colcon.colcon_core.task.python.build:While undoing a previous installation files outside the Python library path are being ignored: /home/matthieu/ros2_ws/install/web_control/share/web_control/web/stream/webrtc/.venv/lib/python3.12/site-packages/aiohttp/__pycache__/multipart.cpython-312.pyc
[1.585s] DEBUG:colcon.colcon_core.task.python.build:While undoing a previous installation files outside the Python library path are being ignored: /home/matthieu/ros2_ws/install/web_control/share/web_control/web/stream/webrtc/.venv/lib/python3.12/site-packages/aiohttp/__pycache__/http_exceptions.cpython-312.pyc
[1.585s] DEBUG:colcon.colcon_core.task.python.build:While undoing a previous installation files outside the Python library path are being ignored: /home/matthieu/ros2_ws/install/web_control/share/web_control/web/stream/webrtc/.venv/lib/python3.12/site-packages/aiohttp/__pycache__/client.cpython-312.pyc
[1.585s] DEBUG:colcon.colcon_core.task.python.build:While undoing a previous installation files outside the Python library path are being ignored: /home/matthieu/ros2_ws/install/web_control/share/web_control/web/stream/webrtc/.venv/lib/python3.12/site-packages/aiohttp/__pycache__/connector.cpython-312.pyc
[1.585s] DEBUG:colcon.colcon_core.task.python.build:While undoing a previous installation files outside the Python library path are being ignored: /home/matthieu/ros2_ws/install/web_control/share/web_control/web/stream/webrtc/.venv/lib/python3.12/site-packages/aiohttp/__pycache__/pytest_plugin.cpython-312.pyc
[1.585s] DEBUG:colcon.colcon_core.task.python.build:While undoing a previous installation files outside the Python library path are being ignored: /home/matthieu/ros2_ws/install/web_control/share/web_control/web/stream/webrtc/.venv/lib/python3.12/site-packages/aiohttp/__pycache__/payload_streamer.cpython-312.pyc
[1.585s] DEBUG:colcon.colcon_core.task.python.build:While undoing a previous installation files outside the Python library path are being ignored: /home/matthieu/ros2_ws/install/web_control/share/web_control/web/stream/webrtc/.venv/lib/python3.12/site-packages/aiohttp/.hash/_http_writer.pyx.hash
[1.585s] DEBUG:colcon.colcon_core.task.python.build:While undoing a previous installation files outside the Python library path are being ignored: /home/matthieu/ros2_ws/install/web_control/share/web_control/web/stream/webrtc/.venv/lib/python3.12/site-packages/aiohttp/.hash/_websocket.pyx.hash
[1.585s] DEBUG:colcon.colcon_core.task.python.build:While undoing a previous installation files outside the Python library path are being ignored: /home/matthieu/ros2_ws/install/web_control/share/web_control/web/stream/webrtc/.venv/lib/python3.12/site-packages/aiohttp/.hash/_http_parser.pyx.hash
[1.585s] DEBUG:colcon.colcon_core.task.python.build:While undoing a previous installation files outside the Python library path are being ignored: /home/matthieu/ros2_ws/install/web_control/share/web_control/web/stream/webrtc/.venv/lib/python3.12/site-packages/aiohttp/.hash/_helpers.pyx.hash
[1.585s] DEBUG:colcon.colcon_core.task.python.build:While undoing a previous installation files outside the Python library path are being ignored: /home/matthieu/ros2_ws/install/web_control/share/web_control/web/stream/webrtc/.venv/lib/python3.12/site-packages/aiohttp/.hash/_cparser.pxd.hash
[1.585s] DEBUG:colcon.colcon_core.task.python.build:While undoing a previous installation files outside the Python library path are being ignored: /home/matthieu/ros2_ws/install/web_control/share/web_control/web/stream/webrtc/.venv/lib/python3.12/site-packages/aiohttp/.hash/_helpers.pyi.hash
[1.585s] DEBUG:colcon.colcon_core.task.python.build:While undoing a previous installation files outside the Python library path are being ignored: /home/matthieu/ros2_ws/install/web_control/share/web_control/web/stream/webrtc/.venv/lib/python3.12/site-packages/aiohttp/.hash/hdrs.py.hash
[1.585s] DEBUG:colcon.colcon_core.task.python.build:While undoing a previous installation files outside the Python library path are being ignored: /home/matthieu/ros2_ws/install/web_control/share/web_control/web/stream/webrtc/.venv/lib/python3.12/site-packages/aiohttp/.hash/_find_header.pxd.hash
[1.585s] DEBUG:colcon.colcon_core.task.python.build:While undoing a previous installation files outside the Python library path are being ignored: /home/matthieu/ros2_ws/install/web_control/share/web_control/web/stream/webrtc/.venv/lib/python3.12/site-packages/av-11.0.0.dist-info/WHEEL
[1.585s] DEBUG:colcon.colcon_core.task.python.build:While undoing a previous installation files outside the Python library path are being ignored: /home/matthieu/ros2_ws/install/web_control/share/web_control/web/stream/webrtc/.venv/lib/python3.12/site-packages/av-11.0.0.dist-info/RECORD
[1.585s] DEBUG:colcon.colcon_core.task.python.build:While undoing a previous installation files outside the Python library path are being ignored: /home/matthieu/ros2_ws/install/web_control/share/web_control/web/stream/webrtc/.venv/lib/python3.12/site-packages/av-11.0.0.dist-info/INSTALLER
[1.585s] DEBUG:colcon.colcon_core.task.python.build:While undoing a previous installation files outside the Python library path are being ignored: /home/matthieu/ros2_ws/install/web_control/share/web_control/web/stream/webrtc/.venv/lib/python3.12/site-packages/av-11.0.0.dist-info/entry_points.txt
[1.585s] DEBUG:colcon.colcon_core.task.python.build:While undoing a previous installation files outside the Python library path are being ignored: /home/matthieu/ros2_ws/install/web_control/share/web_control/web/stream/webrtc/.venv/lib/python3.12/site-packages/av-11.0.0.dist-info/top_level.txt
[1.585s] DEBUG:colcon.colcon_core.task.python.build:While undoing a previous installation files outside the Python library path are being ignored: /home/matthieu/ros2_ws/install/web_control/share/web_control/web/stream/webrtc/.venv/lib/python3.12/site-packages/av-11.0.0.dist-info/METADATA
[1.585s] DEBUG:colcon.colcon_core.task.python.build:While undoing a previous installation files outside the Python library path are being ignored: /home/matthieu/ros2_ws/install/web_control/share/web_control/web/stream/webrtc/.venv/lib/python3.12/site-packages/av-11.0.0.dist-info/licenses/AUTHORS.py
[1.585s] DEBUG:colcon.colcon_core.task.python.build:While undoing a previous installation files outside the Python library path are being ignored: /home/matthieu/ros2_ws/install/web_control/share/web_control/web/stream/webrtc/.venv/lib/python3.12/site-packages/av-11.0.0.dist-info/licenses/LICENSE.txt
[1.585s] DEBUG:colcon.colcon_core.task.python.build:While undoing a previous installation files outside the Python library path are being ignored: /home/matthieu/ros2_ws/install/web_control/share/web_control/web/stream/webrtc/.venv/lib/python3.12/site-packages/av-11.0.0.dist-info/licenses/AUTHORS.rst
[1.585s] DEBUG:colcon.colcon_core.task.python.build:While undoing a previous installation files outside the Python library path are being ignored: /home/matthieu/ros2_ws/install/web_control/share/web_control/web/stream/webrtc/.venv/lib/python3.12/site-packages/av-11.0.0.dist-info/licenses/__pycache__/AUTHORS.cpython-312.pyc
[1.585s] DEBUG:colcon.colcon_core.task.python.build:While undoing a previous installation files outside the Python library path are being ignored: /home/matthieu/ros2_ws/install/web_control/share/web_control/web/stream/webrtc/.venv/lib/python3.12/site-packages/frozenlist/_frozenlist.cpython-312-x86_64-linux-gnu.so
[1.585s] DEBUG:colcon.colcon_core.task.python.build:While undoing a previous installation files outside the Python library path are being ignored: /home/matthieu/ros2_ws/install/web_control/share/web_control/web/stream/webrtc/.venv/lib/python3.12/site-packages/frozenlist/_frozenlist.pyx
[1.585s] DEBUG:colcon.colcon_core.task.python.build:While undoing a previous installation files outside the Python library path are being ignored: /home/matthieu/ros2_ws/install/web_control/share/web_control/web/stream/webrtc/.venv/lib/python3.12/site-packages/frozenlist/__init__.pyi
[1.585s] DEBUG:colcon.colcon_core.task.python.build:While undoing a previous installation files outside the Python library path are being ignored: /home/matthieu/ros2_ws/install/web_control/share/web_control/web/stream/webrtc/.venv/lib/python3.12/site-packages/frozenlist/py.typed
[1.586s] DEBUG:colcon.colcon_core.task.python.build:While undoing a previous installation files outside the Python library path are being ignored: /home/matthieu/ros2_ws/install/web_control/share/web_control/web/stream/webrtc/.venv/lib/python3.12/site-packages/frozenlist/__init__.py
[1.586s] DEBUG:colcon.colcon_core.task.python.build:While undoing a previous installation files outside the Python library path are being ignored: /home/matthieu/ros2_ws/install/web_control/share/web_control/web/stream/webrtc/.venv/lib/python3.12/site-packages/frozenlist/__pycache__/__init__.cpython-312.pyc
[1.586s] DEBUG:colcon.colcon_core.task.python.build:While undoing a previous installation files outside the Python library path are being ignored: /home/matthieu/ros2_ws/install/web_control/share/web_control/web/stream/webrtc/.venv/lib/python3.12/site-packages/aioice/mdns.py
[1.586s] DEBUG:colcon.colcon_core.task.python.build:While undoing a previous installation files outside the Python library path are being ignored: /home/matthieu/ros2_ws/install/web_control/share/web_control/web/stream/webrtc/.venv/lib/python3.12/site-packages/aioice/stun.py
[1.586s] DEBUG:colcon.colcon_core.task.python.build:While undoing a previous installation files outside the Python library path are being ignored: /home/matthieu/ros2_ws/install/web_control/share/web_control/web/stream/webrtc/.venv/lib/python3.12/site-packages/aioice/ice.py
[1.586s] DEBUG:colcon.colcon_core.task.python.build:While undoing a previous installation files outside the Python library path are being ignored: /home/matthieu/ros2_ws/install/web_control/share/web_control/web/stream/webrtc/.venv/lib/python3.12/site-packages/aioice/candidate.py
[1.586s] DEBUG:colcon.colcon_core.task.python.build:While undoing a previous installation files outside the Python library path are being ignored: /home/matthieu/ros2_ws/install/web_control/share/web_control/web/stream/webrtc/.venv/lib/python3.12/site-packages/aioice/turn.py
[1.586s] DEBUG:colcon.colcon_core.task.python.build:While undoing a previous installation files outside the Python library path are being ignored: /home/matthieu/ros2_ws/install/web_control/share/web_control/web/stream/webrtc/.venv/lib/python3.12/site-packages/aioice/py.typed
[1.586s] DEBUG:colcon.colcon_core.task.python.build:While undoing a previous installation files outside the Python library path are being ignored: /home/matthieu/ros2_ws/install/web_control/share/web_control/web/stream/webrtc/.venv/lib/python3.12/site-packages/aioice/utils.py
[1.586s] DEBUG:colcon.colcon_core.task.python.build:While undoing a previous installation files outside the Python library path are being ignored: /home/matthieu/ros2_ws/install/web_control/share/web_control/web/stream/webrtc/.venv/lib/python3.12/site-packages/aioice/__init__.py
[1.586s] DEBUG:colcon.colcon_core.task.python.build:While undoing a previous installation files outside the Python library path are being ignored: /home/matthieu/ros2_ws/install/web_control/share/web_control/web/stream/webrtc/.venv/lib/python3.12/site-packages/aioice/__pycache__/turn.cpython-312.pyc
[1.586s] DEBUG:colcon.colcon_core.task.python.build:While undoing a previous installation files outside the Python library path are being ignored: /home/matthieu/ros2_ws/install/web_control/share/web_control/web/stream/webrtc/.venv/lib/python3.12/site-packages/aioice/__pycache__/stun.cpython-312.pyc
[1.586s] DEBUG:colcon.colcon_core.task.python.build:While undoing a previous installation files outside the Python library path are being ignored: /home/matthieu/ros2_ws/install/web_control/share/web_control/web/stream/webrtc/.venv/lib/python3.12/site-packages/aioice/__pycache__/candidate.cpython-312.pyc
[1.586s] DEBUG:colcon.colcon_core.task.python.build:While undoing a previous installation files outside the Python library path are being ignored: /home/matthieu/ros2_ws/install/web_control/share/web_control/web/stream/webrtc/.venv/lib/python3.12/site-packages/aioice/__pycache__/ice.cpython-312.pyc
[1.586s] DEBUG:colcon.colcon_core.task.python.build:While undoing a previous installation files outside the Python library path are being ignored: /home/matthieu/ros2_ws/install/web_control/share/web_control/web/stream/webrtc/.venv/lib/python3.12/site-packages/aioice/__pycache__/__init__.cpython-312.pyc
[1.586s] DEBUG:colcon.colcon_core.task.python.build:While undoing a previous installation files outside the Python library path are being ignored: /home/matthieu/ros2_ws/install/web_control/share/web_control/web/stream/webrtc/.venv/lib/python3.12/site-packages/aioice/__pycache__/mdns.cpython-312.pyc
[1.586s] DEBUG:colcon.colcon_core.task.python.build:While undoing a previous installation files outside the Python library path are being ignored: /home/matthieu/ros2_ws/install/web_control/share/web_control/web/stream/webrtc/.venv/lib/python3.12/site-packages/aioice/__pycache__/utils.cpython-312.pyc
[1.586s] DEBUG:colcon.colcon_core.task.python.build:While undoing a previous installation files outside the Python library path are being ignored: /home/matthieu/ros2_ws/install/web_control/share/web_control/web/stream/webrtc/.venv/lib/python3.12/site-packages/av/frame.cpython-312-x86_64-linux-gnu.so
[1.586s] DEBUG:colcon.colcon_core.task.python.build:While undoing a previous installation files outside the Python library path are being ignored: /home/matthieu/ros2_ws/install/web_control/share/web_control/web/stream/webrtc/.venv/lib/python3.12/site-packages/av/buffer.cpython-312-x86_64-linux-gnu.so
[1.586s] DEBUG:colcon.colcon_core.task.python.build:While undoing a previous installation files outside the Python library path are being ignored: /home/matthieu/ros2_ws/install/web_control/share/web_control/web/stream/webrtc/.venv/lib/python3.12/site-packages/av/packet.cpython-312-x86_64-linux-gnu.so
[1.586s] DEBUG:colcon.colcon_core.task.python.build:While undoing a previous installation files outside the Python library path are being ignored: /home/matthieu/ros2_ws/install/web_control/share/web_control/web/stream/webrtc/.venv/lib/python3.12/site-packages/av/frame.pxd
[1.586s] DEBUG:colcon.colcon_core.task.python.build:While undoing a previous installation files outside the Python library path are being ignored: /home/matthieu/ros2_ws/install/web_control/share/web_control/web/stream/webrtc/.venv/lib/python3.12/site-packages/av/format.pxd
[1.586s] DEBUG:colcon.colcon_core.task.python.build:While undoing a previous installation files outside the Python library path are being ignored: /home/matthieu/ros2_ws/install/web_control/share/web_control/web/stream/webrtc/.venv/lib/python3.12/site-packages/av/utils.pxd
[1.586s] DEBUG:colcon.colcon_core.task.python.build:While undoing a previous installation files outside the Python library path are being ignored: /home/matthieu/ros2_ws/install/web_control/share/web_control/web/stream/webrtc/.venv/lib/python3.12/site-packages/av/option.pxd
[1.586s] DEBUG:colcon.colcon_core.task.python.build:While undoing a previous installation files outside the Python library path are being ignored: /home/matthieu/ros2_ws/install/web_control/share/web_control/web/stream/webrtc/.venv/lib/python3.12/site-packages/av/utils.cpython-312-x86_64-linux-gnu.so
[1.586s] DEBUG:colcon.colcon_core.task.python.build:While undoing a previous installation files outside the Python library path are being ignored: /home/matthieu/ros2_ws/install/web_control/share/web_control/web/stream/webrtc/.venv/lib/python3.12/site-packages/av/_core.cpython-312-x86_64-linux-gnu.so
[1.586s] DEBUG:colcon.colcon_core.task.python.build:While undoing a previous installation files outside the Python library path are being ignored: /home/matthieu/ros2_ws/install/web_control/share/web_control/web/stream/webrtc/.venv/lib/python3.12/site-packages/av/stream.cpython-312-x86_64-linux-gnu.so
[1.586s] DEBUG:colcon.colcon_core.task.python.build:While undoing a previous installation files outside the Python library path are being ignored: /home/matthieu/ros2_ws/install/web_control/share/web_control/web/stream/webrtc/.venv/lib/python3.12/site-packages/av/logging.pxd
[1.586s] DEBUG:colcon.colcon_core.task.python.build:While undoing a previous installation files outside the Python library path are being ignored: /home/matthieu/ros2_ws/install/web_control/share/web_control/web/stream/webrtc/.venv/lib/python3.12/site-packages/av/descriptor.pxd
[1.586s] DEBUG:colcon.colcon_core.task.python.build:While undoing a previous installation files outside the Python library path are being ignored: /home/matthieu/ros2_ws/install/web_control/share/web_control/web/stream/webrtc/.venv/lib/python3.12/site-packages/av/descriptor.cpython-312-x86_64-linux-gnu.so
[1.586s] DEBUG:colcon.colcon_core.task.python.build:While undoing a previous installation files outside the Python library path are being ignored: /home/matthieu/ros2_ws/install/web_control/share/web_control/web/stream/webrtc/.venv/lib/python3.12/site-packages/av/plane.pxd
[1.586s] DEBUG:colcon.colcon_core.task.python.build:While undoing a previous installation files outside the Python library path are being ignored: /home/matthieu/ros2_ws/install/web_control/share/web_control/web/stream/webrtc/.venv/lib/python3.12/site-packages/av/dictionary.pxd
[1.587s] DEBUG:colcon.colcon_core.task.python.build:While undoing a previous installation files outside the Python library path are being ignored: /home/matthieu/ros2_ws/install/web_control/share/web_control/web/stream/webrtc/.venv/lib/python3.12/site-packages/av/option.cpython-312-x86_64-linux-gnu.so
[1.587s] DEBUG:colcon.colcon_core.task.python.build:While undoing a previous installation files outside the Python library path are being ignored: /home/matthieu/ros2_ws/install/web_control/share/web_control/web/stream/webrtc/.venv/lib/python3.12/site-packages/av/packet.pxd
[1.587s] DEBUG:colcon.colcon_core.task.python.build:While undoing a previous installation files outside the Python library path are being ignored: /home/matthieu/ros2_ws/install/web_control/share/web_control/web/stream/webrtc/.venv/lib/python3.12/site-packages/av/bytesource.pxd
[1.587s] DEBUG:colcon.colcon_core.task.python.build:While undoing a previous installation files outside the Python library path are being ignored: /home/matthieu/ros2_ws/install/web_control/share/web_control/web/stream/webrtc/.venv/lib/python3.12/site-packages/av/bytesource.cpython-312-x86_64-linux-gnu.so
[1.587s] DEBUG:colcon.colcon_core.task.python.build:While undoing a previous installation files outside the Python library path are being ignored: /home/matthieu/ros2_ws/install/web_control/share/web_control/web/stream/webrtc/.venv/lib/python3.12/site-packages/av/__main__.py
[1.587s] DEBUG:colcon.colcon_core.task.python.build:While undoing a previous installation files outside the Python library path are being ignored: /home/matthieu/ros2_ws/install/web_control/share/web_control/web/stream/webrtc/.venv/lib/python3.12/site-packages/av/dictionary.cpython-312-x86_64-linux-gnu.so
[1.587s] DEBUG:colcon.colcon_core.task.python.build:While undoing a previous installation files outside the Python library path are being ignored: /home/matthieu/ros2_ws/install/web_control/share/web_control/web/stream/webrtc/.venv/lib/python3.12/site-packages/av/buffer.pxd
[1.587s] DEBUG:colcon.colcon_core.task.python.build:While undoing a previous installation files outside the Python library path are being ignored: /home/matthieu/ros2_ws/install/web_control/share/web_control/web/stream/webrtc/.venv/lib/python3.12/site-packages/av/datasets.py
[1.587s] DEBUG:colcon.colcon_core.task.python.build:While undoing a previous installation files outside the Python library path are being ignored: /home/matthieu/ros2_ws/install/web_control/share/web_control/web/stream/webrtc/.venv/lib/python3.12/site-packages/av/__init__.pxd
[1.587s] DEBUG:colcon.colcon_core.task.python.build:While undoing a previous installation files outside the Python library path are being ignored: /home/matthieu/ros2_ws/install/web_control/share/web_control/web/stream/webrtc/.venv/lib/python3.12/site-packages/av/error.pxd
[1.587s] DEBUG:colcon.colcon_core.task.python.build:While undoing a previous installation files outside the Python library path are being ignored: /home/matthieu/ros2_ws/install/web_control/share/web_control/web/stream/webrtc/.venv/lib/python3.12/site-packages/av/plane.cpython-312-x86_64-linux-gnu.so
[1.587s] DEBUG:colcon.colcon_core.task.python.build:While undoing a previous installation files outside the Python library path are being ignored: /home/matthieu/ros2_ws/install/web_control/share/web_control/web/stream/webrtc/.venv/lib/python3.12/site-packages/av/about.py
[1.587s] DEBUG:colcon.colcon_core.task.python.build:While undoing a previous installation files outside the Python library path are being ignored: /home/matthieu/ros2_ws/install/web_control/share/web_control/web/stream/webrtc/.venv/lib/python3.12/site-packages/av/enum.pxd
[1.587s] DEBUG:colcon.colcon_core.task.python.build:While undoing a previous installation files outside the Python library path are being ignored: /home/matthieu/ros2_ws/install/web_control/share/web_control/web/stream/webrtc/.venv/lib/python3.12/site-packages/av/deprecation.py
[1.587s] DEBUG:colcon.colcon_core.task.python.build:While undoing a previous installation files outside the Python library path are being ignored: /home/matthieu/ros2_ws/install/web_control/share/web_control/web/stream/webrtc/.venv/lib/python3.12/site-packages/av/enum.cpython-312-x86_64-linux-gnu.so
[1.587s] DEBUG:colcon.colcon_core.task.python.build:While undoing a previous installation files outside the Python library path are being ignored: /home/matthieu/ros2_ws/install/web_control/share/web_control/web/stream/webrtc/.venv/lib/python3.12/site-packages/av/logging.cpython-312-x86_64-linux-gnu.so
[1.587s] DEBUG:colcon.colcon_core.task.python.build:While undoing a previous installation files outside the Python library path are being ignored: /home/matthieu/ros2_ws/install/web_control/share/web_control/web/stream/webrtc/.venv/lib/python3.12/site-packages/av/error.cpython-312-x86_64-linux-gnu.so
[1.587s] DEBUG:colcon.colcon_core.task.python.build:While undoing a previous installation files outside the Python library path are being ignored: /home/matthieu/ros2_ws/install/web_control/share/web_control/web/stream/webrtc/.venv/lib/python3.12/site-packages/av/stream.pxd
[1.587s] DEBUG:colcon.colcon_core.task.python.build:While undoing a previous installation files outside the Python library path are being ignored: /home/matthieu/ros2_ws/install/web_control/share/web_control/web/stream/webrtc/.venv/lib/python3.12/site-packages/av/format.cpython-312-x86_64-linux-gnu.so
[1.587s] DEBUG:colcon.colcon_core.task.python.build:While undoing a previous installation files outside the Python library path are being ignored: /home/matthieu/ros2_ws/install/web_control/share/web_control/web/stream/webrtc/.venv/lib/python3.12/site-packages/av/__init__.py
[1.587s] DEBUG:colcon.colcon_core.task.python.build:While undoing a previous installation files outside the Python library path are being ignored: /home/matthieu/ros2_ws/install/web_control/share/web_control/web/stream/webrtc/.venv/lib/python3.12/site-packages/av/sidedata/motionvectors.pxd
[1.587s] DEBUG:colcon.colcon_core.task.python.build:While undoing a previous installation files outside the Python library path are being ignored: /home/matthieu/ros2_ws/install/web_control/share/web_control/web/stream/webrtc/.venv/lib/python3.12/site-packages/av/sidedata/motionvectors.cpython-312-x86_64-linux-gnu.so
[1.587s] DEBUG:colcon.colcon_core.task.python.build:While undoing a previous installation files outside the Python library path are being ignored: /home/matthieu/ros2_ws/install/web_control/share/web_control/web/stream/webrtc/.venv/lib/python3.12/site-packages/av/sidedata/sidedata.cpython-312-x86_64-linux-gnu.so
[1.587s] DEBUG:colcon.colcon_core.task.python.build:While undoing a previous installation files outside the Python library path are being ignored: /home/matthieu/ros2_ws/install/web_control/share/web_control/web/stream/webrtc/.venv/lib/python3.12/site-packages/av/sidedata/__init__.pxd
[1.587s] DEBUG:colcon.colcon_core.task.python.build:While undoing a previous installation files outside the Python library path are being ignored: /home/matthieu/ros2_ws/install/web_control/share/web_control/web/stream/webrtc/.venv/lib/python3.12/site-packages/av/sidedata/sidedata.pxd
[1.587s] DEBUG:colcon.colcon_core.task.python.build:While undoing a previous installation files outside the Python library path are being ignored: /home/matthieu/ros2_ws/install/web_control/share/web_control/web/stream/webrtc/.venv/lib/python3.12/site-packages/av/sidedata/__init__.py
[1.587s] DEBUG:colcon.colcon_core.task.python.build:While undoing a previous installation files outside the Python library path are being ignored: /home/matthieu/ros2_ws/install/web_control/share/web_control/web/stream/webrtc/.venv/lib/python3.12/site-packages/av/sidedata/__pycache__/__init__.cpython-312.pyc
[1.587s] DEBUG:colcon.colcon_core.task.python.build:While undoing a previous installation files outside the Python library path are being ignored: /home/matthieu/ros2_ws/install/web_control/share/web_control/web/stream/webrtc/.venv/lib/python3.12/site-packages/av/container/input.cpython-312-x86_64-linux-gnu.so
[1.587s] DEBUG:colcon.colcon_core.task.python.build:While undoing a previous installation files outside the Python library path are being ignored: /home/matthieu/ros2_ws/install/web_control/share/web_control/web/stream/webrtc/.venv/lib/python3.12/site-packages/av/container/pyio.cpython-312-x86_64-linux-gnu.so
[1.587s] DEBUG:colcon.colcon_core.task.python.build:While undoing a previous installation files outside the Python library path are being ignored: /home/matthieu/ros2_ws/install/web_control/share/web_control/web/stream/webrtc/.venv/lib/python3.12/site-packages/av/container/streams.pxd
[1.587s] DEBUG:colcon.colcon_core.task.python.build:While undoing a previous installation files outside the Python library path are being ignored: /home/matthieu/ros2_ws/install/web_control/share/web_control/web/stream/webrtc/.venv/lib/python3.12/site-packages/av/container/core.cpython-312-x86_64-linux-gnu.so
[1.588s] DEBUG:colcon.colcon_core.task.python.build:While undoing a previous installation files outside the Python library path are being ignored: /home/matthieu/ros2_ws/install/web_control/share/web_control/web/stream/webrtc/.venv/lib/python3.12/site-packages/av/container/__init__.pxd
[1.588s] DEBUG:colcon.colcon_core.task.python.build:While undoing a previous installation files outside the Python library path are being ignored: /home/matthieu/ros2_ws/install/web_control/share/web_control/web/stream/webrtc/.venv/lib/python3.12/site-packages/av/container/streams.cpython-312-x86_64-linux-gnu.so
[1.588s] DEBUG:colcon.colcon_core.task.python.build:While undoing a previous installation files outside the Python library path are being ignored: /home/matthieu/ros2_ws/install/web_control/share/web_control/web/stream/webrtc/.venv/lib/python3.12/site-packages/av/container/output.cpython-312-x86_64-linux-gnu.so
[1.588s] DEBUG:colcon.colcon_core.task.python.build:While undoing a previous installation files outside the Python library path are being ignored: /home/matthieu/ros2_ws/install/web_control/share/web_control/web/stream/webrtc/.venv/lib/python3.12/site-packages/av/container/input.pxd
[1.588s] DEBUG:colcon.colcon_core.task.python.build:While undoing a previous installation files outside the Python library path are being ignored: /home/matthieu/ros2_ws/install/web_control/share/web_control/web/stream/webrtc/.venv/lib/python3.12/site-packages/av/container/pyio.pxd
[1.588s] DEBUG:colcon.colcon_core.task.python.build:While undoing a previous installation files outside the Python library path are being ignored: /home/matthieu/ros2_ws/install/web_control/share/web_control/web/stream/webrtc/.venv/lib/python3.12/site-packages/av/container/output.pxd
[1.588s] DEBUG:colcon.colcon_core.task.python.build:While undoing a previous installation files outside the Python library path are being ignored: /home/matthieu/ros2_ws/install/web_control/share/web_control/web/stream/webrtc/.venv/lib/python3.12/site-packages/av/container/core.pxd
[1.588s] DEBUG:colcon.colcon_core.task.python.build:While undoing a previous installation files outside the Python library path are being ignored: /home/matthieu/ros2_ws/install/web_control/share/web_control/web/stream/webrtc/.venv/lib/python3.12/site-packages/av/container/__init__.py
[1.588s] DEBUG:colcon.colcon_core.task.python.build:While undoing a previous installation files outside the Python library path are being ignored: /home/matthieu/ros2_ws/install/web_control/share/web_control/web/stream/webrtc/.venv/lib/python3.12/site-packages/av/container/__pycache__/__init__.cpython-312.pyc
[1.588s] DEBUG:colcon.colcon_core.task.python.build:While undoing a previous installation files outside the Python library path are being ignored: /home/matthieu/ros2_ws/install/web_control/share/web_control/web/stream/webrtc/.venv/lib/python3.12/site-packages/av/video/frame.cpython-312-x86_64-linux-gnu.so
[1.588s] DEBUG:colcon.colcon_core.task.python.build:While undoing a previous installation files outside the Python library path are being ignored: /home/matthieu/ros2_ws/install/web_control/share/web_control/web/stream/webrtc/.venv/lib/python3.12/site-packages/av/video/frame.pxd
[1.588s] DEBUG:colcon.colcon_core.task.python.build:While undoing a previous installation files outside the Python library path are being ignored: /home/matthieu/ros2_ws/install/web_control/share/web_control/web/stream/webrtc/.venv/lib/python3.12/site-packages/av/video/format.pxd
[1.588s] DEBUG:colcon.colcon_core.task.python.build:While undoing a previous installation files outside the Python library path are being ignored: /home/matthieu/ros2_ws/install/web_control/share/web_control/web/stream/webrtc/.venv/lib/python3.12/site-packages/av/video/reformatter.cpython-312-x86_64-linux-gnu.so
[1.588s] DEBUG:colcon.colcon_core.task.python.build:While undoing a previous installation files outside the Python library path are being ignored: /home/matthieu/ros2_ws/install/web_control/share/web_control/web/stream/webrtc/.venv/lib/python3.12/site-packages/av/video/stream.cpython-312-x86_64-linux-gnu.so
[1.588s] DEBUG:colcon.colcon_core.task.python.build:While undoing a previous installation files outside the Python library path are being ignored: /home/matthieu/ros2_ws/install/web_control/share/web_control/web/stream/webrtc/.venv/lib/python3.12/site-packages/av/video/plane.pxd
[1.588s] DEBUG:colcon.colcon_core.task.python.build:While undoing a previous installation files outside the Python library path are being ignored: /home/matthieu/ros2_ws/install/web_control/share/web_control/web/stream/webrtc/.venv/lib/python3.12/site-packages/av/video/reformatter.pxd
[1.588s] DEBUG:colcon.colcon_core.task.python.build:While undoing a previous installation files outside the Python library path are being ignored: /home/matthieu/ros2_ws/install/web_control/share/web_control/web/stream/webrtc/.venv/lib/python3.12/site-packages/av/video/__init__.pxd
[1.588s] DEBUG:colcon.colcon_core.task.python.build:While undoing a previous installation files outside the Python library path are being ignored: /home/matthieu/ros2_ws/install/web_control/share/web_control/web/stream/webrtc/.venv/lib/python3.12/site-packages/av/video/plane.cpython-312-x86_64-linux-gnu.so
[1.588s] DEBUG:colcon.colcon_core.task.python.build:While undoing a previous installation files outside the Python library path are being ignored: /home/matthieu/ros2_ws/install/web_control/share/web_control/web/stream/webrtc/.venv/lib/python3.12/site-packages/av/video/codeccontext.cpython-312-x86_64-linux-gnu.so
[1.588s] DEBUG:colcon.colcon_core.task.python.build:While undoing a previous installation files outside the Python library path are being ignored: /home/matthieu/ros2_ws/install/web_control/share/web_control/web/stream/webrtc/.venv/lib/python3.12/site-packages/av/video/stream.pxd
[1.588s] DEBUG:colcon.colcon_core.task.python.build:While undoing a previous installation files outside the Python library path are being ignored: /home/matthieu/ros2_ws/install/web_control/share/web_control/web/stream/webrtc/.venv/lib/python3.12/site-packages/av/video/codeccontext.pxd
[1.588s] DEBUG:colcon.colcon_core.task.python.build:While undoing a previous installation files outside the Python library path are being ignored: /home/matthieu/ros2_ws/install/web_control/share/web_control/web/stream/webrtc/.venv/lib/python3.12/site-packages/av/video/format.cpython-312-x86_64-linux-gnu.so
[1.588s] DEBUG:colcon.colcon_core.task.python.build:While undoing a previous installation files outside the Python library path are being ignored: /home/matthieu/ros2_ws/install/web_control/share/web_control/web/stream/webrtc/.venv/lib/python3.12/site-packages/av/video/__init__.py
[1.588s] DEBUG:colcon.colcon_core.task.python.build:While undoing a previous installation files outside the Python library path are being ignored: /home/matthieu/ros2_ws/install/web_control/share/web_control/web/stream/webrtc/.venv/lib/python3.12/site-packages/av/video/__pycache__/__init__.cpython-312.pyc
[1.588s] DEBUG:colcon.colcon_core.task.python.build:While undoing a previous installation files outside the Python library path are being ignored: /home/matthieu/ros2_ws/install/web_control/share/web_control/web/stream/webrtc/.venv/lib/python3.12/site-packages/av/codec/codec.cpython-312-x86_64-linux-gnu.so
[1.588s] DEBUG:colcon.colcon_core.task.python.build:While undoing a previous installation files outside the Python library path are being ignored: /home/matthieu/ros2_ws/install/web_control/share/web_control/web/stream/webrtc/.venv/lib/python3.12/site-packages/av/codec/context.cpython-312-x86_64-linux-gnu.so
[1.588s] DEBUG:colcon.colcon_core.task.python.build:While undoing a previous installation files outside the Python library path are being ignored: /home/matthieu/ros2_ws/install/web_control/share/web_control/web/stream/webrtc/.venv/lib/python3.12/site-packages/av/codec/codec.pxd
[1.588s] DEBUG:colcon.colcon_core.task.python.build:While undoing a previous installation files outside the Python library path are being ignored: /home/matthieu/ros2_ws/install/web_control/share/web_control/web/stream/webrtc/.venv/lib/python3.12/site-packages/av/codec/__init__.pxd
[1.588s] DEBUG:colcon.colcon_core.task.python.build:While undoing a previous installation files outside the Python library path are being ignored: /home/matthieu/ros2_ws/install/web_control/share/web_control/web/stream/webrtc/.venv/lib/python3.12/site-packages/av/codec/context.pxd
[1.588s] DEBUG:colcon.colcon_core.task.python.build:While undoing a previous installation files outside the Python library path are being ignored: /home/matthieu/ros2_ws/install/web_control/share/web_control/web/stream/webrtc/.venv/lib/python3.12/site-packages/av/codec/__init__.py
[1.588s] DEBUG:colcon.colcon_core.task.python.build:While undoing a previous installation files outside the Python library path are being ignored: /home/matthieu/ros2_ws/install/web_control/share/web_control/web/stream/webrtc/.venv/lib/python3.12/site-packages/av/codec/__pycache__/__init__.cpython-312.pyc
[1.589s] DEBUG:colcon.colcon_core.task.python.build:While undoing a previous installation files outside the Python library path are being ignored: /home/matthieu/ros2_ws/install/web_control/share/web_control/web/stream/webrtc/.venv/lib/python3.12/site-packages/av/__pycache__/deprecation.cpython-312.pyc
[1.589s] DEBUG:colcon.colcon_core.task.python.build:While undoing a previous installation files outside the Python library path are being ignored: /home/matthieu/ros2_ws/install/web_control/share/web_control/web/stream/webrtc/.venv/lib/python3.12/site-packages/av/__pycache__/about.cpython-312.pyc
[1.589s] DEBUG:colcon.colcon_core.task.python.build:While undoing a previous installation files outside the Python library path are being ignored: /home/matthieu/ros2_ws/install/web_control/share/web_control/web/stream/webrtc/.venv/lib/python3.12/site-packages/av/__pycache__/__main__.cpython-312.pyc
[1.589s] DEBUG:colcon.colcon_core.task.python.build:While undoing a previous installation files outside the Python library path are being ignored: /home/matthieu/ros2_ws/install/web_control/share/web_control/web/stream/webrtc/.venv/lib/python3.12/site-packages/av/__pycache__/__init__.cpython-312.pyc
[1.589s] DEBUG:colcon.colcon_core.task.python.build:While undoing a previous installation files outside the Python library path are being ignored: /home/matthieu/ros2_ws/install/web_control/share/web_control/web/stream/webrtc/.venv/lib/python3.12/site-packages/av/__pycache__/datasets.cpython-312.pyc
[1.589s] DEBUG:colcon.colcon_core.task.python.build:While undoing a previous installation files outside the Python library path are being ignored: /home/matthieu/ros2_ws/install/web_control/share/web_control/web/stream/webrtc/.venv/lib/python3.12/site-packages/av/subtitles/subtitle.pxd
[1.589s] DEBUG:colcon.colcon_core.task.python.build:While undoing a previous installation files outside the Python library path are being ignored: /home/matthieu/ros2_ws/install/web_control/share/web_control/web/stream/webrtc/.venv/lib/python3.12/site-packages/av/subtitles/stream.cpython-312-x86_64-linux-gnu.so
[1.589s] DEBUG:colcon.colcon_core.task.python.build:While undoing a previous installation files outside the Python library path are being ignored: /home/matthieu/ros2_ws/install/web_control/share/web_control/web/stream/webrtc/.venv/lib/python3.12/site-packages/av/subtitles/__init__.pxd
[1.589s] DEBUG:colcon.colcon_core.task.python.build:While undoing a previous installation files outside the Python library path are being ignored: /home/matthieu/ros2_ws/install/web_control/share/web_control/web/stream/webrtc/.venv/lib/python3.12/site-packages/av/subtitles/subtitle.cpython-312-x86_64-linux-gnu.so
[1.589s] DEBUG:colcon.colcon_core.task.python.build:While undoing a previous installation files outside the Python library path are being ignored: /home/matthieu/ros2_ws/install/web_control/share/web_control/web/stream/webrtc/.venv/lib/python3.12/site-packages/av/subtitles/codeccontext.cpython-312-x86_64-linux-gnu.so
[1.589s] DEBUG:colcon.colcon_core.task.python.build:While undoing a previous installation files outside the Python library path are being ignored: /home/matthieu/ros2_ws/install/web_control/share/web_control/web/stream/webrtc/.venv/lib/python3.12/site-packages/av/subtitles/stream.pxd
[1.589s] DEBUG:colcon.colcon_core.task.python.build:While undoing a previous installation files outside the Python library path are being ignored: /home/matthieu/ros2_ws/install/web_control/share/web_control/web/stream/webrtc/.venv/lib/python3.12/site-packages/av/subtitles/codeccontext.pxd
[1.589s] DEBUG:colcon.colcon_core.task.python.build:While undoing a previous installation files outside the Python library path are being ignored: /home/matthieu/ros2_ws/install/web_control/share/web_control/web/stream/webrtc/.venv/lib/python3.12/site-packages/av/subtitles/__init__.py
[1.589s] DEBUG:colcon.colcon_core.task.python.build:While undoing a previous installation files outside the Python library path are being ignored: /home/matthieu/ros2_ws/install/web_control/share/web_control/web/stream/webrtc/.venv/lib/python3.12/site-packages/av/subtitles/__pycache__/__init__.cpython-312.pyc
[1.589s] DEBUG:colcon.colcon_core.task.python.build:While undoing a previous installation files outside the Python library path are being ignored: /home/matthieu/ros2_ws/install/web_control/share/web_control/web/stream/webrtc/.venv/lib/python3.12/site-packages/av/filter/context.cpython-312-x86_64-linux-gnu.so
[1.589s] DEBUG:colcon.colcon_core.task.python.build:While undoing a previous installation files outside the Python library path are being ignored: /home/matthieu/ros2_ws/install/web_control/share/web_control/web/stream/webrtc/.venv/lib/python3.12/site-packages/av/filter/pad.cpython-312-x86_64-linux-gnu.so
[1.589s] DEBUG:colcon.colcon_core.task.python.build:While undoing a previous installation files outside the Python library path are being ignored: /home/matthieu/ros2_ws/install/web_control/share/web_control/web/stream/webrtc/.venv/lib/python3.12/site-packages/av/filter/graph.pxd
[1.589s] DEBUG:colcon.colcon_core.task.python.build:While undoing a previous installation files outside the Python library path are being ignored: /home/matthieu/ros2_ws/install/web_control/share/web_control/web/stream/webrtc/.venv/lib/python3.12/site-packages/av/filter/link.pxd
[1.589s] DEBUG:colcon.colcon_core.task.python.build:While undoing a previous installation files outside the Python library path are being ignored: /home/matthieu/ros2_ws/install/web_control/share/web_control/web/stream/webrtc/.venv/lib/python3.12/site-packages/av/filter/__init__.pxd
[1.589s] DEBUG:colcon.colcon_core.task.python.build:While undoing a previous installation files outside the Python library path are being ignored: /home/matthieu/ros2_ws/install/web_control/share/web_control/web/stream/webrtc/.venv/lib/python3.12/site-packages/av/filter/pad.pxd
[1.589s] DEBUG:colcon.colcon_core.task.python.build:While undoing a previous installation files outside the Python library path are being ignored: /home/matthieu/ros2_ws/install/web_control/share/web_control/web/stream/webrtc/.venv/lib/python3.12/site-packages/av/filter/graph.cpython-312-x86_64-linux-gnu.so
[1.589s] DEBUG:colcon.colcon_core.task.python.build:While undoing a previous installation files outside the Python library path are being ignored: /home/matthieu/ros2_ws/install/web_control/share/web_control/web/stream/webrtc/.venv/lib/python3.12/site-packages/av/filter/link.cpython-312-x86_64-linux-gnu.so
[1.589s] DEBUG:colcon.colcon_core.task.python.build:While undoing a previous installation files outside the Python library path are being ignored: /home/matthieu/ros2_ws/install/web_control/share/web_control/web/stream/webrtc/.venv/lib/python3.12/site-packages/av/filter/context.pxd
[1.589s] DEBUG:colcon.colcon_core.task.python.build:While undoing a previous installation files outside the Python library path are being ignored: /home/matthieu/ros2_ws/install/web_control/share/web_control/web/stream/webrtc/.venv/lib/python3.12/site-packages/av/filter/filter.cpython-312-x86_64-linux-gnu.so
[1.589s] DEBUG:colcon.colcon_core.task.python.build:While undoing a previous installation files outside the Python library path are being ignored: /home/matthieu/ros2_ws/install/web_control/share/web_control/web/stream/webrtc/.venv/lib/python3.12/site-packages/av/filter/filter.pxd
[1.589s] DEBUG:colcon.colcon_core.task.python.build:While undoing a previous installation files outside the Python library path are being ignored: /home/matthieu/ros2_ws/install/web_control/share/web_control/web/stream/webrtc/.venv/lib/python3.12/site-packages/av/filter/__init__.py
[1.589s] DEBUG:colcon.colcon_core.task.python.build:While undoing a previous installation files outside the Python library path are being ignored: /home/matthieu/ros2_ws/install/web_control/share/web_control/web/stream/webrtc/.venv/lib/python3.12/site-packages/av/filter/__pycache__/__init__.cpython-312.pyc
[1.589s] DEBUG:colcon.colcon_core.task.python.build:While undoing a previous installation files outside the Python library path are being ignored: /home/matthieu/ros2_ws/install/web_control/share/web_control/web/stream/webrtc/.venv/lib/python3.12/site-packages/av/data/stream.cpython-312-x86_64-linux-gnu.so
[1.589s] DEBUG:colcon.colcon_core.task.python.build:While undoing a previous installation files outside the Python library path are being ignored: /home/matthieu/ros2_ws/install/web_control/share/web_control/web/stream/webrtc/.venv/lib/python3.12/site-packages/av/data/__init__.pxd
[1.589s] DEBUG:colcon.colcon_core.task.python.build:While undoing a previous installation files outside the Python library path are being ignored: /home/matthieu/ros2_ws/install/web_control/share/web_control/web/stream/webrtc/.venv/lib/python3.12/site-packages/av/data/stream.pxd
[1.590s] DEBUG:colcon.colcon_core.task.python.build:While undoing a previous installation files outside the Python library path are being ignored: /home/matthieu/ros2_ws/install/web_control/share/web_control/web/stream/webrtc/.venv/lib/python3.12/site-packages/av/data/__init__.py
[1.590s] DEBUG:colcon.colcon_core.task.python.build:While undoing a previous installation files outside the Python library path are being ignored: /home/matthieu/ros2_ws/install/web_control/share/web_control/web/stream/webrtc/.venv/lib/python3.12/site-packages/av/data/__pycache__/__init__.cpython-312.pyc
[1.590s] DEBUG:colcon.colcon_core.task.python.build:While undoing a previous installation files outside the Python library path are being ignored: /home/matthieu/ros2_ws/install/web_control/share/web_control/web/stream/webrtc/.venv/lib/python3.12/site-packages/av/audio/frame.cpython-312-x86_64-linux-gnu.so
[1.590s] DEBUG:colcon.colcon_core.task.python.build:While undoing a previous installation files outside the Python library path are being ignored: /home/matthieu/ros2_ws/install/web_control/share/web_control/web/stream/webrtc/.venv/lib/python3.12/site-packages/av/audio/frame.pxd
[1.590s] DEBUG:colcon.colcon_core.task.python.build:While undoing a previous installation files outside the Python library path are being ignored: /home/matthieu/ros2_ws/install/web_control/share/web_control/web/stream/webrtc/.venv/lib/python3.12/site-packages/av/audio/resampler.cpython-312-x86_64-linux-gnu.so
[1.590s] DEBUG:colcon.colcon_core.task.python.build:While undoing a previous installation files outside the Python library path are being ignored: /home/matthieu/ros2_ws/install/web_control/share/web_control/web/stream/webrtc/.venv/lib/python3.12/site-packages/av/audio/format.pxd
[1.590s] DEBUG:colcon.colcon_core.task.python.build:While undoing a previous installation files outside the Python library path are being ignored: /home/matthieu/ros2_ws/install/web_control/share/web_control/web/stream/webrtc/.venv/lib/python3.12/site-packages/av/audio/stream.cpython-312-x86_64-linux-gnu.so
[1.590s] DEBUG:colcon.colcon_core.task.python.build:While undoing a previous installation files outside the Python library path are being ignored: /home/matthieu/ros2_ws/install/web_control/share/web_control/web/stream/webrtc/.venv/lib/python3.12/site-packages/av/audio/fifo.cpython-312-x86_64-linux-gnu.so
[1.590s] DEBUG:colcon.colcon_core.task.python.build:While undoing a previous installation files outside the Python library path are being ignored: /home/matthieu/ros2_ws/install/web_control/share/web_control/web/stream/webrtc/.venv/lib/python3.12/site-packages/av/audio/layout.pxd
[1.590s] DEBUG:colcon.colcon_core.task.python.build:While undoing a previous installation files outside the Python library path are being ignored: /home/matthieu/ros2_ws/install/web_control/share/web_control/web/stream/webrtc/.venv/lib/python3.12/site-packages/av/audio/resampler.pxd
[1.590s] DEBUG:colcon.colcon_core.task.python.build:While undoing a previous installation files outside the Python library path are being ignored: /home/matthieu/ros2_ws/install/web_control/share/web_control/web/stream/webrtc/.venv/lib/python3.12/site-packages/av/audio/plane.pxd
[1.590s] DEBUG:colcon.colcon_core.task.python.build:While undoing a previous installation files outside the Python library path are being ignored: /home/matthieu/ros2_ws/install/web_control/share/web_control/web/stream/webrtc/.venv/lib/python3.12/site-packages/av/audio/__init__.pxd
[1.590s] DEBUG:colcon.colcon_core.task.python.build:While undoing a previous installation files outside the Python library path are being ignored: /home/matthieu/ros2_ws/install/web_control/share/web_control/web/stream/webrtc/.venv/lib/python3.12/site-packages/av/audio/plane.cpython-312-x86_64-linux-gnu.so
[1.590s] DEBUG:colcon.colcon_core.task.python.build:While undoing a previous installation files outside the Python library path are being ignored: /home/matthieu/ros2_ws/install/web_control/share/web_control/web/stream/webrtc/.venv/lib/python3.12/site-packages/av/audio/codeccontext.cpython-312-x86_64-linux-gnu.so
[1.590s] DEBUG:colcon.colcon_core.task.python.build:While undoing a previous installation files outside the Python library path are being ignored: /home/matthieu/ros2_ws/install/web_control/share/web_control/web/stream/webrtc/.venv/lib/python3.12/site-packages/av/audio/fifo.pxd
[1.590s] DEBUG:colcon.colcon_core.task.python.build:While undoing a previous installation files outside the Python library path are being ignored: /home/matthieu/ros2_ws/install/web_control/share/web_control/web/stream/webrtc/.venv/lib/python3.12/site-packages/av/audio/stream.pxd
[1.590s] DEBUG:colcon.colcon_core.task.python.build:While undoing a previous installation files outside the Python library path are being ignored: /home/matthieu/ros2_ws/install/web_control/share/web_control/web/stream/webrtc/.venv/lib/python3.12/site-packages/av/audio/layout.cpython-312-x86_64-linux-gnu.so
[1.590s] DEBUG:colcon.colcon_core.task.python.build:While undoing a previous installation files outside the Python library path are being ignored: /home/matthieu/ros2_ws/install/web_control/share/web_control/web/stream/webrtc/.venv/lib/python3.12/site-packages/av/audio/codeccontext.pxd
[1.590s] DEBUG:colcon.colcon_core.task.python.build:While undoing a previous installation files outside the Python library path are being ignored: /home/matthieu/ros2_ws/install/web_control/share/web_control/web/stream/webrtc/.venv/lib/python3.12/site-packages/av/audio/format.cpython-312-x86_64-linux-gnu.so
[1.590s] DEBUG:colcon.colcon_core.task.python.build:While undoing a previous installation files outside the Python library path are being ignored: /home/matthieu/ros2_ws/install/web_control/share/web_control/web/stream/webrtc/.venv/lib/python3.12/site-packages/av/audio/__init__.py
[1.590s] DEBUG:colcon.colcon_core.task.python.build:While undoing a previous installation files outside the Python library path are being ignored: /home/matthieu/ros2_ws/install/web_control/share/web_control/web/stream/webrtc/.venv/lib/python3.12/site-packages/av/audio/__pycache__/__init__.cpython-312.pyc
[1.590s] DEBUG:colcon.colcon_core.task.python.build:While undoing a previous installation files outside the Python library path are being ignored: /home/matthieu/ros2_ws/install/web_control/share/web_control/web/stream/webrtc/.venv/lib/python3.12/site-packages/attr/_cmp.pyi
[1.590s] DEBUG:colcon.colcon_core.task.python.build:While undoing a previous installation files outside the Python library path are being ignored: /home/matthieu/ros2_ws/install/web_control/share/web_control/web/stream/webrtc/.venv/lib/python3.12/site-packages/attr/validators.pyi
[1.590s] DEBUG:colcon.colcon_core.task.python.build:While undoing a previous installation files outside the Python library path are being ignored: /home/matthieu/ros2_ws/install/web_control/share/web_control/web/stream/webrtc/.venv/lib/python3.12/site-packages/attr/setters.py
[1.590s] DEBUG:colcon.colcon_core.task.python.build:While undoing a previous installation files outside the Python library path are being ignored: /home/matthieu/ros2_ws/install/web_control/share/web_control/web/stream/webrtc/.venv/lib/python3.12/site-packages/attr/filters.py
[1.590s] DEBUG:colcon.colcon_core.task.python.build:While undoing a previous installation files outside the Python library path are being ignored: /home/matthieu/ros2_ws/install/web_control/share/web_control/web/stream/webrtc/.venv/lib/python3.12/site-packages/attr/__init__.pyi
[1.590s] DEBUG:colcon.colcon_core.task.python.build:While undoing a previous installation files outside the Python library path are being ignored: /home/matthieu/ros2_ws/install/web_control/share/web_control/web/stream/webrtc/.venv/lib/python3.12/site-packages/attr/_config.py
[1.590s] DEBUG:colcon.colcon_core.task.python.build:While undoing a previous installation files outside the Python library path are being ignored: /home/matthieu/ros2_ws/install/web_control/share/web_control/web/stream/webrtc/.venv/lib/python3.12/site-packages/attr/_make.py
[1.590s] DEBUG:colcon.colcon_core.task.python.build:While undoing a previous installation files outside the Python library path are being ignored: /home/matthieu/ros2_ws/install/web_control/share/web_control/web/stream/webrtc/.venv/lib/python3.12/site-packages/attr/converters.pyi
[1.591s] DEBUG:colcon.colcon_core.task.python.build:While undoing a previous installation files outside the Python library path are being ignored: /home/matthieu/ros2_ws/install/web_control/share/web_control/web/stream/webrtc/.venv/lib/python3.12/site-packages/attr/_next_gen.py
[1.591s] DEBUG:colcon.colcon_core.task.python.build:While undoing a previous installation files outside the Python library path are being ignored: /home/matthieu/ros2_ws/install/web_control/share/web_control/web/stream/webrtc/.venv/lib/python3.12/site-packages/attr/_version_info.pyi
[1.591s] DEBUG:colcon.colcon_core.task.python.build:While undoing a previous installation files outside the Python library path are being ignored: /home/matthieu/ros2_ws/install/web_control/share/web_control/web/stream/webrtc/.venv/lib/python3.12/site-packages/attr/_cmp.py
[1.591s] DEBUG:colcon.colcon_core.task.python.build:While undoing a previous installation files outside the Python library path are being ignored: /home/matthieu/ros2_ws/install/web_control/share/web_control/web/stream/webrtc/.venv/lib/python3.12/site-packages/attr/_compat.py
[1.591s] DEBUG:colcon.colcon_core.task.python.build:While undoing a previous installation files outside the Python library path are being ignored: /home/matthieu/ros2_ws/install/web_control/share/web_control/web/stream/webrtc/.venv/lib/python3.12/site-packages/attr/filters.pyi
[1.591s] DEBUG:colcon.colcon_core.task.python.build:While undoing a previous installation files outside the Python library path are being ignored: /home/matthieu/ros2_ws/install/web_control/share/web_control/web/stream/webrtc/.venv/lib/python3.12/site-packages/attr/_funcs.py
[1.591s] DEBUG:colcon.colcon_core.task.python.build:While undoing a previous installation files outside the Python library path are being ignored: /home/matthieu/ros2_ws/install/web_control/share/web_control/web/stream/webrtc/.venv/lib/python3.12/site-packages/attr/py.typed
[1.591s] DEBUG:colcon.colcon_core.task.python.build:While undoing a previous installation files outside the Python library path are being ignored: /home/matthieu/ros2_ws/install/web_control/share/web_control/web/stream/webrtc/.venv/lib/python3.12/site-packages/attr/converters.py
[1.591s] DEBUG:colcon.colcon_core.task.python.build:While undoing a previous installation files outside the Python library path are being ignored: /home/matthieu/ros2_ws/install/web_control/share/web_control/web/stream/webrtc/.venv/lib/python3.12/site-packages/attr/_version_info.py
[1.591s] DEBUG:colcon.colcon_core.task.python.build:While undoing a previous installation files outside the Python library path are being ignored: /home/matthieu/ros2_ws/install/web_control/share/web_control/web/stream/webrtc/.venv/lib/python3.12/site-packages/attr/exceptions.pyi
[1.591s] DEBUG:colcon.colcon_core.task.python.build:While undoing a previous installation files outside the Python library path are being ignored: /home/matthieu/ros2_ws/install/web_control/share/web_control/web/stream/webrtc/.venv/lib/python3.12/site-packages/attr/validators.py
[1.591s] DEBUG:colcon.colcon_core.task.python.build:While undoing a previous installation files outside the Python library path are being ignored: /home/matthieu/ros2_ws/install/web_control/share/web_control/web/stream/webrtc/.venv/lib/python3.12/site-packages/attr/exceptions.py
[1.591s] DEBUG:colcon.colcon_core.task.python.build:While undoing a previous installation files outside the Python library path are being ignored: /home/matthieu/ros2_ws/install/web_control/share/web_control/web/stream/webrtc/.venv/lib/python3.12/site-packages/attr/_typing_compat.pyi
[1.591s] DEBUG:colcon.colcon_core.task.python.build:While undoing a previous installation files outside the Python library path are being ignored: /home/matthieu/ros2_ws/install/web_control/share/web_control/web/stream/webrtc/.venv/lib/python3.12/site-packages/attr/__init__.py
[1.591s] DEBUG:colcon.colcon_core.task.python.build:While undoing a previous installation files outside the Python library path are being ignored: /home/matthieu/ros2_ws/install/web_control/share/web_control/web/stream/webrtc/.venv/lib/python3.12/site-packages/attr/setters.pyi
[1.591s] DEBUG:colcon.colcon_core.task.python.build:While undoing a previous installation files outside the Python library path are being ignored: /home/matthieu/ros2_ws/install/web_control/share/web_control/web/stream/webrtc/.venv/lib/python3.12/site-packages/attr/__pycache__/validators.cpython-312.pyc
[1.591s] DEBUG:colcon.colcon_core.task.python.build:While undoing a previous installation files outside the Python library path are being ignored: /home/matthieu/ros2_ws/install/web_control/share/web_control/web/stream/webrtc/.venv/lib/python3.12/site-packages/attr/__pycache__/_next_gen.cpython-312.pyc
[1.591s] DEBUG:colcon.colcon_core.task.python.build:While undoing a previous installation files outside the Python library path are being ignored: /home/matthieu/ros2_ws/install/web_control/share/web_control/web/stream/webrtc/.venv/lib/python3.12/site-packages/attr/__pycache__/_funcs.cpython-312.pyc
[1.591s] DEBUG:colcon.colcon_core.task.python.build:While undoing a previous installation files outside the Python library path are being ignored: /home/matthieu/ros2_ws/install/web_control/share/web_control/web/stream/webrtc/.venv/lib/python3.12/site-packages/attr/__pycache__/setters.cpython-312.pyc
[1.591s] DEBUG:colcon.colcon_core.task.python.build:While undoing a previous installation files outside the Python library path are being ignored: /home/matthieu/ros2_ws/install/web_control/share/web_control/web/stream/webrtc/.venv/lib/python3.12/site-packages/attr/__pycache__/filters.cpython-312.pyc
[1.591s] DEBUG:colcon.colcon_core.task.python.build:While undoing a previous installation files outside the Python library path are being ignored: /home/matthieu/ros2_ws/install/web_control/share/web_control/web/stream/webrtc/.venv/lib/python3.12/site-packages/attr/__pycache__/_compat.cpython-312.pyc
[1.591s] DEBUG:colcon.colcon_core.task.python.build:While undoing a previous installation files outside the Python library path are being ignored: /home/matthieu/ros2_ws/install/web_control/share/web_control/web/stream/webrtc/.venv/lib/python3.12/site-packages/attr/__pycache__/_cmp.cpython-312.pyc
[1.591s] DEBUG:colcon.colcon_core.task.python.build:While undoing a previous installation files outside the Python library path are being ignored: /home/matthieu/ros2_ws/install/web_control/share/web_control/web/stream/webrtc/.venv/lib/python3.12/site-packages/attr/__pycache__/_version_info.cpython-312.pyc
[1.591s] DEBUG:colcon.colcon_core.task.python.build:While undoing a previous installation files outside the Python library path are being ignored: /home/matthieu/ros2_ws/install/web_control/share/web_control/web/stream/webrtc/.venv/lib/python3.12/site-packages/attr/__pycache__/exceptions.cpython-312.pyc
[1.591s] DEBUG:colcon.colcon_core.task.python.build:While undoing a previous installation files outside the Python library path are being ignored: /home/matthieu/ros2_ws/install/web_control/share/web_control/web/stream/webrtc/.venv/lib/python3.12/site-packages/attr/__pycache__/_config.cpython-312.pyc
[1.591s] DEBUG:colcon.colcon_core.task.python.build:While undoing a previous installation files outside the Python library path are being ignored: /home/matthieu/ros2_ws/install/web_control/share/web_control/web/stream/webrtc/.venv/lib/python3.12/site-packages/attr/__pycache__/converters.cpython-312.pyc
[1.591s] DEBUG:colcon.colcon_core.task.python.build:While undoing a previous installation files outside the Python library path are being ignored: /home/matthieu/ros2_ws/install/web_control/share/web_control/web/stream/webrtc/.venv/lib/python3.12/site-packages/attr/__pycache__/_make.cpython-312.pyc
[1.591s] DEBUG:colcon.colcon_core.task.python.build:While undoing a previous installation files outside the Python library path are being ignored: /home/matthieu/ros2_ws/install/web_control/share/web_control/web/stream/webrtc/.venv/lib/python3.12/site-packages/attr/__pycache__/__init__.cpython-312.pyc
[1.591s] DEBUG:colcon.colcon_core.task.python.build:While undoing a previous installation files outside the Python library path are being ignored: /home/matthieu/ros2_ws/install/web_control/share/web_control/web/stream/webrtc/.venv/lib/python3.12/site-packages/aiortc-1.6.0.dist-info/LICENSE
[1.591s] DEBUG:colcon.colcon_core.task.python.build:While undoing a previous installation files outside the Python library path are being ignored: /home/matthieu/ros2_ws/install/web_control/share/web_control/web/stream/webrtc/.venv/lib/python3.12/site-packages/aiortc-1.6.0.dist-info/WHEEL
[1.591s] DEBUG:colcon.colcon_core.task.python.build:While undoing a previous installation files outside the Python library path are being ignored: /home/matthieu/ros2_ws/install/web_control/share/web_control/web/stream/webrtc/.venv/lib/python3.12/site-packages/aiortc-1.6.0.dist-info/RECORD
[1.592s] DEBUG:colcon.colcon_core.task.python.build:While undoing a previous installation files outside the Python library path are being ignored: /home/matthieu/ros2_ws/install/web_control/share/web_control/web/stream/webrtc/.venv/lib/python3.12/site-packages/aiortc-1.6.0.dist-info/REQUESTED
[1.592s] DEBUG:colcon.colcon_core.task.python.build:While undoing a previous installation files outside the Python library path are being ignored: /home/matthieu/ros2_ws/install/web_control/share/web_control/web/stream/webrtc/.venv/lib/python3.12/site-packages/aiortc-1.6.0.dist-info/INSTALLER
[1.592s] DEBUG:colcon.colcon_core.task.python.build:While undoing a previous installation files outside the Python library path are being ignored: /home/matthieu/ros2_ws/install/web_control/share/web_control/web/stream/webrtc/.venv/lib/python3.12/site-packages/aiortc-1.6.0.dist-info/top_level.txt
[1.592s] DEBUG:colcon.colcon_core.task.python.build:While undoing a previous installation files outside the Python library path are being ignored: /home/matthieu/ros2_ws/install/web_control/share/web_control/web/stream/webrtc/.venv/lib/python3.12/site-packages/aiortc-1.6.0.dist-info/METADATA
[1.592s] DEBUG:colcon.colcon_core.task.python.build:While undoing a previous installation files outside the Python library path are being ignored: /home/matthieu/ros2_ws/install/web_control/share/web_control/web/stream/webrtc/.venv/lib/python3.12/site-packages/attrs-25.4.0.dist-info/WHEEL
[1.592s] DEBUG:colcon.colcon_core.task.python.build:While undoing a previous installation files outside the Python library path are being ignored: /home/matthieu/ros2_ws/install/web_control/share/web_control/web/stream/webrtc/.venv/lib/python3.12/site-packages/attrs-25.4.0.dist-info/RECORD
[1.592s] DEBUG:colcon.colcon_core.task.python.build:While undoing a previous installation files outside the Python library path are being ignored: /home/matthieu/ros2_ws/install/web_control/share/web_control/web/stream/webrtc/.venv/lib/python3.12/site-packages/attrs-25.4.0.dist-info/INSTALLER
[1.592s] DEBUG:colcon.colcon_core.task.python.build:While undoing a previous installation files outside the Python library path are being ignored: /home/matthieu/ros2_ws/install/web_control/share/web_control/web/stream/webrtc/.venv/lib/python3.12/site-packages/attrs-25.4.0.dist-info/METADATA
[1.592s] DEBUG:colcon.colcon_core.task.python.build:While undoing a previous installation files outside the Python library path are being ignored: /home/matthieu/ros2_ws/install/web_control/share/web_control/web/stream/webrtc/.venv/lib/python3.12/site-packages/attrs-25.4.0.dist-info/licenses/LICENSE
[1.592s] DEBUG:colcon.colcon_core.task.python.build:While undoing a previous installation files outside the Python library path are being ignored: /home/matthieu/ros2_ws/install/web_control/share/web_control/web/stream/webrtc/.venv/lib/python3.12/site-packages/dnspython-2.8.0.dist-info/WHEEL
[1.592s] DEBUG:colcon.colcon_core.task.python.build:While undoing a previous installation files outside the Python library path are being ignored: /home/matthieu/ros2_ws/install/web_control/share/web_control/web/stream/webrtc/.venv/lib/python3.12/site-packages/dnspython-2.8.0.dist-info/RECORD
[1.592s] DEBUG:colcon.colcon_core.task.python.build:While undoing a previous installation files outside the Python library path are being ignored: /home/matthieu/ros2_ws/install/web_control/share/web_control/web/stream/webrtc/.venv/lib/python3.12/site-packages/dnspython-2.8.0.dist-info/INSTALLER
[1.592s] DEBUG:colcon.colcon_core.task.python.build:While undoing a previous installation files outside the Python library path are being ignored: /home/matthieu/ros2_ws/install/web_control/share/web_control/web/stream/webrtc/.venv/lib/python3.12/site-packages/dnspython-2.8.0.dist-info/METADATA
[1.592s] DEBUG:colcon.colcon_core.task.python.build:While undoing a previous installation files outside the Python library path are being ignored: /home/matthieu/ros2_ws/install/web_control/share/web_control/web/stream/webrtc/.venv/lib/python3.12/site-packages/dnspython-2.8.0.dist-info/licenses/LICENSE
[1.592s] DEBUG:colcon.colcon_core.task.python.build:While undoing a previous installation files outside the Python library path are being ignored: /home/matthieu/ros2_ws/install/web_control/share/web_control/web/stream/webrtc/.venv/lib/python3.12/site-packages/idna-3.11.dist-info/WHEEL
[1.592s] DEBUG:colcon.colcon_core.task.python.build:While undoing a previous installation files outside the Python library path are being ignored: /home/matthieu/ros2_ws/install/web_control/share/web_control/web/stream/webrtc/.venv/lib/python3.12/site-packages/idna-3.11.dist-info/RECORD
[1.592s] DEBUG:colcon.colcon_core.task.python.build:While undoing a previous installation files outside the Python library path are being ignored: /home/matthieu/ros2_ws/install/web_control/share/web_control/web/stream/webrtc/.venv/lib/python3.12/site-packages/idna-3.11.dist-info/INSTALLER
[1.592s] DEBUG:colcon.colcon_core.task.python.build:While undoing a previous installation files outside the Python library path are being ignored: /home/matthieu/ros2_ws/install/web_control/share/web_control/web/stream/webrtc/.venv/lib/python3.12/site-packages/idna-3.11.dist-info/METADATA
[1.592s] DEBUG:colcon.colcon_core.task.python.build:While undoing a previous installation files outside the Python library path are being ignored: /home/matthieu/ros2_ws/install/web_control/share/web_control/web/stream/webrtc/.venv/lib/python3.12/site-packages/idna-3.11.dist-info/licenses/LICENSE.md
[1.592s] DEBUG:colcon.colcon_core.task.python.build:While undoing a previous installation files outside the Python library path are being ignored: /home/matthieu/ros2_ws/install/web_control/share/web_control/web/stream/webrtc/.venv/lib/python3.12/site-packages/google_crc32c-1.8.0.dist-info/WHEEL
[1.592s] DEBUG:colcon.colcon_core.task.python.build:While undoing a previous installation files outside the Python library path are being ignored: /home/matthieu/ros2_ws/install/web_control/share/web_control/web/stream/webrtc/.venv/lib/python3.12/site-packages/google_crc32c-1.8.0.dist-info/RECORD
[1.592s] DEBUG:colcon.colcon_core.task.python.build:While undoing a previous installation files outside the Python library path are being ignored: /home/matthieu/ros2_ws/install/web_control/share/web_control/web/stream/webrtc/.venv/lib/python3.12/site-packages/google_crc32c-1.8.0.dist-info/zip-safe
[1.592s] DEBUG:colcon.colcon_core.task.python.build:While undoing a previous installation files outside the Python library path are being ignored: /home/matthieu/ros2_ws/install/web_control/share/web_control/web/stream/webrtc/.venv/lib/python3.12/site-packages/google_crc32c-1.8.0.dist-info/INSTALLER
[1.592s] DEBUG:colcon.colcon_core.task.python.build:While undoing a previous installation files outside the Python library path are being ignored: /home/matthieu/ros2_ws/install/web_control/share/web_control/web/stream/webrtc/.venv/lib/python3.12/site-packages/google_crc32c-1.8.0.dist-info/top_level.txt
[1.592s] DEBUG:colcon.colcon_core.task.python.build:While undoing a previous installation files outside the Python library path are being ignored: /home/matthieu/ros2_ws/install/web_control/share/web_control/web/stream/webrtc/.venv/lib/python3.12/site-packages/google_crc32c-1.8.0.dist-info/METADATA
[1.592s] DEBUG:colcon.colcon_core.task.python.build:While undoing a previous installation files outside the Python library path are being ignored: /home/matthieu/ros2_ws/install/web_control/share/web_control/web/stream/webrtc/.venv/lib/python3.12/site-packages/google_crc32c-1.8.0.dist-info/licenses/LICENSE
[1.592s] DEBUG:colcon.colcon_core.task.python.build:While undoing a previous installation files outside the Python library path are being ignored: /home/matthieu/ros2_ws/install/web_control/share/web_control/web/stream/webrtc/.venv/lib/python3.12/site-packages/idna/idnadata.py
[1.592s] DEBUG:colcon.colcon_core.task.python.build:While undoing a previous installation files outside the Python library path are being ignored: /home/matthieu/ros2_ws/install/web_control/share/web_control/web/stream/webrtc/.venv/lib/python3.12/site-packages/idna/codec.py
[1.592s] DEBUG:colcon.colcon_core.task.python.build:While undoing a previous installation files outside the Python library path are being ignored: /home/matthieu/ros2_ws/install/web_control/share/web_control/web/stream/webrtc/.venv/lib/python3.12/site-packages/idna/core.py
[1.593s] DEBUG:colcon.colcon_core.task.python.build:While undoing a previous installation files outside the Python library path are being ignored: /home/matthieu/ros2_ws/install/web_control/share/web_control/web/stream/webrtc/.venv/lib/python3.12/site-packages/idna/uts46data.py
[1.593s] DEBUG:colcon.colcon_core.task.python.build:While undoing a previous installation files outside the Python library path are being ignored: /home/matthieu/ros2_ws/install/web_control/share/web_control/web/stream/webrtc/.venv/lib/python3.12/site-packages/idna/compat.py
[1.593s] DEBUG:colcon.colcon_core.task.python.build:While undoing a previous installation files outside the Python library path are being ignored: /home/matthieu/ros2_ws/install/web_control/share/web_control/web/stream/webrtc/.venv/lib/python3.12/site-packages/idna/package_data.py
[1.593s] DEBUG:colcon.colcon_core.task.python.build:While undoing a previous installation files outside the Python library path are being ignored: /home/matthieu/ros2_ws/install/web_control/share/web_control/web/stream/webrtc/.venv/lib/python3.12/site-packages/idna/intranges.py
[1.593s] DEBUG:colcon.colcon_core.task.python.build:While undoing a previous installation files outside the Python library path are being ignored: /home/matthieu/ros2_ws/install/web_control/share/web_control/web/stream/webrtc/.venv/lib/python3.12/site-packages/idna/py.typed
[1.593s] DEBUG:colcon.colcon_core.task.python.build:While undoing a previous installation files outside the Python library path are being ignored: /home/matthieu/ros2_ws/install/web_control/share/web_control/web/stream/webrtc/.venv/lib/python3.12/site-packages/idna/__init__.py
[1.593s] DEBUG:colcon.colcon_core.task.python.build:While undoing a previous installation files outside the Python library path are being ignored: /home/matthieu/ros2_ws/install/web_control/share/web_control/web/stream/webrtc/.venv/lib/python3.12/site-packages/idna/__pycache__/package_data.cpython-312.pyc
[1.593s] DEBUG:colcon.colcon_core.task.python.build:While undoing a previous installation files outside the Python library path are being ignored: /home/matthieu/ros2_ws/install/web_control/share/web_control/web/stream/webrtc/.venv/lib/python3.12/site-packages/idna/__pycache__/codec.cpython-312.pyc
[1.593s] DEBUG:colcon.colcon_core.task.python.build:While undoing a previous installation files outside the Python library path are being ignored: /home/matthieu/ros2_ws/install/web_control/share/web_control/web/stream/webrtc/.venv/lib/python3.12/site-packages/idna/__pycache__/idnadata.cpython-312.pyc
[1.593s] DEBUG:colcon.colcon_core.task.python.build:While undoing a previous installation files outside the Python library path are being ignored: /home/matthieu/ros2_ws/install/web_control/share/web_control/web/stream/webrtc/.venv/lib/python3.12/site-packages/idna/__pycache__/intranges.cpython-312.pyc
[1.593s] DEBUG:colcon.colcon_core.task.python.build:While undoing a previous installation files outside the Python library path are being ignored: /home/matthieu/ros2_ws/install/web_control/share/web_control/web/stream/webrtc/.venv/lib/python3.12/site-packages/idna/__pycache__/core.cpython-312.pyc
[1.593s] DEBUG:colcon.colcon_core.task.python.build:While undoing a previous installation files outside the Python library path are being ignored: /home/matthieu/ros2_ws/install/web_control/share/web_control/web/stream/webrtc/.venv/lib/python3.12/site-packages/idna/__pycache__/uts46data.cpython-312.pyc
[1.593s] DEBUG:colcon.colcon_core.task.python.build:While undoing a previous installation files outside the Python library path are being ignored: /home/matthieu/ros2_ws/install/web_control/share/web_control/web/stream/webrtc/.venv/lib/python3.12/site-packages/idna/__pycache__/__init__.cpython-312.pyc
[1.593s] DEBUG:colcon.colcon_core.task.python.build:While undoing a previous installation files outside the Python library path are being ignored: /home/matthieu/ros2_ws/install/web_control/share/web_control/web/stream/webrtc/.venv/lib/python3.12/site-packages/idna/__pycache__/compat.cpython-312.pyc
[1.593s] DEBUG:colcon.colcon_core.task.python.build:While undoing a previous installation files outside the Python library path are being ignored: /home/matthieu/ros2_ws/install/web_control/share/web_control/web/stream/webrtc/.venv/lib/python3.12/site-packages/frozenlist-1.8.0.dist-info/WHEEL
[1.593s] DEBUG:colcon.colcon_core.task.python.build:While undoing a previous installation files outside the Python library path are being ignored: /home/matthieu/ros2_ws/install/web_control/share/web_control/web/stream/webrtc/.venv/lib/python3.12/site-packages/frozenlist-1.8.0.dist-info/RECORD
[1.593s] DEBUG:colcon.colcon_core.task.python.build:While undoing a previous installation files outside the Python library path are being ignored: /home/matthieu/ros2_ws/install/web_control/share/web_control/web/stream/webrtc/.venv/lib/python3.12/site-packages/frozenlist-1.8.0.dist-info/INSTALLER
[1.593s] DEBUG:colcon.colcon_core.task.python.build:While undoing a previous installation files outside the Python library path are being ignored: /home/matthieu/ros2_ws/install/web_control/share/web_control/web/stream/webrtc/.venv/lib/python3.12/site-packages/frozenlist-1.8.0.dist-info/top_level.txt
[1.593s] DEBUG:colcon.colcon_core.task.python.build:While undoing a previous installation files outside the Python library path are being ignored: /home/matthieu/ros2_ws/install/web_control/share/web_control/web/stream/webrtc/.venv/lib/python3.12/site-packages/frozenlist-1.8.0.dist-info/METADATA
[1.593s] DEBUG:colcon.colcon_core.task.python.build:While undoing a previous installation files outside the Python library path are being ignored: /home/matthieu/ros2_ws/install/web_control/share/web_control/web/stream/webrtc/.venv/lib/python3.12/site-packages/frozenlist-1.8.0.dist-info/licenses/LICENSE
[1.593s] DEBUG:colcon.colcon_core.task.python.build:While undoing a previous installation files outside the Python library path are being ignored: /home/matthieu/ros2_ws/install/web_control/share/web_control/web/stream/webrtc/.venv/lib/python3.12/site-packages/pip-24.0.dist-info/WHEEL
[1.593s] DEBUG:colcon.colcon_core.task.python.build:While undoing a previous installation files outside the Python library path are being ignored: /home/matthieu/ros2_ws/install/web_control/share/web_control/web/stream/webrtc/.venv/lib/python3.12/site-packages/pip-24.0.dist-info/RECORD
[1.593s] DEBUG:colcon.colcon_core.task.python.build:While undoing a previous installation files outside the Python library path are being ignored: /home/matthieu/ros2_ws/install/web_control/share/web_control/web/stream/webrtc/.venv/lib/python3.12/site-packages/pip-24.0.dist-info/REQUESTED
[1.593s] DEBUG:colcon.colcon_core.task.python.build:While undoing a previous installation files outside the Python library path are being ignored: /home/matthieu/ros2_ws/install/web_control/share/web_control/web/stream/webrtc/.venv/lib/python3.12/site-packages/pip-24.0.dist-info/INSTALLER
[1.593s] DEBUG:colcon.colcon_core.task.python.build:While undoing a previous installation files outside the Python library path are being ignored: /home/matthieu/ros2_ws/install/web_control/share/web_control/web/stream/webrtc/.venv/lib/python3.12/site-packages/pip-24.0.dist-info/LICENSE.txt
[1.593s] DEBUG:colcon.colcon_core.task.python.build:While undoing a previous installation files outside the Python library path are being ignored: /home/matthieu/ros2_ws/install/web_control/share/web_control/web/stream/webrtc/.venv/lib/python3.12/site-packages/pip-24.0.dist-info/AUTHORS.txt
[1.593s] DEBUG:colcon.colcon_core.task.python.build:While undoing a previous installation files outside the Python library path are being ignored: /home/matthieu/ros2_ws/install/web_control/share/web_control/web/stream/webrtc/.venv/lib/python3.12/site-packages/pip-24.0.dist-info/entry_points.txt
[1.593s] DEBUG:colcon.colcon_core.task.python.build:While undoing a previous installation files outside the Python library path are being ignored: /home/matthieu/ros2_ws/install/web_control/share/web_control/web/stream/webrtc/.venv/lib/python3.12/site-packages/pip-24.0.dist-info/top_level.txt
[1.593s] DEBUG:colcon.colcon_core.task.python.build:While undoing a previous installation files outside the Python library path are being ignored: /home/matthieu/ros2_ws/install/web_control/share/web_control/web/stream/webrtc/.venv/lib/python3.12/site-packages/pip-24.0.dist-info/METADATA
[1.594s] DEBUG:colcon.colcon_core.task.python.build:While undoing a previous installation files outside the Python library path are being ignored: /home/matthieu/ros2_ws/install/web_control/share/web_control/web/stream/webrtc/.venv/lib/python3.12/site-packages/pylibsrtp-1.0.0.dist-info/WHEEL
[1.594s] DEBUG:colcon.colcon_core.task.python.build:While undoing a previous installation files outside the Python library path are being ignored: /home/matthieu/ros2_ws/install/web_control/share/web_control/web/stream/webrtc/.venv/lib/python3.12/site-packages/pylibsrtp-1.0.0.dist-info/RECORD
[1.594s] DEBUG:colcon.colcon_core.task.python.build:While undoing a previous installation files outside the Python library path are being ignored: /home/matthieu/ros2_ws/install/web_control/share/web_control/web/stream/webrtc/.venv/lib/python3.12/site-packages/pylibsrtp-1.0.0.dist-info/INSTALLER
[1.594s] DEBUG:colcon.colcon_core.task.python.build:While undoing a previous installation files outside the Python library path are being ignored: /home/matthieu/ros2_ws/install/web_control/share/web_control/web/stream/webrtc/.venv/lib/python3.12/site-packages/pylibsrtp-1.0.0.dist-info/top_level.txt
[1.594s] DEBUG:colcon.colcon_core.task.python.build:While undoing a previous installation files outside the Python library path are being ignored: /home/matthieu/ros2_ws/install/web_control/share/web_control/web/stream/webrtc/.venv/lib/python3.12/site-packages/pylibsrtp-1.0.0.dist-info/METADATA
[1.594s] DEBUG:colcon.colcon_core.task.python.build:While undoing a previous installation files outside the Python library path are being ignored: /home/matthieu/ros2_ws/install/web_control/share/web_control/web/stream/webrtc/.venv/lib/python3.12/site-packages/pylibsrtp-1.0.0.dist-info/licenses/LICENSE
[1.594s] DEBUG:colcon.colcon_core.task.python.build:While undoing a previous installation files outside the Python library path are being ignored: /home/matthieu/ros2_ws/install/web_control/share/web_control/web/stream/webrtc/.venv/lib/python3.12/site-packages/OpenSSL/debug.py
[1.594s] DEBUG:colcon.colcon_core.task.python.build:While undoing a previous installation files outside the Python library path are being ignored: /home/matthieu/ros2_ws/install/web_control/share/web_control/web/stream/webrtc/.venv/lib/python3.12/site-packages/OpenSSL/SSL.py
[1.594s] DEBUG:colcon.colcon_core.task.python.build:While undoing a previous installation files outside the Python library path are being ignored: /home/matthieu/ros2_ws/install/web_control/share/web_control/web/stream/webrtc/.venv/lib/python3.12/site-packages/OpenSSL/rand.py
[1.594s] DEBUG:colcon.colcon_core.task.python.build:While undoing a previous installation files outside the Python library path are being ignored: /home/matthieu/ros2_ws/install/web_control/share/web_control/web/stream/webrtc/.venv/lib/python3.12/site-packages/OpenSSL/_util.py
[1.594s] DEBUG:colcon.colcon_core.task.python.build:While undoing a previous installation files outside the Python library path are being ignored: /home/matthieu/ros2_ws/install/web_control/share/web_control/web/stream/webrtc/.venv/lib/python3.12/site-packages/OpenSSL/py.typed
[1.594s] DEBUG:colcon.colcon_core.task.python.build:While undoing a previous installation files outside the Python library path are being ignored: /home/matthieu/ros2_ws/install/web_control/share/web_control/web/stream/webrtc/.venv/lib/python3.12/site-packages/OpenSSL/crypto.py
[1.594s] DEBUG:colcon.colcon_core.task.python.build:While undoing a previous installation files outside the Python library path are being ignored: /home/matthieu/ros2_ws/install/web_control/share/web_control/web/stream/webrtc/.venv/lib/python3.12/site-packages/OpenSSL/version.py
[1.594s] DEBUG:colcon.colcon_core.task.python.build:While undoing a previous installation files outside the Python library path are being ignored: /home/matthieu/ros2_ws/install/web_control/share/web_control/web/stream/webrtc/.venv/lib/python3.12/site-packages/OpenSSL/__init__.py
[1.594s] DEBUG:colcon.colcon_core.task.python.build:While undoing a previous installation files outside the Python library path are being ignored: /home/matthieu/ros2_ws/install/web_control/share/web_control/web/stream/webrtc/.venv/lib/python3.12/site-packages/OpenSSL/__pycache__/rand.cpython-312.pyc
[1.594s] DEBUG:colcon.colcon_core.task.python.build:While undoing a previous installation files outside the Python library path are being ignored: /home/matthieu/ros2_ws/install/web_control/share/web_control/web/stream/webrtc/.venv/lib/python3.12/site-packages/OpenSSL/__pycache__/crypto.cpython-312.pyc
[1.594s] DEBUG:colcon.colcon_core.task.python.build:While undoing a previous installation files outside the Python library path are being ignored: /home/matthieu/ros2_ws/install/web_control/share/web_control/web/stream/webrtc/.venv/lib/python3.12/site-packages/OpenSSL/__pycache__/version.cpython-312.pyc
[1.594s] DEBUG:colcon.colcon_core.task.python.build:While undoing a previous installation files outside the Python library path are being ignored: /home/matthieu/ros2_ws/install/web_control/share/web_control/web/stream/webrtc/.venv/lib/python3.12/site-packages/OpenSSL/__pycache__/debug.cpython-312.pyc
[1.594s] DEBUG:colcon.colcon_core.task.python.build:While undoing a previous installation files outside the Python library path are being ignored: /home/matthieu/ros2_ws/install/web_control/share/web_control/web/stream/webrtc/.venv/lib/python3.12/site-packages/OpenSSL/__pycache__/__init__.cpython-312.pyc
[1.594s] DEBUG:colcon.colcon_core.task.python.build:While undoing a previous installation files outside the Python library path are being ignored: /home/matthieu/ros2_ws/install/web_control/share/web_control/web/stream/webrtc/.venv/lib/python3.12/site-packages/OpenSSL/__pycache__/_util.cpython-312.pyc
[1.594s] DEBUG:colcon.colcon_core.task.python.build:While undoing a previous installation files outside the Python library path are being ignored: /home/matthieu/ros2_ws/install/web_control/share/web_control/web/stream/webrtc/.venv/lib/python3.12/site-packages/OpenSSL/__pycache__/SSL.cpython-312.pyc
[1.594s] DEBUG:colcon.colcon_core.task.python.build:While undoing a previous installation files outside the Python library path are being ignored: /home/matthieu/ros2_ws/install/web_control/share/web_control/web/stream/webrtc/.venv/lib/python3.12/site-packages/google_crc32c/_checksum.py
[1.594s] DEBUG:colcon.colcon_core.task.python.build:While undoing a previous installation files outside the Python library path are being ignored: /home/matthieu/ros2_ws/install/web_control/share/web_control/web/stream/webrtc/.venv/lib/python3.12/site-packages/google_crc32c/python.py
[1.594s] DEBUG:colcon.colcon_core.task.python.build:While undoing a previous installation files outside the Python library path are being ignored: /home/matthieu/ros2_ws/install/web_control/share/web_control/web/stream/webrtc/.venv/lib/python3.12/site-packages/google_crc32c/_crc32c.cpython-312-x86_64-linux-gnu.so
[1.594s] DEBUG:colcon.colcon_core.task.python.build:While undoing a previous installation files outside the Python library path are being ignored: /home/matthieu/ros2_ws/install/web_control/share/web_control/web/stream/webrtc/.venv/lib/python3.12/site-packages/google_crc32c/_crc32c.c
[1.594s] DEBUG:colcon.colcon_core.task.python.build:While undoing a previous installation files outside the Python library path are being ignored: /home/matthieu/ros2_ws/install/web_control/share/web_control/web/stream/webrtc/.venv/lib/python3.12/site-packages/google_crc32c/cext.py
[1.594s] DEBUG:colcon.colcon_core.task.python.build:While undoing a previous installation files outside the Python library path are being ignored: /home/matthieu/ros2_ws/install/web_control/share/web_control/web/stream/webrtc/.venv/lib/python3.12/site-packages/google_crc32c/py.typed
[1.594s] DEBUG:colcon.colcon_core.task.python.build:While undoing a previous installation files outside the Python library path are being ignored: /home/matthieu/ros2_ws/install/web_control/share/web_control/web/stream/webrtc/.venv/lib/python3.12/site-packages/google_crc32c/__config__.py
[1.594s] DEBUG:colcon.colcon_core.task.python.build:While undoing a previous installation files outside the Python library path are being ignored: /home/matthieu/ros2_ws/install/web_control/share/web_control/web/stream/webrtc/.venv/lib/python3.12/site-packages/google_crc32c/__init__.py
[1.595s] DEBUG:colcon.colcon_core.task.python.build:While undoing a previous installation files outside the Python library path are being ignored: /home/matthieu/ros2_ws/install/web_control/share/web_control/web/stream/webrtc/.venv/lib/python3.12/site-packages/google_crc32c/__pycache__/__config__.cpython-312.pyc
[1.595s] DEBUG:colcon.colcon_core.task.python.build:While undoing a previous installation files outside the Python library path are being ignored: /home/matthieu/ros2_ws/install/web_control/share/web_control/web/stream/webrtc/.venv/lib/python3.12/site-packages/google_crc32c/__pycache__/python.cpython-312.pyc
[1.595s] DEBUG:colcon.colcon_core.task.python.build:While undoing a previous installation files outside the Python library path are being ignored: /home/matthieu/ros2_ws/install/web_control/share/web_control/web/stream/webrtc/.venv/lib/python3.12/site-packages/google_crc32c/__pycache__/cext.cpython-312.pyc
[1.595s] DEBUG:colcon.colcon_core.task.python.build:While undoing a previous installation files outside the Python library path are being ignored: /home/matthieu/ros2_ws/install/web_control/share/web_control/web/stream/webrtc/.venv/lib/python3.12/site-packages/google_crc32c/__pycache__/_checksum.cpython-312.pyc
[1.595s] DEBUG:colcon.colcon_core.task.python.build:While undoing a previous installation files outside the Python library path are being ignored: /home/matthieu/ros2_ws/install/web_control/share/web_control/web/stream/webrtc/.venv/lib/python3.12/site-packages/google_crc32c/__pycache__/__init__.cpython-312.pyc
[1.595s] DEBUG:colcon.colcon_core.task.python.build:While undoing a previous installation files outside the Python library path are being ignored: /home/matthieu/ros2_ws/install/web_control/share/web_control/web/stream/webrtc/.venv/lib/python3.12/site-packages/attrs/setters.py
[1.595s] DEBUG:colcon.colcon_core.task.python.build:While undoing a previous installation files outside the Python library path are being ignored: /home/matthieu/ros2_ws/install/web_control/share/web_control/web/stream/webrtc/.venv/lib/python3.12/site-packages/attrs/filters.py
[1.595s] DEBUG:colcon.colcon_core.task.python.build:While undoing a previous installation files outside the Python library path are being ignored: /home/matthieu/ros2_ws/install/web_control/share/web_control/web/stream/webrtc/.venv/lib/python3.12/site-packages/attrs/__init__.pyi
[1.595s] DEBUG:colcon.colcon_core.task.python.build:While undoing a previous installation files outside the Python library path are being ignored: /home/matthieu/ros2_ws/install/web_control/share/web_control/web/stream/webrtc/.venv/lib/python3.12/site-packages/attrs/py.typed
[1.595s] DEBUG:colcon.colcon_core.task.python.build:While undoing a previous installation files outside the Python library path are being ignored: /home/matthieu/ros2_ws/install/web_control/share/web_control/web/stream/webrtc/.venv/lib/python3.12/site-packages/attrs/converters.py
[1.595s] DEBUG:colcon.colcon_core.task.python.build:While undoing a previous installation files outside the Python library path are being ignored: /home/matthieu/ros2_ws/install/web_control/share/web_control/web/stream/webrtc/.venv/lib/python3.12/site-packages/attrs/validators.py
[1.595s] DEBUG:colcon.colcon_core.task.python.build:While undoing a previous installation files outside the Python library path are being ignored: /home/matthieu/ros2_ws/install/web_control/share/web_control/web/stream/webrtc/.venv/lib/python3.12/site-packages/attrs/exceptions.py
[1.595s] DEBUG:colcon.colcon_core.task.python.build:While undoing a previous installation files outside the Python library path are being ignored: /home/matthieu/ros2_ws/install/web_control/share/web_control/web/stream/webrtc/.venv/lib/python3.12/site-packages/attrs/__init__.py
[1.595s] DEBUG:colcon.colcon_core.task.python.build:While undoing a previous installation files outside the Python library path are being ignored: /home/matthieu/ros2_ws/install/web_control/share/web_control/web/stream/webrtc/.venv/lib/python3.12/site-packages/attrs/__pycache__/validators.cpython-312.pyc
[1.595s] DEBUG:colcon.colcon_core.task.python.build:While undoing a previous installation files outside the Python library path are being ignored: /home/matthieu/ros2_ws/install/web_control/share/web_control/web/stream/webrtc/.venv/lib/python3.12/site-packages/attrs/__pycache__/setters.cpython-312.pyc
[1.595s] DEBUG:colcon.colcon_core.task.python.build:While undoing a previous installation files outside the Python library path are being ignored: /home/matthieu/ros2_ws/install/web_control/share/web_control/web/stream/webrtc/.venv/lib/python3.12/site-packages/attrs/__pycache__/filters.cpython-312.pyc
[1.595s] DEBUG:colcon.colcon_core.task.python.build:While undoing a previous installation files outside the Python library path are being ignored: /home/matthieu/ros2_ws/install/web_control/share/web_control/web/stream/webrtc/.venv/lib/python3.12/site-packages/attrs/__pycache__/exceptions.cpython-312.pyc
[1.595s] DEBUG:colcon.colcon_core.task.python.build:While undoing a previous installation files outside the Python library path are being ignored: /home/matthieu/ros2_ws/install/web_control/share/web_control/web/stream/webrtc/.venv/lib/python3.12/site-packages/attrs/__pycache__/converters.cpython-312.pyc
[1.595s] DEBUG:colcon.colcon_core.task.python.build:While undoing a previous installation files outside the Python library path are being ignored: /home/matthieu/ros2_ws/install/web_control/share/web_control/web/stream/webrtc/.venv/lib/python3.12/site-packages/attrs/__pycache__/__init__.cpython-312.pyc
[1.595s] DEBUG:colcon.colcon_core.task.python.build:While undoing a previous installation files outside the Python library path are being ignored: /home/matthieu/ros2_ws/install/web_control/share/web_control/web/stream/webrtc/.venv/lib/python3.12/site-packages/__pycache__/typing_extensions.cpython-312.pyc
[1.595s] DEBUG:colcon.colcon_core.task.python.build:While undoing a previous installation files outside the Python library path are being ignored: /home/matthieu/ros2_ws/install/web_control/share/web_control/web/stream/webrtc/.venv/lib/python3.12/site-packages/cffi/ffiplatform.py
[1.595s] DEBUG:colcon.colcon_core.task.python.build:While undoing a previous installation files outside the Python library path are being ignored: /home/matthieu/ros2_ws/install/web_control/share/web_control/web/stream/webrtc/.venv/lib/python3.12/site-packages/cffi/_cffi_include.h
[1.595s] DEBUG:colcon.colcon_core.task.python.build:While undoing a previous installation files outside the Python library path are being ignored: /home/matthieu/ros2_ws/install/web_control/share/web_control/web/stream/webrtc/.venv/lib/python3.12/site-packages/cffi/_embedding.h
[1.595s] DEBUG:colcon.colcon_core.task.python.build:While undoing a previous installation files outside the Python library path are being ignored: /home/matthieu/ros2_ws/install/web_control/share/web_control/web/stream/webrtc/.venv/lib/python3.12/site-packages/cffi/model.py
[1.595s] DEBUG:colcon.colcon_core.task.python.build:While undoing a previous installation files outside the Python library path are being ignored: /home/matthieu/ros2_ws/install/web_control/share/web_control/web/stream/webrtc/.venv/lib/python3.12/site-packages/cffi/backend_ctypes.py
[1.595s] DEBUG:colcon.colcon_core.task.python.build:While undoing a previous installation files outside the Python library path are being ignored: /home/matthieu/ros2_ws/install/web_control/share/web_control/web/stream/webrtc/.venv/lib/python3.12/site-packages/cffi/vengine_gen.py
[1.595s] DEBUG:colcon.colcon_core.task.python.build:While undoing a previous installation files outside the Python library path are being ignored: /home/matthieu/ros2_ws/install/web_control/share/web_control/web/stream/webrtc/.venv/lib/python3.12/site-packages/cffi/_shimmed_dist_utils.py
[1.595s] DEBUG:colcon.colcon_core.task.python.build:While undoing a previous installation files outside the Python library path are being ignored: /home/matthieu/ros2_ws/install/web_control/share/web_control/web/stream/webrtc/.venv/lib/python3.12/site-packages/cffi/vengine_cpy.py
[1.595s] DEBUG:colcon.colcon_core.task.python.build:While undoing a previous installation files outside the Python library path are being ignored: /home/matthieu/ros2_ws/install/web_control/share/web_control/web/stream/webrtc/.venv/lib/python3.12/site-packages/cffi/cffi_opcode.py
[1.595s] DEBUG:colcon.colcon_core.task.python.build:While undoing a previous installation files outside the Python library path are being ignored: /home/matthieu/ros2_ws/install/web_control/share/web_control/web/stream/webrtc/.venv/lib/python3.12/site-packages/cffi/lock.py
[1.596s] DEBUG:colcon.colcon_core.task.python.build:While undoing a previous installation files outside the Python library path are being ignored: /home/matthieu/ros2_ws/install/web_control/share/web_control/web/stream/webrtc/.venv/lib/python3.12/site-packages/cffi/_cffi_errors.h
[1.596s] DEBUG:colcon.colcon_core.task.python.build:While undoing a previous installation files outside the Python library path are being ignored: /home/matthieu/ros2_ws/install/web_control/share/web_control/web/stream/webrtc/.venv/lib/python3.12/site-packages/cffi/_imp_emulation.py
[1.596s] DEBUG:colcon.colcon_core.task.python.build:While undoing a previous installation files outside the Python library path are being ignored: /home/matthieu/ros2_ws/install/web_control/share/web_control/web/stream/webrtc/.venv/lib/python3.12/site-packages/cffi/verifier.py
[1.596s] DEBUG:colcon.colcon_core.task.python.build:While undoing a previous installation files outside the Python library path are being ignored: /home/matthieu/ros2_ws/install/web_control/share/web_control/web/stream/webrtc/.venv/lib/python3.12/site-packages/cffi/commontypes.py
[1.596s] DEBUG:colcon.colcon_core.task.python.build:While undoing a previous installation files outside the Python library path are being ignored: /home/matthieu/ros2_ws/install/web_control/share/web_control/web/stream/webrtc/.venv/lib/python3.12/site-packages/cffi/parse_c_type.h
[1.596s] DEBUG:colcon.colcon_core.task.python.build:While undoing a previous installation files outside the Python library path are being ignored: /home/matthieu/ros2_ws/install/web_control/share/web_control/web/stream/webrtc/.venv/lib/python3.12/site-packages/cffi/recompiler.py
[1.596s] DEBUG:colcon.colcon_core.task.python.build:While undoing a previous installation files outside the Python library path are being ignored: /home/matthieu/ros2_ws/install/web_control/share/web_control/web/stream/webrtc/.venv/lib/python3.12/site-packages/cffi/cparser.py
[1.596s] DEBUG:colcon.colcon_core.task.python.build:While undoing a previous installation files outside the Python library path are being ignored: /home/matthieu/ros2_ws/install/web_control/share/web_control/web/stream/webrtc/.venv/lib/python3.12/site-packages/cffi/setuptools_ext.py
[1.596s] DEBUG:colcon.colcon_core.task.python.build:While undoing a previous installation files outside the Python library path are being ignored: /home/matthieu/ros2_ws/install/web_control/share/web_control/web/stream/webrtc/.venv/lib/python3.12/site-packages/cffi/error.py
[1.596s] DEBUG:colcon.colcon_core.task.python.build:While undoing a previous installation files outside the Python library path are being ignored: /home/matthieu/ros2_ws/install/web_control/share/web_control/web/stream/webrtc/.venv/lib/python3.12/site-packages/cffi/api.py
[1.596s] DEBUG:colcon.colcon_core.task.python.build:While undoing a previous installation files outside the Python library path are being ignored: /home/matthieu/ros2_ws/install/web_control/share/web_control/web/stream/webrtc/.venv/lib/python3.12/site-packages/cffi/__init__.py
[1.596s] DEBUG:colcon.colcon_core.task.python.build:While undoing a previous installation files outside the Python library path are being ignored: /home/matthieu/ros2_ws/install/web_control/share/web_control/web/stream/webrtc/.venv/lib/python3.12/site-packages/cffi/pkgconfig.py
[1.596s] DEBUG:colcon.colcon_core.task.python.build:While undoing a previous installation files outside the Python library path are being ignored: /home/matthieu/ros2_ws/install/web_control/share/web_control/web/stream/webrtc/.venv/lib/python3.12/site-packages/cffi/__pycache__/model.cpython-312.pyc
[1.596s] DEBUG:colcon.colcon_core.task.python.build:While undoing a previous installation files outside the Python library path are being ignored: /home/matthieu/ros2_ws/install/web_control/share/web_control/web/stream/webrtc/.venv/lib/python3.12/site-packages/cffi/__pycache__/_imp_emulation.cpython-312.pyc
[1.596s] DEBUG:colcon.colcon_core.task.python.build:While undoing a previous installation files outside the Python library path are being ignored: /home/matthieu/ros2_ws/install/web_control/share/web_control/web/stream/webrtc/.venv/lib/python3.12/site-packages/cffi/__pycache__/ffiplatform.cpython-312.pyc
[1.596s] DEBUG:colcon.colcon_core.task.python.build:While undoing a previous installation files outside the Python library path are being ignored: /home/matthieu/ros2_ws/install/web_control/share/web_control/web/stream/webrtc/.venv/lib/python3.12/site-packages/cffi/__pycache__/backend_ctypes.cpython-312.pyc
[1.596s] DEBUG:colcon.colcon_core.task.python.build:While undoing a previous installation files outside the Python library path are being ignored: /home/matthieu/ros2_ws/install/web_control/share/web_control/web/stream/webrtc/.venv/lib/python3.12/site-packages/cffi/__pycache__/setuptools_ext.cpython-312.pyc
[1.596s] DEBUG:colcon.colcon_core.task.python.build:While undoing a previous installation files outside the Python library path are being ignored: /home/matthieu/ros2_ws/install/web_control/share/web_control/web/stream/webrtc/.venv/lib/python3.12/site-packages/cffi/__pycache__/pkgconfig.cpython-312.pyc
[1.596s] DEBUG:colcon.colcon_core.task.python.build:While undoing a previous installation files outside the Python library path are being ignored: /home/matthieu/ros2_ws/install/web_control/share/web_control/web/stream/webrtc/.venv/lib/python3.12/site-packages/cffi/__pycache__/api.cpython-312.pyc
[1.596s] DEBUG:colcon.colcon_core.task.python.build:While undoing a previous installation files outside the Python library path are being ignored: /home/matthieu/ros2_ws/install/web_control/share/web_control/web/stream/webrtc/.venv/lib/python3.12/site-packages/cffi/__pycache__/lock.cpython-312.pyc
[1.596s] DEBUG:colcon.colcon_core.task.python.build:While undoing a previous installation files outside the Python library path are being ignored: /home/matthieu/ros2_ws/install/web_control/share/web_control/web/stream/webrtc/.venv/lib/python3.12/site-packages/cffi/__pycache__/verifier.cpython-312.pyc
[1.596s] DEBUG:colcon.colcon_core.task.python.build:While undoing a previous installation files outside the Python library path are being ignored: /home/matthieu/ros2_ws/install/web_control/share/web_control/web/stream/webrtc/.venv/lib/python3.12/site-packages/cffi/__pycache__/cparser.cpython-312.pyc
[1.596s] DEBUG:colcon.colcon_core.task.python.build:While undoing a previous installation files outside the Python library path are being ignored: /home/matthieu/ros2_ws/install/web_control/share/web_control/web/stream/webrtc/.venv/lib/python3.12/site-packages/cffi/__pycache__/vengine_cpy.cpython-312.pyc
[1.596s] DEBUG:colcon.colcon_core.task.python.build:While undoing a previous installation files outside the Python library path are being ignored: /home/matthieu/ros2_ws/install/web_control/share/web_control/web/stream/webrtc/.venv/lib/python3.12/site-packages/cffi/__pycache__/error.cpython-312.pyc
[1.596s] DEBUG:colcon.colcon_core.task.python.build:While undoing a previous installation files outside the Python library path are being ignored: /home/matthieu/ros2_ws/install/web_control/share/web_control/web/stream/webrtc/.venv/lib/python3.12/site-packages/cffi/__pycache__/commontypes.cpython-312.pyc
[1.596s] DEBUG:colcon.colcon_core.task.python.build:While undoing a previous installation files outside the Python library path are being ignored: /home/matthieu/ros2_ws/install/web_control/share/web_control/web/stream/webrtc/.venv/lib/python3.12/site-packages/cffi/__pycache__/__init__.cpython-312.pyc
[1.596s] DEBUG:colcon.colcon_core.task.python.build:While undoing a previous installation files outside the Python library path are being ignored: /home/matthieu/ros2_ws/install/web_control/share/web_control/web/stream/webrtc/.venv/lib/python3.12/site-packages/cffi/__pycache__/vengine_gen.cpython-312.pyc
[1.596s] DEBUG:colcon.colcon_core.task.python.build:While undoing a previous installation files outside the Python library path are being ignored: /home/matthieu/ros2_ws/install/web_control/share/web_control/web/stream/webrtc/.venv/lib/python3.12/site-packages/cffi/__pycache__/recompiler.cpython-312.pyc
[1.596s] DEBUG:colcon.colcon_core.task.python.build:While undoing a previous installation files outside the Python library path are being ignored: /home/matthieu/ros2_ws/install/web_control/share/web_control/web/stream/webrtc/.venv/lib/python3.12/site-packages/cffi/__pycache__/cffi_opcode.cpython-312.pyc
[1.597s] DEBUG:colcon.colcon_core.task.python.build:While undoing a previous installation files outside the Python library path are being ignored: /home/matthieu/ros2_ws/install/web_control/share/web_control/web/stream/webrtc/.venv/lib/python3.12/site-packages/cffi/__pycache__/_shimmed_dist_utils.cpython-312.pyc
[1.597s] DEBUG:colcon.colcon_core.task.python.build:While undoing a previous installation files outside the Python library path are being ignored: /home/matthieu/ros2_ws/install/web_control/share/web_control/web/stream/webrtc/.venv/lib/python3.12/site-packages/propcache/_helpers.py
[1.597s] DEBUG:colcon.colcon_core.task.python.build:While undoing a previous installation files outside the Python library path are being ignored: /home/matthieu/ros2_ws/install/web_control/share/web_control/web/stream/webrtc/.venv/lib/python3.12/site-packages/propcache/_helpers_py.py
[1.597s] DEBUG:colcon.colcon_core.task.python.build:While undoing a previous installation files outside the Python library path are being ignored: /home/matthieu/ros2_ws/install/web_control/share/web_control/web/stream/webrtc/.venv/lib/python3.12/site-packages/propcache/_helpers_c.cpython-312-x86_64-linux-gnu.so
[1.597s] DEBUG:colcon.colcon_core.task.python.build:While undoing a previous installation files outside the Python library path are being ignored: /home/matthieu/ros2_ws/install/web_control/share/web_control/web/stream/webrtc/.venv/lib/python3.12/site-packages/propcache/py.typed
[1.597s] DEBUG:colcon.colcon_core.task.python.build:While undoing a previous installation files outside the Python library path are being ignored: /home/matthieu/ros2_ws/install/web_control/share/web_control/web/stream/webrtc/.venv/lib/python3.12/site-packages/propcache/_helpers_c.pyx
[1.597s] DEBUG:colcon.colcon_core.task.python.build:While undoing a previous installation files outside the Python library path are being ignored: /home/matthieu/ros2_ws/install/web_control/share/web_control/web/stream/webrtc/.venv/lib/python3.12/site-packages/propcache/api.py
[1.597s] DEBUG:colcon.colcon_core.task.python.build:While undoing a previous installation files outside the Python library path are being ignored: /home/matthieu/ros2_ws/install/web_control/share/web_control/web/stream/webrtc/.venv/lib/python3.12/site-packages/propcache/__init__.py
[1.597s] DEBUG:colcon.colcon_core.task.python.build:While undoing a previous installation files outside the Python library path are being ignored: /home/matthieu/ros2_ws/install/web_control/share/web_control/web/stream/webrtc/.venv/lib/python3.12/site-packages/propcache/__pycache__/api.cpython-312.pyc
[1.597s] DEBUG:colcon.colcon_core.task.python.build:While undoing a previous installation files outside the Python library path are being ignored: /home/matthieu/ros2_ws/install/web_control/share/web_control/web/stream/webrtc/.venv/lib/python3.12/site-packages/propcache/__pycache__/_helpers_py.cpython-312.pyc
[1.597s] DEBUG:colcon.colcon_core.task.python.build:While undoing a previous installation files outside the Python library path are being ignored: /home/matthieu/ros2_ws/install/web_control/share/web_control/web/stream/webrtc/.venv/lib/python3.12/site-packages/propcache/__pycache__/_helpers.cpython-312.pyc
[1.597s] DEBUG:colcon.colcon_core.task.python.build:While undoing a previous installation files outside the Python library path are being ignored: /home/matthieu/ros2_ws/install/web_control/share/web_control/web/stream/webrtc/.venv/lib/python3.12/site-packages/propcache/__pycache__/__init__.cpython-312.pyc
[1.597s] DEBUG:colcon.colcon_core.task.python.build:While undoing a previous installation files outside the Python library path are being ignored: /home/matthieu/ros2_ws/install/web_control/share/web_control/web/stream/webrtc/.venv/lib/python3.12/site-packages/multidict/_multidict.cpython-312-x86_64-linux-gnu.so
[1.597s] DEBUG:colcon.colcon_core.task.python.build:While undoing a previous installation files outside the Python library path are being ignored: /home/matthieu/ros2_ws/install/web_control/share/web_control/web/stream/webrtc/.venv/lib/python3.12/site-packages/multidict/_abc.py
[1.597s] DEBUG:colcon.colcon_core.task.python.build:While undoing a previous installation files outside the Python library path are being ignored: /home/matthieu/ros2_ws/install/web_control/share/web_control/web/stream/webrtc/.venv/lib/python3.12/site-packages/multidict/_compat.py
[1.597s] DEBUG:colcon.colcon_core.task.python.build:While undoing a previous installation files outside the Python library path are being ignored: /home/matthieu/ros2_ws/install/web_control/share/web_control/web/stream/webrtc/.venv/lib/python3.12/site-packages/multidict/py.typed
[1.597s] DEBUG:colcon.colcon_core.task.python.build:While undoing a previous installation files outside the Python library path are being ignored: /home/matthieu/ros2_ws/install/web_control/share/web_control/web/stream/webrtc/.venv/lib/python3.12/site-packages/multidict/_multidict_py.py
[1.597s] DEBUG:colcon.colcon_core.task.python.build:While undoing a previous installation files outside the Python library path are being ignored: /home/matthieu/ros2_ws/install/web_control/share/web_control/web/stream/webrtc/.venv/lib/python3.12/site-packages/multidict/__init__.py
[1.597s] DEBUG:colcon.colcon_core.task.python.build:While undoing a previous installation files outside the Python library path are being ignored: /home/matthieu/ros2_ws/install/web_control/share/web_control/web/stream/webrtc/.venv/lib/python3.12/site-packages/multidict/__pycache__/_abc.cpython-312.pyc
[1.597s] DEBUG:colcon.colcon_core.task.python.build:While undoing a previous installation files outside the Python library path are being ignored: /home/matthieu/ros2_ws/install/web_control/share/web_control/web/stream/webrtc/.venv/lib/python3.12/site-packages/multidict/__pycache__/_compat.cpython-312.pyc
[1.597s] DEBUG:colcon.colcon_core.task.python.build:While undoing a previous installation files outside the Python library path are being ignored: /home/matthieu/ros2_ws/install/web_control/share/web_control/web/stream/webrtc/.venv/lib/python3.12/site-packages/multidict/__pycache__/__init__.cpython-312.pyc
[1.597s] DEBUG:colcon.colcon_core.task.python.build:While undoing a previous installation files outside the Python library path are being ignored: /home/matthieu/ros2_ws/install/web_control/share/web_control/web/stream/webrtc/.venv/lib/python3.12/site-packages/multidict/__pycache__/_multidict_py.cpython-312.pyc
[1.597s] DEBUG:colcon.colcon_core.task.python.build:While undoing a previous installation files outside the Python library path are being ignored: /home/matthieu/ros2_ws/install/web_control/share/web_control/web/stream/webrtc/.venv/lib/python3.12/site-packages/pyee/asyncio.py
[1.597s] DEBUG:colcon.colcon_core.task.python.build:While undoing a previous installation files outside the Python library path are being ignored: /home/matthieu/ros2_ws/install/web_control/share/web_control/web/stream/webrtc/.venv/lib/python3.12/site-packages/pyee/executor.py
[1.597s] DEBUG:colcon.colcon_core.task.python.build:While undoing a previous installation files outside the Python library path are being ignored: /home/matthieu/ros2_ws/install/web_control/share/web_control/web/stream/webrtc/.venv/lib/python3.12/site-packages/pyee/base.py
[1.597s] DEBUG:colcon.colcon_core.task.python.build:While undoing a previous installation files outside the Python library path are being ignored: /home/matthieu/ros2_ws/install/web_control/share/web_control/web/stream/webrtc/.venv/lib/python3.12/site-packages/pyee/twisted.py
[1.597s] DEBUG:colcon.colcon_core.task.python.build:While undoing a previous installation files outside the Python library path are being ignored: /home/matthieu/ros2_ws/install/web_control/share/web_control/web/stream/webrtc/.venv/lib/python3.12/site-packages/pyee/trio.py
[1.597s] DEBUG:colcon.colcon_core.task.python.build:While undoing a previous installation files outside the Python library path are being ignored: /home/matthieu/ros2_ws/install/web_control/share/web_control/web/stream/webrtc/.venv/lib/python3.12/site-packages/pyee/py.typed
[1.597s] DEBUG:colcon.colcon_core.task.python.build:While undoing a previous installation files outside the Python library path are being ignored: /home/matthieu/ros2_ws/install/web_control/share/web_control/web/stream/webrtc/.venv/lib/python3.12/site-packages/pyee/__init__.py
[1.597s] DEBUG:colcon.colcon_core.task.python.build:While undoing a previous installation files outside the Python library path are being ignored: /home/matthieu/ros2_ws/install/web_control/share/web_control/web/stream/webrtc/.venv/lib/python3.12/site-packages/pyee/cls.py
[1.597s] DEBUG:colcon.colcon_core.task.python.build:While undoing a previous installation files outside the Python library path are being ignored: /home/matthieu/ros2_ws/install/web_control/share/web_control/web/stream/webrtc/.venv/lib/python3.12/site-packages/pyee/uplift.py
[1.598s] DEBUG:colcon.colcon_core.task.python.build:While undoing a previous installation files outside the Python library path are being ignored: /home/matthieu/ros2_ws/install/web_control/share/web_control/web/stream/webrtc/.venv/lib/python3.12/site-packages/pyee/__pycache__/executor.cpython-312.pyc
[1.598s] DEBUG:colcon.colcon_core.task.python.build:While undoing a previous installation files outside the Python library path are being ignored: /home/matthieu/ros2_ws/install/web_control/share/web_control/web/stream/webrtc/.venv/lib/python3.12/site-packages/pyee/__pycache__/asyncio.cpython-312.pyc
[1.598s] DEBUG:colcon.colcon_core.task.python.build:While undoing a previous installation files outside the Python library path are being ignored: /home/matthieu/ros2_ws/install/web_control/share/web_control/web/stream/webrtc/.venv/lib/python3.12/site-packages/pyee/__pycache__/base.cpython-312.pyc
[1.598s] DEBUG:colcon.colcon_core.task.python.build:While undoing a previous installation files outside the Python library path are being ignored: /home/matthieu/ros2_ws/install/web_control/share/web_control/web/stream/webrtc/.venv/lib/python3.12/site-packages/pyee/__pycache__/cls.cpython-312.pyc
[1.598s] DEBUG:colcon.colcon_core.task.python.build:While undoing a previous installation files outside the Python library path are being ignored: /home/matthieu/ros2_ws/install/web_control/share/web_control/web/stream/webrtc/.venv/lib/python3.12/site-packages/pyee/__pycache__/uplift.cpython-312.pyc
[1.598s] DEBUG:colcon.colcon_core.task.python.build:While undoing a previous installation files outside the Python library path are being ignored: /home/matthieu/ros2_ws/install/web_control/share/web_control/web/stream/webrtc/.venv/lib/python3.12/site-packages/pyee/__pycache__/twisted.cpython-312.pyc
[1.598s] DEBUG:colcon.colcon_core.task.python.build:While undoing a previous installation files outside the Python library path are being ignored: /home/matthieu/ros2_ws/install/web_control/share/web_control/web/stream/webrtc/.venv/lib/python3.12/site-packages/pyee/__pycache__/__init__.cpython-312.pyc
[1.598s] DEBUG:colcon.colcon_core.task.python.build:While undoing a previous installation files outside the Python library path are being ignored: /home/matthieu/ros2_ws/install/web_control/share/web_control/web/stream/webrtc/.venv/lib/python3.12/site-packages/pyee/__pycache__/trio.cpython-312.pyc
[1.598s] DEBUG:colcon.colcon_core.task.python.build:While undoing a previous installation files outside the Python library path are being ignored: /home/matthieu/ros2_ws/install/web_control/share/web_control/web/stream/webrtc/.venv/lib/python3.12/site-packages/pyee-13.0.0.dist-info/LICENSE
[1.598s] DEBUG:colcon.colcon_core.task.python.build:While undoing a previous installation files outside the Python library path are being ignored: /home/matthieu/ros2_ws/install/web_control/share/web_control/web/stream/webrtc/.venv/lib/python3.12/site-packages/pyee-13.0.0.dist-info/WHEEL
[1.598s] DEBUG:colcon.colcon_core.task.python.build:While undoing a previous installation files outside the Python library path are being ignored: /home/matthieu/ros2_ws/install/web_control/share/web_control/web/stream/webrtc/.venv/lib/python3.12/site-packages/pyee-13.0.0.dist-info/RECORD
[1.598s] DEBUG:colcon.colcon_core.task.python.build:While undoing a previous installation files outside the Python library path are being ignored: /home/matthieu/ros2_ws/install/web_control/share/web_control/web/stream/webrtc/.venv/lib/python3.12/site-packages/pyee-13.0.0.dist-info/INSTALLER
[1.598s] DEBUG:colcon.colcon_core.task.python.build:While undoing a previous installation files outside the Python library path are being ignored: /home/matthieu/ros2_ws/install/web_control/share/web_control/web/stream/webrtc/.venv/lib/python3.12/site-packages/pyee-13.0.0.dist-info/top_level.txt
[1.598s] DEBUG:colcon.colcon_core.task.python.build:While undoing a previous installation files outside the Python library path are being ignored: /home/matthieu/ros2_ws/install/web_control/share/web_control/web/stream/webrtc/.venv/lib/python3.12/site-packages/pyee-13.0.0.dist-info/METADATA
[1.598s] DEBUG:colcon.colcon_core.task.python.build:While undoing a previous installation files outside the Python library path are being ignored: /home/matthieu/ros2_ws/install/web_control/share/web_control/web/stream/webrtc/.venv/lib/python3.12/site-packages/pyopenssl-25.3.0.dist-info/WHEEL
[1.598s] DEBUG:colcon.colcon_core.task.python.build:While undoing a previous installation files outside the Python library path are being ignored: /home/matthieu/ros2_ws/install/web_control/share/web_control/web/stream/webrtc/.venv/lib/python3.12/site-packages/pyopenssl-25.3.0.dist-info/RECORD
[1.598s] DEBUG:colcon.colcon_core.task.python.build:While undoing a previous installation files outside the Python library path are being ignored: /home/matthieu/ros2_ws/install/web_control/share/web_control/web/stream/webrtc/.venv/lib/python3.12/site-packages/pyopenssl-25.3.0.dist-info/INSTALLER
[1.598s] DEBUG:colcon.colcon_core.task.python.build:While undoing a previous installation files outside the Python library path are being ignored: /home/matthieu/ros2_ws/install/web_control/share/web_control/web/stream/webrtc/.venv/lib/python3.12/site-packages/pyopenssl-25.3.0.dist-info/top_level.txt
[1.598s] DEBUG:colcon.colcon_core.task.python.build:While undoing a previous installation files outside the Python library path are being ignored: /home/matthieu/ros2_ws/install/web_control/share/web_control/web/stream/webrtc/.venv/lib/python3.12/site-packages/pyopenssl-25.3.0.dist-info/METADATA
[1.598s] DEBUG:colcon.colcon_core.task.python.build:While undoing a previous installation files outside the Python library path are being ignored: /home/matthieu/ros2_ws/install/web_control/share/web_control/web/stream/webrtc/.venv/lib/python3.12/site-packages/pyopenssl-25.3.0.dist-info/licenses/LICENSE
[1.598s] DEBUG:colcon.colcon_core.task.python.build:While undoing a previous installation files outside the Python library path are being ignored: /home/matthieu/ros2_ws/install/web_control/share/web_control/web/stream/webrtc/.venv/lib/python3.12/site-packages/aioice-0.10.2.dist-info/WHEEL
[1.598s] DEBUG:colcon.colcon_core.task.python.build:While undoing a previous installation files outside the Python library path are being ignored: /home/matthieu/ros2_ws/install/web_control/share/web_control/web/stream/webrtc/.venv/lib/python3.12/site-packages/aioice-0.10.2.dist-info/RECORD
[1.598s] DEBUG:colcon.colcon_core.task.python.build:While undoing a previous installation files outside the Python library path are being ignored: /home/matthieu/ros2_ws/install/web_control/share/web_control/web/stream/webrtc/.venv/lib/python3.12/site-packages/aioice-0.10.2.dist-info/INSTALLER
[1.598s] DEBUG:colcon.colcon_core.task.python.build:While undoing a previous installation files outside the Python library path are being ignored: /home/matthieu/ros2_ws/install/web_control/share/web_control/web/stream/webrtc/.venv/lib/python3.12/site-packages/aioice-0.10.2.dist-info/top_level.txt
[1.598s] DEBUG:colcon.colcon_core.task.python.build:While undoing a previous installation files outside the Python library path are being ignored: /home/matthieu/ros2_ws/install/web_control/share/web_control/web/stream/webrtc/.venv/lib/python3.12/site-packages/aioice-0.10.2.dist-info/METADATA
[1.598s] DEBUG:colcon.colcon_core.task.python.build:While undoing a previous installation files outside the Python library path are being ignored: /home/matthieu/ros2_ws/install/web_control/share/web_control/web/stream/webrtc/.venv/lib/python3.12/site-packages/aioice-0.10.2.dist-info/licenses/LICENSE
[1.598s] DEBUG:colcon.colcon_core.task.python.build:While undoing a previous installation files outside the Python library path are being ignored: /home/matthieu/ros2_ws/install/web_control/share/web_control/web/stream/webrtc/.venv/lib/python3.12/site-packages/pylibsrtp/py.typed
[1.598s] DEBUG:colcon.colcon_core.task.python.build:While undoing a previous installation files outside the Python library path are being ignored: /home/matthieu/ros2_ws/install/web_control/share/web_control/web/stream/webrtc/.venv/lib/python3.12/site-packages/pylibsrtp/_binding.abi3.so
[1.598s] DEBUG:colcon.colcon_core.task.python.build:While undoing a previous installation files outside the Python library path are being ignored: /home/matthieu/ros2_ws/install/web_control/share/web_control/web/stream/webrtc/.venv/lib/python3.12/site-packages/pylibsrtp/__init__.py
[1.598s] DEBUG:colcon.colcon_core.task.python.build:While undoing a previous installation files outside the Python library path are being ignored: /home/matthieu/ros2_ws/install/web_control/share/web_control/web/stream/webrtc/.venv/lib/python3.12/site-packages/pylibsrtp/__pycache__/__init__.cpython-312.pyc
[1.598s] DEBUG:colcon.colcon_core.task.python.build:While undoing a previous installation files outside the Python library path are being ignored: /home/matthieu/ros2_ws/install/web_control/share/web_control/web/stream/webrtc/.venv/lib/python3.12/site-packages/pycparser/ast_transforms.py
[1.598s] DEBUG:colcon.colcon_core.task.python.build:While undoing a previous installation files outside the Python library path are being ignored: /home/matthieu/ros2_ws/install/web_control/share/web_control/web/stream/webrtc/.venv/lib/python3.12/site-packages/pycparser/c_generator.py
[1.599s] DEBUG:colcon.colcon_core.task.python.build:While undoing a previous installation files outside the Python library path are being ignored: /home/matthieu/ros2_ws/install/web_control/share/web_control/web/stream/webrtc/.venv/lib/python3.12/site-packages/pycparser/_ast_gen.py
[1.599s] DEBUG:colcon.colcon_core.task.python.build:While undoing a previous installation files outside the Python library path are being ignored: /home/matthieu/ros2_ws/install/web_control/share/web_control/web/stream/webrtc/.venv/lib/python3.12/site-packages/pycparser/c_lexer.py
[1.599s] DEBUG:colcon.colcon_core.task.python.build:While undoing a previous installation files outside the Python library path are being ignored: /home/matthieu/ros2_ws/install/web_control/share/web_control/web/stream/webrtc/.venv/lib/python3.12/site-packages/pycparser/_c_ast.cfg
[1.599s] DEBUG:colcon.colcon_core.task.python.build:While undoing a previous installation files outside the Python library path are being ignored: /home/matthieu/ros2_ws/install/web_control/share/web_control/web/stream/webrtc/.venv/lib/python3.12/site-packages/pycparser/c_ast.py
[1.599s] DEBUG:colcon.colcon_core.task.python.build:While undoing a previous installation files outside the Python library path are being ignored: /home/matthieu/ros2_ws/install/web_control/share/web_control/web/stream/webrtc/.venv/lib/python3.12/site-packages/pycparser/c_parser.py
[1.599s] DEBUG:colcon.colcon_core.task.python.build:While undoing a previous installation files outside the Python library path are being ignored: /home/matthieu/ros2_ws/install/web_control/share/web_control/web/stream/webrtc/.venv/lib/python3.12/site-packages/pycparser/__init__.py
[1.599s] DEBUG:colcon.colcon_core.task.python.build:While undoing a previous installation files outside the Python library path are being ignored: /home/matthieu/ros2_ws/install/web_control/share/web_control/web/stream/webrtc/.venv/lib/python3.12/site-packages/pycparser/__pycache__/c_parser.cpython-312.pyc
[1.599s] DEBUG:colcon.colcon_core.task.python.build:While undoing a previous installation files outside the Python library path are being ignored: /home/matthieu/ros2_ws/install/web_control/share/web_control/web/stream/webrtc/.venv/lib/python3.12/site-packages/pycparser/__pycache__/c_ast.cpython-312.pyc
[1.599s] DEBUG:colcon.colcon_core.task.python.build:While undoing a previous installation files outside the Python library path are being ignored: /home/matthieu/ros2_ws/install/web_control/share/web_control/web/stream/webrtc/.venv/lib/python3.12/site-packages/pycparser/__pycache__/c_generator.cpython-312.pyc
[1.599s] DEBUG:colcon.colcon_core.task.python.build:While undoing a previous installation files outside the Python library path are being ignored: /home/matthieu/ros2_ws/install/web_control/share/web_control/web/stream/webrtc/.venv/lib/python3.12/site-packages/pycparser/__pycache__/ast_transforms.cpython-312.pyc
[1.599s] DEBUG:colcon.colcon_core.task.python.build:While undoing a previous installation files outside the Python library path are being ignored: /home/matthieu/ros2_ws/install/web_control/share/web_control/web/stream/webrtc/.venv/lib/python3.12/site-packages/pycparser/__pycache__/c_lexer.cpython-312.pyc
[1.599s] DEBUG:colcon.colcon_core.task.python.build:While undoing a previous installation files outside the Python library path are being ignored: /home/matthieu/ros2_ws/install/web_control/share/web_control/web/stream/webrtc/.venv/lib/python3.12/site-packages/pycparser/__pycache__/__init__.cpython-312.pyc
[1.599s] DEBUG:colcon.colcon_core.task.python.build:While undoing a previous installation files outside the Python library path are being ignored: /home/matthieu/ros2_ws/install/web_control/share/web_control/web/stream/webrtc/.venv/lib/python3.12/site-packages/pycparser/__pycache__/_ast_gen.cpython-312.pyc
[1.599s] DEBUG:colcon.colcon_core.task.python.build:While undoing a previous installation files outside the Python library path are being ignored: /home/matthieu/ros2_ws/install/web_control/share/web_control/web/stream/webrtc/.venv/lib/python3.12/site-packages/pycparser-3.0.dist-info/WHEEL
[1.599s] DEBUG:colcon.colcon_core.task.python.build:While undoing a previous installation files outside the Python library path are being ignored: /home/matthieu/ros2_ws/install/web_control/share/web_control/web/stream/webrtc/.venv/lib/python3.12/site-packages/pycparser-3.0.dist-info/RECORD
[1.599s] DEBUG:colcon.colcon_core.task.python.build:While undoing a previous installation files outside the Python library path are being ignored: /home/matthieu/ros2_ws/install/web_control/share/web_control/web/stream/webrtc/.venv/lib/python3.12/site-packages/pycparser-3.0.dist-info/INSTALLER
[1.599s] DEBUG:colcon.colcon_core.task.python.build:While undoing a previous installation files outside the Python library path are being ignored: /home/matthieu/ros2_ws/install/web_control/share/web_control/web/stream/webrtc/.venv/lib/python3.12/site-packages/pycparser-3.0.dist-info/top_level.txt
[1.599s] DEBUG:colcon.colcon_core.task.python.build:While undoing a previous installation files outside the Python library path are being ignored: /home/matthieu/ros2_ws/install/web_control/share/web_control/web/stream/webrtc/.venv/lib/python3.12/site-packages/pycparser-3.0.dist-info/METADATA
[1.599s] DEBUG:colcon.colcon_core.task.python.build:While undoing a previous installation files outside the Python library path are being ignored: /home/matthieu/ros2_ws/install/web_control/share/web_control/web/stream/webrtc/.venv/lib/python3.12/site-packages/pycparser-3.0.dist-info/licenses/LICENSE
[1.599s] DEBUG:colcon.colcon_core.task.python.build:While undoing a previous installation files outside the Python library path are being ignored: /home/matthieu/ros2_ws/install/web_control/share/web_control/web/stream/webrtc/.venv/lib/python3.12/site-packages/aiohttp-3.9.5.dist-info/WHEEL
[1.599s] DEBUG:colcon.colcon_core.task.python.build:While undoing a previous installation files outside the Python library path are being ignored: /home/matthieu/ros2_ws/install/web_control/share/web_control/web/stream/webrtc/.venv/lib/python3.12/site-packages/aiohttp-3.9.5.dist-info/RECORD
[1.599s] DEBUG:colcon.colcon_core.task.python.build:While undoing a previous installation files outside the Python library path are being ignored: /home/matthieu/ros2_ws/install/web_control/share/web_control/web/stream/webrtc/.venv/lib/python3.12/site-packages/aiohttp-3.9.5.dist-info/REQUESTED
[1.599s] DEBUG:colcon.colcon_core.task.python.build:While undoing a previous installation files outside the Python library path are being ignored: /home/matthieu/ros2_ws/install/web_control/share/web_control/web/stream/webrtc/.venv/lib/python3.12/site-packages/aiohttp-3.9.5.dist-info/INSTALLER
[1.599s] DEBUG:colcon.colcon_core.task.python.build:While undoing a previous installation files outside the Python library path are being ignored: /home/matthieu/ros2_ws/install/web_control/share/web_control/web/stream/webrtc/.venv/lib/python3.12/site-packages/aiohttp-3.9.5.dist-info/LICENSE.txt
[1.599s] DEBUG:colcon.colcon_core.task.python.build:While undoing a previous installation files outside the Python library path are being ignored: /home/matthieu/ros2_ws/install/web_control/share/web_control/web/stream/webrtc/.venv/lib/python3.12/site-packages/aiohttp-3.9.5.dist-info/top_level.txt
[1.599s] DEBUG:colcon.colcon_core.task.python.build:While undoing a previous installation files outside the Python library path are being ignored: /home/matthieu/ros2_ws/install/web_control/share/web_control/web/stream/webrtc/.venv/lib/python3.12/site-packages/aiohttp-3.9.5.dist-info/METADATA
[1.599s] DEBUG:colcon.colcon_core.task.python.build:While undoing a previous installation files outside the Python library path are being ignored: /home/matthieu/ros2_ws/install/web_control/share/web_control/web/stream/webrtc/.venv/lib/python3.12/site-packages/multidict-6.7.1.dist-info/WHEEL
[1.599s] DEBUG:colcon.colcon_core.task.python.build:While undoing a previous installation files outside the Python library path are being ignored: /home/matthieu/ros2_ws/install/web_control/share/web_control/web/stream/webrtc/.venv/lib/python3.12/site-packages/multidict-6.7.1.dist-info/RECORD
[1.599s] DEBUG:colcon.colcon_core.task.python.build:While undoing a previous installation files outside the Python library path are being ignored: /home/matthieu/ros2_ws/install/web_control/share/web_control/web/stream/webrtc/.venv/lib/python3.12/site-packages/multidict-6.7.1.dist-info/INSTALLER
[1.599s] DEBUG:colcon.colcon_core.task.python.build:While undoing a previous installation files outside the Python library path are being ignored: /home/matthieu/ros2_ws/install/web_control/share/web_control/web/stream/webrtc/.venv/lib/python3.12/site-packages/multidict-6.7.1.dist-info/top_level.txt
[1.599s] DEBUG:colcon.colcon_core.task.python.build:While undoing a previous installation files outside the Python library path are being ignored: /home/matthieu/ros2_ws/install/web_control/share/web_control/web/stream/webrtc/.venv/lib/python3.12/site-packages/multidict-6.7.1.dist-info/METADATA
[1.600s] DEBUG:colcon.colcon_core.task.python.build:While undoing a previous installation files outside the Python library path are being ignored: /home/matthieu/ros2_ws/install/web_control/share/web_control/web/stream/webrtc/.venv/lib/python3.12/site-packages/multidict-6.7.1.dist-info/licenses/LICENSE
[1.600s] DEBUG:colcon.colcon_core.task.python.build:While undoing a previous installation files outside the Python library path are being ignored: /home/matthieu/ros2_ws/install/web_control/share/web_control/web/stream/webrtc/.venv/lib/python3.12/site-packages/ifaddr/netifaces.py
[1.600s] DEBUG:colcon.colcon_core.task.python.build:While undoing a previous installation files outside the Python library path are being ignored: /home/matthieu/ros2_ws/install/web_control/share/web_control/web/stream/webrtc/.venv/lib/python3.12/site-packages/ifaddr/_shared.py
[1.600s] DEBUG:colcon.colcon_core.task.python.build:While undoing a previous installation files outside the Python library path are being ignored: /home/matthieu/ros2_ws/install/web_control/share/web_control/web/stream/webrtc/.venv/lib/python3.12/site-packages/ifaddr/test_ifaddr.py
[1.600s] DEBUG:colcon.colcon_core.task.python.build:While undoing a previous installation files outside the Python library path are being ignored: /home/matthieu/ros2_ws/install/web_control/share/web_control/web/stream/webrtc/.venv/lib/python3.12/site-packages/ifaddr/py.typed
[1.600s] DEBUG:colcon.colcon_core.task.python.build:While undoing a previous installation files outside the Python library path are being ignored: /home/matthieu/ros2_ws/install/web_control/share/web_control/web/stream/webrtc/.venv/lib/python3.12/site-packages/ifaddr/_win32.py
[1.600s] DEBUG:colcon.colcon_core.task.python.build:While undoing a previous installation files outside the Python library path are being ignored: /home/matthieu/ros2_ws/install/web_control/share/web_control/web/stream/webrtc/.venv/lib/python3.12/site-packages/ifaddr/_posix.py
[1.600s] DEBUG:colcon.colcon_core.task.python.build:While undoing a previous installation files outside the Python library path are being ignored: /home/matthieu/ros2_ws/install/web_control/share/web_control/web/stream/webrtc/.venv/lib/python3.12/site-packages/ifaddr/__init__.py
[1.600s] DEBUG:colcon.colcon_core.task.python.build:While undoing a previous installation files outside the Python library path are being ignored: /home/matthieu/ros2_ws/install/web_control/share/web_control/web/stream/webrtc/.venv/lib/python3.12/site-packages/ifaddr/__pycache__/test_ifaddr.cpython-312.pyc
[1.600s] DEBUG:colcon.colcon_core.task.python.build:While undoing a previous installation files outside the Python library path are being ignored: /home/matthieu/ros2_ws/install/web_control/share/web_control/web/stream/webrtc/.venv/lib/python3.12/site-packages/ifaddr/__pycache__/netifaces.cpython-312.pyc
[1.600s] DEBUG:colcon.colcon_core.task.python.build:While undoing a previous installation files outside the Python library path are being ignored: /home/matthieu/ros2_ws/install/web_control/share/web_control/web/stream/webrtc/.venv/lib/python3.12/site-packages/ifaddr/__pycache__/_shared.cpython-312.pyc
[1.600s] DEBUG:colcon.colcon_core.task.python.build:While undoing a previous installation files outside the Python library path are being ignored: /home/matthieu/ros2_ws/install/web_control/share/web_control/web/stream/webrtc/.venv/lib/python3.12/site-packages/ifaddr/__pycache__/_win32.cpython-312.pyc
[1.600s] DEBUG:colcon.colcon_core.task.python.build:While undoing a previous installation files outside the Python library path are being ignored: /home/matthieu/ros2_ws/install/web_control/share/web_control/web/stream/webrtc/.venv/lib/python3.12/site-packages/ifaddr/__pycache__/__init__.cpython-312.pyc
[1.600s] DEBUG:colcon.colcon_core.task.python.build:While undoing a previous installation files outside the Python library path are being ignored: /home/matthieu/ros2_ws/install/web_control/share/web_control/web/stream/webrtc/.venv/lib/python3.12/site-packages/ifaddr/__pycache__/_posix.cpython-312.pyc
[1.600s] DEBUG:colcon.colcon_core.task.python.build:While undoing a previous installation files outside the Python library path are being ignored: /home/matthieu/ros2_ws/install/web_control/share/web_control/web/stream/webrtc/.venv/lib/python3.12/site-packages/yarl/_url.py
[1.600s] DEBUG:colcon.colcon_core.task.python.build:While undoing a previous installation files outside the Python library path are being ignored: /home/matthieu/ros2_ws/install/web_control/share/web_control/web/stream/webrtc/.venv/lib/python3.12/site-packages/yarl/_quoting_c.cpython-312-x86_64-linux-gnu.so
[1.600s] DEBUG:colcon.colcon_core.task.python.build:While undoing a previous installation files outside the Python library path are being ignored: /home/matthieu/ros2_ws/install/web_control/share/web_control/web/stream/webrtc/.venv/lib/python3.12/site-packages/yarl/_parse.py
[1.600s] DEBUG:colcon.colcon_core.task.python.build:While undoing a previous installation files outside the Python library path are being ignored: /home/matthieu/ros2_ws/install/web_control/share/web_control/web/stream/webrtc/.venv/lib/python3.12/site-packages/yarl/_quoting_py.py
[1.600s] DEBUG:colcon.colcon_core.task.python.build:While undoing a previous installation files outside the Python library path are being ignored: /home/matthieu/ros2_ws/install/web_control/share/web_control/web/stream/webrtc/.venv/lib/python3.12/site-packages/yarl/py.typed
[1.600s] DEBUG:colcon.colcon_core.task.python.build:While undoing a previous installation files outside the Python library path are being ignored: /home/matthieu/ros2_ws/install/web_control/share/web_control/web/stream/webrtc/.venv/lib/python3.12/site-packages/yarl/_quoting_c.pyx
[1.600s] DEBUG:colcon.colcon_core.task.python.build:While undoing a previous installation files outside the Python library path are being ignored: /home/matthieu/ros2_ws/install/web_control/share/web_control/web/stream/webrtc/.venv/lib/python3.12/site-packages/yarl/_path.py
[1.600s] DEBUG:colcon.colcon_core.task.python.build:While undoing a previous installation files outside the Python library path are being ignored: /home/matthieu/ros2_ws/install/web_control/share/web_control/web/stream/webrtc/.venv/lib/python3.12/site-packages/yarl/_quoting.py
[1.600s] DEBUG:colcon.colcon_core.task.python.build:While undoing a previous installation files outside the Python library path are being ignored: /home/matthieu/ros2_ws/install/web_control/share/web_control/web/stream/webrtc/.venv/lib/python3.12/site-packages/yarl/_query.py
[1.600s] DEBUG:colcon.colcon_core.task.python.build:While undoing a previous installation files outside the Python library path are being ignored: /home/matthieu/ros2_ws/install/web_control/share/web_control/web/stream/webrtc/.venv/lib/python3.12/site-packages/yarl/__init__.py
[1.600s] DEBUG:colcon.colcon_core.task.python.build:While undoing a previous installation files outside the Python library path are being ignored: /home/matthieu/ros2_ws/install/web_control/share/web_control/web/stream/webrtc/.venv/lib/python3.12/site-packages/yarl/_quoters.py
[1.600s] DEBUG:colcon.colcon_core.task.python.build:While undoing a previous installation files outside the Python library path are being ignored: /home/matthieu/ros2_ws/install/web_control/share/web_control/web/stream/webrtc/.venv/lib/python3.12/site-packages/yarl/__pycache__/_quoting_py.cpython-312.pyc
[1.600s] DEBUG:colcon.colcon_core.task.python.build:While undoing a previous installation files outside the Python library path are being ignored: /home/matthieu/ros2_ws/install/web_control/share/web_control/web/stream/webrtc/.venv/lib/python3.12/site-packages/yarl/__pycache__/_quoters.cpython-312.pyc
[1.600s] DEBUG:colcon.colcon_core.task.python.build:While undoing a previous installation files outside the Python library path are being ignored: /home/matthieu/ros2_ws/install/web_control/share/web_control/web/stream/webrtc/.venv/lib/python3.12/site-packages/yarl/__pycache__/_quoting.cpython-312.pyc
[1.600s] DEBUG:colcon.colcon_core.task.python.build:While undoing a previous installation files outside the Python library path are being ignored: /home/matthieu/ros2_ws/install/web_control/share/web_control/web/stream/webrtc/.venv/lib/python3.12/site-packages/yarl/__pycache__/_url.cpython-312.pyc
[1.600s] DEBUG:colcon.colcon_core.task.python.build:While undoing a previous installation files outside the Python library path are being ignored: /home/matthieu/ros2_ws/install/web_control/share/web_control/web/stream/webrtc/.venv/lib/python3.12/site-packages/yarl/__pycache__/_query.cpython-312.pyc
[1.600s] DEBUG:colcon.colcon_core.task.python.build:While undoing a previous installation files outside the Python library path are being ignored: /home/matthieu/ros2_ws/install/web_control/share/web_control/web/stream/webrtc/.venv/lib/python3.12/site-packages/yarl/__pycache__/_path.cpython-312.pyc
[1.600s] DEBUG:colcon.colcon_core.task.python.build:While undoing a previous installation files outside the Python library path are being ignored: /home/matthieu/ros2_ws/install/web_control/share/web_control/web/stream/webrtc/.venv/lib/python3.12/site-packages/yarl/__pycache__/_parse.cpython-312.pyc
[1.601s] DEBUG:colcon.colcon_core.task.python.build:While undoing a previous installation files outside the Python library path are being ignored: /home/matthieu/ros2_ws/install/web_control/share/web_control/web/stream/webrtc/.venv/lib/python3.12/site-packages/yarl/__pycache__/__init__.cpython-312.pyc
[1.601s] DEBUG:colcon.colcon_core.task.python.build:While undoing a previous installation files outside the Python library path are being ignored: /home/matthieu/ros2_ws/install/web_control/share/web_control/web/stream/webrtc/.venv/lib/python3.12/site-packages/google_crc32c.libs/libcrc32c-7ebc40c5.so.1.1.0
[1.601s] DEBUG:colcon.colcon_core.task.python.build:While undoing a previous installation files outside the Python library path are being ignored: /home/matthieu/ros2_ws/install/web_control/share/web_control/web/stream/webrtc/.venv/lib/python3.12/site-packages/propcache-0.4.1.dist-info/WHEEL
[1.601s] DEBUG:colcon.colcon_core.task.python.build:While undoing a previous installation files outside the Python library path are being ignored: /home/matthieu/ros2_ws/install/web_control/share/web_control/web/stream/webrtc/.venv/lib/python3.12/site-packages/propcache-0.4.1.dist-info/RECORD
[1.601s] DEBUG:colcon.colcon_core.task.python.build:While undoing a previous installation files outside the Python library path are being ignored: /home/matthieu/ros2_ws/install/web_control/share/web_control/web/stream/webrtc/.venv/lib/python3.12/site-packages/propcache-0.4.1.dist-info/INSTALLER
[1.601s] DEBUG:colcon.colcon_core.task.python.build:While undoing a previous installation files outside the Python library path are being ignored: /home/matthieu/ros2_ws/install/web_control/share/web_control/web/stream/webrtc/.venv/lib/python3.12/site-packages/propcache-0.4.1.dist-info/top_level.txt
[1.601s] DEBUG:colcon.colcon_core.task.python.build:While undoing a previous installation files outside the Python library path are being ignored: /home/matthieu/ros2_ws/install/web_control/share/web_control/web/stream/webrtc/.venv/lib/python3.12/site-packages/propcache-0.4.1.dist-info/METADATA
[1.601s] DEBUG:colcon.colcon_core.task.python.build:While undoing a previous installation files outside the Python library path are being ignored: /home/matthieu/ros2_ws/install/web_control/share/web_control/web/stream/webrtc/.venv/lib/python3.12/site-packages/propcache-0.4.1.dist-info/licenses/LICENSE
[1.601s] DEBUG:colcon.colcon_core.task.python.build:While undoing a previous installation files outside the Python library path are being ignored: /home/matthieu/ros2_ws/install/web_control/share/web_control/web/stream/webrtc/.venv/lib/python3.12/site-packages/propcache-0.4.1.dist-info/licenses/NOTICE
[1.601s] DEBUG:colcon.colcon_core.task.python.build:While undoing a previous installation files outside the Python library path are being ignored: /home/matthieu/ros2_ws/install/web_control/share/web_control/web/stream/webrtc/.venv/lib/python3.12/site-packages/cffi-2.0.0.dist-info/WHEEL
[1.601s] DEBUG:colcon.colcon_core.task.python.build:While undoing a previous installation files outside the Python library path are being ignored: /home/matthieu/ros2_ws/install/web_control/share/web_control/web/stream/webrtc/.venv/lib/python3.12/site-packages/cffi-2.0.0.dist-info/RECORD
[1.601s] DEBUG:colcon.colcon_core.task.python.build:While undoing a previous installation files outside the Python library path are being ignored: /home/matthieu/ros2_ws/install/web_control/share/web_control/web/stream/webrtc/.venv/lib/python3.12/site-packages/cffi-2.0.0.dist-info/INSTALLER
[1.601s] DEBUG:colcon.colcon_core.task.python.build:While undoing a previous installation files outside the Python library path are being ignored: /home/matthieu/ros2_ws/install/web_control/share/web_control/web/stream/webrtc/.venv/lib/python3.12/site-packages/cffi-2.0.0.dist-info/entry_points.txt
[1.601s] DEBUG:colcon.colcon_core.task.python.build:While undoing a previous installation files outside the Python library path are being ignored: /home/matthieu/ros2_ws/install/web_control/share/web_control/web/stream/webrtc/.venv/lib/python3.12/site-packages/cffi-2.0.0.dist-info/top_level.txt
[1.601s] DEBUG:colcon.colcon_core.task.python.build:While undoing a previous installation files outside the Python library path are being ignored: /home/matthieu/ros2_ws/install/web_control/share/web_control/web/stream/webrtc/.venv/lib/python3.12/site-packages/cffi-2.0.0.dist-info/METADATA
[1.601s] DEBUG:colcon.colcon_core.task.python.build:While undoing a previous installation files outside the Python library path are being ignored: /home/matthieu/ros2_ws/install/web_control/share/web_control/web/stream/webrtc/.venv/lib/python3.12/site-packages/cffi-2.0.0.dist-info/licenses/LICENSE
[1.601s] DEBUG:colcon.colcon_core.task.python.build:While undoing a previous installation files outside the Python library path are being ignored: /home/matthieu/ros2_ws/install/web_control/share/web_control/web/stream/webrtc/.venv/lib/python3.12/site-packages/cffi-2.0.0.dist-info/licenses/AUTHORS
[1.601s] DEBUG:colcon.colcon_core.task.python.build:While undoing a previous installation files outside the Python library path are being ignored: /home/matthieu/ros2_ws/install/web_control/share/web_control/web/stream/webrtc/.venv/lib/python3.12/site-packages/cryptography-46.0.5.dist-info/WHEEL
[1.601s] DEBUG:colcon.colcon_core.task.python.build:While undoing a previous installation files outside the Python library path are being ignored: /home/matthieu/ros2_ws/install/web_control/share/web_control/web/stream/webrtc/.venv/lib/python3.12/site-packages/cryptography-46.0.5.dist-info/RECORD
[1.601s] DEBUG:colcon.colcon_core.task.python.build:While undoing a previous installation files outside the Python library path are being ignored: /home/matthieu/ros2_ws/install/web_control/share/web_control/web/stream/webrtc/.venv/lib/python3.12/site-packages/cryptography-46.0.5.dist-info/INSTALLER
[1.601s] DEBUG:colcon.colcon_core.task.python.build:While undoing a previous installation files outside the Python library path are being ignored: /home/matthieu/ros2_ws/install/web_control/share/web_control/web/stream/webrtc/.venv/lib/python3.12/site-packages/cryptography-46.0.5.dist-info/METADATA
[1.601s] DEBUG:colcon.colcon_core.task.python.build:While undoing a previous installation files outside the Python library path are being ignored: /home/matthieu/ros2_ws/install/web_control/share/web_control/web/stream/webrtc/.venv/lib/python3.12/site-packages/cryptography-46.0.5.dist-info/licenses/LICENSE
[1.601s] DEBUG:colcon.colcon_core.task.python.build:While undoing a previous installation files outside the Python library path are being ignored: /home/matthieu/ros2_ws/install/web_control/share/web_control/web/stream/webrtc/.venv/lib/python3.12/site-packages/cryptography-46.0.5.dist-info/licenses/LICENSE.BSD
[1.601s] DEBUG:colcon.colcon_core.task.python.build:While undoing a previous installation files outside the Python library path are being ignored: /home/matthieu/ros2_ws/install/web_control/share/web_control/web/stream/webrtc/.venv/lib/python3.12/site-packages/cryptography-46.0.5.dist-info/licenses/LICENSE.APACHE
[1.601s] DEBUG:colcon.colcon_core.task.python.build:While undoing a previous installation files outside the Python library path are being ignored: /home/matthieu/ros2_ws/install/web_control/share/web_control/web/stream/webrtc/.venv/lib/python3.12/site-packages/dns/dnssec.py
[1.601s] DEBUG:colcon.colcon_core.task.python.build:While undoing a previous installation files outside the Python library path are being ignored: /home/matthieu/ros2_ws/install/web_control/share/web_control/web/stream/webrtc/.venv/lib/python3.12/site-packages/dns/nameserver.py
[1.601s] DEBUG:colcon.colcon_core.task.python.build:While undoing a previous installation files outside the Python library path are being ignored: /home/matthieu/ros2_ws/install/web_control/share/web_control/web/stream/webrtc/.venv/lib/python3.12/site-packages/dns/rrset.py
[1.601s] DEBUG:colcon.colcon_core.task.python.build:While undoing a previous installation files outside the Python library path are being ignored: /home/matthieu/ros2_ws/install/web_control/share/web_control/web/stream/webrtc/.venv/lib/python3.12/site-packages/dns/node.py
[1.601s] DEBUG:colcon.colcon_core.task.python.build:While undoing a previous installation files outside the Python library path are being ignored: /home/matthieu/ros2_ws/install/web_control/share/web_control/web/stream/webrtc/.venv/lib/python3.12/site-packages/dns/entropy.py
[1.601s] DEBUG:colcon.colcon_core.task.python.build:While undoing a previous installation files outside the Python library path are being ignored: /home/matthieu/ros2_ws/install/web_control/share/web_control/web/stream/webrtc/.venv/lib/python3.12/site-packages/dns/wire.py
[1.602s] DEBUG:colcon.colcon_core.task.python.build:While undoing a previous installation files outside the Python library path are being ignored: /home/matthieu/ros2_ws/install/web_control/share/web_control/web/stream/webrtc/.venv/lib/python3.12/site-packages/dns/_tls_util.py
[1.602s] DEBUG:colcon.colcon_core.task.python.build:While undoing a previous installation files outside the Python library path are being ignored: /home/matthieu/ros2_ws/install/web_control/share/web_control/web/stream/webrtc/.venv/lib/python3.12/site-packages/dns/win32util.py
[1.602s] DEBUG:colcon.colcon_core.task.python.build:While undoing a previous installation files outside the Python library path are being ignored: /home/matthieu/ros2_ws/install/web_control/share/web_control/web/stream/webrtc/.venv/lib/python3.12/site-packages/dns/asyncquery.py
[1.602s] DEBUG:colcon.colcon_core.task.python.build:While undoing a previous installation files outside the Python library path are being ignored: /home/matthieu/ros2_ws/install/web_control/share/web_control/web/stream/webrtc/.venv/lib/python3.12/site-packages/dns/opcode.py
[1.602s] DEBUG:colcon.colcon_core.task.python.build:While undoing a previous installation files outside the Python library path are being ignored: /home/matthieu/ros2_ws/install/web_control/share/web_control/web/stream/webrtc/.venv/lib/python3.12/site-packages/dns/e164.py
[1.602s] DEBUG:colcon.colcon_core.task.python.build:While undoing a previous installation files outside the Python library path are being ignored: /home/matthieu/ros2_ws/install/web_control/share/web_control/web/stream/webrtc/.venv/lib/python3.12/site-packages/dns/zonetypes.py
[1.602s] DEBUG:colcon.colcon_core.task.python.build:While undoing a previous installation files outside the Python library path are being ignored: /home/matthieu/ros2_ws/install/web_control/share/web_control/web/stream/webrtc/.venv/lib/python3.12/site-packages/dns/ttl.py
[1.602s] DEBUG:colcon.colcon_core.task.python.build:While undoing a previous installation files outside the Python library path are being ignored: /home/matthieu/ros2_ws/install/web_control/share/web_control/web/stream/webrtc/.venv/lib/python3.12/site-packages/dns/_asyncbackend.py
[1.602s] DEBUG:colcon.colcon_core.task.python.build:While undoing a previous installation files outside the Python library path are being ignored: /home/matthieu/ros2_ws/install/web_control/share/web_control/web/stream/webrtc/.venv/lib/python3.12/site-packages/dns/btreezone.py
[1.602s] DEBUG:colcon.colcon_core.task.python.build:While undoing a previous installation files outside the Python library path are being ignored: /home/matthieu/ros2_ws/install/web_control/share/web_control/web/stream/webrtc/.venv/lib/python3.12/site-packages/dns/flags.py
[1.602s] DEBUG:colcon.colcon_core.task.python.build:While undoing a previous installation files outside the Python library path are being ignored: /home/matthieu/ros2_ws/install/web_control/share/web_control/web/stream/webrtc/.venv/lib/python3.12/site-packages/dns/renderer.py
[1.602s] DEBUG:colcon.colcon_core.task.python.build:While undoing a previous installation files outside the Python library path are being ignored: /home/matthieu/ros2_ws/install/web_control/share/web_control/web/stream/webrtc/.venv/lib/python3.12/site-packages/dns/message.py
[1.602s] DEBUG:colcon.colcon_core.task.python.build:While undoing a previous installation files outside the Python library path are being ignored: /home/matthieu/ros2_ws/install/web_control/share/web_control/web/stream/webrtc/.venv/lib/python3.12/site-packages/dns/edns.py
[1.602s] DEBUG:colcon.colcon_core.task.python.build:While undoing a previous installation files outside the Python library path are being ignored: /home/matthieu/ros2_ws/install/web_control/share/web_control/web/stream/webrtc/.venv/lib/python3.12/site-packages/dns/rdatatype.py
[1.602s] DEBUG:colcon.colcon_core.task.python.build:While undoing a previous installation files outside the Python library path are being ignored: /home/matthieu/ros2_ws/install/web_control/share/web_control/web/stream/webrtc/.venv/lib/python3.12/site-packages/dns/_immutable_ctx.py
[1.602s] DEBUG:colcon.colcon_core.task.python.build:While undoing a previous installation files outside the Python library path are being ignored: /home/matthieu/ros2_ws/install/web_control/share/web_control/web/stream/webrtc/.venv/lib/python3.12/site-packages/dns/transaction.py
[1.602s] DEBUG:colcon.colcon_core.task.python.build:While undoing a previous installation files outside the Python library path are being ignored: /home/matthieu/ros2_ws/install/web_control/share/web_control/web/stream/webrtc/.venv/lib/python3.12/site-packages/dns/inet.py
[1.602s] DEBUG:colcon.colcon_core.task.python.build:While undoing a previous installation files outside the Python library path are being ignored: /home/matthieu/ros2_ws/install/web_control/share/web_control/web/stream/webrtc/.venv/lib/python3.12/site-packages/dns/name.py
[1.602s] DEBUG:colcon.colcon_core.task.python.build:While undoing a previous installation files outside the Python library path are being ignored: /home/matthieu/ros2_ws/install/web_control/share/web_control/web/stream/webrtc/.venv/lib/python3.12/site-packages/dns/ipv6.py
[1.602s] DEBUG:colcon.colcon_core.task.python.build:While undoing a previous installation files outside the Python library path are being ignored: /home/matthieu/ros2_ws/install/web_control/share/web_control/web/stream/webrtc/.venv/lib/python3.12/site-packages/dns/xfr.py
[1.602s] DEBUG:colcon.colcon_core.task.python.build:While undoing a previous installation files outside the Python library path are being ignored: /home/matthieu/ros2_ws/install/web_control/share/web_control/web/stream/webrtc/.venv/lib/python3.12/site-packages/dns/zone.py
[1.602s] DEBUG:colcon.colcon_core.task.python.build:While undoing a previous installation files outside the Python library path are being ignored: /home/matthieu/ros2_ws/install/web_control/share/web_control/web/stream/webrtc/.venv/lib/python3.12/site-packages/dns/set.py
[1.602s] DEBUG:colcon.colcon_core.task.python.build:While undoing a previous installation files outside the Python library path are being ignored: /home/matthieu/ros2_ws/install/web_control/share/web_control/web/stream/webrtc/.venv/lib/python3.12/site-packages/dns/asyncbackend.py
[1.602s] DEBUG:colcon.colcon_core.task.python.build:While undoing a previous installation files outside the Python library path are being ignored: /home/matthieu/ros2_ws/install/web_control/share/web_control/web/stream/webrtc/.venv/lib/python3.12/site-packages/dns/_asyncio_backend.py
[1.602s] DEBUG:colcon.colcon_core.task.python.build:While undoing a previous installation files outside the Python library path are being ignored: /home/matthieu/ros2_ws/install/web_control/share/web_control/web/stream/webrtc/.venv/lib/python3.12/site-packages/dns/asyncresolver.py
[1.602s] DEBUG:colcon.colcon_core.task.python.build:While undoing a previous installation files outside the Python library path are being ignored: /home/matthieu/ros2_ws/install/web_control/share/web_control/web/stream/webrtc/.venv/lib/python3.12/site-packages/dns/namedict.py
[1.602s] DEBUG:colcon.colcon_core.task.python.build:While undoing a previous installation files outside the Python library path are being ignored: /home/matthieu/ros2_ws/install/web_control/share/web_control/web/stream/webrtc/.venv/lib/python3.12/site-packages/dns/_no_ssl.py
[1.603s] DEBUG:colcon.colcon_core.task.python.build:While undoing a previous installation files outside the Python library path are being ignored: /home/matthieu/ros2_ws/install/web_control/share/web_control/web/stream/webrtc/.venv/lib/python3.12/site-packages/dns/tsigkeyring.py
[1.603s] DEBUG:colcon.colcon_core.task.python.build:While undoing a previous installation files outside the Python library path are being ignored: /home/matthieu/ros2_ws/install/web_control/share/web_control/web/stream/webrtc/.venv/lib/python3.12/site-packages/dns/rcode.py
[1.603s] DEBUG:colcon.colcon_core.task.python.build:While undoing a previous installation files outside the Python library path are being ignored: /home/matthieu/ros2_ws/install/web_control/share/web_control/web/stream/webrtc/.venv/lib/python3.12/site-packages/dns/tokenizer.py
[1.603s] DEBUG:colcon.colcon_core.task.python.build:While undoing a previous installation files outside the Python library path are being ignored: /home/matthieu/ros2_ws/install/web_control/share/web_control/web/stream/webrtc/.venv/lib/python3.12/site-packages/dns/exception.py
[1.603s] DEBUG:colcon.colcon_core.task.python.build:While undoing a previous installation files outside the Python library path are being ignored: /home/matthieu/ros2_ws/install/web_control/share/web_control/web/stream/webrtc/.venv/lib/python3.12/site-packages/dns/immutable.py
[1.603s] DEBUG:colcon.colcon_core.task.python.build:While undoing a previous installation files outside the Python library path are being ignored: /home/matthieu/ros2_ws/install/web_control/share/web_control/web/stream/webrtc/.venv/lib/python3.12/site-packages/dns/_features.py
[1.603s] DEBUG:colcon.colcon_core.task.python.build:While undoing a previous installation files outside the Python library path are being ignored: /home/matthieu/ros2_ws/install/web_control/share/web_control/web/stream/webrtc/.venv/lib/python3.12/site-packages/dns/dnssectypes.py
[1.603s] DEBUG:colcon.colcon_core.task.python.build:While undoing a previous installation files outside the Python library path are being ignored: /home/matthieu/ros2_ws/install/web_control/share/web_control/web/stream/webrtc/.venv/lib/python3.12/site-packages/dns/_ddr.py
[1.603s] DEBUG:colcon.colcon_core.task.python.build:While undoing a previous installation files outside the Python library path are being ignored: /home/matthieu/ros2_ws/install/web_control/share/web_control/web/stream/webrtc/.venv/lib/python3.12/site-packages/dns/serial.py
[1.603s] DEBUG:colcon.colcon_core.task.python.build:While undoing a previous installation files outside the Python library path are being ignored: /home/matthieu/ros2_ws/install/web_control/share/web_control/web/stream/webrtc/.venv/lib/python3.12/site-packages/dns/query.py
[1.603s] DEBUG:colcon.colcon_core.task.python.build:While undoing a previous installation files outside the Python library path are being ignored: /home/matthieu/ros2_ws/install/web_control/share/web_control/web/stream/webrtc/.venv/lib/python3.12/site-packages/dns/tsig.py
[1.603s] DEBUG:colcon.colcon_core.task.python.build:While undoing a previous installation files outside the Python library path are being ignored: /home/matthieu/ros2_ws/install/web_control/share/web_control/web/stream/webrtc/.venv/lib/python3.12/site-packages/dns/zonefile.py
[1.603s] DEBUG:colcon.colcon_core.task.python.build:While undoing a previous installation files outside the Python library path are being ignored: /home/matthieu/ros2_ws/install/web_control/share/web_control/web/stream/webrtc/.venv/lib/python3.12/site-packages/dns/ipv4.py
[1.603s] DEBUG:colcon.colcon_core.task.python.build:While undoing a previous installation files outside the Python library path are being ignored: /home/matthieu/ros2_ws/install/web_control/share/web_control/web/stream/webrtc/.venv/lib/python3.12/site-packages/dns/resolver.py
[1.603s] DEBUG:colcon.colcon_core.task.python.build:While undoing a previous installation files outside the Python library path are being ignored: /home/matthieu/ros2_ws/install/web_control/share/web_control/web/stream/webrtc/.venv/lib/python3.12/site-packages/dns/rdataclass.py
[1.603s] DEBUG:colcon.colcon_core.task.python.build:While undoing a previous installation files outside the Python library path are being ignored: /home/matthieu/ros2_ws/install/web_control/share/web_control/web/stream/webrtc/.venv/lib/python3.12/site-packages/dns/py.typed
[1.603s] DEBUG:colcon.colcon_core.task.python.build:While undoing a previous installation files outside the Python library path are being ignored: /home/matthieu/ros2_ws/install/web_control/share/web_control/web/stream/webrtc/.venv/lib/python3.12/site-packages/dns/grange.py
[1.603s] DEBUG:colcon.colcon_core.task.python.build:While undoing a previous installation files outside the Python library path are being ignored: /home/matthieu/ros2_ws/install/web_control/share/web_control/web/stream/webrtc/.venv/lib/python3.12/site-packages/dns/versioned.py
[1.603s] DEBUG:colcon.colcon_core.task.python.build:While undoing a previous installation files outside the Python library path are being ignored: /home/matthieu/ros2_ws/install/web_control/share/web_control/web/stream/webrtc/.venv/lib/python3.12/site-packages/dns/rdataset.py
[1.603s] DEBUG:colcon.colcon_core.task.python.build:While undoing a previous installation files outside the Python library path are being ignored: /home/matthieu/ros2_ws/install/web_control/share/web_control/web/stream/webrtc/.venv/lib/python3.12/site-packages/dns/enum.py
[1.603s] DEBUG:colcon.colcon_core.task.python.build:While undoing a previous installation files outside the Python library path are being ignored: /home/matthieu/ros2_ws/install/web_control/share/web_control/web/stream/webrtc/.venv/lib/python3.12/site-packages/dns/btree.py
[1.603s] DEBUG:colcon.colcon_core.task.python.build:While undoing a previous installation files outside the Python library path are being ignored: /home/matthieu/ros2_ws/install/web_control/share/web_control/web/stream/webrtc/.venv/lib/python3.12/site-packages/dns/rdata.py
[1.603s] DEBUG:colcon.colcon_core.task.python.build:While undoing a previous installation files outside the Python library path are being ignored: /home/matthieu/ros2_ws/install/web_control/share/web_control/web/stream/webrtc/.venv/lib/python3.12/site-packages/dns/_trio_backend.py
[1.603s] DEBUG:colcon.colcon_core.task.python.build:While undoing a previous installation files outside the Python library path are being ignored: /home/matthieu/ros2_ws/install/web_control/share/web_control/web/stream/webrtc/.venv/lib/python3.12/site-packages/dns/reversename.py
[1.603s] DEBUG:colcon.colcon_core.task.python.build:While undoing a previous installation files outside the Python library path are being ignored: /home/matthieu/ros2_ws/install/web_control/share/web_control/web/stream/webrtc/.venv/lib/python3.12/site-packages/dns/version.py
[1.603s] DEBUG:colcon.colcon_core.task.python.build:While undoing a previous installation files outside the Python library path are being ignored: /home/matthieu/ros2_ws/install/web_control/share/web_control/web/stream/webrtc/.venv/lib/python3.12/site-packages/dns/update.py
[1.603s] DEBUG:colcon.colcon_core.task.python.build:While undoing a previous installation files outside the Python library path are being ignored: /home/matthieu/ros2_ws/install/web_control/share/web_control/web/stream/webrtc/.venv/lib/python3.12/site-packages/dns/__init__.py
[1.603s] DEBUG:colcon.colcon_core.task.python.build:While undoing a previous installation files outside the Python library path are being ignored: /home/matthieu/ros2_ws/install/web_control/share/web_control/web/stream/webrtc/.venv/lib/python3.12/site-packages/dns/dnssecalgs/base.py
[1.603s] DEBUG:colcon.colcon_core.task.python.build:While undoing a previous installation files outside the Python library path are being ignored: /home/matthieu/ros2_ws/install/web_control/share/web_control/web/stream/webrtc/.venv/lib/python3.12/site-packages/dns/dnssecalgs/cryptography.py
[1.604s] DEBUG:colcon.colcon_core.task.python.build:While undoing a previous installation files outside the Python library path are being ignored: /home/matthieu/ros2_ws/install/web_control/share/web_control/web/stream/webrtc/.venv/lib/python3.12/site-packages/dns/dnssecalgs/ecdsa.py
[1.604s] DEBUG:colcon.colcon_core.task.python.build:While undoing a previous installation files outside the Python library path are being ignored: /home/matthieu/ros2_ws/install/web_control/share/web_control/web/stream/webrtc/.venv/lib/python3.12/site-packages/dns/dnssecalgs/eddsa.py
[1.604s] DEBUG:colcon.colcon_core.task.python.build:While undoing a previous installation files outside the Python library path are being ignored: /home/matthieu/ros2_ws/install/web_control/share/web_control/web/stream/webrtc/.venv/lib/python3.12/site-packages/dns/dnssecalgs/dsa.py
[1.604s] DEBUG:colcon.colcon_core.task.python.build:While undoing a previous installation files outside the Python library path are being ignored: /home/matthieu/ros2_ws/install/web_control/share/web_control/web/stream/webrtc/.venv/lib/python3.12/site-packages/dns/dnssecalgs/rsa.py
[1.604s] DEBUG:colcon.colcon_core.task.python.build:While undoing a previous installation files outside the Python library path are being ignored: /home/matthieu/ros2_ws/install/web_control/share/web_control/web/stream/webrtc/.venv/lib/python3.12/site-packages/dns/dnssecalgs/__init__.py
[1.604s] DEBUG:colcon.colcon_core.task.python.build:While undoing a previous installation files outside the Python library path are being ignored: /home/matthieu/ros2_ws/install/web_control/share/web_control/web/stream/webrtc/.venv/lib/python3.12/site-packages/dns/dnssecalgs/__pycache__/cryptography.cpython-312.pyc
[1.604s] DEBUG:colcon.colcon_core.task.python.build:While undoing a previous installation files outside the Python library path are being ignored: /home/matthieu/ros2_ws/install/web_control/share/web_control/web/stream/webrtc/.venv/lib/python3.12/site-packages/dns/dnssecalgs/__pycache__/base.cpython-312.pyc
[1.604s] DEBUG:colcon.colcon_core.task.python.build:While undoing a previous installation files outside the Python library path are being ignored: /home/matthieu/ros2_ws/install/web_control/share/web_control/web/stream/webrtc/.venv/lib/python3.12/site-packages/dns/dnssecalgs/__pycache__/ecdsa.cpython-312.pyc
[1.604s] DEBUG:colcon.colcon_core.task.python.build:While undoing a previous installation files outside the Python library path are being ignored: /home/matthieu/ros2_ws/install/web_control/share/web_control/web/stream/webrtc/.venv/lib/python3.12/site-packages/dns/dnssecalgs/__pycache__/rsa.cpython-312.pyc
[1.604s] DEBUG:colcon.colcon_core.task.python.build:While undoing a previous installation files outside the Python library path are being ignored: /home/matthieu/ros2_ws/install/web_control/share/web_control/web/stream/webrtc/.venv/lib/python3.12/site-packages/dns/dnssecalgs/__pycache__/eddsa.cpython-312.pyc
[1.604s] DEBUG:colcon.colcon_core.task.python.build:While undoing a previous installation files outside the Python library path are being ignored: /home/matthieu/ros2_ws/install/web_control/share/web_control/web/stream/webrtc/.venv/lib/python3.12/site-packages/dns/dnssecalgs/__pycache__/dsa.cpython-312.pyc
[1.604s] DEBUG:colcon.colcon_core.task.python.build:While undoing a previous installation files outside the Python library path are being ignored: /home/matthieu/ros2_ws/install/web_control/share/web_control/web/stream/webrtc/.venv/lib/python3.12/site-packages/dns/dnssecalgs/__pycache__/__init__.cpython-312.pyc
[1.604s] DEBUG:colcon.colcon_core.task.python.build:While undoing a previous installation files outside the Python library path are being ignored: /home/matthieu/ros2_ws/install/web_control/share/web_control/web/stream/webrtc/.venv/lib/python3.12/site-packages/dns/__pycache__/_ddr.cpython-312.pyc
[1.604s] DEBUG:colcon.colcon_core.task.python.build:While undoing a previous installation files outside the Python library path are being ignored: /home/matthieu/ros2_ws/install/web_control/share/web_control/web/stream/webrtc/.venv/lib/python3.12/site-packages/dns/__pycache__/asyncquery.cpython-312.pyc
[1.604s] DEBUG:colcon.colcon_core.task.python.build:While undoing a previous installation files outside the Python library path are being ignored: /home/matthieu/ros2_ws/install/web_control/share/web_control/web/stream/webrtc/.venv/lib/python3.12/site-packages/dns/__pycache__/rcode.cpython-312.pyc
[1.604s] DEBUG:colcon.colcon_core.task.python.build:While undoing a previous installation files outside the Python library path are being ignored: /home/matthieu/ros2_ws/install/web_control/share/web_control/web/stream/webrtc/.venv/lib/python3.12/site-packages/dns/__pycache__/rdataclass.cpython-312.pyc
[1.604s] DEBUG:colcon.colcon_core.task.python.build:While undoing a previous installation files outside the Python library path are being ignored: /home/matthieu/ros2_ws/install/web_control/share/web_control/web/stream/webrtc/.venv/lib/python3.12/site-packages/dns/__pycache__/xfr.cpython-312.pyc
[1.604s] DEBUG:colcon.colcon_core.task.python.build:While undoing a previous installation files outside the Python library path are being ignored: /home/matthieu/ros2_ws/install/web_control/share/web_control/web/stream/webrtc/.venv/lib/python3.12/site-packages/dns/__pycache__/entropy.cpython-312.pyc
[1.604s] DEBUG:colcon.colcon_core.task.python.build:While undoing a previous installation files outside the Python library path are being ignored: /home/matthieu/ros2_ws/install/web_control/share/web_control/web/stream/webrtc/.venv/lib/python3.12/site-packages/dns/__pycache__/rrset.cpython-312.pyc
[1.604s] DEBUG:colcon.colcon_core.task.python.build:While undoing a previous installation files outside the Python library path are being ignored: /home/matthieu/ros2_ws/install/web_control/share/web_control/web/stream/webrtc/.venv/lib/python3.12/site-packages/dns/__pycache__/transaction.cpython-312.pyc
[1.604s] DEBUG:colcon.colcon_core.task.python.build:While undoing a previous installation files outside the Python library path are being ignored: /home/matthieu/ros2_ws/install/web_control/share/web_control/web/stream/webrtc/.venv/lib/python3.12/site-packages/dns/__pycache__/btree.cpython-312.pyc
[1.604s] DEBUG:colcon.colcon_core.task.python.build:While undoing a previous installation files outside the Python library path are being ignored: /home/matthieu/ros2_ws/install/web_control/share/web_control/web/stream/webrtc/.venv/lib/python3.12/site-packages/dns/__pycache__/grange.cpython-312.pyc
[1.604s] DEBUG:colcon.colcon_core.task.python.build:While undoing a previous installation files outside the Python library path are being ignored: /home/matthieu/ros2_ws/install/web_control/share/web_control/web/stream/webrtc/.venv/lib/python3.12/site-packages/dns/__pycache__/_trio_backend.cpython-312.pyc
[1.604s] DEBUG:colcon.colcon_core.task.python.build:While undoing a previous installation files outside the Python library path are being ignored: /home/matthieu/ros2_ws/install/web_control/share/web_control/web/stream/webrtc/.venv/lib/python3.12/site-packages/dns/__pycache__/serial.cpython-312.pyc
[1.604s] DEBUG:colcon.colcon_core.task.python.build:While undoing a previous installation files outside the Python library path are being ignored: /home/matthieu/ros2_ws/install/web_control/share/web_control/web/stream/webrtc/.venv/lib/python3.12/site-packages/dns/__pycache__/dnssectypes.cpython-312.pyc
[1.604s] DEBUG:colcon.colcon_core.task.python.build:While undoing a previous installation files outside the Python library path are being ignored: /home/matthieu/ros2_ws/install/web_control/share/web_control/web/stream/webrtc/.venv/lib/python3.12/site-packages/dns/__pycache__/win32util.cpython-312.pyc
[1.604s] DEBUG:colcon.colcon_core.task.python.build:While undoing a previous installation files outside the Python library path are being ignored: /home/matthieu/ros2_ws/install/web_control/share/web_control/web/stream/webrtc/.venv/lib/python3.12/site-packages/dns/__pycache__/asyncresolver.cpython-312.pyc
[1.604s] DEBUG:colcon.colcon_core.task.python.build:While undoing a previous installation files outside the Python library path are being ignored: /home/matthieu/ros2_ws/install/web_control/share/web_control/web/stream/webrtc/.venv/lib/python3.12/site-packages/dns/__pycache__/tsig.cpython-312.pyc
[1.604s] DEBUG:colcon.colcon_core.task.python.build:While undoing a previous installation files outside the Python library path are being ignored: /home/matthieu/ros2_ws/install/web_control/share/web_control/web/stream/webrtc/.venv/lib/python3.12/site-packages/dns/__pycache__/name.cpython-312.pyc
[1.604s] DEBUG:colcon.colcon_core.task.python.build:While undoing a previous installation files outside the Python library path are being ignored: /home/matthieu/ros2_ws/install/web_control/share/web_control/web/stream/webrtc/.venv/lib/python3.12/site-packages/dns/__pycache__/query.cpython-312.pyc
[1.605s] DEBUG:colcon.colcon_core.task.python.build:While undoing a previous installation files outside the Python library path are being ignored: /home/matthieu/ros2_ws/install/web_control/share/web_control/web/stream/webrtc/.venv/lib/python3.12/site-packages/dns/__pycache__/message.cpython-312.pyc
[1.605s] DEBUG:colcon.colcon_core.task.python.build:While undoing a previous installation files outside the Python library path are being ignored: /home/matthieu/ros2_ws/install/web_control/share/web_control/web/stream/webrtc/.venv/lib/python3.12/site-packages/dns/__pycache__/dnssec.cpython-312.pyc
[1.605s] DEBUG:colcon.colcon_core.task.python.build:While undoing a previous installation files outside the Python library path are being ignored: /home/matthieu/ros2_ws/install/web_control/share/web_control/web/stream/webrtc/.venv/lib/python3.12/site-packages/dns/__pycache__/ttl.cpython-312.pyc
[1.605s] DEBUG:colcon.colcon_core.task.python.build:While undoing a previous installation files outside the Python library path are being ignored: /home/matthieu/ros2_ws/install/web_control/share/web_control/web/stream/webrtc/.venv/lib/python3.12/site-packages/dns/__pycache__/resolver.cpython-312.pyc
[1.605s] DEBUG:colcon.colcon_core.task.python.build:While undoing a previous installation files outside the Python library path are being ignored: /home/matthieu/ros2_ws/install/web_control/share/web_control/web/stream/webrtc/.venv/lib/python3.12/site-packages/dns/__pycache__/edns.cpython-312.pyc
[1.605s] DEBUG:colcon.colcon_core.task.python.build:While undoing a previous installation files outside the Python library path are being ignored: /home/matthieu/ros2_ws/install/web_control/share/web_control/web/stream/webrtc/.venv/lib/python3.12/site-packages/dns/__pycache__/namedict.cpython-312.pyc
[1.605s] DEBUG:colcon.colcon_core.task.python.build:While undoing a previous installation files outside the Python library path are being ignored: /home/matthieu/ros2_ws/install/web_control/share/web_control/web/stream/webrtc/.venv/lib/python3.12/site-packages/dns/__pycache__/rdatatype.cpython-312.pyc
[1.605s] DEBUG:colcon.colcon_core.task.python.build:While undoing a previous installation files outside the Python library path are being ignored: /home/matthieu/ros2_ws/install/web_control/share/web_control/web/stream/webrtc/.venv/lib/python3.12/site-packages/dns/__pycache__/set.cpython-312.pyc
[1.605s] DEBUG:colcon.colcon_core.task.python.build:While undoing a previous installation files outside the Python library path are being ignored: /home/matthieu/ros2_ws/install/web_control/share/web_control/web/stream/webrtc/.venv/lib/python3.12/site-packages/dns/__pycache__/version.cpython-312.pyc
[1.605s] DEBUG:colcon.colcon_core.task.python.build:While undoing a previous installation files outside the Python library path are being ignored: /home/matthieu/ros2_ws/install/web_control/share/web_control/web/stream/webrtc/.venv/lib/python3.12/site-packages/dns/__pycache__/_asyncio_backend.cpython-312.pyc
[1.605s] DEBUG:colcon.colcon_core.task.python.build:While undoing a previous installation files outside the Python library path are being ignored: /home/matthieu/ros2_ws/install/web_control/share/web_control/web/stream/webrtc/.venv/lib/python3.12/site-packages/dns/__pycache__/e164.cpython-312.pyc
[1.605s] DEBUG:colcon.colcon_core.task.python.build:While undoing a previous installation files outside the Python library path are being ignored: /home/matthieu/ros2_ws/install/web_control/share/web_control/web/stream/webrtc/.venv/lib/python3.12/site-packages/dns/__pycache__/tsigkeyring.cpython-312.pyc
[1.605s] DEBUG:colcon.colcon_core.task.python.build:While undoing a previous installation files outside the Python library path are being ignored: /home/matthieu/ros2_ws/install/web_control/share/web_control/web/stream/webrtc/.venv/lib/python3.12/site-packages/dns/__pycache__/tokenizer.cpython-312.pyc
[1.605s] DEBUG:colcon.colcon_core.task.python.build:While undoing a previous installation files outside the Python library path are being ignored: /home/matthieu/ros2_ws/install/web_control/share/web_control/web/stream/webrtc/.venv/lib/python3.12/site-packages/dns/__pycache__/_tls_util.cpython-312.pyc
[1.605s] DEBUG:colcon.colcon_core.task.python.build:While undoing a previous installation files outside the Python library path are being ignored: /home/matthieu/ros2_ws/install/web_control/share/web_control/web/stream/webrtc/.venv/lib/python3.12/site-packages/dns/__pycache__/ipv4.cpython-312.pyc
[1.605s] DEBUG:colcon.colcon_core.task.python.build:While undoing a previous installation files outside the Python library path are being ignored: /home/matthieu/ros2_ws/install/web_control/share/web_control/web/stream/webrtc/.venv/lib/python3.12/site-packages/dns/__pycache__/_no_ssl.cpython-312.pyc
[1.605s] DEBUG:colcon.colcon_core.task.python.build:While undoing a previous installation files outside the Python library path are being ignored: /home/matthieu/ros2_ws/install/web_control/share/web_control/web/stream/webrtc/.venv/lib/python3.12/site-packages/dns/__pycache__/exception.cpython-312.pyc
[1.605s] DEBUG:colcon.colcon_core.task.python.build:While undoing a previous installation files outside the Python library path are being ignored: /home/matthieu/ros2_ws/install/web_control/share/web_control/web/stream/webrtc/.venv/lib/python3.12/site-packages/dns/__pycache__/_immutable_ctx.cpython-312.pyc
[1.605s] DEBUG:colcon.colcon_core.task.python.build:While undoing a previous installation files outside the Python library path are being ignored: /home/matthieu/ros2_ws/install/web_control/share/web_control/web/stream/webrtc/.venv/lib/python3.12/site-packages/dns/__pycache__/inet.cpython-312.pyc
[1.605s] DEBUG:colcon.colcon_core.task.python.build:While undoing a previous installation files outside the Python library path are being ignored: /home/matthieu/ros2_ws/install/web_control/share/web_control/web/stream/webrtc/.venv/lib/python3.12/site-packages/dns/__pycache__/reversename.cpython-312.pyc
[1.605s] DEBUG:colcon.colcon_core.task.python.build:While undoing a previous installation files outside the Python library path are being ignored: /home/matthieu/ros2_ws/install/web_control/share/web_control/web/stream/webrtc/.venv/lib/python3.12/site-packages/dns/__pycache__/_asyncbackend.cpython-312.pyc
[1.605s] DEBUG:colcon.colcon_core.task.python.build:While undoing a previous installation files outside the Python library path are being ignored: /home/matthieu/ros2_ws/install/web_control/share/web_control/web/stream/webrtc/.venv/lib/python3.12/site-packages/dns/__pycache__/renderer.cpython-312.pyc
[1.605s] DEBUG:colcon.colcon_core.task.python.build:While undoing a previous installation files outside the Python library path are being ignored: /home/matthieu/ros2_ws/install/web_control/share/web_control/web/stream/webrtc/.venv/lib/python3.12/site-packages/dns/__pycache__/nameserver.cpython-312.pyc
[1.605s] DEBUG:colcon.colcon_core.task.python.build:While undoing a previous installation files outside the Python library path are being ignored: /home/matthieu/ros2_ws/install/web_control/share/web_control/web/stream/webrtc/.venv/lib/python3.12/site-packages/dns/__pycache__/immutable.cpython-312.pyc
[1.605s] DEBUG:colcon.colcon_core.task.python.build:While undoing a previous installation files outside the Python library path are being ignored: /home/matthieu/ros2_ws/install/web_control/share/web_control/web/stream/webrtc/.venv/lib/python3.12/site-packages/dns/__pycache__/opcode.cpython-312.pyc
[1.605s] DEBUG:colcon.colcon_core.task.python.build:While undoing a previous installation files outside the Python library path are being ignored: /home/matthieu/ros2_ws/install/web_control/share/web_control/web/stream/webrtc/.venv/lib/python3.12/site-packages/dns/__pycache__/update.cpython-312.pyc
[1.605s] DEBUG:colcon.colcon_core.task.python.build:While undoing a previous installation files outside the Python library path are being ignored: /home/matthieu/ros2_ws/install/web_control/share/web_control/web/stream/webrtc/.venv/lib/python3.12/site-packages/dns/__pycache__/wire.cpython-312.pyc
[1.605s] DEBUG:colcon.colcon_core.task.python.build:While undoing a previous installation files outside the Python library path are being ignored: /home/matthieu/ros2_ws/install/web_control/share/web_control/web/stream/webrtc/.venv/lib/python3.12/site-packages/dns/__pycache__/zone.cpython-312.pyc
[1.605s] DEBUG:colcon.colcon_core.task.python.build:While undoing a previous installation files outside the Python library path are being ignored: /home/matthieu/ros2_ws/install/web_control/share/web_control/web/stream/webrtc/.venv/lib/python3.12/site-packages/dns/__pycache__/_features.cpython-312.pyc
[1.605s] DEBUG:colcon.colcon_core.task.python.build:While undoing a previous installation files outside the Python library path are being ignored: /home/matthieu/ros2_ws/install/web_control/share/web_control/web/stream/webrtc/.venv/lib/python3.12/site-packages/dns/__pycache__/zonetypes.cpython-312.pyc
[1.605s] DEBUG:colcon.colcon_core.task.python.build:While undoing a previous installation files outside the Python library path are being ignored: /home/matthieu/ros2_ws/install/web_control/share/web_control/web/stream/webrtc/.venv/lib/python3.12/site-packages/dns/__pycache__/asyncbackend.cpython-312.pyc
[1.605s] DEBUG:colcon.colcon_core.task.python.build:While undoing a previous installation files outside the Python library path are being ignored: /home/matthieu/ros2_ws/install/web_control/share/web_control/web/stream/webrtc/.venv/lib/python3.12/site-packages/dns/__pycache__/flags.cpython-312.pyc
[1.606s] DEBUG:colcon.colcon_core.task.python.build:While undoing a previous installation files outside the Python library path are being ignored: /home/matthieu/ros2_ws/install/web_control/share/web_control/web/stream/webrtc/.venv/lib/python3.12/site-packages/dns/__pycache__/__init__.cpython-312.pyc
[1.606s] DEBUG:colcon.colcon_core.task.python.build:While undoing a previous installation files outside the Python library path are being ignored: /home/matthieu/ros2_ws/install/web_control/share/web_control/web/stream/webrtc/.venv/lib/python3.12/site-packages/dns/__pycache__/ipv6.cpython-312.pyc
[1.606s] DEBUG:colcon.colcon_core.task.python.build:While undoing a previous installation files outside the Python library path are being ignored: /home/matthieu/ros2_ws/install/web_control/share/web_control/web/stream/webrtc/.venv/lib/python3.12/site-packages/dns/__pycache__/btreezone.cpython-312.pyc
[1.606s] DEBUG:colcon.colcon_core.task.python.build:While undoing a previous installation files outside the Python library path are being ignored: /home/matthieu/ros2_ws/install/web_control/share/web_control/web/stream/webrtc/.venv/lib/python3.12/site-packages/dns/__pycache__/node.cpython-312.pyc
[1.606s] DEBUG:colcon.colcon_core.task.python.build:While undoing a previous installation files outside the Python library path are being ignored: /home/matthieu/ros2_ws/install/web_control/share/web_control/web/stream/webrtc/.venv/lib/python3.12/site-packages/dns/__pycache__/rdataset.cpython-312.pyc
[1.606s] DEBUG:colcon.colcon_core.task.python.build:While undoing a previous installation files outside the Python library path are being ignored: /home/matthieu/ros2_ws/install/web_control/share/web_control/web/stream/webrtc/.venv/lib/python3.12/site-packages/dns/__pycache__/zonefile.cpython-312.pyc
[1.606s] DEBUG:colcon.colcon_core.task.python.build:While undoing a previous installation files outside the Python library path are being ignored: /home/matthieu/ros2_ws/install/web_control/share/web_control/web/stream/webrtc/.venv/lib/python3.12/site-packages/dns/__pycache__/versioned.cpython-312.pyc
[1.606s] DEBUG:colcon.colcon_core.task.python.build:While undoing a previous installation files outside the Python library path are being ignored: /home/matthieu/ros2_ws/install/web_control/share/web_control/web/stream/webrtc/.venv/lib/python3.12/site-packages/dns/__pycache__/rdata.cpython-312.pyc
[1.606s] DEBUG:colcon.colcon_core.task.python.build:While undoing a previous installation files outside the Python library path are being ignored: /home/matthieu/ros2_ws/install/web_control/share/web_control/web/stream/webrtc/.venv/lib/python3.12/site-packages/dns/__pycache__/enum.cpython-312.pyc
[1.606s] DEBUG:colcon.colcon_core.task.python.build:While undoing a previous installation files outside the Python library path are being ignored: /home/matthieu/ros2_ws/install/web_control/share/web_control/web/stream/webrtc/.venv/lib/python3.12/site-packages/dns/quic/_asyncio.py
[1.606s] DEBUG:colcon.colcon_core.task.python.build:While undoing a previous installation files outside the Python library path are being ignored: /home/matthieu/ros2_ws/install/web_control/share/web_control/web/stream/webrtc/.venv/lib/python3.12/site-packages/dns/quic/_trio.py
[1.606s] DEBUG:colcon.colcon_core.task.python.build:While undoing a previous installation files outside the Python library path are being ignored: /home/matthieu/ros2_ws/install/web_control/share/web_control/web/stream/webrtc/.venv/lib/python3.12/site-packages/dns/quic/_common.py
[1.606s] DEBUG:colcon.colcon_core.task.python.build:While undoing a previous installation files outside the Python library path are being ignored: /home/matthieu/ros2_ws/install/web_control/share/web_control/web/stream/webrtc/.venv/lib/python3.12/site-packages/dns/quic/_sync.py
[1.606s] DEBUG:colcon.colcon_core.task.python.build:While undoing a previous installation files outside the Python library path are being ignored: /home/matthieu/ros2_ws/install/web_control/share/web_control/web/stream/webrtc/.venv/lib/python3.12/site-packages/dns/quic/__init__.py
[1.606s] DEBUG:colcon.colcon_core.task.python.build:While undoing a previous installation files outside the Python library path are being ignored: /home/matthieu/ros2_ws/install/web_control/share/web_control/web/stream/webrtc/.venv/lib/python3.12/site-packages/dns/quic/__pycache__/_sync.cpython-312.pyc
[1.606s] DEBUG:colcon.colcon_core.task.python.build:While undoing a previous installation files outside the Python library path are being ignored: /home/matthieu/ros2_ws/install/web_control/share/web_control/web/stream/webrtc/.venv/lib/python3.12/site-packages/dns/quic/__pycache__/_trio.cpython-312.pyc
[1.606s] DEBUG:colcon.colcon_core.task.python.build:While undoing a previous installation files outside the Python library path are being ignored: /home/matthieu/ros2_ws/install/web_control/share/web_control/web/stream/webrtc/.venv/lib/python3.12/site-packages/dns/quic/__pycache__/_common.cpython-312.pyc
[1.606s] DEBUG:colcon.colcon_core.task.python.build:While undoing a previous installation files outside the Python library path are being ignored: /home/matthieu/ros2_ws/install/web_control/share/web_control/web/stream/webrtc/.venv/lib/python3.12/site-packages/dns/quic/__pycache__/__init__.cpython-312.pyc
[1.606s] DEBUG:colcon.colcon_core.task.python.build:While undoing a previous installation files outside the Python library path are being ignored: /home/matthieu/ros2_ws/install/web_control/share/web_control/web/stream/webrtc/.venv/lib/python3.12/site-packages/dns/quic/__pycache__/_asyncio.cpython-312.pyc
[1.606s] DEBUG:colcon.colcon_core.task.python.build:While undoing a previous installation files outside the Python library path are being ignored: /home/matthieu/ros2_ws/install/web_control/share/web_control/web/stream/webrtc/.venv/lib/python3.12/site-packages/dns/rdtypes/nsbase.py
[1.606s] DEBUG:colcon.colcon_core.task.python.build:While undoing a previous installation files outside the Python library path are being ignored: /home/matthieu/ros2_ws/install/web_control/share/web_control/web/stream/webrtc/.venv/lib/python3.12/site-packages/dns/rdtypes/util.py
[1.606s] DEBUG:colcon.colcon_core.task.python.build:While undoing a previous installation files outside the Python library path are being ignored: /home/matthieu/ros2_ws/install/web_control/share/web_control/web/stream/webrtc/.venv/lib/python3.12/site-packages/dns/rdtypes/svcbbase.py
[1.606s] DEBUG:colcon.colcon_core.task.python.build:While undoing a previous installation files outside the Python library path are being ignored: /home/matthieu/ros2_ws/install/web_control/share/web_control/web/stream/webrtc/.venv/lib/python3.12/site-packages/dns/rdtypes/euibase.py
[1.606s] DEBUG:colcon.colcon_core.task.python.build:While undoing a previous installation files outside the Python library path are being ignored: /home/matthieu/ros2_ws/install/web_control/share/web_control/web/stream/webrtc/.venv/lib/python3.12/site-packages/dns/rdtypes/mxbase.py
[1.606s] DEBUG:colcon.colcon_core.task.python.build:While undoing a previous installation files outside the Python library path are being ignored: /home/matthieu/ros2_ws/install/web_control/share/web_control/web/stream/webrtc/.venv/lib/python3.12/site-packages/dns/rdtypes/dnskeybase.py
[1.606s] DEBUG:colcon.colcon_core.task.python.build:While undoing a previous installation files outside the Python library path are being ignored: /home/matthieu/ros2_ws/install/web_control/share/web_control/web/stream/webrtc/.venv/lib/python3.12/site-packages/dns/rdtypes/dsbase.py
[1.606s] DEBUG:colcon.colcon_core.task.python.build:While undoing a previous installation files outside the Python library path are being ignored: /home/matthieu/ros2_ws/install/web_control/share/web_control/web/stream/webrtc/.venv/lib/python3.12/site-packages/dns/rdtypes/tlsabase.py
[1.606s] DEBUG:colcon.colcon_core.task.python.build:While undoing a previous installation files outside the Python library path are being ignored: /home/matthieu/ros2_ws/install/web_control/share/web_control/web/stream/webrtc/.venv/lib/python3.12/site-packages/dns/rdtypes/__init__.py
[1.606s] DEBUG:colcon.colcon_core.task.python.build:While undoing a previous installation files outside the Python library path are being ignored: /home/matthieu/ros2_ws/install/web_control/share/web_control/web/stream/webrtc/.venv/lib/python3.12/site-packages/dns/rdtypes/txtbase.py
[1.606s] DEBUG:colcon.colcon_core.task.python.build:While undoing a previous installation files outside the Python library path are being ignored: /home/matthieu/ros2_ws/install/web_control/share/web_control/web/stream/webrtc/.venv/lib/python3.12/site-packages/dns/rdtypes/IN/AAAA.py
[1.606s] DEBUG:colcon.colcon_core.task.python.build:While undoing a previous installation files outside the Python library path are being ignored: /home/matthieu/ros2_ws/install/web_control/share/web_control/web/stream/webrtc/.venv/lib/python3.12/site-packages/dns/rdtypes/IN/WKS.py
[1.606s] DEBUG:colcon.colcon_core.task.python.build:While undoing a previous installation files outside the Python library path are being ignored: /home/matthieu/ros2_ws/install/web_control/share/web_control/web/stream/webrtc/.venv/lib/python3.12/site-packages/dns/rdtypes/IN/SVCB.py
[1.606s] DEBUG:colcon.colcon_core.task.python.build:While undoing a previous installation files outside the Python library path are being ignored: /home/matthieu/ros2_ws/install/web_control/share/web_control/web/stream/webrtc/.venv/lib/python3.12/site-packages/dns/rdtypes/IN/NSAP_PTR.py
[1.607s] DEBUG:colcon.colcon_core.task.python.build:While undoing a previous installation files outside the Python library path are being ignored: /home/matthieu/ros2_ws/install/web_control/share/web_control/web/stream/webrtc/.venv/lib/python3.12/site-packages/dns/rdtypes/IN/NSAP.py
[1.607s] DEBUG:colcon.colcon_core.task.python.build:While undoing a previous installation files outside the Python library path are being ignored: /home/matthieu/ros2_ws/install/web_control/share/web_control/web/stream/webrtc/.venv/lib/python3.12/site-packages/dns/rdtypes/IN/A.py
[1.607s] DEBUG:colcon.colcon_core.task.python.build:While undoing a previous installation files outside the Python library path are being ignored: /home/matthieu/ros2_ws/install/web_control/share/web_control/web/stream/webrtc/.venv/lib/python3.12/site-packages/dns/rdtypes/IN/KX.py
[1.607s] DEBUG:colcon.colcon_core.task.python.build:While undoing a previous installation files outside the Python library path are being ignored: /home/matthieu/ros2_ws/install/web_control/share/web_control/web/stream/webrtc/.venv/lib/python3.12/site-packages/dns/rdtypes/IN/DHCID.py
[1.607s] DEBUG:colcon.colcon_core.task.python.build:While undoing a previous installation files outside the Python library path are being ignored: /home/matthieu/ros2_ws/install/web_control/share/web_control/web/stream/webrtc/.venv/lib/python3.12/site-packages/dns/rdtypes/IN/PX.py
[1.607s] DEBUG:colcon.colcon_core.task.python.build:While undoing a previous installation files outside the Python library path are being ignored: /home/matthieu/ros2_ws/install/web_control/share/web_control/web/stream/webrtc/.venv/lib/python3.12/site-packages/dns/rdtypes/IN/NAPTR.py
[1.607s] DEBUG:colcon.colcon_core.task.python.build:While undoing a previous installation files outside the Python library path are being ignored: /home/matthieu/ros2_ws/install/web_control/share/web_control/web/stream/webrtc/.venv/lib/python3.12/site-packages/dns/rdtypes/IN/HTTPS.py
[1.607s] DEBUG:colcon.colcon_core.task.python.build:While undoing a previous installation files outside the Python library path are being ignored: /home/matthieu/ros2_ws/install/web_control/share/web_control/web/stream/webrtc/.venv/lib/python3.12/site-packages/dns/rdtypes/IN/APL.py
[1.607s] DEBUG:colcon.colcon_core.task.python.build:While undoing a previous installation files outside the Python library path are being ignored: /home/matthieu/ros2_ws/install/web_control/share/web_control/web/stream/webrtc/.venv/lib/python3.12/site-packages/dns/rdtypes/IN/IPSECKEY.py
[1.607s] DEBUG:colcon.colcon_core.task.python.build:While undoing a previous installation files outside the Python library path are being ignored: /home/matthieu/ros2_ws/install/web_control/share/web_control/web/stream/webrtc/.venv/lib/python3.12/site-packages/dns/rdtypes/IN/SRV.py
[1.607s] DEBUG:colcon.colcon_core.task.python.build:While undoing a previous installation files outside the Python library path are being ignored: /home/matthieu/ros2_ws/install/web_control/share/web_control/web/stream/webrtc/.venv/lib/python3.12/site-packages/dns/rdtypes/IN/__init__.py
[1.607s] DEBUG:colcon.colcon_core.task.python.build:While undoing a previous installation files outside the Python library path are being ignored: /home/matthieu/ros2_ws/install/web_control/share/web_control/web/stream/webrtc/.venv/lib/python3.12/site-packages/dns/rdtypes/IN/__pycache__/A.cpython-312.pyc
[1.607s] DEBUG:colcon.colcon_core.task.python.build:While undoing a previous installation files outside the Python library path are being ignored: /home/matthieu/ros2_ws/install/web_control/share/web_control/web/stream/webrtc/.venv/lib/python3.12/site-packages/dns/rdtypes/IN/__pycache__/IPSECKEY.cpython-312.pyc
[1.607s] DEBUG:colcon.colcon_core.task.python.build:While undoing a previous installation files outside the Python library path are being ignored: /home/matthieu/ros2_ws/install/web_control/share/web_control/web/stream/webrtc/.venv/lib/python3.12/site-packages/dns/rdtypes/IN/__pycache__/NSAP.cpython-312.pyc
[1.607s] DEBUG:colcon.colcon_core.task.python.build:While undoing a previous installation files outside the Python library path are being ignored: /home/matthieu/ros2_ws/install/web_control/share/web_control/web/stream/webrtc/.venv/lib/python3.12/site-packages/dns/rdtypes/IN/__pycache__/NSAP_PTR.cpython-312.pyc
[1.607s] DEBUG:colcon.colcon_core.task.python.build:While undoing a previous installation files outside the Python library path are being ignored: /home/matthieu/ros2_ws/install/web_control/share/web_control/web/stream/webrtc/.venv/lib/python3.12/site-packages/dns/rdtypes/IN/__pycache__/KX.cpython-312.pyc
[1.607s] DEBUG:colcon.colcon_core.task.python.build:While undoing a previous installation files outside the Python library path are being ignored: /home/matthieu/ros2_ws/install/web_control/share/web_control/web/stream/webrtc/.venv/lib/python3.12/site-packages/dns/rdtypes/IN/__pycache__/AAAA.cpython-312.pyc
[1.607s] DEBUG:colcon.colcon_core.task.python.build:While undoing a previous installation files outside the Python library path are being ignored: /home/matthieu/ros2_ws/install/web_control/share/web_control/web/stream/webrtc/.venv/lib/python3.12/site-packages/dns/rdtypes/IN/__pycache__/WKS.cpython-312.pyc
[1.607s] DEBUG:colcon.colcon_core.task.python.build:While undoing a previous installation files outside the Python library path are being ignored: /home/matthieu/ros2_ws/install/web_control/share/web_control/web/stream/webrtc/.venv/lib/python3.12/site-packages/dns/rdtypes/IN/__pycache__/NAPTR.cpython-312.pyc
[1.607s] DEBUG:colcon.colcon_core.task.python.build:While undoing a previous installation files outside the Python library path are being ignored: /home/matthieu/ros2_ws/install/web_control/share/web_control/web/stream/webrtc/.venv/lib/python3.12/site-packages/dns/rdtypes/IN/__pycache__/PX.cpython-312.pyc
[1.607s] DEBUG:colcon.colcon_core.task.python.build:While undoing a previous installation files outside the Python library path are being ignored: /home/matthieu/ros2_ws/install/web_control/share/web_control/web/stream/webrtc/.venv/lib/python3.12/site-packages/dns/rdtypes/IN/__pycache__/HTTPS.cpython-312.pyc
[1.607s] DEBUG:colcon.colcon_core.task.python.build:While undoing a previous installation files outside the Python library path are being ignored: /home/matthieu/ros2_ws/install/web_control/share/web_control/web/stream/webrtc/.venv/lib/python3.12/site-packages/dns/rdtypes/IN/__pycache__/DHCID.cpython-312.pyc
[1.607s] DEBUG:colcon.colcon_core.task.python.build:While undoing a previous installation files outside the Python library path are being ignored: /home/matthieu/ros2_ws/install/web_control/share/web_control/web/stream/webrtc/.venv/lib/python3.12/site-packages/dns/rdtypes/IN/__pycache__/__init__.cpython-312.pyc
[1.607s] DEBUG:colcon.colcon_core.task.python.build:While undoing a previous installation files outside the Python library path are being ignored: /home/matthieu/ros2_ws/install/web_control/share/web_control/web/stream/webrtc/.venv/lib/python3.12/site-packages/dns/rdtypes/IN/__pycache__/SRV.cpython-312.pyc
[1.607s] DEBUG:colcon.colcon_core.task.python.build:While undoing a previous installation files outside the Python library path are being ignored: /home/matthieu/ros2_ws/install/web_control/share/web_control/web/stream/webrtc/.venv/lib/python3.12/site-packages/dns/rdtypes/IN/__pycache__/APL.cpython-312.pyc
[1.607s] DEBUG:colcon.colcon_core.task.python.build:While undoing a previous installation files outside the Python library path are being ignored: /home/matthieu/ros2_ws/install/web_control/share/web_control/web/stream/webrtc/.venv/lib/python3.12/site-packages/dns/rdtypes/IN/__pycache__/SVCB.cpython-312.pyc
[1.607s] DEBUG:colcon.colcon_core.task.python.build:While undoing a previous installation files outside the Python library path are being ignored: /home/matthieu/ros2_ws/install/web_control/share/web_control/web/stream/webrtc/.venv/lib/python3.12/site-packages/dns/rdtypes/__pycache__/euibase.cpython-312.pyc
[1.607s] DEBUG:colcon.colcon_core.task.python.build:While undoing a previous installation files outside the Python library path are being ignored: /home/matthieu/ros2_ws/install/web_control/share/web_control/web/stream/webrtc/.venv/lib/python3.12/site-packages/dns/rdtypes/__pycache__/txtbase.cpython-312.pyc
[1.607s] DEBUG:colcon.colcon_core.task.python.build:While undoing a previous installation files outside the Python library path are being ignored: /home/matthieu/ros2_ws/install/web_control/share/web_control/web/stream/webrtc/.venv/lib/python3.12/site-packages/dns/rdtypes/__pycache__/dnskeybase.cpython-312.pyc
[1.607s] DEBUG:colcon.colcon_core.task.python.build:While undoing a previous installation files outside the Python library path are being ignored: /home/matthieu/ros2_ws/install/web_control/share/web_control/web/stream/webrtc/.venv/lib/python3.12/site-packages/dns/rdtypes/__pycache__/svcbbase.cpython-312.pyc
[1.607s] DEBUG:colcon.colcon_core.task.python.build:While undoing a previous installation files outside the Python library path are being ignored: /home/matthieu/ros2_ws/install/web_control/share/web_control/web/stream/webrtc/.venv/lib/python3.12/site-packages/dns/rdtypes/__pycache__/mxbase.cpython-312.pyc
[1.608s] DEBUG:colcon.colcon_core.task.python.build:While undoing a previous installation files outside the Python library path are being ignored: /home/matthieu/ros2_ws/install/web_control/share/web_control/web/stream/webrtc/.venv/lib/python3.12/site-packages/dns/rdtypes/__pycache__/tlsabase.cpython-312.pyc
[1.608s] DEBUG:colcon.colcon_core.task.python.build:While undoing a previous installation files outside the Python library path are being ignored: /home/matthieu/ros2_ws/install/web_control/share/web_control/web/stream/webrtc/.venv/lib/python3.12/site-packages/dns/rdtypes/__pycache__/dsbase.cpython-312.pyc
[1.608s] DEBUG:colcon.colcon_core.task.python.build:While undoing a previous installation files outside the Python library path are being ignored: /home/matthieu/ros2_ws/install/web_control/share/web_control/web/stream/webrtc/.venv/lib/python3.12/site-packages/dns/rdtypes/__pycache__/nsbase.cpython-312.pyc
[1.608s] DEBUG:colcon.colcon_core.task.python.build:While undoing a previous installation files outside the Python library path are being ignored: /home/matthieu/ros2_ws/install/web_control/share/web_control/web/stream/webrtc/.venv/lib/python3.12/site-packages/dns/rdtypes/__pycache__/util.cpython-312.pyc
[1.608s] DEBUG:colcon.colcon_core.task.python.build:While undoing a previous installation files outside the Python library path are being ignored: /home/matthieu/ros2_ws/install/web_control/share/web_control/web/stream/webrtc/.venv/lib/python3.12/site-packages/dns/rdtypes/__pycache__/__init__.cpython-312.pyc
[1.608s] DEBUG:colcon.colcon_core.task.python.build:While undoing a previous installation files outside the Python library path are being ignored: /home/matthieu/ros2_ws/install/web_control/share/web_control/web/stream/webrtc/.venv/lib/python3.12/site-packages/dns/rdtypes/ANY/L64.py
[1.608s] DEBUG:colcon.colcon_core.task.python.build:While undoing a previous installation files outside the Python library path are being ignored: /home/matthieu/ros2_ws/install/web_control/share/web_control/web/stream/webrtc/.venv/lib/python3.12/site-packages/dns/rdtypes/ANY/CSYNC.py
[1.608s] DEBUG:colcon.colcon_core.task.python.build:While undoing a previous installation files outside the Python library path are being ignored: /home/matthieu/ros2_ws/install/web_control/share/web_control/web/stream/webrtc/.venv/lib/python3.12/site-packages/dns/rdtypes/ANY/WALLET.py
[1.608s] DEBUG:colcon.colcon_core.task.python.build:While undoing a previous installation files outside the Python library path are being ignored: /home/matthieu/ros2_ws/install/web_control/share/web_control/web/stream/webrtc/.venv/lib/python3.12/site-packages/dns/rdtypes/ANY/CNAME.py
[1.608s] DEBUG:colcon.colcon_core.task.python.build:While undoing a previous installation files outside the Python library path are being ignored: /home/matthieu/ros2_ws/install/web_control/share/web_control/web/stream/webrtc/.venv/lib/python3.12/site-packages/dns/rdtypes/ANY/SOA.py
[1.608s] DEBUG:colcon.colcon_core.task.python.build:While undoing a previous installation files outside the Python library path are being ignored: /home/matthieu/ros2_ws/install/web_control/share/web_control/web/stream/webrtc/.venv/lib/python3.12/site-packages/dns/rdtypes/ANY/DS.py
[1.608s] DEBUG:colcon.colcon_core.task.python.build:While undoing a previous installation files outside the Python library path are being ignored: /home/matthieu/ros2_ws/install/web_control/share/web_control/web/stream/webrtc/.venv/lib/python3.12/site-packages/dns/rdtypes/ANY/SSHFP.py
[1.608s] DEBUG:colcon.colcon_core.task.python.build:While undoing a previous installation files outside the Python library path are being ignored: /home/matthieu/ros2_ws/install/web_control/share/web_control/web/stream/webrtc/.venv/lib/python3.12/site-packages/dns/rdtypes/ANY/CDNSKEY.py
[1.608s] DEBUG:colcon.colcon_core.task.python.build:While undoing a previous installation files outside the Python library path are being ignored: /home/matthieu/ros2_ws/install/web_control/share/web_control/web/stream/webrtc/.venv/lib/python3.12/site-packages/dns/rdtypes/ANY/TLSA.py
[1.608s] DEBUG:colcon.colcon_core.task.python.build:While undoing a previous installation files outside the Python library path are being ignored: /home/matthieu/ros2_ws/install/web_control/share/web_control/web/stream/webrtc/.venv/lib/python3.12/site-packages/dns/rdtypes/ANY/OPENPGPKEY.py
[1.608s] DEBUG:colcon.colcon_core.task.python.build:While undoing a previous installation files outside the Python library path are being ignored: /home/matthieu/ros2_ws/install/web_control/share/web_control/web/stream/webrtc/.venv/lib/python3.12/site-packages/dns/rdtypes/ANY/URI.py
[1.608s] DEBUG:colcon.colcon_core.task.python.build:While undoing a previous installation files outside the Python library path are being ignored: /home/matthieu/ros2_ws/install/web_control/share/web_control/web/stream/webrtc/.venv/lib/python3.12/site-packages/dns/rdtypes/ANY/X25.py
[1.608s] DEBUG:colcon.colcon_core.task.python.build:While undoing a previous installation files outside the Python library path are being ignored: /home/matthieu/ros2_ws/install/web_control/share/web_control/web/stream/webrtc/.venv/lib/python3.12/site-packages/dns/rdtypes/ANY/RP.py
[1.608s] DEBUG:colcon.colcon_core.task.python.build:While undoing a previous installation files outside the Python library path are being ignored: /home/matthieu/ros2_ws/install/web_control/share/web_control/web/stream/webrtc/.venv/lib/python3.12/site-packages/dns/rdtypes/ANY/CAA.py
[1.608s] DEBUG:colcon.colcon_core.task.python.build:While undoing a previous installation files outside the Python library path are being ignored: /home/matthieu/ros2_ws/install/web_control/share/web_control/web/stream/webrtc/.venv/lib/python3.12/site-packages/dns/rdtypes/ANY/EUI48.py
[1.608s] DEBUG:colcon.colcon_core.task.python.build:While undoing a previous installation files outside the Python library path are being ignored: /home/matthieu/ros2_ws/install/web_control/share/web_control/web/stream/webrtc/.venv/lib/python3.12/site-packages/dns/rdtypes/ANY/CERT.py
[1.608s] DEBUG:colcon.colcon_core.task.python.build:While undoing a previous installation files outside the Python library path are being ignored: /home/matthieu/ros2_ws/install/web_control/share/web_control/web/stream/webrtc/.venv/lib/python3.12/site-packages/dns/rdtypes/ANY/TKEY.py
[1.608s] DEBUG:colcon.colcon_core.task.python.build:While undoing a previous installation files outside the Python library path are being ignored: /home/matthieu/ros2_ws/install/web_control/share/web_control/web/stream/webrtc/.venv/lib/python3.12/site-packages/dns/rdtypes/ANY/ISDN.py
[1.608s] DEBUG:colcon.colcon_core.task.python.build:While undoing a previous installation files outside the Python library path are being ignored: /home/matthieu/ros2_ws/install/web_control/share/web_control/web/stream/webrtc/.venv/lib/python3.12/site-packages/dns/rdtypes/ANY/PTR.py
[1.608s] DEBUG:colcon.colcon_core.task.python.build:While undoing a previous installation files outside the Python library path are being ignored: /home/matthieu/ros2_ws/install/web_control/share/web_control/web/stream/webrtc/.venv/lib/python3.12/site-packages/dns/rdtypes/ANY/CDS.py
[1.608s] DEBUG:colcon.colcon_core.task.python.build:While undoing a previous installation files outside the Python library path are being ignored: /home/matthieu/ros2_ws/install/web_control/share/web_control/web/stream/webrtc/.venv/lib/python3.12/site-packages/dns/rdtypes/ANY/DNAME.py
[1.608s] DEBUG:colcon.colcon_core.task.python.build:While undoing a previous installation files outside the Python library path are being ignored: /home/matthieu/ros2_ws/install/web_control/share/web_control/web/stream/webrtc/.venv/lib/python3.12/site-packages/dns/rdtypes/ANY/OPT.py
[1.608s] DEBUG:colcon.colcon_core.task.python.build:While undoing a previous installation files outside the Python library path are being ignored: /home/matthieu/ros2_ws/install/web_control/share/web_control/web/stream/webrtc/.venv/lib/python3.12/site-packages/dns/rdtypes/ANY/NID.py
[1.608s] DEBUG:colcon.colcon_core.task.python.build:While undoing a previous installation files outside the Python library path are being ignored: /home/matthieu/ros2_ws/install/web_control/share/web_control/web/stream/webrtc/.venv/lib/python3.12/site-packages/dns/rdtypes/ANY/L32.py
[1.608s] DEBUG:colcon.colcon_core.task.python.build:While undoing a previous installation files outside the Python library path are being ignored: /home/matthieu/ros2_ws/install/web_control/share/web_control/web/stream/webrtc/.venv/lib/python3.12/site-packages/dns/rdtypes/ANY/DSYNC.py
[1.608s] DEBUG:colcon.colcon_core.task.python.build:While undoing a previous installation files outside the Python library path are being ignored: /home/matthieu/ros2_ws/install/web_control/share/web_control/web/stream/webrtc/.venv/lib/python3.12/site-packages/dns/rdtypes/ANY/AFSDB.py
[1.608s] DEBUG:colcon.colcon_core.task.python.build:While undoing a previous installation files outside the Python library path are being ignored: /home/matthieu/ros2_ws/install/web_control/share/web_control/web/stream/webrtc/.venv/lib/python3.12/site-packages/dns/rdtypes/ANY/TXT.py
[1.608s] DEBUG:colcon.colcon_core.task.python.build:While undoing a previous installation files outside the Python library path are being ignored: /home/matthieu/ros2_ws/install/web_control/share/web_control/web/stream/webrtc/.venv/lib/python3.12/site-packages/dns/rdtypes/ANY/AVC.py
[1.609s] DEBUG:colcon.colcon_core.task.python.build:While undoing a previous installation files outside the Python library path are being ignored: /home/matthieu/ros2_ws/install/web_control/share/web_control/web/stream/webrtc/.venv/lib/python3.12/site-packages/dns/rdtypes/ANY/EUI64.py
[1.609s] DEBUG:colcon.colcon_core.task.python.build:While undoing a previous installation files outside the Python library path are being ignored: /home/matthieu/ros2_ws/install/web_control/share/web_control/web/stream/webrtc/.venv/lib/python3.12/site-packages/dns/rdtypes/ANY/TSIG.py
[1.609s] DEBUG:colcon.colcon_core.task.python.build:While undoing a previous installation files outside the Python library path are being ignored: /home/matthieu/ros2_ws/install/web_control/share/web_control/web/stream/webrtc/.venv/lib/python3.12/site-packages/dns/rdtypes/ANY/GPOS.py
[1.609s] DEBUG:colcon.colcon_core.task.python.build:While undoing a previous installation files outside the Python library path are being ignored: /home/matthieu/ros2_ws/install/web_control/share/web_control/web/stream/webrtc/.venv/lib/python3.12/site-packages/dns/rdtypes/ANY/HIP.py
[1.609s] DEBUG:colcon.colcon_core.task.python.build:While undoing a previous installation files outside the Python library path are being ignored: /home/matthieu/ros2_ws/install/web_control/share/web_control/web/stream/webrtc/.venv/lib/python3.12/site-packages/dns/rdtypes/ANY/MX.py
[1.609s] DEBUG:colcon.colcon_core.task.python.build:While undoing a previous installation files outside the Python library path are being ignored: /home/matthieu/ros2_ws/install/web_control/share/web_control/web/stream/webrtc/.venv/lib/python3.12/site-packages/dns/rdtypes/ANY/NINFO.py
[1.609s] DEBUG:colcon.colcon_core.task.python.build:While undoing a previous installation files outside the Python library path are being ignored: /home/matthieu/ros2_ws/install/web_control/share/web_control/web/stream/webrtc/.venv/lib/python3.12/site-packages/dns/rdtypes/ANY/SPF.py
[1.609s] DEBUG:colcon.colcon_core.task.python.build:While undoing a previous installation files outside the Python library path are being ignored: /home/matthieu/ros2_ws/install/web_control/share/web_control/web/stream/webrtc/.venv/lib/python3.12/site-packages/dns/rdtypes/ANY/LP.py
[1.609s] DEBUG:colcon.colcon_core.task.python.build:While undoing a previous installation files outside the Python library path are being ignored: /home/matthieu/ros2_ws/install/web_control/share/web_control/web/stream/webrtc/.venv/lib/python3.12/site-packages/dns/rdtypes/ANY/NSEC.py
[1.609s] DEBUG:colcon.colcon_core.task.python.build:While undoing a previous installation files outside the Python library path are being ignored: /home/matthieu/ros2_ws/install/web_control/share/web_control/web/stream/webrtc/.venv/lib/python3.12/site-packages/dns/rdtypes/ANY/SMIMEA.py
[1.609s] DEBUG:colcon.colcon_core.task.python.build:While undoing a previous installation files outside the Python library path are being ignored: /home/matthieu/ros2_ws/install/web_control/share/web_control/web/stream/webrtc/.venv/lib/python3.12/site-packages/dns/rdtypes/ANY/RRSIG.py
[1.609s] DEBUG:colcon.colcon_core.task.python.build:While undoing a previous installation files outside the Python library path are being ignored: /home/matthieu/ros2_ws/install/web_control/share/web_control/web/stream/webrtc/.venv/lib/python3.12/site-packages/dns/rdtypes/ANY/ZONEMD.py
[1.609s] DEBUG:colcon.colcon_core.task.python.build:While undoing a previous installation files outside the Python library path are being ignored: /home/matthieu/ros2_ws/install/web_control/share/web_control/web/stream/webrtc/.venv/lib/python3.12/site-packages/dns/rdtypes/ANY/NSEC3PARAM.py
[1.609s] DEBUG:colcon.colcon_core.task.python.build:While undoing a previous installation files outside the Python library path are being ignored: /home/matthieu/ros2_ws/install/web_control/share/web_control/web/stream/webrtc/.venv/lib/python3.12/site-packages/dns/rdtypes/ANY/NSEC3.py
[1.609s] DEBUG:colcon.colcon_core.task.python.build:While undoing a previous installation files outside the Python library path are being ignored: /home/matthieu/ros2_ws/install/web_control/share/web_control/web/stream/webrtc/.venv/lib/python3.12/site-packages/dns/rdtypes/ANY/RESINFO.py
[1.609s] DEBUG:colcon.colcon_core.task.python.build:While undoing a previous installation files outside the Python library path are being ignored: /home/matthieu/ros2_ws/install/web_control/share/web_control/web/stream/webrtc/.venv/lib/python3.12/site-packages/dns/rdtypes/ANY/HINFO.py
[1.609s] DEBUG:colcon.colcon_core.task.python.build:While undoing a previous installation files outside the Python library path are being ignored: /home/matthieu/ros2_ws/install/web_control/share/web_control/web/stream/webrtc/.venv/lib/python3.12/site-packages/dns/rdtypes/ANY/AMTRELAY.py
[1.609s] DEBUG:colcon.colcon_core.task.python.build:While undoing a previous installation files outside the Python library path are being ignored: /home/matthieu/ros2_ws/install/web_control/share/web_control/web/stream/webrtc/.venv/lib/python3.12/site-packages/dns/rdtypes/ANY/RT.py
[1.609s] DEBUG:colcon.colcon_core.task.python.build:While undoing a previous installation files outside the Python library path are being ignored: /home/matthieu/ros2_ws/install/web_control/share/web_control/web/stream/webrtc/.venv/lib/python3.12/site-packages/dns/rdtypes/ANY/NS.py
[1.609s] DEBUG:colcon.colcon_core.task.python.build:While undoing a previous installation files outside the Python library path are being ignored: /home/matthieu/ros2_ws/install/web_control/share/web_control/web/stream/webrtc/.venv/lib/python3.12/site-packages/dns/rdtypes/ANY/DNSKEY.py
[1.609s] DEBUG:colcon.colcon_core.task.python.build:While undoing a previous installation files outside the Python library path are being ignored: /home/matthieu/ros2_ws/install/web_control/share/web_control/web/stream/webrtc/.venv/lib/python3.12/site-packages/dns/rdtypes/ANY/DLV.py
[1.609s] DEBUG:colcon.colcon_core.task.python.build:While undoing a previous installation files outside the Python library path are being ignored: /home/matthieu/ros2_ws/install/web_control/share/web_control/web/stream/webrtc/.venv/lib/python3.12/site-packages/dns/rdtypes/ANY/LOC.py
[1.609s] DEBUG:colcon.colcon_core.task.python.build:While undoing a previous installation files outside the Python library path are being ignored: /home/matthieu/ros2_ws/install/web_control/share/web_control/web/stream/webrtc/.venv/lib/python3.12/site-packages/dns/rdtypes/ANY/__init__.py
[1.609s] DEBUG:colcon.colcon_core.task.python.build:While undoing a previous installation files outside the Python library path are being ignored: /home/matthieu/ros2_ws/install/web_control/share/web_control/web/stream/webrtc/.venv/lib/python3.12/site-packages/dns/rdtypes/ANY/__pycache__/TLSA.cpython-312.pyc
[1.609s] DEBUG:colcon.colcon_core.task.python.build:While undoing a previous installation files outside the Python library path are being ignored: /home/matthieu/ros2_ws/install/web_control/share/web_control/web/stream/webrtc/.venv/lib/python3.12/site-packages/dns/rdtypes/ANY/__pycache__/NID.cpython-312.pyc
[1.609s] DEBUG:colcon.colcon_core.task.python.build:While undoing a previous installation files outside the Python library path are being ignored: /home/matthieu/ros2_ws/install/web_control/share/web_control/web/stream/webrtc/.venv/lib/python3.12/site-packages/dns/rdtypes/ANY/__pycache__/SSHFP.cpython-312.pyc
[1.609s] DEBUG:colcon.colcon_core.task.python.build:While undoing a previous installation files outside the Python library path are being ignored: /home/matthieu/ros2_ws/install/web_control/share/web_control/web/stream/webrtc/.venv/lib/python3.12/site-packages/dns/rdtypes/ANY/__pycache__/SPF.cpython-312.pyc
[1.609s] DEBUG:colcon.colcon_core.task.python.build:While undoing a previous installation files outside the Python library path are being ignored: /home/matthieu/ros2_ws/install/web_control/share/web_control/web/stream/webrtc/.venv/lib/python3.12/site-packages/dns/rdtypes/ANY/__pycache__/RT.cpython-312.pyc
[1.609s] DEBUG:colcon.colcon_core.task.python.build:While undoing a previous installation files outside the Python library path are being ignored: /home/matthieu/ros2_ws/install/web_control/share/web_control/web/stream/webrtc/.venv/lib/python3.12/site-packages/dns/rdtypes/ANY/__pycache__/HIP.cpython-312.pyc
[1.609s] DEBUG:colcon.colcon_core.task.python.build:While undoing a previous installation files outside the Python library path are being ignored: /home/matthieu/ros2_ws/install/web_control/share/web_control/web/stream/webrtc/.venv/lib/python3.12/site-packages/dns/rdtypes/ANY/__pycache__/GPOS.cpython-312.pyc
[1.609s] DEBUG:colcon.colcon_core.task.python.build:While undoing a previous installation files outside the Python library path are being ignored: /home/matthieu/ros2_ws/install/web_control/share/web_control/web/stream/webrtc/.venv/lib/python3.12/site-packages/dns/rdtypes/ANY/__pycache__/ZONEMD.cpython-312.pyc
[1.609s] DEBUG:colcon.colcon_core.task.python.build:While undoing a previous installation files outside the Python library path are being ignored: /home/matthieu/ros2_ws/install/web_control/share/web_control/web/stream/webrtc/.venv/lib/python3.12/site-packages/dns/rdtypes/ANY/__pycache__/CAA.cpython-312.pyc
[1.609s] DEBUG:colcon.colcon_core.task.python.build:While undoing a previous installation files outside the Python library path are being ignored: /home/matthieu/ros2_ws/install/web_control/share/web_control/web/stream/webrtc/.venv/lib/python3.12/site-packages/dns/rdtypes/ANY/__pycache__/RP.cpython-312.pyc
[1.610s] DEBUG:colcon.colcon_core.task.python.build:While undoing a previous installation files outside the Python library path are being ignored: /home/matthieu/ros2_ws/install/web_control/share/web_control/web/stream/webrtc/.venv/lib/python3.12/site-packages/dns/rdtypes/ANY/__pycache__/RRSIG.cpython-312.pyc
[1.610s] DEBUG:colcon.colcon_core.task.python.build:While undoing a previous installation files outside the Python library path are being ignored: /home/matthieu/ros2_ws/install/web_control/share/web_control/web/stream/webrtc/.venv/lib/python3.12/site-packages/dns/rdtypes/ANY/__pycache__/CERT.cpython-312.pyc
[1.610s] DEBUG:colcon.colcon_core.task.python.build:While undoing a previous installation files outside the Python library path are being ignored: /home/matthieu/ros2_ws/install/web_control/share/web_control/web/stream/webrtc/.venv/lib/python3.12/site-packages/dns/rdtypes/ANY/__pycache__/OPENPGPKEY.cpython-312.pyc
[1.610s] DEBUG:colcon.colcon_core.task.python.build:While undoing a previous installation files outside the Python library path are being ignored: /home/matthieu/ros2_ws/install/web_control/share/web_control/web/stream/webrtc/.venv/lib/python3.12/site-packages/dns/rdtypes/ANY/__pycache__/WALLET.cpython-312.pyc
[1.610s] DEBUG:colcon.colcon_core.task.python.build:While undoing a previous installation files outside the Python library path are being ignored: /home/matthieu/ros2_ws/install/web_control/share/web_control/web/stream/webrtc/.venv/lib/python3.12/site-packages/dns/rdtypes/ANY/__pycache__/SMIMEA.cpython-312.pyc
[1.610s] DEBUG:colcon.colcon_core.task.python.build:While undoing a previous installation files outside the Python library path are being ignored: /home/matthieu/ros2_ws/install/web_control/share/web_control/web/stream/webrtc/.venv/lib/python3.12/site-packages/dns/rdtypes/ANY/__pycache__/EUI64.cpython-312.pyc
[1.610s] DEBUG:colcon.colcon_core.task.python.build:While undoing a previous installation files outside the Python library path are being ignored: /home/matthieu/ros2_ws/install/web_control/share/web_control/web/stream/webrtc/.venv/lib/python3.12/site-packages/dns/rdtypes/ANY/__pycache__/X25.cpython-312.pyc
[1.610s] DEBUG:colcon.colcon_core.task.python.build:While undoing a previous installation files outside the Python library path are being ignored: /home/matthieu/ros2_ws/install/web_control/share/web_control/web/stream/webrtc/.venv/lib/python3.12/site-packages/dns/rdtypes/ANY/__pycache__/DNAME.cpython-312.pyc
[1.610s] DEBUG:colcon.colcon_core.task.python.build:While undoing a previous installation files outside the Python library path are being ignored: /home/matthieu/ros2_ws/install/web_control/share/web_control/web/stream/webrtc/.venv/lib/python3.12/site-packages/dns/rdtypes/ANY/__pycache__/NS.cpython-312.pyc
[1.610s] DEBUG:colcon.colcon_core.task.python.build:While undoing a previous installation files outside the Python library path are being ignored: /home/matthieu/ros2_ws/install/web_control/share/web_control/web/stream/webrtc/.venv/lib/python3.12/site-packages/dns/rdtypes/ANY/__pycache__/CDS.cpython-312.pyc
[1.610s] DEBUG:colcon.colcon_core.task.python.build:While undoing a previous installation files outside the Python library path are being ignored: /home/matthieu/ros2_ws/install/web_control/share/web_control/web/stream/webrtc/.venv/lib/python3.12/site-packages/dns/rdtypes/ANY/__pycache__/CNAME.cpython-312.pyc
[1.610s] DEBUG:colcon.colcon_core.task.python.build:While undoing a previous installation files outside the Python library path are being ignored: /home/matthieu/ros2_ws/install/web_control/share/web_control/web/stream/webrtc/.venv/lib/python3.12/site-packages/dns/rdtypes/ANY/__pycache__/AVC.cpython-312.pyc
[1.610s] DEBUG:colcon.colcon_core.task.python.build:While undoing a previous installation files outside the Python library path are being ignored: /home/matthieu/ros2_ws/install/web_control/share/web_control/web/stream/webrtc/.venv/lib/python3.12/site-packages/dns/rdtypes/ANY/__pycache__/CSYNC.cpython-312.pyc
[1.610s] DEBUG:colcon.colcon_core.task.python.build:While undoing a previous installation files outside the Python library path are being ignored: /home/matthieu/ros2_ws/install/web_control/share/web_control/web/stream/webrtc/.venv/lib/python3.12/site-packages/dns/rdtypes/ANY/__pycache__/TXT.cpython-312.pyc
[1.610s] DEBUG:colcon.colcon_core.task.python.build:While undoing a previous installation files outside the Python library path are being ignored: /home/matthieu/ros2_ws/install/web_control/share/web_control/web/stream/webrtc/.venv/lib/python3.12/site-packages/dns/rdtypes/ANY/__pycache__/L64.cpython-312.pyc
[1.610s] DEBUG:colcon.colcon_core.task.python.build:While undoing a previous installation files outside the Python library path are being ignored: /home/matthieu/ros2_ws/install/web_control/share/web_control/web/stream/webrtc/.venv/lib/python3.12/site-packages/dns/rdtypes/ANY/__pycache__/EUI48.cpython-312.pyc
[1.610s] DEBUG:colcon.colcon_core.task.python.build:While undoing a previous installation files outside the Python library path are being ignored: /home/matthieu/ros2_ws/install/web_control/share/web_control/web/stream/webrtc/.venv/lib/python3.12/site-packages/dns/rdtypes/ANY/__pycache__/PTR.cpython-312.pyc
[1.610s] DEBUG:colcon.colcon_core.task.python.build:While undoing a previous installation files outside the Python library path are being ignored: /home/matthieu/ros2_ws/install/web_control/share/web_control/web/stream/webrtc/.venv/lib/python3.12/site-packages/dns/rdtypes/ANY/__pycache__/NSEC.cpython-312.pyc
[1.610s] DEBUG:colcon.colcon_core.task.python.build:While undoing a previous installation files outside the Python library path are being ignored: /home/matthieu/ros2_ws/install/web_control/share/web_control/web/stream/webrtc/.venv/lib/python3.12/site-packages/dns/rdtypes/ANY/__pycache__/OPT.cpython-312.pyc
[1.610s] DEBUG:colcon.colcon_core.task.python.build:While undoing a previous installation files outside the Python library path are being ignored: /home/matthieu/ros2_ws/install/web_control/share/web_control/web/stream/webrtc/.venv/lib/python3.12/site-packages/dns/rdtypes/ANY/__pycache__/DLV.cpython-312.pyc
[1.610s] DEBUG:colcon.colcon_core.task.python.build:While undoing a previous installation files outside the Python library path are being ignored: /home/matthieu/ros2_ws/install/web_control/share/web_control/web/stream/webrtc/.venv/lib/python3.12/site-packages/dns/rdtypes/ANY/__pycache__/DS.cpython-312.pyc
[1.610s] DEBUG:colcon.colcon_core.task.python.build:While undoing a previous installation files outside the Python library path are being ignored: /home/matthieu/ros2_ws/install/web_control/share/web_control/web/stream/webrtc/.venv/lib/python3.12/site-packages/dns/rdtypes/ANY/__pycache__/LP.cpython-312.pyc
[1.610s] DEBUG:colcon.colcon_core.task.python.build:While undoing a previous installation files outside the Python library path are being ignored: /home/matthieu/ros2_ws/install/web_control/share/web_control/web/stream/webrtc/.venv/lib/python3.12/site-packages/dns/rdtypes/ANY/__pycache__/HINFO.cpython-312.pyc
[1.610s] DEBUG:colcon.colcon_core.task.python.build:While undoing a previous installation files outside the Python library path are being ignored: /home/matthieu/ros2_ws/install/web_control/share/web_control/web/stream/webrtc/.venv/lib/python3.12/site-packages/dns/rdtypes/ANY/__pycache__/DSYNC.cpython-312.pyc
[1.610s] DEBUG:colcon.colcon_core.task.python.build:While undoing a previous installation files outside the Python library path are being ignored: /home/matthieu/ros2_ws/install/web_control/share/web_control/web/stream/webrtc/.venv/lib/python3.12/site-packages/dns/rdtypes/ANY/__pycache__/LOC.cpython-312.pyc
[1.610s] DEBUG:colcon.colcon_core.task.python.build:While undoing a previous installation files outside the Python library path are being ignored: /home/matthieu/ros2_ws/install/web_control/share/web_control/web/stream/webrtc/.venv/lib/python3.12/site-packages/dns/rdtypes/ANY/__pycache__/NSEC3.cpython-312.pyc
[1.610s] DEBUG:colcon.colcon_core.task.python.build:While undoing a previous installation files outside the Python library path are being ignored: /home/matthieu/ros2_ws/install/web_control/share/web_control/web/stream/webrtc/.venv/lib/python3.12/site-packages/dns/rdtypes/ANY/__pycache__/TKEY.cpython-312.pyc
[1.610s] DEBUG:colcon.colcon_core.task.python.build:While undoing a previous installation files outside the Python library path are being ignored: /home/matthieu/ros2_ws/install/web_control/share/web_control/web/stream/webrtc/.venv/lib/python3.12/site-packages/dns/rdtypes/ANY/__pycache__/TSIG.cpython-312.pyc
[1.610s] DEBUG:colcon.colcon_core.task.python.build:While undoing a previous installation files outside the Python library path are being ignored: /home/matthieu/ros2_ws/install/web_control/share/web_control/web/stream/webrtc/.venv/lib/python3.12/site-packages/dns/rdtypes/ANY/__pycache__/__init__.cpython-312.pyc
[1.610s] DEBUG:colcon.colcon_core.task.python.build:While undoing a previous installation files outside the Python library path are being ignored: /home/matthieu/ros2_ws/install/web_control/share/web_control/web/stream/webrtc/.venv/lib/python3.12/site-packages/dns/rdtypes/ANY/__pycache__/L32.cpython-312.pyc
[1.610s] DEBUG:colcon.colcon_core.task.python.build:While undoing a previous installation files outside the Python library path are being ignored: /home/matthieu/ros2_ws/install/web_control/share/web_control/web/stream/webrtc/.venv/lib/python3.12/site-packages/dns/rdtypes/ANY/__pycache__/NINFO.cpython-312.pyc
[1.610s] DEBUG:colcon.colcon_core.task.python.build:While undoing a previous installation files outside the Python library path are being ignored: /home/matthieu/ros2_ws/install/web_control/share/web_control/web/stream/webrtc/.venv/lib/python3.12/site-packages/dns/rdtypes/ANY/__pycache__/RESINFO.cpython-312.pyc
[1.610s] DEBUG:colcon.colcon_core.task.python.build:While undoing a previous installation files outside the Python library path are being ignored: /home/matthieu/ros2_ws/install/web_control/share/web_control/web/stream/webrtc/.venv/lib/python3.12/site-packages/dns/rdtypes/ANY/__pycache__/SOA.cpython-312.pyc
[1.610s] DEBUG:colcon.colcon_core.task.python.build:While undoing a previous installation files outside the Python library path are being ignored: /home/matthieu/ros2_ws/install/web_control/share/web_control/web/stream/webrtc/.venv/lib/python3.12/site-packages/dns/rdtypes/ANY/__pycache__/DNSKEY.cpython-312.pyc
[1.610s] DEBUG:colcon.colcon_core.task.python.build:While undoing a previous installation files outside the Python library path are being ignored: /home/matthieu/ros2_ws/install/web_control/share/web_control/web/stream/webrtc/.venv/lib/python3.12/site-packages/dns/rdtypes/ANY/__pycache__/CDNSKEY.cpython-312.pyc
[1.610s] DEBUG:colcon.colcon_core.task.python.build:While undoing a previous installation files outside the Python library path are being ignored: /home/matthieu/ros2_ws/install/web_control/share/web_control/web/stream/webrtc/.venv/lib/python3.12/site-packages/dns/rdtypes/ANY/__pycache__/MX.cpython-312.pyc
[1.611s] DEBUG:colcon.colcon_core.task.python.build:While undoing a previous installation files outside the Python library path are being ignored: /home/matthieu/ros2_ws/install/web_control/share/web_control/web/stream/webrtc/.venv/lib/python3.12/site-packages/dns/rdtypes/ANY/__pycache__/AFSDB.cpython-312.pyc
[1.611s] DEBUG:colcon.colcon_core.task.python.build:While undoing a previous installation files outside the Python library path are being ignored: /home/matthieu/ros2_ws/install/web_control/share/web_control/web/stream/webrtc/.venv/lib/python3.12/site-packages/dns/rdtypes/ANY/__pycache__/NSEC3PARAM.cpython-312.pyc
[1.611s] DEBUG:colcon.colcon_core.task.python.build:While undoing a previous installation files outside the Python library path are being ignored: /home/matthieu/ros2_ws/install/web_control/share/web_control/web/stream/webrtc/.venv/lib/python3.12/site-packages/dns/rdtypes/ANY/__pycache__/ISDN.cpython-312.pyc
[1.611s] DEBUG:colcon.colcon_core.task.python.build:While undoing a previous installation files outside the Python library path are being ignored: /home/matthieu/ros2_ws/install/web_control/share/web_control/web/stream/webrtc/.venv/lib/python3.12/site-packages/dns/rdtypes/ANY/__pycache__/URI.cpython-312.pyc
[1.611s] DEBUG:colcon.colcon_core.task.python.build:While undoing a previous installation files outside the Python library path are being ignored: /home/matthieu/ros2_ws/install/web_control/share/web_control/web/stream/webrtc/.venv/lib/python3.12/site-packages/dns/rdtypes/ANY/__pycache__/AMTRELAY.cpython-312.pyc
[1.611s] DEBUG:colcon.colcon_core.task.python.build:While undoing a previous installation files outside the Python library path are being ignored: /home/matthieu/ros2_ws/install/web_control/share/web_control/web/stream/webrtc/.venv/lib/python3.12/site-packages/dns/rdtypes/CH/A.py
[1.611s] DEBUG:colcon.colcon_core.task.python.build:While undoing a previous installation files outside the Python library path are being ignored: /home/matthieu/ros2_ws/install/web_control/share/web_control/web/stream/webrtc/.venv/lib/python3.12/site-packages/dns/rdtypes/CH/__init__.py
[1.611s] DEBUG:colcon.colcon_core.task.python.build:While undoing a previous installation files outside the Python library path are being ignored: /home/matthieu/ros2_ws/install/web_control/share/web_control/web/stream/webrtc/.venv/lib/python3.12/site-packages/dns/rdtypes/CH/__pycache__/A.cpython-312.pyc
[1.611s] DEBUG:colcon.colcon_core.task.python.build:While undoing a previous installation files outside the Python library path are being ignored: /home/matthieu/ros2_ws/install/web_control/share/web_control/web/stream/webrtc/.venv/lib/python3.12/site-packages/dns/rdtypes/CH/__pycache__/__init__.cpython-312.pyc
[1.611s] DEBUG:colcon.colcon_core.task.python.build:While undoing a previous installation files outside the Python library path are being ignored: /home/matthieu/ros2_ws/install/web_control/share/web_control/web/stream/webrtc/.venv/lib/python3.12/site-packages/cryptography/__about__.py
[1.611s] DEBUG:colcon.colcon_core.task.python.build:While undoing a previous installation files outside the Python library path are being ignored: /home/matthieu/ros2_ws/install/web_control/share/web_control/web/stream/webrtc/.venv/lib/python3.12/site-packages/cryptography/fernet.py
[1.611s] DEBUG:colcon.colcon_core.task.python.build:While undoing a previous installation files outside the Python library path are being ignored: /home/matthieu/ros2_ws/install/web_control/share/web_control/web/stream/webrtc/.venv/lib/python3.12/site-packages/cryptography/py.typed
[1.611s] DEBUG:colcon.colcon_core.task.python.build:While undoing a previous installation files outside the Python library path are being ignored: /home/matthieu/ros2_ws/install/web_control/share/web_control/web/stream/webrtc/.venv/lib/python3.12/site-packages/cryptography/exceptions.py
[1.611s] DEBUG:colcon.colcon_core.task.python.build:While undoing a previous installation files outside the Python library path are being ignored: /home/matthieu/ros2_ws/install/web_control/share/web_control/web/stream/webrtc/.venv/lib/python3.12/site-packages/cryptography/utils.py
[1.611s] DEBUG:colcon.colcon_core.task.python.build:While undoing a previous installation files outside the Python library path are being ignored: /home/matthieu/ros2_ws/install/web_control/share/web_control/web/stream/webrtc/.venv/lib/python3.12/site-packages/cryptography/__init__.py
[1.611s] DEBUG:colcon.colcon_core.task.python.build:While undoing a previous installation files outside the Python library path are being ignored: /home/matthieu/ros2_ws/install/web_control/share/web_control/web/stream/webrtc/.venv/lib/python3.12/site-packages/cryptography/hazmat/_oid.py
[1.611s] DEBUG:colcon.colcon_core.task.python.build:While undoing a previous installation files outside the Python library path are being ignored: /home/matthieu/ros2_ws/install/web_control/share/web_control/web/stream/webrtc/.venv/lib/python3.12/site-packages/cryptography/hazmat/__init__.py
[1.611s] DEBUG:colcon.colcon_core.task.python.build:While undoing a previous installation files outside the Python library path are being ignored: /home/matthieu/ros2_ws/install/web_control/share/web_control/web/stream/webrtc/.venv/lib/python3.12/site-packages/cryptography/hazmat/primitives/poly1305.py
[1.611s] DEBUG:colcon.colcon_core.task.python.build:While undoing a previous installation files outside the Python library path are being ignored: /home/matthieu/ros2_ws/install/web_control/share/web_control/web/stream/webrtc/.venv/lib/python3.12/site-packages/cryptography/hazmat/primitives/padding.py
[1.611s] DEBUG:colcon.colcon_core.task.python.build:While undoing a previous installation files outside the Python library path are being ignored: /home/matthieu/ros2_ws/install/web_control/share/web_control/web/stream/webrtc/.venv/lib/python3.12/site-packages/cryptography/hazmat/primitives/keywrap.py
[1.611s] DEBUG:colcon.colcon_core.task.python.build:While undoing a previous installation files outside the Python library path are being ignored: /home/matthieu/ros2_ws/install/web_control/share/web_control/web/stream/webrtc/.venv/lib/python3.12/site-packages/cryptography/hazmat/primitives/hashes.py
[1.611s] DEBUG:colcon.colcon_core.task.python.build:While undoing a previous installation files outside the Python library path are being ignored: /home/matthieu/ros2_ws/install/web_control/share/web_control/web/stream/webrtc/.venv/lib/python3.12/site-packages/cryptography/hazmat/primitives/_serialization.py
[1.611s] DEBUG:colcon.colcon_core.task.python.build:While undoing a previous installation files outside the Python library path are being ignored: /home/matthieu/ros2_ws/install/web_control/share/web_control/web/stream/webrtc/.venv/lib/python3.12/site-packages/cryptography/hazmat/primitives/constant_time.py
[1.611s] DEBUG:colcon.colcon_core.task.python.build:While undoing a previous installation files outside the Python library path are being ignored: /home/matthieu/ros2_ws/install/web_control/share/web_control/web/stream/webrtc/.venv/lib/python3.12/site-packages/cryptography/hazmat/primitives/_asymmetric.py
[1.611s] DEBUG:colcon.colcon_core.task.python.build:While undoing a previous installation files outside the Python library path are being ignored: /home/matthieu/ros2_ws/install/web_control/share/web_control/web/stream/webrtc/.venv/lib/python3.12/site-packages/cryptography/hazmat/primitives/cmac.py
[1.611s] DEBUG:colcon.colcon_core.task.python.build:While undoing a previous installation files outside the Python library path are being ignored: /home/matthieu/ros2_ws/install/web_control/share/web_control/web/stream/webrtc/.venv/lib/python3.12/site-packages/cryptography/hazmat/primitives/hmac.py
[1.611s] DEBUG:colcon.colcon_core.task.python.build:While undoing a previous installation files outside the Python library path are being ignored: /home/matthieu/ros2_ws/install/web_control/share/web_control/web/stream/webrtc/.venv/lib/python3.12/site-packages/cryptography/hazmat/primitives/_cipheralgorithm.py
[1.611s] DEBUG:colcon.colcon_core.task.python.build:While undoing a previous installation files outside the Python library path are being ignored: /home/matthieu/ros2_ws/install/web_control/share/web_control/web/stream/webrtc/.venv/lib/python3.12/site-packages/cryptography/hazmat/primitives/__init__.py
[1.611s] DEBUG:colcon.colcon_core.task.python.build:While undoing a previous installation files outside the Python library path are being ignored: /home/matthieu/ros2_ws/install/web_control/share/web_control/web/stream/webrtc/.venv/lib/python3.12/site-packages/cryptography/hazmat/primitives/serialization/base.py
[1.611s] DEBUG:colcon.colcon_core.task.python.build:While undoing a previous installation files outside the Python library path are being ignored: /home/matthieu/ros2_ws/install/web_control/share/web_control/web/stream/webrtc/.venv/lib/python3.12/site-packages/cryptography/hazmat/primitives/serialization/ssh.py
[1.611s] DEBUG:colcon.colcon_core.task.python.build:While undoing a previous installation files outside the Python library path are being ignored: /home/matthieu/ros2_ws/install/web_control/share/web_control/web/stream/webrtc/.venv/lib/python3.12/site-packages/cryptography/hazmat/primitives/serialization/pkcs7.py
[1.611s] DEBUG:colcon.colcon_core.task.python.build:While undoing a previous installation files outside the Python library path are being ignored: /home/matthieu/ros2_ws/install/web_control/share/web_control/web/stream/webrtc/.venv/lib/python3.12/site-packages/cryptography/hazmat/primitives/serialization/pkcs12.py
[1.611s] DEBUG:colcon.colcon_core.task.python.build:While undoing a previous installation files outside the Python library path are being ignored: /home/matthieu/ros2_ws/install/web_control/share/web_control/web/stream/webrtc/.venv/lib/python3.12/site-packages/cryptography/hazmat/primitives/serialization/__init__.py
[1.611s] DEBUG:colcon.colcon_core.task.python.build:While undoing a previous installation files outside the Python library path are being ignored: /home/matthieu/ros2_ws/install/web_control/share/web_control/web/stream/webrtc/.venv/lib/python3.12/site-packages/cryptography/hazmat/primitives/serialization/__pycache__/base.cpython-312.pyc
[1.611s] DEBUG:colcon.colcon_core.task.python.build:While undoing a previous installation files outside the Python library path are being ignored: /home/matthieu/ros2_ws/install/web_control/share/web_control/web/stream/webrtc/.venv/lib/python3.12/site-packages/cryptography/hazmat/primitives/serialization/__pycache__/pkcs7.cpython-312.pyc
[1.611s] DEBUG:colcon.colcon_core.task.python.build:While undoing a previous installation files outside the Python library path are being ignored: /home/matthieu/ros2_ws/install/web_control/share/web_control/web/stream/webrtc/.venv/lib/python3.12/site-packages/cryptography/hazmat/primitives/serialization/__pycache__/ssh.cpython-312.pyc
[1.611s] DEBUG:colcon.colcon_core.task.python.build:While undoing a previous installation files outside the Python library path are being ignored: /home/matthieu/ros2_ws/install/web_control/share/web_control/web/stream/webrtc/.venv/lib/python3.12/site-packages/cryptography/hazmat/primitives/serialization/__pycache__/__init__.cpython-312.pyc
[1.611s] DEBUG:colcon.colcon_core.task.python.build:While undoing a previous installation files outside the Python library path are being ignored: /home/matthieu/ros2_ws/install/web_control/share/web_control/web/stream/webrtc/.venv/lib/python3.12/site-packages/cryptography/hazmat/primitives/serialization/__pycache__/pkcs12.cpython-312.pyc
[1.612s] DEBUG:colcon.colcon_core.task.python.build:While undoing a previous installation files outside the Python library path are being ignored: /home/matthieu/ros2_ws/install/web_control/share/web_control/web/stream/webrtc/.venv/lib/python3.12/site-packages/cryptography/hazmat/primitives/asymmetric/ed448.py
[1.612s] DEBUG:colcon.colcon_core.task.python.build:While undoing a previous installation files outside the Python library path are being ignored: /home/matthieu/ros2_ws/install/web_control/share/web_control/web/stream/webrtc/.venv/lib/python3.12/site-packages/cryptography/hazmat/primitives/asymmetric/padding.py
[1.612s] DEBUG:colcon.colcon_core.task.python.build:While undoing a previous installation files outside the Python library path are being ignored: /home/matthieu/ros2_ws/install/web_control/share/web_control/web/stream/webrtc/.venv/lib/python3.12/site-packages/cryptography/hazmat/primitives/asymmetric/dh.py
[1.612s] DEBUG:colcon.colcon_core.task.python.build:While undoing a previous installation files outside the Python library path are being ignored: /home/matthieu/ros2_ws/install/web_control/share/web_control/web/stream/webrtc/.venv/lib/python3.12/site-packages/cryptography/hazmat/primitives/asymmetric/types.py
[1.612s] DEBUG:colcon.colcon_core.task.python.build:While undoing a previous installation files outside the Python library path are being ignored: /home/matthieu/ros2_ws/install/web_control/share/web_control/web/stream/webrtc/.venv/lib/python3.12/site-packages/cryptography/hazmat/primitives/asymmetric/ec.py
[1.612s] DEBUG:colcon.colcon_core.task.python.build:While undoing a previous installation files outside the Python library path are being ignored: /home/matthieu/ros2_ws/install/web_control/share/web_control/web/stream/webrtc/.venv/lib/python3.12/site-packages/cryptography/hazmat/primitives/asymmetric/dsa.py
[1.612s] DEBUG:colcon.colcon_core.task.python.build:While undoing a previous installation files outside the Python library path are being ignored: /home/matthieu/ros2_ws/install/web_control/share/web_control/web/stream/webrtc/.venv/lib/python3.12/site-packages/cryptography/hazmat/primitives/asymmetric/rsa.py
[1.612s] DEBUG:colcon.colcon_core.task.python.build:While undoing a previous installation files outside the Python library path are being ignored: /home/matthieu/ros2_ws/install/web_control/share/web_control/web/stream/webrtc/.venv/lib/python3.12/site-packages/cryptography/hazmat/primitives/asymmetric/x448.py
[1.612s] DEBUG:colcon.colcon_core.task.python.build:While undoing a previous installation files outside the Python library path are being ignored: /home/matthieu/ros2_ws/install/web_control/share/web_control/web/stream/webrtc/.venv/lib/python3.12/site-packages/cryptography/hazmat/primitives/asymmetric/ed25519.py
[1.612s] DEBUG:colcon.colcon_core.task.python.build:While undoing a previous installation files outside the Python library path are being ignored: /home/matthieu/ros2_ws/install/web_control/share/web_control/web/stream/webrtc/.venv/lib/python3.12/site-packages/cryptography/hazmat/primitives/asymmetric/x25519.py
[1.612s] DEBUG:colcon.colcon_core.task.python.build:While undoing a previous installation files outside the Python library path are being ignored: /home/matthieu/ros2_ws/install/web_control/share/web_control/web/stream/webrtc/.venv/lib/python3.12/site-packages/cryptography/hazmat/primitives/asymmetric/utils.py
[1.612s] DEBUG:colcon.colcon_core.task.python.build:While undoing a previous installation files outside the Python library path are being ignored: /home/matthieu/ros2_ws/install/web_control/share/web_control/web/stream/webrtc/.venv/lib/python3.12/site-packages/cryptography/hazmat/primitives/asymmetric/__init__.py
[1.612s] DEBUG:colcon.colcon_core.task.python.build:While undoing a previous installation files outside the Python library path are being ignored: /home/matthieu/ros2_ws/install/web_control/share/web_control/web/stream/webrtc/.venv/lib/python3.12/site-packages/cryptography/hazmat/primitives/asymmetric/__pycache__/x25519.cpython-312.pyc
[1.612s] DEBUG:colcon.colcon_core.task.python.build:While undoing a previous installation files outside the Python library path are being ignored: /home/matthieu/ros2_ws/install/web_control/share/web_control/web/stream/webrtc/.venv/lib/python3.12/site-packages/cryptography/hazmat/primitives/asymmetric/__pycache__/dh.cpython-312.pyc
[1.612s] DEBUG:colcon.colcon_core.task.python.build:While undoing a previous installation files outside the Python library path are being ignored: /home/matthieu/ros2_ws/install/web_control/share/web_control/web/stream/webrtc/.venv/lib/python3.12/site-packages/cryptography/hazmat/primitives/asymmetric/__pycache__/ed448.cpython-312.pyc
[1.612s] DEBUG:colcon.colcon_core.task.python.build:While undoing a previous installation files outside the Python library path are being ignored: /home/matthieu/ros2_ws/install/web_control/share/web_control/web/stream/webrtc/.venv/lib/python3.12/site-packages/cryptography/hazmat/primitives/asymmetric/__pycache__/ed25519.cpython-312.pyc
[1.612s] DEBUG:colcon.colcon_core.task.python.build:While undoing a previous installation files outside the Python library path are being ignored: /home/matthieu/ros2_ws/install/web_control/share/web_control/web/stream/webrtc/.venv/lib/python3.12/site-packages/cryptography/hazmat/primitives/asymmetric/__pycache__/rsa.cpython-312.pyc
[1.612s] DEBUG:colcon.colcon_core.task.python.build:While undoing a previous installation files outside the Python library path are being ignored: /home/matthieu/ros2_ws/install/web_control/share/web_control/web/stream/webrtc/.venv/lib/python3.12/site-packages/cryptography/hazmat/primitives/asymmetric/__pycache__/ec.cpython-312.pyc
[1.612s] DEBUG:colcon.colcon_core.task.python.build:While undoing a previous installation files outside the Python library path are being ignored: /home/matthieu/ros2_ws/install/web_control/share/web_control/web/stream/webrtc/.venv/lib/python3.12/site-packages/cryptography/hazmat/primitives/asymmetric/__pycache__/dsa.cpython-312.pyc
[1.612s] DEBUG:colcon.colcon_core.task.python.build:While undoing a previous installation files outside the Python library path are being ignored: /home/matthieu/ros2_ws/install/web_control/share/web_control/web/stream/webrtc/.venv/lib/python3.12/site-packages/cryptography/hazmat/primitives/asymmetric/__pycache__/__init__.cpython-312.pyc
[1.612s] DEBUG:colcon.colcon_core.task.python.build:While undoing a previous installation files outside the Python library path are being ignored: /home/matthieu/ros2_ws/install/web_control/share/web_control/web/stream/webrtc/.venv/lib/python3.12/site-packages/cryptography/hazmat/primitives/asymmetric/__pycache__/x448.cpython-312.pyc
[1.612s] DEBUG:colcon.colcon_core.task.python.build:While undoing a previous installation files outside the Python library path are being ignored: /home/matthieu/ros2_ws/install/web_control/share/web_control/web/stream/webrtc/.venv/lib/python3.12/site-packages/cryptography/hazmat/primitives/asymmetric/__pycache__/types.cpython-312.pyc
[1.612s] DEBUG:colcon.colcon_core.task.python.build:While undoing a previous installation files outside the Python library path are being ignored: /home/matthieu/ros2_ws/install/web_control/share/web_control/web/stream/webrtc/.venv/lib/python3.12/site-packages/cryptography/hazmat/primitives/asymmetric/__pycache__/utils.cpython-312.pyc
[1.612s] DEBUG:colcon.colcon_core.task.python.build:While undoing a previous installation files outside the Python library path are being ignored: /home/matthieu/ros2_ws/install/web_control/share/web_control/web/stream/webrtc/.venv/lib/python3.12/site-packages/cryptography/hazmat/primitives/asymmetric/__pycache__/padding.cpython-312.pyc
[1.612s] DEBUG:colcon.colcon_core.task.python.build:While undoing a previous installation files outside the Python library path are being ignored: /home/matthieu/ros2_ws/install/web_control/share/web_control/web/stream/webrtc/.venv/lib/python3.12/site-packages/cryptography/hazmat/primitives/twofactor/hotp.py
[1.612s] DEBUG:colcon.colcon_core.task.python.build:While undoing a previous installation files outside the Python library path are being ignored: /home/matthieu/ros2_ws/install/web_control/share/web_control/web/stream/webrtc/.venv/lib/python3.12/site-packages/cryptography/hazmat/primitives/twofactor/totp.py
[1.612s] DEBUG:colcon.colcon_core.task.python.build:While undoing a previous installation files outside the Python library path are being ignored: /home/matthieu/ros2_ws/install/web_control/share/web_control/web/stream/webrtc/.venv/lib/python3.12/site-packages/cryptography/hazmat/primitives/twofactor/__init__.py
[1.612s] DEBUG:colcon.colcon_core.task.python.build:While undoing a previous installation files outside the Python library path are being ignored: /home/matthieu/ros2_ws/install/web_control/share/web_control/web/stream/webrtc/.venv/lib/python3.12/site-packages/cryptography/hazmat/primitives/twofactor/__pycache__/hotp.cpython-312.pyc
[1.612s] DEBUG:colcon.colcon_core.task.python.build:While undoing a previous installation files outside the Python library path are being ignored: /home/matthieu/ros2_ws/install/web_control/share/web_control/web/stream/webrtc/.venv/lib/python3.12/site-packages/cryptography/hazmat/primitives/twofactor/__pycache__/totp.cpython-312.pyc
[1.612s] DEBUG:colcon.colcon_core.task.python.build:While undoing a previous installation files outside the Python library path are being ignored: /home/matthieu/ros2_ws/install/web_control/share/web_control/web/stream/webrtc/.venv/lib/python3.12/site-packages/cryptography/hazmat/primitives/twofactor/__pycache__/__init__.cpython-312.pyc
[1.612s] DEBUG:colcon.colcon_core.task.python.build:While undoing a previous installation files outside the Python library path are being ignored: /home/matthieu/ros2_ws/install/web_control/share/web_control/web/stream/webrtc/.venv/lib/python3.12/site-packages/cryptography/hazmat/primitives/__pycache__/_asymmetric.cpython-312.pyc
[1.612s] DEBUG:colcon.colcon_core.task.python.build:While undoing a previous installation files outside the Python library path are being ignored: /home/matthieu/ros2_ws/install/web_control/share/web_control/web/stream/webrtc/.venv/lib/python3.12/site-packages/cryptography/hazmat/primitives/__pycache__/_serialization.cpython-312.pyc
[1.612s] DEBUG:colcon.colcon_core.task.python.build:While undoing a previous installation files outside the Python library path are being ignored: /home/matthieu/ros2_ws/install/web_control/share/web_control/web/stream/webrtc/.venv/lib/python3.12/site-packages/cryptography/hazmat/primitives/__pycache__/poly1305.cpython-312.pyc
[1.612s] DEBUG:colcon.colcon_core.task.python.build:While undoing a previous installation files outside the Python library path are being ignored: /home/matthieu/ros2_ws/install/web_control/share/web_control/web/stream/webrtc/.venv/lib/python3.12/site-packages/cryptography/hazmat/primitives/__pycache__/_cipheralgorithm.cpython-312.pyc
[1.612s] DEBUG:colcon.colcon_core.task.python.build:While undoing a previous installation files outside the Python library path are being ignored: /home/matthieu/ros2_ws/install/web_control/share/web_control/web/stream/webrtc/.venv/lib/python3.12/site-packages/cryptography/hazmat/primitives/__pycache__/constant_time.cpython-312.pyc
[1.613s] DEBUG:colcon.colcon_core.task.python.build:While undoing a previous installation files outside the Python library path are being ignored: /home/matthieu/ros2_ws/install/web_control/share/web_control/web/stream/webrtc/.venv/lib/python3.12/site-packages/cryptography/hazmat/primitives/__pycache__/keywrap.cpython-312.pyc
[1.613s] DEBUG:colcon.colcon_core.task.python.build:While undoing a previous installation files outside the Python library path are being ignored: /home/matthieu/ros2_ws/install/web_control/share/web_control/web/stream/webrtc/.venv/lib/python3.12/site-packages/cryptography/hazmat/primitives/__pycache__/cmac.cpython-312.pyc
[1.613s] DEBUG:colcon.colcon_core.task.python.build:While undoing a previous installation files outside the Python library path are being ignored: /home/matthieu/ros2_ws/install/web_control/share/web_control/web/stream/webrtc/.venv/lib/python3.12/site-packages/cryptography/hazmat/primitives/__pycache__/hmac.cpython-312.pyc
[1.613s] DEBUG:colcon.colcon_core.task.python.build:While undoing a previous installation files outside the Python library path are being ignored: /home/matthieu/ros2_ws/install/web_control/share/web_control/web/stream/webrtc/.venv/lib/python3.12/site-packages/cryptography/hazmat/primitives/__pycache__/hashes.cpython-312.pyc
[1.613s] DEBUG:colcon.colcon_core.task.python.build:While undoing a previous installation files outside the Python library path are being ignored: /home/matthieu/ros2_ws/install/web_control/share/web_control/web/stream/webrtc/.venv/lib/python3.12/site-packages/cryptography/hazmat/primitives/__pycache__/__init__.cpython-312.pyc
[1.613s] DEBUG:colcon.colcon_core.task.python.build:While undoing a previous installation files outside the Python library path are being ignored: /home/matthieu/ros2_ws/install/web_control/share/web_control/web/stream/webrtc/.venv/lib/python3.12/site-packages/cryptography/hazmat/primitives/__pycache__/padding.cpython-312.pyc
[1.613s] DEBUG:colcon.colcon_core.task.python.build:While undoing a previous installation files outside the Python library path are being ignored: /home/matthieu/ros2_ws/install/web_control/share/web_control/web/stream/webrtc/.venv/lib/python3.12/site-packages/cryptography/hazmat/primitives/kdf/pbkdf2.py
[1.613s] DEBUG:colcon.colcon_core.task.python.build:While undoing a previous installation files outside the Python library path are being ignored: /home/matthieu/ros2_ws/install/web_control/share/web_control/web/stream/webrtc/.venv/lib/python3.12/site-packages/cryptography/hazmat/primitives/kdf/scrypt.py
[1.613s] DEBUG:colcon.colcon_core.task.python.build:While undoing a previous installation files outside the Python library path are being ignored: /home/matthieu/ros2_ws/install/web_control/share/web_control/web/stream/webrtc/.venv/lib/python3.12/site-packages/cryptography/hazmat/primitives/kdf/concatkdf.py
[1.613s] DEBUG:colcon.colcon_core.task.python.build:While undoing a previous installation files outside the Python library path are being ignored: /home/matthieu/ros2_ws/install/web_control/share/web_control/web/stream/webrtc/.venv/lib/python3.12/site-packages/cryptography/hazmat/primitives/kdf/x963kdf.py
[1.613s] DEBUG:colcon.colcon_core.task.python.build:While undoing a previous installation files outside the Python library path are being ignored: /home/matthieu/ros2_ws/install/web_control/share/web_control/web/stream/webrtc/.venv/lib/python3.12/site-packages/cryptography/hazmat/primitives/kdf/kbkdf.py
[1.613s] DEBUG:colcon.colcon_core.task.python.build:While undoing a previous installation files outside the Python library path are being ignored: /home/matthieu/ros2_ws/install/web_control/share/web_control/web/stream/webrtc/.venv/lib/python3.12/site-packages/cryptography/hazmat/primitives/kdf/argon2.py
[1.613s] DEBUG:colcon.colcon_core.task.python.build:While undoing a previous installation files outside the Python library path are being ignored: /home/matthieu/ros2_ws/install/web_control/share/web_control/web/stream/webrtc/.venv/lib/python3.12/site-packages/cryptography/hazmat/primitives/kdf/hkdf.py
[1.613s] DEBUG:colcon.colcon_core.task.python.build:While undoing a previous installation files outside the Python library path are being ignored: /home/matthieu/ros2_ws/install/web_control/share/web_control/web/stream/webrtc/.venv/lib/python3.12/site-packages/cryptography/hazmat/primitives/kdf/__init__.py
[1.613s] DEBUG:colcon.colcon_core.task.python.build:While undoing a previous installation files outside the Python library path are being ignored: /home/matthieu/ros2_ws/install/web_control/share/web_control/web/stream/webrtc/.venv/lib/python3.12/site-packages/cryptography/hazmat/primitives/kdf/__pycache__/kbkdf.cpython-312.pyc
[1.613s] DEBUG:colcon.colcon_core.task.python.build:While undoing a previous installation files outside the Python library path are being ignored: /home/matthieu/ros2_ws/install/web_control/share/web_control/web/stream/webrtc/.venv/lib/python3.12/site-packages/cryptography/hazmat/primitives/kdf/__pycache__/x963kdf.cpython-312.pyc
[1.613s] DEBUG:colcon.colcon_core.task.python.build:While undoing a previous installation files outside the Python library path are being ignored: /home/matthieu/ros2_ws/install/web_control/share/web_control/web/stream/webrtc/.venv/lib/python3.12/site-packages/cryptography/hazmat/primitives/kdf/__pycache__/scrypt.cpython-312.pyc
[1.613s] DEBUG:colcon.colcon_core.task.python.build:While undoing a previous installation files outside the Python library path are being ignored: /home/matthieu/ros2_ws/install/web_control/share/web_control/web/stream/webrtc/.venv/lib/python3.12/site-packages/cryptography/hazmat/primitives/kdf/__pycache__/pbkdf2.cpython-312.pyc
[1.613s] DEBUG:colcon.colcon_core.task.python.build:While undoing a previous installation files outside the Python library path are being ignored: /home/matthieu/ros2_ws/install/web_control/share/web_control/web/stream/webrtc/.venv/lib/python3.12/site-packages/cryptography/hazmat/primitives/kdf/__pycache__/hkdf.cpython-312.pyc
[1.613s] DEBUG:colcon.colcon_core.task.python.build:While undoing a previous installation files outside the Python library path are being ignored: /home/matthieu/ros2_ws/install/web_control/share/web_control/web/stream/webrtc/.venv/lib/python3.12/site-packages/cryptography/hazmat/primitives/kdf/__pycache__/concatkdf.cpython-312.pyc
[1.613s] DEBUG:colcon.colcon_core.task.python.build:While undoing a previous installation files outside the Python library path are being ignored: /home/matthieu/ros2_ws/install/web_control/share/web_control/web/stream/webrtc/.venv/lib/python3.12/site-packages/cryptography/hazmat/primitives/kdf/__pycache__/argon2.cpython-312.pyc
[1.613s] DEBUG:colcon.colcon_core.task.python.build:While undoing a previous installation files outside the Python library path are being ignored: /home/matthieu/ros2_ws/install/web_control/share/web_control/web/stream/webrtc/.venv/lib/python3.12/site-packages/cryptography/hazmat/primitives/kdf/__pycache__/__init__.cpython-312.pyc
[1.613s] DEBUG:colcon.colcon_core.task.python.build:While undoing a previous installation files outside the Python library path are being ignored: /home/matthieu/ros2_ws/install/web_control/share/web_control/web/stream/webrtc/.venv/lib/python3.12/site-packages/cryptography/hazmat/primitives/ciphers/base.py
[1.613s] DEBUG:colcon.colcon_core.task.python.build:While undoing a previous installation files outside the Python library path are being ignored: /home/matthieu/ros2_ws/install/web_control/share/web_control/web/stream/webrtc/.venv/lib/python3.12/site-packages/cryptography/hazmat/primitives/ciphers/modes.py
[1.613s] DEBUG:colcon.colcon_core.task.python.build:While undoing a previous installation files outside the Python library path are being ignored: /home/matthieu/ros2_ws/install/web_control/share/web_control/web/stream/webrtc/.venv/lib/python3.12/site-packages/cryptography/hazmat/primitives/ciphers/algorithms.py
[1.613s] DEBUG:colcon.colcon_core.task.python.build:While undoing a previous installation files outside the Python library path are being ignored: /home/matthieu/ros2_ws/install/web_control/share/web_control/web/stream/webrtc/.venv/lib/python3.12/site-packages/cryptography/hazmat/primitives/ciphers/aead.py
[1.613s] DEBUG:colcon.colcon_core.task.python.build:While undoing a previous installation files outside the Python library path are being ignored: /home/matthieu/ros2_ws/install/web_control/share/web_control/web/stream/webrtc/.venv/lib/python3.12/site-packages/cryptography/hazmat/primitives/ciphers/__init__.py
[1.613s] DEBUG:colcon.colcon_core.task.python.build:While undoing a previous installation files outside the Python library path are being ignored: /home/matthieu/ros2_ws/install/web_control/share/web_control/web/stream/webrtc/.venv/lib/python3.12/site-packages/cryptography/hazmat/primitives/ciphers/__pycache__/aead.cpython-312.pyc
[1.613s] DEBUG:colcon.colcon_core.task.python.build:While undoing a previous installation files outside the Python library path are being ignored: /home/matthieu/ros2_ws/install/web_control/share/web_control/web/stream/webrtc/.venv/lib/python3.12/site-packages/cryptography/hazmat/primitives/ciphers/__pycache__/base.cpython-312.pyc
[1.613s] DEBUG:colcon.colcon_core.task.python.build:While undoing a previous installation files outside the Python library path are being ignored: /home/matthieu/ros2_ws/install/web_control/share/web_control/web/stream/webrtc/.venv/lib/python3.12/site-packages/cryptography/hazmat/primitives/ciphers/__pycache__/__init__.cpython-312.pyc
[1.613s] DEBUG:colcon.colcon_core.task.python.build:While undoing a previous installation files outside the Python library path are being ignored: /home/matthieu/ros2_ws/install/web_control/share/web_control/web/stream/webrtc/.venv/lib/python3.12/site-packages/cryptography/hazmat/primitives/ciphers/__pycache__/modes.cpython-312.pyc
[1.613s] DEBUG:colcon.colcon_core.task.python.build:While undoing a previous installation files outside the Python library path are being ignored: /home/matthieu/ros2_ws/install/web_control/share/web_control/web/stream/webrtc/.venv/lib/python3.12/site-packages/cryptography/hazmat/primitives/ciphers/__pycache__/algorithms.cpython-312.pyc
[1.613s] DEBUG:colcon.colcon_core.task.python.build:While undoing a previous installation files outside the Python library path are being ignored: /home/matthieu/ros2_ws/install/web_control/share/web_control/web/stream/webrtc/.venv/lib/python3.12/site-packages/cryptography/hazmat/decrepit/__init__.py
[1.613s] DEBUG:colcon.colcon_core.task.python.build:While undoing a previous installation files outside the Python library path are being ignored: /home/matthieu/ros2_ws/install/web_control/share/web_control/web/stream/webrtc/.venv/lib/python3.12/site-packages/cryptography/hazmat/decrepit/__pycache__/__init__.cpython-312.pyc
[1.613s] DEBUG:colcon.colcon_core.task.python.build:While undoing a previous installation files outside the Python library path are being ignored: /home/matthieu/ros2_ws/install/web_control/share/web_control/web/stream/webrtc/.venv/lib/python3.12/site-packages/cryptography/hazmat/decrepit/ciphers/algorithms.py
[1.613s] DEBUG:colcon.colcon_core.task.python.build:While undoing a previous installation files outside the Python library path are being ignored: /home/matthieu/ros2_ws/install/web_control/share/web_control/web/stream/webrtc/.venv/lib/python3.12/site-packages/cryptography/hazmat/decrepit/ciphers/__init__.py
[1.613s] DEBUG:colcon.colcon_core.task.python.build:While undoing a previous installation files outside the Python library path are being ignored: /home/matthieu/ros2_ws/install/web_control/share/web_control/web/stream/webrtc/.venv/lib/python3.12/site-packages/cryptography/hazmat/decrepit/ciphers/__pycache__/__init__.cpython-312.pyc
[1.613s] DEBUG:colcon.colcon_core.task.python.build:While undoing a previous installation files outside the Python library path are being ignored: /home/matthieu/ros2_ws/install/web_control/share/web_control/web/stream/webrtc/.venv/lib/python3.12/site-packages/cryptography/hazmat/decrepit/ciphers/__pycache__/algorithms.cpython-312.pyc
[1.614s] DEBUG:colcon.colcon_core.task.python.build:While undoing a previous installation files outside the Python library path are being ignored: /home/matthieu/ros2_ws/install/web_control/share/web_control/web/stream/webrtc/.venv/lib/python3.12/site-packages/cryptography/hazmat/__pycache__/_oid.cpython-312.pyc
[1.614s] DEBUG:colcon.colcon_core.task.python.build:While undoing a previous installation files outside the Python library path are being ignored: /home/matthieu/ros2_ws/install/web_control/share/web_control/web/stream/webrtc/.venv/lib/python3.12/site-packages/cryptography/hazmat/__pycache__/__init__.cpython-312.pyc
[1.614s] DEBUG:colcon.colcon_core.task.python.build:While undoing a previous installation files outside the Python library path are being ignored: /home/matthieu/ros2_ws/install/web_control/share/web_control/web/stream/webrtc/.venv/lib/python3.12/site-packages/cryptography/hazmat/bindings/_rust.abi3.so
[1.614s] DEBUG:colcon.colcon_core.task.python.build:While undoing a previous installation files outside the Python library path are being ignored: /home/matthieu/ros2_ws/install/web_control/share/web_control/web/stream/webrtc/.venv/lib/python3.12/site-packages/cryptography/hazmat/bindings/__init__.py
[1.614s] DEBUG:colcon.colcon_core.task.python.build:While undoing a previous installation files outside the Python library path are being ignored: /home/matthieu/ros2_ws/install/web_control/share/web_control/web/stream/webrtc/.venv/lib/python3.12/site-packages/cryptography/hazmat/bindings/_rust/pkcs7.pyi
[1.614s] DEBUG:colcon.colcon_core.task.python.build:While undoing a previous installation files outside the Python library path are being ignored: /home/matthieu/ros2_ws/install/web_control/share/web_control/web/stream/webrtc/.venv/lib/python3.12/site-packages/cryptography/hazmat/bindings/_rust/__init__.pyi
[1.614s] DEBUG:colcon.colcon_core.task.python.build:While undoing a previous installation files outside the Python library path are being ignored: /home/matthieu/ros2_ws/install/web_control/share/web_control/web/stream/webrtc/.venv/lib/python3.12/site-packages/cryptography/hazmat/bindings/_rust/x509.pyi
[1.614s] DEBUG:colcon.colcon_core.task.python.build:While undoing a previous installation files outside the Python library path are being ignored: /home/matthieu/ros2_ws/install/web_control/share/web_control/web/stream/webrtc/.venv/lib/python3.12/site-packages/cryptography/hazmat/bindings/_rust/asn1.pyi
[1.614s] DEBUG:colcon.colcon_core.task.python.build:While undoing a previous installation files outside the Python library path are being ignored: /home/matthieu/ros2_ws/install/web_control/share/web_control/web/stream/webrtc/.venv/lib/python3.12/site-packages/cryptography/hazmat/bindings/_rust/ocsp.pyi
[1.614s] DEBUG:colcon.colcon_core.task.python.build:While undoing a previous installation files outside the Python library path are being ignored: /home/matthieu/ros2_ws/install/web_control/share/web_control/web/stream/webrtc/.venv/lib/python3.12/site-packages/cryptography/hazmat/bindings/_rust/declarative_asn1.pyi
[1.614s] DEBUG:colcon.colcon_core.task.python.build:While undoing a previous installation files outside the Python library path are being ignored: /home/matthieu/ros2_ws/install/web_control/share/web_control/web/stream/webrtc/.venv/lib/python3.12/site-packages/cryptography/hazmat/bindings/_rust/test_support.pyi
[1.614s] DEBUG:colcon.colcon_core.task.python.build:While undoing a previous installation files outside the Python library path are being ignored: /home/matthieu/ros2_ws/install/web_control/share/web_control/web/stream/webrtc/.venv/lib/python3.12/site-packages/cryptography/hazmat/bindings/_rust/exceptions.pyi
[1.614s] DEBUG:colcon.colcon_core.task.python.build:While undoing a previous installation files outside the Python library path are being ignored: /home/matthieu/ros2_ws/install/web_control/share/web_control/web/stream/webrtc/.venv/lib/python3.12/site-packages/cryptography/hazmat/bindings/_rust/_openssl.pyi
[1.614s] DEBUG:colcon.colcon_core.task.python.build:While undoing a previous installation files outside the Python library path are being ignored: /home/matthieu/ros2_ws/install/web_control/share/web_control/web/stream/webrtc/.venv/lib/python3.12/site-packages/cryptography/hazmat/bindings/_rust/pkcs12.pyi
[1.614s] DEBUG:colcon.colcon_core.task.python.build:While undoing a previous installation files outside the Python library path are being ignored: /home/matthieu/ros2_ws/install/web_control/share/web_control/web/stream/webrtc/.venv/lib/python3.12/site-packages/cryptography/hazmat/bindings/_rust/openssl/dh.pyi
[1.614s] DEBUG:colcon.colcon_core.task.python.build:While undoing a previous installation files outside the Python library path are being ignored: /home/matthieu/ros2_ws/install/web_control/share/web_control/web/stream/webrtc/.venv/lib/python3.12/site-packages/cryptography/hazmat/bindings/_rust/openssl/ed448.pyi
[1.614s] DEBUG:colcon.colcon_core.task.python.build:While undoing a previous installation files outside the Python library path are being ignored: /home/matthieu/ros2_ws/install/web_control/share/web_control/web/stream/webrtc/.venv/lib/python3.12/site-packages/cryptography/hazmat/bindings/_rust/openssl/kdf.pyi
[1.614s] DEBUG:colcon.colcon_core.task.python.build:While undoing a previous installation files outside the Python library path are being ignored: /home/matthieu/ros2_ws/install/web_control/share/web_control/web/stream/webrtc/.venv/lib/python3.12/site-packages/cryptography/hazmat/bindings/_rust/openssl/hashes.pyi
[1.614s] DEBUG:colcon.colcon_core.task.python.build:While undoing a previous installation files outside the Python library path are being ignored: /home/matthieu/ros2_ws/install/web_control/share/web_control/web/stream/webrtc/.venv/lib/python3.12/site-packages/cryptography/hazmat/bindings/_rust/openssl/poly1305.pyi
[1.614s] DEBUG:colcon.colcon_core.task.python.build:While undoing a previous installation files outside the Python library path are being ignored: /home/matthieu/ros2_ws/install/web_control/share/web_control/web/stream/webrtc/.venv/lib/python3.12/site-packages/cryptography/hazmat/bindings/_rust/openssl/x448.pyi
[1.614s] DEBUG:colcon.colcon_core.task.python.build:While undoing a previous installation files outside the Python library path are being ignored: /home/matthieu/ros2_ws/install/web_control/share/web_control/web/stream/webrtc/.venv/lib/python3.12/site-packages/cryptography/hazmat/bindings/_rust/openssl/__init__.pyi
[1.614s] DEBUG:colcon.colcon_core.task.python.build:While undoing a previous installation files outside the Python library path are being ignored: /home/matthieu/ros2_ws/install/web_control/share/web_control/web/stream/webrtc/.venv/lib/python3.12/site-packages/cryptography/hazmat/bindings/_rust/openssl/ed25519.pyi
[1.614s] DEBUG:colcon.colcon_core.task.python.build:While undoing a previous installation files outside the Python library path are being ignored: /home/matthieu/ros2_ws/install/web_control/share/web_control/web/stream/webrtc/.venv/lib/python3.12/site-packages/cryptography/hazmat/bindings/_rust/openssl/ciphers.pyi
[1.614s] DEBUG:colcon.colcon_core.task.python.build:While undoing a previous installation files outside the Python library path are being ignored: /home/matthieu/ros2_ws/install/web_control/share/web_control/web/stream/webrtc/.venv/lib/python3.12/site-packages/cryptography/hazmat/bindings/_rust/openssl/cmac.pyi
[1.614s] DEBUG:colcon.colcon_core.task.python.build:While undoing a previous installation files outside the Python library path are being ignored: /home/matthieu/ros2_ws/install/web_control/share/web_control/web/stream/webrtc/.venv/lib/python3.12/site-packages/cryptography/hazmat/bindings/_rust/openssl/rsa.pyi
[1.614s] DEBUG:colcon.colcon_core.task.python.build:While undoing a previous installation files outside the Python library path are being ignored: /home/matthieu/ros2_ws/install/web_control/share/web_control/web/stream/webrtc/.venv/lib/python3.12/site-packages/cryptography/hazmat/bindings/_rust/openssl/x25519.pyi
[1.614s] DEBUG:colcon.colcon_core.task.python.build:While undoing a previous installation files outside the Python library path are being ignored: /home/matthieu/ros2_ws/install/web_control/share/web_control/web/stream/webrtc/.venv/lib/python3.12/site-packages/cryptography/hazmat/bindings/_rust/openssl/ec.pyi
[1.614s] DEBUG:colcon.colcon_core.task.python.build:While undoing a previous installation files outside the Python library path are being ignored: /home/matthieu/ros2_ws/install/web_control/share/web_control/web/stream/webrtc/.venv/lib/python3.12/site-packages/cryptography/hazmat/bindings/_rust/openssl/dsa.pyi
[1.614s] DEBUG:colcon.colcon_core.task.python.build:While undoing a previous installation files outside the Python library path are being ignored: /home/matthieu/ros2_ws/install/web_control/share/web_control/web/stream/webrtc/.venv/lib/python3.12/site-packages/cryptography/hazmat/bindings/_rust/openssl/aead.pyi
[1.614s] DEBUG:colcon.colcon_core.task.python.build:While undoing a previous installation files outside the Python library path are being ignored: /home/matthieu/ros2_ws/install/web_control/share/web_control/web/stream/webrtc/.venv/lib/python3.12/site-packages/cryptography/hazmat/bindings/_rust/openssl/hmac.pyi
[1.614s] DEBUG:colcon.colcon_core.task.python.build:While undoing a previous installation files outside the Python library path are being ignored: /home/matthieu/ros2_ws/install/web_control/share/web_control/web/stream/webrtc/.venv/lib/python3.12/site-packages/cryptography/hazmat/bindings/_rust/openssl/keys.pyi
[1.614s] DEBUG:colcon.colcon_core.task.python.build:While undoing a previous installation files outside the Python library path are being ignored: /home/matthieu/ros2_ws/install/web_control/share/web_control/web/stream/webrtc/.venv/lib/python3.12/site-packages/cryptography/hazmat/bindings/openssl/binding.py
[1.614s] DEBUG:colcon.colcon_core.task.python.build:While undoing a previous installation files outside the Python library path are being ignored: /home/matthieu/ros2_ws/install/web_control/share/web_control/web/stream/webrtc/.venv/lib/python3.12/site-packages/cryptography/hazmat/bindings/openssl/_conditional.py
[1.614s] DEBUG:colcon.colcon_core.task.python.build:While undoing a previous installation files outside the Python library path are being ignored: /home/matthieu/ros2_ws/install/web_control/share/web_control/web/stream/webrtc/.venv/lib/python3.12/site-packages/cryptography/hazmat/bindings/openssl/__init__.py
[1.614s] DEBUG:colcon.colcon_core.task.python.build:While undoing a previous installation files outside the Python library path are being ignored: /home/matthieu/ros2_ws/install/web_control/share/web_control/web/stream/webrtc/.venv/lib/python3.12/site-packages/cryptography/hazmat/bindings/openssl/__pycache__/binding.cpython-312.pyc
[1.614s] DEBUG:colcon.colcon_core.task.python.build:While undoing a previous installation files outside the Python library path are being ignored: /home/matthieu/ros2_ws/install/web_control/share/web_control/web/stream/webrtc/.venv/lib/python3.12/site-packages/cryptography/hazmat/bindings/openssl/__pycache__/_conditional.cpython-312.pyc
[1.614s] DEBUG:colcon.colcon_core.task.python.build:While undoing a previous installation files outside the Python library path are being ignored: /home/matthieu/ros2_ws/install/web_control/share/web_control/web/stream/webrtc/.venv/lib/python3.12/site-packages/cryptography/hazmat/bindings/openssl/__pycache__/__init__.cpython-312.pyc
[1.614s] DEBUG:colcon.colcon_core.task.python.build:While undoing a previous installation files outside the Python library path are being ignored: /home/matthieu/ros2_ws/install/web_control/share/web_control/web/stream/webrtc/.venv/lib/python3.12/site-packages/cryptography/hazmat/bindings/__pycache__/__init__.cpython-312.pyc
[1.615s] DEBUG:colcon.colcon_core.task.python.build:While undoing a previous installation files outside the Python library path are being ignored: /home/matthieu/ros2_ws/install/web_control/share/web_control/web/stream/webrtc/.venv/lib/python3.12/site-packages/cryptography/hazmat/backends/__init__.py
[1.615s] DEBUG:colcon.colcon_core.task.python.build:While undoing a previous installation files outside the Python library path are being ignored: /home/matthieu/ros2_ws/install/web_control/share/web_control/web/stream/webrtc/.venv/lib/python3.12/site-packages/cryptography/hazmat/backends/openssl/backend.py
[1.615s] DEBUG:colcon.colcon_core.task.python.build:While undoing a previous installation files outside the Python library path are being ignored: /home/matthieu/ros2_ws/install/web_control/share/web_control/web/stream/webrtc/.venv/lib/python3.12/site-packages/cryptography/hazmat/backends/openssl/__init__.py
[1.615s] DEBUG:colcon.colcon_core.task.python.build:While undoing a previous installation files outside the Python library path are being ignored: /home/matthieu/ros2_ws/install/web_control/share/web_control/web/stream/webrtc/.venv/lib/python3.12/site-packages/cryptography/hazmat/backends/openssl/__pycache__/backend.cpython-312.pyc
[1.615s] DEBUG:colcon.colcon_core.task.python.build:While undoing a previous installation files outside the Python library path are being ignored: /home/matthieu/ros2_ws/install/web_control/share/web_control/web/stream/webrtc/.venv/lib/python3.12/site-packages/cryptography/hazmat/backends/openssl/__pycache__/__init__.cpython-312.pyc
[1.615s] DEBUG:colcon.colcon_core.task.python.build:While undoing a previous installation files outside the Python library path are being ignored: /home/matthieu/ros2_ws/install/web_control/share/web_control/web/stream/webrtc/.venv/lib/python3.12/site-packages/cryptography/hazmat/backends/__pycache__/__init__.cpython-312.pyc
[1.615s] DEBUG:colcon.colcon_core.task.python.build:While undoing a previous installation files outside the Python library path are being ignored: /home/matthieu/ros2_ws/install/web_control/share/web_control/web/stream/webrtc/.venv/lib/python3.12/site-packages/cryptography/hazmat/asn1/asn1.py
[1.615s] DEBUG:colcon.colcon_core.task.python.build:While undoing a previous installation files outside the Python library path are being ignored: /home/matthieu/ros2_ws/install/web_control/share/web_control/web/stream/webrtc/.venv/lib/python3.12/site-packages/cryptography/hazmat/asn1/__init__.py
[1.615s] DEBUG:colcon.colcon_core.task.python.build:While undoing a previous installation files outside the Python library path are being ignored: /home/matthieu/ros2_ws/install/web_control/share/web_control/web/stream/webrtc/.venv/lib/python3.12/site-packages/cryptography/hazmat/asn1/__pycache__/asn1.cpython-312.pyc
[1.615s] DEBUG:colcon.colcon_core.task.python.build:While undoing a previous installation files outside the Python library path are being ignored: /home/matthieu/ros2_ws/install/web_control/share/web_control/web/stream/webrtc/.venv/lib/python3.12/site-packages/cryptography/hazmat/asn1/__pycache__/__init__.cpython-312.pyc
[1.615s] DEBUG:colcon.colcon_core.task.python.build:While undoing a previous installation files outside the Python library path are being ignored: /home/matthieu/ros2_ws/install/web_control/share/web_control/web/stream/webrtc/.venv/lib/python3.12/site-packages/cryptography/x509/general_name.py
[1.615s] DEBUG:colcon.colcon_core.task.python.build:While undoing a previous installation files outside the Python library path are being ignored: /home/matthieu/ros2_ws/install/web_control/share/web_control/web/stream/webrtc/.venv/lib/python3.12/site-packages/cryptography/x509/base.py
[1.615s] DEBUG:colcon.colcon_core.task.python.build:While undoing a previous installation files outside the Python library path are being ignored: /home/matthieu/ros2_ws/install/web_control/share/web_control/web/stream/webrtc/.venv/lib/python3.12/site-packages/cryptography/x509/certificate_transparency.py
[1.615s] DEBUG:colcon.colcon_core.task.python.build:While undoing a previous installation files outside the Python library path are being ignored: /home/matthieu/ros2_ws/install/web_control/share/web_control/web/stream/webrtc/.venv/lib/python3.12/site-packages/cryptography/x509/name.py
[1.615s] DEBUG:colcon.colcon_core.task.python.build:While undoing a previous installation files outside the Python library path are being ignored: /home/matthieu/ros2_ws/install/web_control/share/web_control/web/stream/webrtc/.venv/lib/python3.12/site-packages/cryptography/x509/extensions.py
[1.615s] DEBUG:colcon.colcon_core.task.python.build:While undoing a previous installation files outside the Python library path are being ignored: /home/matthieu/ros2_ws/install/web_control/share/web_control/web/stream/webrtc/.venv/lib/python3.12/site-packages/cryptography/x509/oid.py
[1.615s] DEBUG:colcon.colcon_core.task.python.build:While undoing a previous installation files outside the Python library path are being ignored: /home/matthieu/ros2_ws/install/web_control/share/web_control/web/stream/webrtc/.venv/lib/python3.12/site-packages/cryptography/x509/verification.py
[1.615s] DEBUG:colcon.colcon_core.task.python.build:While undoing a previous installation files outside the Python library path are being ignored: /home/matthieu/ros2_ws/install/web_control/share/web_control/web/stream/webrtc/.venv/lib/python3.12/site-packages/cryptography/x509/ocsp.py
[1.615s] DEBUG:colcon.colcon_core.task.python.build:While undoing a previous installation files outside the Python library path are being ignored: /home/matthieu/ros2_ws/install/web_control/share/web_control/web/stream/webrtc/.venv/lib/python3.12/site-packages/cryptography/x509/__init__.py
[1.615s] DEBUG:colcon.colcon_core.task.python.build:While undoing a previous installation files outside the Python library path are being ignored: /home/matthieu/ros2_ws/install/web_control/share/web_control/web/stream/webrtc/.venv/lib/python3.12/site-packages/cryptography/x509/__pycache__/general_name.cpython-312.pyc
[1.615s] DEBUG:colcon.colcon_core.task.python.build:While undoing a previous installation files outside the Python library path are being ignored: /home/matthieu/ros2_ws/install/web_control/share/web_control/web/stream/webrtc/.venv/lib/python3.12/site-packages/cryptography/x509/__pycache__/name.cpython-312.pyc
[1.615s] DEBUG:colcon.colcon_core.task.python.build:While undoing a previous installation files outside the Python library path are being ignored: /home/matthieu/ros2_ws/install/web_control/share/web_control/web/stream/webrtc/.venv/lib/python3.12/site-packages/cryptography/x509/__pycache__/ocsp.cpython-312.pyc
[1.615s] DEBUG:colcon.colcon_core.task.python.build:While undoing a previous installation files outside the Python library path are being ignored: /home/matthieu/ros2_ws/install/web_control/share/web_control/web/stream/webrtc/.venv/lib/python3.12/site-packages/cryptography/x509/__pycache__/base.cpython-312.pyc
[1.615s] DEBUG:colcon.colcon_core.task.python.build:While undoing a previous installation files outside the Python library path are being ignored: /home/matthieu/ros2_ws/install/web_control/share/web_control/web/stream/webrtc/.venv/lib/python3.12/site-packages/cryptography/x509/__pycache__/oid.cpython-312.pyc
[1.615s] DEBUG:colcon.colcon_core.task.python.build:While undoing a previous installation files outside the Python library path are being ignored: /home/matthieu/ros2_ws/install/web_control/share/web_control/web/stream/webrtc/.venv/lib/python3.12/site-packages/cryptography/x509/__pycache__/verification.cpython-312.pyc
[1.615s] DEBUG:colcon.colcon_core.task.python.build:While undoing a previous installation files outside the Python library path are being ignored: /home/matthieu/ros2_ws/install/web_control/share/web_control/web/stream/webrtc/.venv/lib/python3.12/site-packages/cryptography/x509/__pycache__/__init__.cpython-312.pyc
[1.615s] DEBUG:colcon.colcon_core.task.python.build:While undoing a previous installation files outside the Python library path are being ignored: /home/matthieu/ros2_ws/install/web_control/share/web_control/web/stream/webrtc/.venv/lib/python3.12/site-packages/cryptography/x509/__pycache__/extensions.cpython-312.pyc
[1.615s] DEBUG:colcon.colcon_core.task.python.build:While undoing a previous installation files outside the Python library path are being ignored: /home/matthieu/ros2_ws/install/web_control/share/web_control/web/stream/webrtc/.venv/lib/python3.12/site-packages/cryptography/x509/__pycache__/certificate_transparency.cpython-312.pyc
[1.615s] DEBUG:colcon.colcon_core.task.python.build:While undoing a previous installation files outside the Python library path are being ignored: /home/matthieu/ros2_ws/install/web_control/share/web_control/web/stream/webrtc/.venv/lib/python3.12/site-packages/cryptography/__pycache__/fernet.cpython-312.pyc
[1.615s] DEBUG:colcon.colcon_core.task.python.build:While undoing a previous installation files outside the Python library path are being ignored: /home/matthieu/ros2_ws/install/web_control/share/web_control/web/stream/webrtc/.venv/lib/python3.12/site-packages/cryptography/__pycache__/__about__.cpython-312.pyc
[1.615s] DEBUG:colcon.colcon_core.task.python.build:While undoing a previous installation files outside the Python library path are being ignored: /home/matthieu/ros2_ws/install/web_control/share/web_control/web/stream/webrtc/.venv/lib/python3.12/site-packages/cryptography/__pycache__/exceptions.cpython-312.pyc
[1.615s] DEBUG:colcon.colcon_core.task.python.build:While undoing a previous installation files outside the Python library path are being ignored: /home/matthieu/ros2_ws/install/web_control/share/web_control/web/stream/webrtc/.venv/lib/python3.12/site-packages/cryptography/__pycache__/__init__.cpython-312.pyc
[1.615s] DEBUG:colcon.colcon_core.task.python.build:While undoing a previous installation files outside the Python library path are being ignored: /home/matthieu/ros2_ws/install/web_control/share/web_control/web/stream/webrtc/.venv/lib/python3.12/site-packages/cryptography/__pycache__/utils.cpython-312.pyc
[1.615s] DEBUG:colcon.colcon_core.task.python.build:While undoing a previous installation files outside the Python library path are being ignored: /home/matthieu/ros2_ws/install/web_control/share/web_control/web/stream/webrtc/.venv/lib/python3.12/site-packages/aiosignal/py.typed
[1.615s] DEBUG:colcon.colcon_core.task.python.build:While undoing a previous installation files outside the Python library path are being ignored: /home/matthieu/ros2_ws/install/web_control/share/web_control/web/stream/webrtc/.venv/lib/python3.12/site-packages/aiosignal/__init__.py
[1.615s] DEBUG:colcon.colcon_core.task.python.build:While undoing a previous installation files outside the Python library path are being ignored: /home/matthieu/ros2_ws/install/web_control/share/web_control/web/stream/webrtc/.venv/lib/python3.12/site-packages/aiosignal/__pycache__/__init__.cpython-312.pyc
[1.615s] DEBUG:colcon.colcon_core.task.python.build:While undoing a previous installation files outside the Python library path are being ignored: /home/matthieu/ros2_ws/install/web_control/share/web_control/web/stream/webrtc/.venv/lib/python3.12/site-packages/yarl-1.22.0.dist-info/WHEEL
[1.615s] DEBUG:colcon.colcon_core.task.python.build:While undoing a previous installation files outside the Python library path are being ignored: /home/matthieu/ros2_ws/install/web_control/share/web_control/web/stream/webrtc/.venv/lib/python3.12/site-packages/yarl-1.22.0.dist-info/RECORD
[1.616s] DEBUG:colcon.colcon_core.task.python.build:While undoing a previous installation files outside the Python library path are being ignored: /home/matthieu/ros2_ws/install/web_control/share/web_control/web/stream/webrtc/.venv/lib/python3.12/site-packages/yarl-1.22.0.dist-info/INSTALLER
[1.616s] DEBUG:colcon.colcon_core.task.python.build:While undoing a previous installation files outside the Python library path are being ignored: /home/matthieu/ros2_ws/install/web_control/share/web_control/web/stream/webrtc/.venv/lib/python3.12/site-packages/yarl-1.22.0.dist-info/top_level.txt
[1.616s] DEBUG:colcon.colcon_core.task.python.build:While undoing a previous installation files outside the Python library path are being ignored: /home/matthieu/ros2_ws/install/web_control/share/web_control/web/stream/webrtc/.venv/lib/python3.12/site-packages/yarl-1.22.0.dist-info/METADATA
[1.616s] DEBUG:colcon.colcon_core.task.python.build:While undoing a previous installation files outside the Python library path are being ignored: /home/matthieu/ros2_ws/install/web_control/share/web_control/web/stream/webrtc/.venv/lib/python3.12/site-packages/yarl-1.22.0.dist-info/licenses/LICENSE
[1.616s] DEBUG:colcon.colcon_core.task.python.build:While undoing a previous installation files outside the Python library path are being ignored: /home/matthieu/ros2_ws/install/web_control/share/web_control/web/stream/webrtc/.venv/lib/python3.12/site-packages/yarl-1.22.0.dist-info/licenses/NOTICE
[1.616s] DEBUG:colcon.colcon_core.task.python.build:While undoing a previous installation files outside the Python library path are being ignored: /home/matthieu/ros2_ws/install/web_control/share/web_control/web/stream/webrtc/.venv/lib/python3.12/site-packages/typing_extensions-4.15.0.dist-info/WHEEL
[1.616s] DEBUG:colcon.colcon_core.task.python.build:While undoing a previous installation files outside the Python library path are being ignored: /home/matthieu/ros2_ws/install/web_control/share/web_control/web/stream/webrtc/.venv/lib/python3.12/site-packages/typing_extensions-4.15.0.dist-info/RECORD
[1.616s] DEBUG:colcon.colcon_core.task.python.build:While undoing a previous installation files outside the Python library path are being ignored: /home/matthieu/ros2_ws/install/web_control/share/web_control/web/stream/webrtc/.venv/lib/python3.12/site-packages/typing_extensions-4.15.0.dist-info/INSTALLER
[1.616s] DEBUG:colcon.colcon_core.task.python.build:While undoing a previous installation files outside the Python library path are being ignored: /home/matthieu/ros2_ws/install/web_control/share/web_control/web/stream/webrtc/.venv/lib/python3.12/site-packages/typing_extensions-4.15.0.dist-info/METADATA
[1.616s] DEBUG:colcon.colcon_core.task.python.build:While undoing a previous installation files outside the Python library path are being ignored: /home/matthieu/ros2_ws/install/web_control/share/web_control/web/stream/webrtc/.venv/lib/python3.12/site-packages/typing_extensions-4.15.0.dist-info/licenses/LICENSE
[1.616s] DEBUG:colcon.colcon_core.task.python.build:While undoing a previous installation files outside the Python library path are being ignored: /home/matthieu/ros2_ws/install/web_control/share/web_control/web/stream/webrtc/__pycache__/webrtc_server.cpython-312.pyc
[1.616s] DEBUG:colcon.colcon_core.task.python.build:While undoing a previous installation files outside the Python library path are being ignored: /home/matthieu/ros2_ws/install/web_control/share/web_control/web/stream/__pycache__/start_stream.cpython-312.pyc
[1.616s] DEBUG:colcon.colcon_core.task.python.build:While undoing a previous installation files outside the Python library path are being ignored: /home/matthieu/ros2_ws/install/web_control/lib/web_control/backend_node
[1.708s] DEBUG:colcon.colcon_core.event_handler.log_command:Invoking command in '/home/matthieu/ros2_ws/build/web_control': DEBUGINFOD_URLS=https://debuginfod.ubuntu.com PYTHONPATH=/home/matthieu/ros2_ws/build/web_control/prefix_override:/usr/lib/python3/dist-packages/colcon_core/task/python/colcon_distutils_commands:/home/matthieu/ros2_ws/install/web_control/lib/python3.12/site-packages:${PYTHONPATH} /usr/bin/python3 -W ignore:setup.py install is deprecated -W ignore:easy_install command is deprecated setup.py develop --editable --build-directory /home/matthieu/ros2_ws/build/web_control/build --no-deps symlink_data --force
[2.714s] Level 1:colcon.colcon_core.shell:create_environment_hook('web_control', 'pythonpath_develop')
[2.714s] DEBUG:colcon.colcon_core.event_handler.log_command:Invoked command in '/home/matthieu/ros2_ws/build/web_control' returned '0': DEBUGINFOD_URLS=https://debuginfod.ubuntu.com PYTHONPATH=/home/matthieu/ros2_ws/build/web_control/prefix_override:/usr/lib/python3/dist-packages/colcon_core/task/python/colcon_distutils_commands:/home/matthieu/ros2_ws/install/web_control/lib/python3.12/site-packages:${PYTHONPATH} /usr/bin/python3 -W ignore:setup.py install is deprecated -W ignore:easy_install command is deprecated setup.py develop --editable --build-directory /home/matthieu/ros2_ws/build/web_control/build --no-deps symlink_data --force
[2.715s] INFO:colcon.colcon_core.shell:Creating environment hook '/home/matthieu/ros2_ws/build/web_control/share/web_control/hook/pythonpath_develop.ps1'
[2.715s] INFO:colcon.colcon_core.shell:Creating environment descriptor '/home/matthieu/ros2_ws/build/web_control/share/web_control/hook/pythonpath_develop.dsv'
[2.716s] INFO:colcon.colcon_core.shell:Creating environment hook '/home/matthieu/ros2_ws/build/web_control/share/web_control/hook/pythonpath_develop.sh'
[2.730s] Level 1:colcon.colcon_core.environment:checking '/home/matthieu/ros2_ws/install/web_control' for CMake module files
[2.731s] Level 1:colcon.colcon_core.environment:checking '/home/matthieu/ros2_ws/install/web_control' for CMake config files
[2.755s] Level 1:colcon.colcon_core.environment:checking '/home/matthieu/ros2_ws/install/web_control/lib'
[2.756s] Level 1:colcon.colcon_core.environment:checking '/home/matthieu/ros2_ws/install/web_control/bin'
[2.756s] Level 1:colcon.colcon_core.environment:checking '/home/matthieu/ros2_ws/install/web_control/lib/pkgconfig/web_control.pc'
[2.756s] Level 1:colcon.colcon_core.environment:checking '/home/matthieu/ros2_ws/install/web_control/lib/python3.12/site-packages'
[2.756s] Level 1:colcon.colcon_core.shell:create_environment_hook('web_control', 'pythonpath')
[2.756s] INFO:colcon.colcon_core.shell:Creating environment hook '/home/matthieu/ros2_ws/install/web_control/share/web_control/hook/pythonpath.ps1'
[2.757s] INFO:colcon.colcon_core.shell:Creating environment descriptor '/home/matthieu/ros2_ws/install/web_control/share/web_control/hook/pythonpath.dsv'
[2.757s] INFO:colcon.colcon_core.shell:Creating environment hook '/home/matthieu/ros2_ws/install/web_control/share/web_control/hook/pythonpath.sh'
[2.758s] Level 1:colcon.colcon_core.environment:checking '/home/matthieu/ros2_ws/install/web_control/bin'
[2.758s] Level 1:colcon.colcon_core.environment:create_environment_scripts_only(web_control)
[2.758s] INFO:colcon.colcon_core.shell:Creating package script '/home/matthieu/ros2_ws/install/web_control/share/web_control/package.ps1'
[2.759s] INFO:colcon.colcon_core.shell:Creating package descriptor '/home/matthieu/ros2_ws/install/web_control/share/web_control/package.dsv'
[2.760s] INFO:colcon.colcon_core.shell:Creating package script '/home/matthieu/ros2_ws/install/web_control/share/web_control/package.sh'
[2.760s] INFO:colcon.colcon_core.shell:Creating package script '/home/matthieu/ros2_ws/install/web_control/share/web_control/package.bash'
[2.761s] INFO:colcon.colcon_core.shell:Creating package script '/home/matthieu/ros2_ws/install/web_control/share/web_control/package.zsh'
[2.762s] Level 1:colcon.colcon_core.environment:create_file_with_runtime_dependencies(/home/matthieu/ros2_ws/install/web_control/share/colcon-core/packages/web_control)
[2.762s] DEBUG:colcon.colcon_parallel_executor.executor.parallel:closing loop
[2.762s] DEBUG:colcon.colcon_parallel_executor.executor.parallel:loop closed
[2.762s] DEBUG:colcon.colcon_parallel_executor.executor.parallel:run_until_complete finished with '0'
[2.762s] DEBUG:colcon.colcon_core.event_reactor:joining thread
[2.774s] INFO:colcon.colcon_core.plugin_system:Skipping extension 'colcon_notification.desktop_notification.terminal_notifier': Not used on non-Darwin systems
[2.774s] INFO:colcon.colcon_core.plugin_system:Skipping extension 'colcon_notification.desktop_notification.win32': Not used on non-Windows systems
[2.774s] INFO:colcon.colcon_notification.desktop_notification:Sending desktop notification using 'notify2'
[2.789s] DEBUG:colcon.colcon_core.event_reactor:joined thread
[2.790s] INFO:colcon.colcon_core.shell:Creating prefix script '/home/matthieu/ros2_ws/install/local_setup.ps1'
[2.791s] INFO:colcon.colcon_core.shell:Creating prefix util module '/home/matthieu/ros2_ws/install/_local_setup_util_ps1.py'
[2.792s] INFO:colcon.colcon_core.shell:Creating prefix chain script '/home/matthieu/ros2_ws/install/setup.ps1'
[2.794s] INFO:colcon.colcon_core.shell:Creating prefix script '/home/matthieu/ros2_ws/install/local_setup.sh'
[2.795s] INFO:colcon.colcon_core.shell:Creating prefix util module '/home/matthieu/ros2_ws/install/_local_setup_util_sh.py'
[2.795s] INFO:colcon.colcon_core.shell:Creating prefix chain script '/home/matthieu/ros2_ws/install/setup.sh'
[2.797s] INFO:colcon.colcon_core.shell:Creating prefix script '/home/matthieu/ros2_ws/install/local_setup.bash'
[2.797s] INFO:colcon.colcon_core.shell:Creating prefix chain script '/home/matthieu/ros2_ws/install/setup.bash'
[2.799s] INFO:colcon.colcon_core.shell:Creating prefix script '/home/matthieu/ros2_ws/install/local_setup.zsh'
[2.799s] INFO:colcon.colcon_core.shell:Creating prefix chain script '/home/matthieu/ros2_ws/install/setup.zsh'
