[0.000000] (-) TimerEvent: {}
[0.000169] (web_control) JobQueued: {'identifier': 'web_control', 'dependencies': OrderedDict()}
[0.000656] (web_control) JobStarted: {'identifier': 'web_control'}
[0.099880] (-) TimerEvent: {}
[0.200149] (-) TimerEvent: {}
[0.300362] (-) TimerEvent: {}
[0.400590] (-) TimerEvent: {}
[0.500828] (-) TimerEvent: {}
[0.601099] (-) TimerEvent: {}
[0.662793] (web_control) Command: {'cmd': ['/usr/bin/python3', '-W', 'ignore:setup.py install is deprecated', '-W', 'ignore:easy_install command is deprecated', 'setup.py', 'egg_info', '--egg-base', '../../build/web_control', 'build', '--build-base', '/home/matthieu/ros2_ws/build/web_control/build', 'install', '--record', '/home/matthieu/ros2_ws/build/web_control/install.log', '--single-version-externally-managed', 'install_data'], 'cwd': '/home/matthieu/ros2_ws/src/web_control', 'env': {'GJS_DEBUG_TOPICS': 'JS ERROR;JS LOG', 'XDG_ACTIVATION_TOKEN': 'gnome-shell/Terminator/2150-1-matthieu-ASUS-TUF-Gaming-F15-FX506HM-FX506HM_TIME1287945', 'LESSOPEN': '| /usr/bin/lesspipe %s', 'USER': 'matthieu', 'GZ_CONFIG_PATH': '/opt/ros/jazzy/opt/gz_sim_vendor/share/gz:/opt/ros/jazzy/opt/sdformat_vendor/share/gz:/opt/ros/jazzy/opt/gz_gui_vendor/share/gz:/opt/ros/jazzy/opt/gz_transport_vendor/share/gz:/opt/ros/jazzy/opt/gz_rendering_vendor/share/gz:/opt/ros/jazzy/opt/gz_plugin_vendor/share/gz:/opt/ros/jazzy/opt/gz_fuel_tools_vendor/share/gz:/opt/ros/jazzy/opt/gz_msgs_vendor/share/gz:/opt/ros/jazzy/opt/gz_common_vendor/share/gz', 'XDG_SESSION_TYPE': 'wayland', 'CLUTTER_DISABLE_MIPMAPPED_TEXT': '1', 'SHLVL': '1', 'LD_LIBRARY_PATH': '/opt/ros/jazzy/opt/zenoh_cpp_vendor/lib:/opt/ros/jazzy/opt/gz_sim_vendor/lib:/opt/ros/jazzy/opt/gz_sensors_vendor/lib:/opt/ros/jazzy/opt/gz_physics_vendor/lib:/opt/ros/jazzy/opt/sdformat_vendor/lib:/opt/ros/jazzy/opt/rviz_ogre_vendor/lib:/opt/ros/jazzy/lib/x86_64-linux-gnu:/opt/ros/jazzy/opt/gz_gui_vendor/lib:/opt/ros/jazzy/opt/gz_transport_vendor/lib:/opt/ros/jazzy/opt/gz_rendering_vendor/lib:/opt/ros/jazzy/opt/gz_plugin_vendor/lib:/opt/ros/jazzy/opt/gz_fuel_tools_vendor/lib:/opt/ros/jazzy/opt/gz_msgs_vendor/lib:/opt/ros/jazzy/opt/gz_common_vendor/lib:/opt/ros/jazzy/opt/gz_math_vendor/lib:/opt/ros/jazzy/opt/gz_utils_vendor/lib:/opt/ros/jazzy/opt/gz_tools_vendor/lib:/opt/ros/jazzy/opt/gz_ogre_next_vendor/lib:/opt/ros/jazzy/opt/gz_dartsim_vendor/lib:/opt/ros/jazzy/opt/gz_cmake_vendor/lib:/opt/ros/jazzy/lib', 'HOME': '/home/matthieu', 'CONDA_SHLVL': '0', 'OLDPWD': '/home/matthieu/ros2_ws', 'DESKTOP_SESSION': 'ubuntu', 'GIO_LAUNCHED_DESKTOP_FILE': '/usr/share/applications/terminator.desktop', 'ROS_PYTHON_VERSION': '3', 'GNOME_SHELL_SESSION_MODE': 'ubuntu', 'GTK_MODULES': 'gail:atk-bridge', 'MANAGERPID': '1948', 'SYSTEMD_EXEC_PID': '2150', 'GSM_SKIP_SSH_AGENT_WORKAROUND': 'true', 'DBUS_SESSION_BUS_ADDRESS': 'unix:path=/run/user/1000/bus', 'COLORTERM': 'truecolor', '_CE_M': '', 'TERMINATOR_DBUS_NAME': 'net.tenshu.Terminator25ef4b219e3b005583550f2b0f9f990c3', '_CONDA_ROOT': '/home/matthieu/miniconda3', 'GIO_LAUNCHED_DESKTOP_FILE_PID': '6799', 'DEBUGINFOD_URLS': 'https://debuginfod.ubuntu.com', 'IM_CONFIG_PHASE': '1', 'WAYLAND_DISPLAY': 'wayland-0', 'COLCON_PREFIX_PATH': '/home/matthieu/ros2_ws/install:/home/matthieu/ros2_ws2/install:/home/matthieu/install', 'ROS_DISTRO': 'jazzy', 'LOGNAME': 'matthieu', 'JOURNAL_STREAM': '8:6907', '_': '/usr/bin/colcon', 'ROS_VERSION': '2', 'MEMORY_PRESSURE_WATCH': '/sys/fs/cgroup/user.slice/user-1000.slice/user@1000.service/session.slice/org.gnome.Shell@wayland.service/memory.pressure', 'XDG_SESSION_CLASS': 'user', 'USERNAME': 'matthieu', 'TERM': 'xterm-256color', 'GNOME_DESKTOP_SESSION_ID': 'this-is-deprecated', '_CE_CONDA': '', 'PATH': '/home/matthieu/miniconda3/condabin:/opt/ros/jazzy/opt/gz_msgs_vendor/bin:/opt/ros/jazzy/opt/gz_tools_vendor/bin:/opt/ros/jazzy/opt/gz_ogre_next_vendor/bin:/opt/ros/jazzy/bin:/usr/local/bin:/home/matthieu/.local/bin:/home/matthieu/bin:/usr/local/sbin:/usr/local/bin:/usr/sbin:/usr/bin:/sbin:/bin:/usr/games:/usr/local/games:/snap/bin:/snap/bin:/home/matthieu/bin:/home/matthieu/.bazel/bin', 'SESSION_MANAGER': 'local/matthieu-ASUS-TUF-Gaming-F15-FX506HM-FX506HM:@/tmp/.ICE-unix/2118,unix/matthieu-ASUS-TUF-Gaming-F15-FX506HM-FX506HM:/tmp/.ICE-unix/2118', 'INVOCATION_ID': 'f9cd071740c8428892f1df80418c29a9', 'XDG_MENU_PREFIX': 'gnome-', 'GNOME_SETUP_DISPLAY': ':1', 'XDG_RUNTIME_DIR': '/run/user/1000', 'MAMBA_ROOT_PREFIX': '/home/matthieu/miniforge3', 'DISPLAY': ':0', 'TERMINATOR_DBUS_PATH': '/net/tenshu/Terminator2', 'LANG': 'en_US.UTF-8', 'XDG_CURRENT_DESKTOP': 'ubuntu:GNOME', 'RMW_IMPLEMENTATION': 'rmw_zenoh_cpp', 'XMODIFIERS': '@im=ibus', 'XDG_SESSION_DESKTOP': 'ubuntu', 'XAUTHORITY': '/run/user/1000/.mutter-Xwaylandauth.MTJDK3', 'LS_COLORS': 'rs=0:di=01;34:ln=01;36:mh=00:pi=40;33:so=01;35:do=01;35:bd=40;33;01:cd=40;33;01:or=40;31;01:mi=00:su=37;41:sg=30;43:ca=00:tw=30;42:ow=34;42:st=37;44:ex=01;32:*.tar=01;31:*.tgz=01;31:*.arc=01;31:*.arj=01;31:*.taz=01;31:*.lha=01;31:*.lz4=01;31:*.lzh=01;31:*.lzma=01;31:*.tlz=01;31:*.txz=01;31:*.tzo=01;31:*.t7z=01;31:*.zip=01;31:*.z=01;31:*.dz=01;31:*.gz=01;31:*.lrz=01;31:*.lz=01;31:*.lzo=01;31:*.xz=01;31:*.zst=01;31:*.tzst=01;31:*.bz2=01;31:*.bz=01;31:*.tbz=01;31:*.tbz2=01;31:*.tz=01;31:*.deb=01;31:*.rpm=01;31:*.jar=01;31:*.war=01;31:*.ear=01;31:*.sar=01;31:*.rar=01;31:*.alz=01;31:*.ace=01;31:*.zoo=01;31:*.cpio=01;31:*.7z=01;31:*.rz=01;31:*.cab=01;31:*.wim=01;31:*.swm=01;31:*.dwm=01;31:*.esd=01;31:*.avif=01;35:*.jpg=01;35:*.jpeg=01;35:*.mjpg=01;35:*.mjpeg=01;35:*.gif=01;35:*.bmp=01;35:*.pbm=01;35:*.pgm=01;35:*.ppm=01;35:*.tga=01;35:*.xbm=01;35:*.xpm=01;35:*.tif=01;35:*.tiff=01;35:*.png=01;35:*.svg=01;35:*.svgz=01;35:*.mng=01;35:*.pcx=01;35:*.mov=01;35:*.mpg=01;35:*.mpeg=01;35:*.m2v=01;35:*.mkv=01;35:*.webm=01;35:*.webp=01;35:*.ogm=01;35:*.mp4=01;35:*.m4v=01;35:*.mp4v=01;35:*.vob=01;35:*.qt=01;35:*.nuv=01;35:*.wmv=01;35:*.asf=01;35:*.rm=01;35:*.rmvb=01;35:*.flc=01;35:*.avi=01;35:*.fli=01;35:*.flv=01;35:*.gl=01;35:*.dl=01;35:*.xcf=01;35:*.xwd=01;35:*.yuv=01;35:*.cgm=01;35:*.emf=01;35:*.ogv=01;35:*.ogx=01;35:*.aac=00;36:*.au=00;36:*.flac=00;36:*.m4a=00;36:*.mid=00;36:*.midi=00;36:*.mka=00;36:*.mp3=00;36:*.mpc=00;36:*.ogg=00;36:*.ra=00;36:*.wav=00;36:*.oga=00;36:*.opus=00;36:*.spx=00;36:*.xspf=00;36:*~=00;90:*#=00;90:*.bak=00;90:*.crdownload=00;90:*.dpkg-dist=00;90:*.dpkg-new=00;90:*.dpkg-old=00;90:*.dpkg-tmp=00;90:*.old=00;90:*.orig=00;90:*.part=00;90:*.rej=00;90:*.rpmnew=00;90:*.rpmorig=00;90:*.rpmsave=00;90:*.swp=00;90:*.tmp=00;90:*.ucf-dist=00;90:*.ucf-new=00;90:*.ucf-old=00;90:', 'SSH_AUTH_SOCK': '/run/user/1000/keyring/ssh', 'ROS_DOMAIN_ID': '42', 'AMENT_PREFIX_PATH': '/home/matthieu/ros2_ws/install/web_control:/home/matthieu/ros2_ws2/install/tp3_control:/home/matthieu/install/web_control:/opt/ros/jazzy', 'CONDA_PYTHON_EXE': '/home/matthieu/miniconda3/bin/python', 'SHELL': '/bin/bash', 'TERMINATOR_UUID': 'urn:uuid:c2928e4a-34d9-4149-81ae-13174712cd0f', 'QT_ACCESSIBILITY': '1', 'GDMSESSION': 'ubuntu', 'LESSCLOSE': '/usr/bin/lesspipe %s %s', 'GJS_DEBUG_OUTPUT': 'stderr', '_CONDA_EXE': '/home/matthieu/miniconda3/bin/conda', 'MAMBA_EXE': '/home/matthieu/miniforge3/bin/mamba', 'ROS_AUTOMATIC_DISCOVERY_RANGE': 'SUBNET', 'QT_IM_MODULE': 'ibus', 'PWD': '/home/matthieu/ros2_ws/build/web_control', 'TURTLEBOT3_MODEL': 'burger', 'LC_ALL': 'en_US.UTF-8', 'XDG_CONFIG_DIRS': '/etc/xdg/xdg-ubuntu:/etc/xdg', 'CONDA_EXE': '/home/matthieu/miniconda3/bin/conda', 'XDG_DATA_DIRS': '/usr/share/ubuntu:/usr/share/gnome:/usr/local/share/:/usr/share/:/var/lib/snapd/desktop', 'PYTHONPATH': '/home/matthieu/ros2_ws/build/web_control/prefix_override:/usr/lib/python3/dist-packages/colcon_core/task/python/colcon_distutils_commands:/home/matthieu/ros2_ws/install/web_control/lib/python3.12/site-packages:/home/matthieu/ros2_ws/build/web_control:/home/matthieu/ros2_ws/install/web_control/lib/python3.12/site-packages:/home/matthieu/ros2_ws2/install/tp3_control/lib/python3.12/site-packages:/home/matthieu/build/web_control:/home/matthieu/install/web_control/lib/python3.12/site-packages:/opt/ros/jazzy/lib/python3.12/site-packages', 'COLCON': '1', 'MEMORY_PRESSURE_WRITE': 'c29tZSAyMDAwMDAgMjAwMDAwMAA=', 'VTE_VERSION': '7600', 'CMAKE_PREFIX_PATH': '/opt/ros/jazzy/opt/gz_sim_vendor:/opt/ros/jazzy/opt/gz_sensors_vendor:/opt/ros/jazzy/opt/gz_physics_vendor:/opt/ros/jazzy/opt/sdformat_vendor:/opt/ros/jazzy/opt/gz_gui_vendor:/opt/ros/jazzy/opt/gz_transport_vendor:/opt/ros/jazzy/opt/gz_rendering_vendor:/opt/ros/jazzy/opt/gz_plugin_vendor:/opt/ros/jazzy/opt/gz_fuel_tools_vendor:/opt/ros/jazzy/opt/gz_msgs_vendor:/opt/ros/jazzy/opt/gz_common_vendor:/opt/ros/jazzy/opt/gz_math_vendor:/opt/ros/jazzy/opt/gz_utils_vendor:/opt/ros/jazzy/opt/gz_tools_vendor:/opt/ros/jazzy/opt/gz_ogre_next_vendor:/opt/ros/jazzy/opt/gz_dartsim_vendor:/opt/ros/jazzy/opt/gz_cmake_vendor'}, 'shell': False}
[0.701159] (-) TimerEvent: {}
[0.801454] (-) TimerEvent: {}
[0.861165] (web_control) StdoutLine: {'line': b'running egg_info\n'}
[0.874687] (web_control) StdoutLine: {'line': b'writing ../../build/web_control/web_control.egg-info/PKG-INFO\n'}
[0.874786] (web_control) StdoutLine: {'line': b'writing dependency_links to ../../build/web_control/web_control.egg-info/dependency_links.txt\n'}
[0.874842] (web_control) StdoutLine: {'line': b'writing entry points to ../../build/web_control/web_control.egg-info/entry_points.txt\n'}
[0.874906] (web_control) StdoutLine: {'line': b'writing requirements to ../../build/web_control/web_control.egg-info/requires.txt\n'}
[0.874977] (web_control) StdoutLine: {'line': b'writing top-level names to ../../build/web_control/web_control.egg-info/top_level.txt\n'}
[0.901535] (-) TimerEvent: {}
[0.910003] (web_control) StdoutLine: {'line': b"reading manifest file '../../build/web_control/web_control.egg-info/SOURCES.txt'\n"}
[0.921106] (web_control) StdoutLine: {'line': b"writing manifest file '../../build/web_control/web_control.egg-info/SOURCES.txt'\n"}
[0.921577] (web_control) StdoutLine: {'line': b'running build\n'}
[0.921663] (web_control) StdoutLine: {'line': b'running build_py\n'}
[0.921707] (web_control) StdoutLine: {'line': b'running install\n'}
[0.926263] (web_control) StdoutLine: {'line': b'running install_lib\n'}
[0.944531] (web_control) StdoutLine: {'line': b'running install_data\n'}
[0.944779] (web_control) StdoutLine: {'line': b'copying web/index.html -> /home/matthieu/ros2_ws/install/web_control/share/web_control/web\n'}
[0.944866] (web_control) StdoutLine: {'line': b'copying web/app.js -> /home/matthieu/ros2_ws/install/web_control/share/web_control/web\n'}
[0.945308] (web_control) StdoutLine: {'line': b'creating /home/matthieu/ros2_ws/install/web_control/share/web_control/web/stream/webrtc\n'}
[0.945359] (web_control) StdoutLine: {'line': b'copying web/stream/webrtc/README.md -> /home/matthieu/ros2_ws/install/web_control/share/web_control/web/stream/webrtc\n'}
[0.945422] (web_control) StdoutLine: {'line': b'copying web/stream/webrtc/webrtc_server.py -> /home/matthieu/ros2_ws/install/web_control/share/web_control/web/stream/webrtc\n'}
[0.945470] (web_control) StdoutLine: {'line': b'copying web/stream/webrtc/requirements.txt -> /home/matthieu/ros2_ws/install/web_control/share/web_control/web/stream/webrtc\n'}
[0.945531] (web_control) StdoutLine: {'line': b'copying web/stream/webrtc/index.html -> /home/matthieu/ros2_ws/install/web_control/share/web_control/web/stream/webrtc\n'}
[0.945583] (web_control) StdoutLine: {'line': b'copying web/stream/webrtc/app.js -> /home/matthieu/ros2_ws/install/web_control/share/web_control/web/stream/webrtc\n'}
[0.945626] (web_control) StdoutLine: {'line': b'creating /home/matthieu/ros2_ws/install/web_control/share/web_control/web/stream/webrtc/.venv\n'}
[0.945686] (web_control) StdoutLine: {'line': b'copying web/stream/webrtc/.venv/pyvenv.cfg -> /home/matthieu/ros2_ws/install/web_control/share/web_control/web/stream/webrtc/.venv\n'}
[0.945732] (web_control) StdoutLine: {'line': b'creating /home/matthieu/ros2_ws/install/web_control/share/web_control/web/stream/webrtc/.venv/bin\n'}
[0.945791] (web_control) StdoutLine: {'line': b'copying web/stream/webrtc/.venv/bin/pip -> /home/matthieu/ros2_ws/install/web_control/share/web_control/web/stream/webrtc/.venv/bin\n'}
[0.945834] (web_control) StdoutLine: {'line': b'copying web/stream/webrtc/.venv/bin/python3.12 -> /home/matthieu/ros2_ws/install/web_control/share/web_control/web/stream/webrtc/.venv/bin\n'}
[0.949694] (web_control) StdoutLine: {'line': b'copying web/stream/webrtc/.venv/bin/Activate.ps1 -> /home/matthieu/ros2_ws/install/web_control/share/web_control/web/stream/webrtc/.venv/bin\n'}
[0.949803] (web_control) StdoutLine: {'line': b'copying web/stream/webrtc/.venv/bin/pip3.12 -> /home/matthieu/ros2_ws/install/web_control/share/web_control/web/stream/webrtc/.venv/bin\n'}
[0.949854] (web_control) StdoutLine: {'line': b'copying web/stream/webrtc/.venv/bin/activate.fish -> /home/matthieu/ros2_ws/install/web_control/share/web_control/web/stream/webrtc/.venv/bin\n'}
[0.949900] (web_control) StdoutLine: {'line': b'copying web/stream/webrtc/.venv/bin/pip3 -> /home/matthieu/ros2_ws/install/web_control/share/web_control/web/stream/webrtc/.venv/bin\n'}
[0.949975] (web_control) StdoutLine: {'line': b'copying web/stream/webrtc/.venv/bin/activate.csh -> /home/matthieu/ros2_ws/install/web_control/share/web_control/web/stream/webrtc/.venv/bin\n'}
[0.950022] (web_control) StdoutLine: {'line': b'copying web/stream/webrtc/.venv/bin/activate -> /home/matthieu/ros2_ws/install/web_control/share/web_control/web/stream/webrtc/.venv/bin\n'}
[0.950064] (web_control) StdoutLine: {'line': b'copying web/stream/webrtc/.venv/bin/pyav -> /home/matthieu/ros2_ws/install/web_control/share/web_control/web/stream/webrtc/.venv/bin\n'}
[0.950113] (web_control) StdoutLine: {'line': b'copying web/stream/webrtc/.venv/bin/python -> /home/matthieu/ros2_ws/install/web_control/share/web_control/web/stream/webrtc/.venv/bin\n'}
[0.954012] (web_control) StdoutLine: {'line': b'copying web/stream/webrtc/.venv/bin/python3 -> /home/matthieu/ros2_ws/install/web_control/share/web_control/web/stream/webrtc/.venv/bin\n'}
[0.957205] (web_control) StdoutLine: {'line': b'creating /home/matthieu/ros2_ws/install/web_control/share/web_control/web/stream/webrtc/.venv/lib\n'}
[0.957286] (web_control) StdoutLine: {'line': b'creating /home/matthieu/ros2_ws/install/web_control/share/web_control/web/stream/webrtc/.venv/lib/python3.12\n'}
[0.957331] (web_control) StdoutLine: {'line': b'creating /home/matthieu/ros2_ws/install/web_control/share/web_control/web/stream/webrtc/.venv/lib/python3.12/site-packages\n'}
[0.957372] (web_control) StdoutLine: {'line': b'copying web/stream/webrtc/.venv/lib/python3.12/site-packages/_cffi_backend.cpython-312-x86_64-linux-gnu.so -> /home/matthieu/ros2_ws/install/web_control/share/web_control/web/stream/webrtc/.venv/lib/python3.12/site-packages\n'}
[0.957423] (web_control) StdoutLine: {'line': b'copying web/stream/webrtc/.venv/lib/python3.12/site-packages/typing_extensions.py -> /home/matthieu/ros2_ws/install/web_control/share/web_control/web/stream/webrtc/.venv/lib/python3.12/site-packages\n'}
[0.957562] (web_control) StdoutLine: {'line': b'creating /home/matthieu/ros2_ws/install/web_control/share/web_control/web/stream/webrtc/.venv/lib/python3.12/site-packages/pip\n'}
[0.957648] (web_control) StdoutLine: {'line': b'copying web/stream/webrtc/.venv/lib/python3.12/site-packages/pip/__main__.py -> /home/matthieu/ros2_ws/install/web_control/share/web_control/web/stream/webrtc/.venv/lib/python3.12/site-packages/pip\n'}
[0.957712] (web_control) StdoutLine: {'line': b'copying web/stream/webrtc/.venv/lib/python3.12/site-packages/pip/py.typed -> /home/matthieu/ros2_ws/install/web_control/share/web_control/web/stream/webrtc/.venv/lib/python3.12/site-packages/pip\n'}
[0.957761] (web_control) StdoutLine: {'line': b'copying web/stream/webrtc/.venv/lib/python3.12/site-packages/pip/__pip-runner__.py -> /home/matthieu/ros2_ws/install/web_control/share/web_control/web/stream/webrtc/.venv/lib/python3.12/site-packages/pip\n'}
[0.957825] (web_control) StdoutLine: {'line': b'copying web/stream/webrtc/.venv/lib/python3.12/site-packages/pip/__init__.py -> /home/matthieu/ros2_ws/install/web_control/share/web_control/web/stream/webrtc/.venv/lib/python3.12/site-packages/pip\n'}
[0.957876] (web_control) StdoutLine: {'line': b'creating /home/matthieu/ros2_ws/install/web_control/share/web_control/web/stream/webrtc/.venv/lib/python3.12/site-packages/pip/_vendor\n'}
[0.957923] (web_control) StdoutLine: {'line': b'copying web/stream/webrtc/.venv/lib/python3.12/site-packages/pip/_vendor/typing_extensions.py -> /home/matthieu/ros2_ws/install/web_control/share/web_control/web/stream/webrtc/.venv/lib/python3.12/site-packages/pip/_vendor\n'}
[0.957986] (web_control) StdoutLine: {'line': b'copying web/stream/webrtc/.venv/lib/python3.12/site-packages/pip/_vendor/six.py -> /home/matthieu/ros2_ws/install/web_control/share/web_control/web/stream/webrtc/.venv/lib/python3.12/site-packages/pip/_vendor\n'}
[0.958036] (web_control) StdoutLine: {'line': b'copying web/stream/webrtc/.venv/lib/python3.12/site-packages/pip/_vendor/vendor.txt -> /home/matthieu/ros2_ws/install/web_control/share/web_control/web/stream/webrtc/.venv/lib/python3.12/site-packages/pip/_vendor\n'}
[0.958096] (web_control) StdoutLine: {'line': b'copying web/stream/webrtc/.venv/lib/python3.12/site-packages/pip/_vendor/__init__.py -> /home/matthieu/ros2_ws/install/web_control/share/web_control/web/stream/webrtc/.venv/lib/python3.12/site-packages/pip/_vendor\n'}
[0.958148] (web_control) StdoutLine: {'line': b'creating /home/matthieu/ros2_ws/install/web_control/share/web_control/web/stream/webrtc/.venv/lib/python3.12/site-packages/pip/_vendor/pyproject_hooks\n'}
[0.958215] (web_control) StdoutLine: {'line': b'copying web/stream/webrtc/.venv/lib/python3.12/site-packages/pip/_vendor/pyproject_hooks/_impl.py -> /home/matthieu/ros2_ws/install/web_control/share/web_control/web/stream/webrtc/.venv/lib/python3.12/site-packages/pip/_vendor/pyproject_hooks\n'}
[0.958265] (web_control) StdoutLine: {'line': b'copying web/stream/webrtc/.venv/lib/python3.12/site-packages/pip/_vendor/pyproject_hooks/_compat.py -> /home/matthieu/ros2_ws/install/web_control/share/web_control/web/stream/webrtc/.venv/lib/python3.12/site-packages/pip/_vendor/pyproject_hooks\n'}
[0.958323] (web_control) StdoutLine: {'line': b'copying web/stream/webrtc/.venv/lib/python3.12/site-packages/pip/_vendor/pyproject_hooks/__init__.py -> /home/matthieu/ros2_ws/install/web_control/share/web_control/web/stream/webrtc/.venv/lib/python3.12/site-packages/pip/_vendor/pyproject_hooks\n'}
[0.958367] (web_control) StdoutLine: {'line': b'creating /home/matthieu/ros2_ws/install/web_control/share/web_control/web/stream/webrtc/.venv/lib/python3.12/site-packages/pip/_vendor/pyproject_hooks/_in_process\n'}
[0.958422] (web_control) StdoutLine: {'line': b'copying web/stream/webrtc/.venv/lib/python3.12/site-packages/pip/_vendor/pyproject_hooks/_in_process/_in_process.py -> /home/matthieu/ros2_ws/install/web_control/share/web_control/web/stream/webrtc/.venv/lib/python3.12/site-packages/pip/_vendor/pyproject_hooks/_in_process\n'}
[0.958467] (web_control) StdoutLine: {'line': b'copying web/stream/webrtc/.venv/lib/python3.12/site-packages/pip/_vendor/pyproject_hooks/_in_process/__init__.py -> /home/matthieu/ros2_ws/install/web_control/share/web_control/web/stream/webrtc/.venv/lib/python3.12/site-packages/pip/_vendor/pyproject_hooks/_in_process\n'}
[0.958525] (web_control) StdoutLine: {'line': b'creating /home/matthieu/ros2_ws/install/web_control/share/web_control/web/stream/webrtc/.venv/lib/python3.12/site-packages/pip/_vendor/pyproject_hooks/_in_process/__pycache__\n'}
[0.958569] (web_control) StdoutLine: {'line': b'copying web/stream/webrtc/.venv/lib/python3.12/site-packages/pip/_vendor/pyproject_hooks/_in_process/__pycache__/_in_process.cpython-312.pyc -> /home/matthieu/ros2_ws/install/web_control/share/web_control/web/stream/webrtc/.venv/lib/python3.12/site-packages/pip/_vendor/pyproject_hooks/_in_process/__pycache__\n'}
[0.958630] (web_control) StdoutLine: {'line': b'copying web/stream/webrtc/.venv/lib/python3.12/site-packages/pip/_vendor/pyproject_hooks/_in_process/__pycache__/__init__.cpython-312.pyc -> /home/matthieu/ros2_ws/install/web_control/share/web_control/web/stream/webrtc/.venv/lib/python3.12/site-packages/pip/_vendor/pyproject_hooks/_in_process/__pycache__\n'}
[0.958686] (web_control) StdoutLine: {'line': b'creating /home/matthieu/ros2_ws/install/web_control/share/web_control/web/stream/webrtc/.venv/lib/python3.12/site-packages/pip/_vendor/pyproject_hooks/__pycache__\n'}
[0.958728] (web_control) StdoutLine: {'line': b'copying web/stream/webrtc/.venv/lib/python3.12/site-packages/pip/_vendor/pyproject_hooks/__pycache__/_impl.cpython-312.pyc -> /home/matthieu/ros2_ws/install/web_control/share/web_control/web/stream/webrtc/.venv/lib/python3.12/site-packages/pip/_vendor/pyproject_hooks/__pycache__\n'}
[0.958786] (web_control) StdoutLine: {'line': b'copying web/stream/webrtc/.venv/lib/python3.12/site-packages/pip/_vendor/pyproject_hooks/__pycache__/_compat.cpython-312.pyc -> /home/matthieu/ros2_ws/install/web_control/share/web_control/web/stream/webrtc/.venv/lib/python3.12/site-packages/pip/_vendor/pyproject_hooks/__pycache__\n'}
[0.958828] (web_control) StdoutLine: {'line': b'copying web/stream/webrtc/.venv/lib/python3.12/site-packages/pip/_vendor/pyproject_hooks/__pycache__/__init__.cpython-312.pyc -> /home/matthieu/ros2_ws/install/web_control/share/web_control/web/stream/webrtc/.venv/lib/python3.12/site-packages/pip/_vendor/pyproject_hooks/__pycache__\n'}
[0.958885] (web_control) StdoutLine: {'line': b'creating /home/matthieu/ros2_ws/install/web_control/share/web_control/web/stream/webrtc/.venv/lib/python3.12/site-packages/pip/_vendor/pygments\n'}
[0.958928] (web_control) StdoutLine: {'line': b'copying web/stream/webrtc/.venv/lib/python3.12/site-packages/pip/_vendor/pygments/util.py -> /home/matthieu/ros2_ws/install/web_control/share/web_control/web/stream/webrtc/.venv/lib/python3.12/site-packages/pip/_vendor/pygments\n'}
[0.958982] (web_control) StdoutLine: {'line': b'copying web/stream/webrtc/.venv/lib/python3.12/site-packages/pip/_vendor/pygments/filter.py -> /home/matthieu/ros2_ws/install/web_control/share/web_control/web/stream/webrtc/.venv/lib/python3.12/site-packages/pip/_vendor/pygments\n'}
[0.959040] (web_control) StdoutLine: {'line': b'copying web/stream/webrtc/.venv/lib/python3.12/site-packages/pip/_vendor/pygments/plugin.py -> /home/matthieu/ros2_ws/install/web_control/share/web_control/web/stream/webrtc/.venv/lib/python3.12/site-packages/pip/_vendor/pygments\n'}
[0.959087] (web_control) StdoutLine: {'line': b'copying web/stream/webrtc/.venv/lib/python3.12/site-packages/pip/_vendor/pygments/lexer.py -> /home/matthieu/ros2_ws/install/web_control/share/web_control/web/stream/webrtc/.venv/lib/python3.12/site-packages/pip/_vendor/pygments\n'}
[0.959142] (web_control) StdoutLine: {'line': b'copying web/stream/webrtc/.venv/lib/python3.12/site-packages/pip/_vendor/pygments/style.py -> /home/matthieu/ros2_ws/install/web_control/share/web_control/web/stream/webrtc/.venv/lib/python3.12/site-packages/pip/_vendor/pygments\n'}
[0.959196] (web_control) StdoutLine: {'line': b'copying web/stream/webrtc/.venv/lib/python3.12/site-packages/pip/_vendor/pygments/__main__.py -> /home/matthieu/ros2_ws/install/web_control/share/web_control/web/stream/webrtc/.venv/lib/python3.12/site-packages/pip/_vendor/pygments\n'}
[0.959253] (web_control) StdoutLine: {'line': b'copying web/stream/webrtc/.venv/lib/python3.12/site-packages/pip/_vendor/pygments/console.py -> /home/matthieu/ros2_ws/install/web_control/share/web_control/web/stream/webrtc/.venv/lib/python3.12/site-packages/pip/_vendor/pygments\n'}
[0.959306] (web_control) StdoutLine: {'line': b'copying web/stream/webrtc/.venv/lib/python3.12/site-packages/pip/_vendor/pygments/cmdline.py -> /home/matthieu/ros2_ws/install/web_control/share/web_control/web/stream/webrtc/.venv/lib/python3.12/site-packages/pip/_vendor/pygments\n'}
[0.959362] (web_control) StdoutLine: {'line': b'copying web/stream/webrtc/.venv/lib/python3.12/site-packages/pip/_vendor/pygments/token.py -> /home/matthieu/ros2_ws/install/web_control/share/web_control/web/stream/webrtc/.venv/lib/python3.12/site-packages/pip/_vendor/pygments\n'}
[0.959416] (web_control) StdoutLine: {'line': b'copying web/stream/webrtc/.venv/lib/python3.12/site-packages/pip/_vendor/pygments/modeline.py -> /home/matthieu/ros2_ws/install/web_control/share/web_control/web/stream/webrtc/.venv/lib/python3.12/site-packages/pip/_vendor/pygments\n'}
[0.959473] (web_control) StdoutLine: {'line': b'copying web/stream/webrtc/.venv/lib/python3.12/site-packages/pip/_vendor/pygments/unistring.py -> /home/matthieu/ros2_ws/install/web_control/share/web_control/web/stream/webrtc/.venv/lib/python3.12/site-packages/pip/_vendor/pygments\n'}
[0.959526] (web_control) StdoutLine: {'line': b'copying web/stream/webrtc/.venv/lib/python3.12/site-packages/pip/_vendor/pygments/scanner.py -> /home/matthieu/ros2_ws/install/web_control/share/web_control/web/stream/webrtc/.venv/lib/python3.12/site-packages/pip/_vendor/pygments\n'}
[0.959583] (web_control) StdoutLine: {'line': b'copying web/stream/webrtc/.venv/lib/python3.12/site-packages/pip/_vendor/pygments/formatter.py -> /home/matthieu/ros2_ws/install/web_control/share/web_control/web/stream/webrtc/.venv/lib/python3.12/site-packages/pip/_vendor/pygments\n'}
[0.959636] (web_control) StdoutLine: {'line': b'copying web/stream/webrtc/.venv/lib/python3.12/site-packages/pip/_vendor/pygments/sphinxext.py -> /home/matthieu/ros2_ws/install/web_control/share/web_control/web/stream/webrtc/.venv/lib/python3.12/site-packages/pip/_vendor/pygments\n'}
[0.959691] (web_control) StdoutLine: {'line': b'copying web/stream/webrtc/.venv/lib/python3.12/site-packages/pip/_vendor/pygments/regexopt.py -> /home/matthieu/ros2_ws/install/web_control/share/web_control/web/stream/webrtc/.venv/lib/python3.12/site-packages/pip/_vendor/pygments\n'}
[0.959745] (web_control) StdoutLine: {'line': b'copying web/stream/webrtc/.venv/lib/python3.12/site-packages/pip/_vendor/pygments/__init__.py -> /home/matthieu/ros2_ws/install/web_control/share/web_control/web/stream/webrtc/.venv/lib/python3.12/site-packages/pip/_vendor/pygments\n'}
[0.959798] (web_control) StdoutLine: {'line': b'creating /home/matthieu/ros2_ws/install/web_control/share/web_control/web/stream/webrtc/.venv/lib/python3.12/site-packages/pip/_vendor/pygments/filters\n'}
[0.959853] (web_control) StdoutLine: {'line': b'copying web/stream/webrtc/.venv/lib/python3.12/site-packages/pip/_vendor/pygments/filters/__init__.py -> /home/matthieu/ros2_ws/install/web_control/share/web_control/web/stream/webrtc/.venv/lib/python3.12/site-packages/pip/_vendor/pygments/filters\n'}
[0.959906] (web_control) StdoutLine: {'line': b'creating /home/matthieu/ros2_ws/install/web_control/share/web_control/web/stream/webrtc/.venv/lib/python3.12/site-packages/pip/_vendor/pygments/filters/__pycache__\n'}
[0.959961] (web_control) StdoutLine: {'line': b'copying web/stream/webrtc/.venv/lib/python3.12/site-packages/pip/_vendor/pygments/filters/__pycache__/__init__.cpython-312.pyc -> /home/matthieu/ros2_ws/install/web_control/share/web_control/web/stream/webrtc/.venv/lib/python3.12/site-packages/pip/_vendor/pygments/filters/__pycache__\n'}
[0.960011] (web_control) StdoutLine: {'line': b'creating /home/matthieu/ros2_ws/install/web_control/share/web_control/web/stream/webrtc/.venv/lib/python3.12/site-packages/pip/_vendor/pygments/lexers\n'}
[0.960064] (web_control) StdoutLine: {'line': b'copying web/stream/webrtc/.venv/lib/python3.12/site-packages/pip/_vendor/pygments/lexers/python.py -> /home/matthieu/ros2_ws/install/web_control/share/web_control/web/stream/webrtc/.venv/lib/python3.12/site-packages/pip/_vendor/pygments/lexers\n'}
[0.960129] (web_control) StdoutLine: {'line': b'copying web/stream/webrtc/.venv/lib/python3.12/site-packages/pip/_vendor/pygments/lexers/_mapping.py -> /home/matthieu/ros2_ws/install/web_control/share/web_control/web/stream/webrtc/.venv/lib/python3.12/site-packages/pip/_vendor/pygments/lexers\n'}
[0.960443] (web_control) StdoutLine: {'line': b'copying web/stream/webrtc/.venv/lib/python3.12/site-packages/pip/_vendor/pygments/lexers/__init__.py -> /home/matthieu/ros2_ws/install/web_control/share/web_control/web/stream/webrtc/.venv/lib/python3.12/site-packages/pip/_vendor/pygments/lexers\n'}
[0.960497] (web_control) StdoutLine: {'line': b'creating /home/matthieu/ros2_ws/install/web_control/share/web_control/web/stream/webrtc/.venv/lib/python3.12/site-packages/pip/_vendor/pygments/lexers/__pycache__\n'}
[0.960556] (web_control) StdoutLine: {'line': b'copying web/stream/webrtc/.venv/lib/python3.12/site-packages/pip/_vendor/pygments/lexers/__pycache__/python.cpython-312.pyc -> /home/matthieu/ros2_ws/install/web_control/share/web_control/web/stream/webrtc/.venv/lib/python3.12/site-packages/pip/_vendor/pygments/lexers/__pycache__\n'}
[0.960612] (web_control) StdoutLine: {'line': b'copying web/stream/webrtc/.venv/lib/python3.12/site-packages/pip/_vendor/pygments/lexers/__pycache__/_mapping.cpython-312.pyc -> /home/matthieu/ros2_ws/install/web_control/share/web_control/web/stream/webrtc/.venv/lib/python3.12/site-packages/pip/_vendor/pygments/lexers/__pycache__\n'}
[0.960670] (web_control) StdoutLine: {'line': b'copying web/stream/webrtc/.venv/lib/python3.12/site-packages/pip/_vendor/pygments/lexers/__pycache__/__init__.cpython-312.pyc -> /home/matthieu/ros2_ws/install/web_control/share/web_control/web/stream/webrtc/.venv/lib/python3.12/site-packages/pip/_vendor/pygments/lexers/__pycache__\n'}
[0.960730] (web_control) StdoutLine: {'line': b'creating /home/matthieu/ros2_ws/install/web_control/share/web_control/web/stream/webrtc/.venv/lib/python3.12/site-packages/pip/_vendor/pygments/__pycache__\n'}
[0.960785] (web_control) StdoutLine: {'line': b'copying web/stream/webrtc/.venv/lib/python3.12/site-packages/pip/_vendor/pygments/__pycache__/formatter.cpython-312.pyc -> /home/matthieu/ros2_ws/install/web_control/share/web_control/web/stream/webrtc/.venv/lib/python3.12/site-packages/pip/_vendor/pygments/__pycache__\n'}
[0.960846] (web_control) StdoutLine: {'line': b'copying web/stream/webrtc/.venv/lib/python3.12/site-packages/pip/_vendor/pygments/__pycache__/modeline.cpython-312.pyc -> /home/matthieu/ros2_ws/install/web_control/share/web_control/web/stream/webrtc/.venv/lib/python3.12/site-packages/pip/_vendor/pygments/__pycache__\n'}
[0.960902] (web_control) StdoutLine: {'line': b'copying web/stream/webrtc/.venv/lib/python3.12/site-packages/pip/_vendor/pygments/__pycache__/token.cpython-312.pyc -> /home/matthieu/ros2_ws/install/web_control/share/web_control/web/stream/webrtc/.venv/lib/python3.12/site-packages/pip/_vendor/pygments/__pycache__\n'}
[0.960959] (web_control) StdoutLine: {'line': b'copying web/stream/webrtc/.venv/lib/python3.12/site-packages/pip/_vendor/pygments/__pycache__/unistring.cpython-312.pyc -> /home/matthieu/ros2_ws/install/web_control/share/web_control/web/stream/webrtc/.venv/lib/python3.12/site-packages/pip/_vendor/pygments/__pycache__\n'}
[0.961010] (web_control) StdoutLine: {'line': b'copying web/stream/webrtc/.venv/lib/python3.12/site-packages/pip/_vendor/pygments/__pycache__/scanner.cpython-312.pyc -> /home/matthieu/ros2_ws/install/web_control/share/web_control/web/stream/webrtc/.venv/lib/python3.12/site-packages/pip/_vendor/pygments/__pycache__\n'}
[0.961064] (web_control) StdoutLine: {'line': b'copying web/stream/webrtc/.venv/lib/python3.12/site-packages/pip/_vendor/pygments/__pycache__/sphinxext.cpython-312.pyc -> /home/matthieu/ros2_ws/install/web_control/share/web_control/web/stream/webrtc/.venv/lib/python3.12/site-packages/pip/_vendor/pygments/__pycache__\n'}
[0.961120] (web_control) StdoutLine: {'line': b'copying web/stream/webrtc/.venv/lib/python3.12/site-packages/pip/_vendor/pygments/__pycache__/style.cpython-312.pyc -> /home/matthieu/ros2_ws/install/web_control/share/web_control/web/stream/webrtc/.venv/lib/python3.12/site-packages/pip/_vendor/pygments/__pycache__\n'}
[0.961175] (web_control) StdoutLine: {'line': b'copying web/stream/webrtc/.venv/lib/python3.12/site-packages/pip/_vendor/pygments/__pycache__/__main__.cpython-312.pyc -> /home/matthieu/ros2_ws/install/web_control/share/web_control/web/stream/webrtc/.venv/lib/python3.12/site-packages/pip/_vendor/pygments/__pycache__\n'}
[0.961232] (web_control) StdoutLine: {'line': b'copying web/stream/webrtc/.venv/lib/python3.12/site-packages/pip/_vendor/pygments/__pycache__/console.cpython-312.pyc -> /home/matthieu/ros2_ws/install/web_control/share/web_control/web/stream/webrtc/.venv/lib/python3.12/site-packages/pip/_vendor/pygments/__pycache__\n'}
[0.961291] (web_control) StdoutLine: {'line': b'copying web/stream/webrtc/.venv/lib/python3.12/site-packages/pip/_vendor/pygments/__pycache__/util.cpython-312.pyc -> /home/matthieu/ros2_ws/install/web_control/share/web_control/web/stream/webrtc/.venv/lib/python3.12/site-packages/pip/_vendor/pygments/__pycache__\n'}
[0.961346] (web_control) StdoutLine: {'line': b'copying web/stream/webrtc/.venv/lib/python3.12/site-packages/pip/_vendor/pygments/__pycache__/__init__.cpython-312.pyc -> /home/matthieu/ros2_ws/install/web_control/share/web_control/web/stream/webrtc/.venv/lib/python3.12/site-packages/pip/_vendor/pygments/__pycache__\n'}
[0.961400] (web_control) StdoutLine: {'line': b'copying web/stream/webrtc/.venv/lib/python3.12/site-packages/pip/_vendor/pygments/__pycache__/cmdline.cpython-312.pyc -> /home/matthieu/ros2_ws/install/web_control/share/web_control/web/stream/webrtc/.venv/lib/python3.12/site-packages/pip/_vendor/pygments/__pycache__\n'}
[0.961553] (web_control) StdoutLine: {'line': b'copying web/stream/webrtc/.venv/lib/python3.12/site-packages/pip/_vendor/pygments/__pycache__/filter.cpython-312.pyc -> /home/matthieu/ros2_ws/install/web_control/share/web_control/web/stream/webrtc/.venv/lib/python3.12/site-packages/pip/_vendor/pygments/__pycache__\n'}
[0.961597] (web_control) StdoutLine: {'line': b'copying web/stream/webrtc/.venv/lib/python3.12/site-packages/pip/_vendor/pygments/__pycache__/plugin.cpython-312.pyc -> /home/matthieu/ros2_ws/install/web_control/share/web_control/web/stream/webrtc/.venv/lib/python3.12/site-packages/pip/_vendor/pygments/__pycache__\n'}
[0.961653] (web_control) StdoutLine: {'line': b'copying web/stream/webrtc/.venv/lib/python3.12/site-packages/pip/_vendor/pygments/__pycache__/lexer.cpython-312.pyc -> /home/matthieu/ros2_ws/install/web_control/share/web_control/web/stream/webrtc/.venv/lib/python3.12/site-packages/pip/_vendor/pygments/__pycache__\n'}
[0.961709] (web_control) StdoutLine: {'line': b'copying web/stream/webrtc/.venv/lib/python3.12/site-packages/pip/_vendor/pygments/__pycache__/regexopt.cpython-312.pyc -> /home/matthieu/ros2_ws/install/web_control/share/web_control/web/stream/webrtc/.venv/lib/python3.12/site-packages/pip/_vendor/pygments/__pycache__\n'}
[0.961769] (web_control) StdoutLine: {'line': b'creating /home/matthieu/ros2_ws/install/web_control/share/web_control/web/stream/webrtc/.venv/lib/python3.12/site-packages/pip/_vendor/pygments/styles\n'}
[0.961818] (web_control) StdoutLine: {'line': b'copying web/stream/webrtc/.venv/lib/python3.12/site-packages/pip/_vendor/pygments/styles/__init__.py -> /home/matthieu/ros2_ws/install/web_control/share/web_control/web/stream/webrtc/.venv/lib/python3.12/site-packages/pip/_vendor/pygments/styles\n'}
[0.961878] (web_control) StdoutLine: {'line': b'creating /home/matthieu/ros2_ws/install/web_control/share/web_control/web/stream/webrtc/.venv/lib/python3.12/site-packages/pip/_vendor/pygments/styles/__pycache__\n'}
[0.961920] (web_control) StdoutLine: {'line': b'copying web/stream/webrtc/.venv/lib/python3.12/site-packages/pip/_vendor/pygments/styles/__pycache__/__init__.cpython-312.pyc -> /home/matthieu/ros2_ws/install/web_control/share/web_control/web/stream/webrtc/.venv/lib/python3.12/site-packages/pip/_vendor/pygments/styles/__pycache__\n'}
[0.961979] (web_control) StdoutLine: {'line': b'creating /home/matthieu/ros2_ws/install/web_control/share/web_control/web/stream/webrtc/.venv/lib/python3.12/site-packages/pip/_vendor/pygments/formatters\n'}
[0.962023] (web_control) StdoutLine: {'line': b'copying web/stream/webrtc/.venv/lib/python3.12/site-packages/pip/_vendor/pygments/formatters/other.py -> /home/matthieu/ros2_ws/install/web_control/share/web_control/web/stream/webrtc/.venv/lib/python3.12/site-packages/pip/_vendor/pygments/formatters\n'}
[0.962085] (web_control) StdoutLine: {'line': b'copying web/stream/webrtc/.venv/lib/python3.12/site-packages/pip/_vendor/pygments/formatters/rtf.py -> /home/matthieu/ros2_ws/install/web_control/share/web_control/web/stream/webrtc/.venv/lib/python3.12/site-packages/pip/_vendor/pygments/formatters\n'}
[0.962136] (web_control) StdoutLine: {'line': b'copying web/stream/webrtc/.venv/lib/python3.12/site-packages/pip/_vendor/pygments/formatters/_mapping.py -> /home/matthieu/ros2_ws/install/web_control/share/web_control/web/stream/webrtc/.venv/lib/python3.12/site-packages/pip/_vendor/pygments/formatters\n'}
[0.962194] (web_control) StdoutLine: {'line': b'copying web/stream/webrtc/.venv/lib/python3.12/site-packages/pip/_vendor/pygments/formatters/img.py -> /home/matthieu/ros2_ws/install/web_control/share/web_control/web/stream/webrtc/.venv/lib/python3.12/site-packages/pip/_vendor/pygments/formatters\n'}
[0.962237] (web_control) StdoutLine: {'line': b'copying web/stream/webrtc/.venv/lib/python3.12/site-packages/pip/_vendor/pygments/formatters/latex.py -> /home/matthieu/ros2_ws/install/web_control/share/web_control/web/stream/webrtc/.venv/lib/python3.12/site-packages/pip/_vendor/pygments/formatters\n'}
[0.962292] (web_control) StdoutLine: {'line': b'copying web/stream/webrtc/.venv/lib/python3.12/site-packages/pip/_vendor/pygments/formatters/svg.py -> /home/matthieu/ros2_ws/install/web_control/share/web_control/web/stream/webrtc/.venv/lib/python3.12/site-packages/pip/_vendor/pygments/formatters\n'}
[0.962348] (web_control) StdoutLine: {'line': b'copying web/stream/webrtc/.venv/lib/python3.12/site-packages/pip/_vendor/pygments/formatters/terminal256.py -> /home/matthieu/ros2_ws/install/web_control/share/web_control/web/stream/webrtc/.venv/lib/python3.12/site-packages/pip/_vendor/pygments/formatters\n'}
[0.962404] (web_control) StdoutLine: {'line': b'copying web/stream/webrtc/.venv/lib/python3.12/site-packages/pip/_vendor/pygments/formatters/pangomarkup.py -> /home/matthieu/ros2_ws/install/web_control/share/web_control/web/stream/webrtc/.venv/lib/python3.12/site-packages/pip/_vendor/pygments/formatters\n'}
[0.962465] (web_control) StdoutLine: {'line': b'copying web/stream/webrtc/.venv/lib/python3.12/site-packages/pip/_vendor/pygments/formatters/bbcode.py -> /home/matthieu/ros2_ws/install/web_control/share/web_control/web/stream/webrtc/.venv/lib/python3.12/site-packages/pip/_vendor/pygments/formatters\n'}
[0.962509] (web_control) StdoutLine: {'line': b'copying web/stream/webrtc/.venv/lib/python3.12/site-packages/pip/_vendor/pygments/formatters/groff.py -> /home/matthieu/ros2_ws/install/web_control/share/web_control/web/stream/webrtc/.venv/lib/python3.12/site-packages/pip/_vendor/pygments/formatters\n'}
[0.962559] (web_control) StdoutLine: {'line': b'copying web/stream/webrtc/.venv/lib/python3.12/site-packages/pip/_vendor/pygments/formatters/terminal.py -> /home/matthieu/ros2_ws/install/web_control/share/web_control/web/stream/webrtc/.venv/lib/python3.12/site-packages/pip/_vendor/pygments/formatters\n'}
[0.962612] (web_control) StdoutLine: {'line': b'copying web/stream/webrtc/.venv/lib/python3.12/site-packages/pip/_vendor/pygments/formatters/irc.py -> /home/matthieu/ros2_ws/install/web_control/share/web_control/web/stream/webrtc/.venv/lib/python3.12/site-packages/pip/_vendor/pygments/formatters\n'}
[0.962667] (web_control) StdoutLine: {'line': b'copying web/stream/webrtc/.venv/lib/python3.12/site-packages/pip/_vendor/pygments/formatters/html.py -> /home/matthieu/ros2_ws/install/web_control/share/web_control/web/stream/webrtc/.venv/lib/python3.12/site-packages/pip/_vendor/pygments/formatters\n'}
[0.962722] (web_control) StdoutLine: {'line': b'copying web/stream/webrtc/.venv/lib/python3.12/site-packages/pip/_vendor/pygments/formatters/__init__.py -> /home/matthieu/ros2_ws/install/web_control/share/web_control/web/stream/webrtc/.venv/lib/python3.12/site-packages/pip/_vendor/pygments/formatters\n'}
[0.962776] (web_control) StdoutLine: {'line': b'creating /home/matthieu/ros2_ws/install/web_control/share/web_control/web/stream/webrtc/.venv/lib/python3.12/site-packages/pip/_vendor/pygments/formatters/__pycache__\n'}
[0.962838] (web_control) StdoutLine: {'line': b'copying web/stream/webrtc/.venv/lib/python3.12/site-packages/pip/_vendor/pygments/formatters/__pycache__/irc.cpython-312.pyc -> /home/matthieu/ros2_ws/install/web_control/share/web_control/web/stream/webrtc/.venv/lib/python3.12/site-packages/pip/_vendor/pygments/formatters/__pycache__\n'}
[0.962899] (web_control) StdoutLine: {'line': b'copying web/stream/webrtc/.venv/lib/python3.12/site-packages/pip/_vendor/pygments/formatters/__pycache__/latex.cpython-312.pyc -> /home/matthieu/ros2_ws/install/web_control/share/web_control/web/stream/webrtc/.venv/lib/python3.12/site-packages/pip/_vendor/pygments/formatters/__pycache__\n'}
[0.962978] (web_control) StdoutLine: {'line': b'copying web/stream/webrtc/.venv/lib/python3.12/site-packages/pip/_vendor/pygments/formatters/__pycache__/bbcode.cpython-312.pyc -> /home/matthieu/ros2_ws/install/web_control/share/web_control/web/stream/webrtc/.venv/lib/python3.12/site-packages/pip/_vendor/pygments/formatters/__pycache__\n'}
[0.963057] (web_control) StdoutLine: {'line': b'copying web/stream/webrtc/.venv/lib/python3.12/site-packages/pip/_vendor/pygments/formatters/__pycache__/rtf.cpython-312.pyc -> /home/matthieu/ros2_ws/install/web_control/share/web_control/web/stream/webrtc/.venv/lib/python3.12/site-packages/pip/_vendor/pygments/formatters/__pycache__\n'}
[0.963109] (web_control) StdoutLine: {'line': b'copying web/stream/webrtc/.venv/lib/python3.12/site-packages/pip/_vendor/pygments/formatters/__pycache__/groff.cpython-312.pyc -> /home/matthieu/ros2_ws/install/web_control/share/web_control/web/stream/webrtc/.venv/lib/python3.12/site-packages/pip/_vendor/pygments/formatters/__pycache__\n'}
[0.963160] (web_control) StdoutLine: {'line': b'copying web/stream/webrtc/.venv/lib/python3.12/site-packages/pip/_vendor/pygments/formatters/__pycache__/img.cpython-312.pyc -> /home/matthieu/ros2_ws/install/web_control/share/web_control/web/stream/webrtc/.venv/lib/python3.12/site-packages/pip/_vendor/pygments/formatters/__pycache__\n'}
[0.963212] (web_control) StdoutLine: {'line': b'copying web/stream/webrtc/.venv/lib/python3.12/site-packages/pip/_vendor/pygments/formatters/__pycache__/svg.cpython-312.pyc -> /home/matthieu/ros2_ws/install/web_control/share/web_control/web/stream/webrtc/.venv/lib/python3.12/site-packages/pip/_vendor/pygments/formatters/__pycache__\n'}
[0.963270] (web_control) StdoutLine: {'line': b'copying web/stream/webrtc/.venv/lib/python3.12/site-packages/pip/_vendor/pygments/formatters/__pycache__/terminal.cpython-312.pyc -> /home/matthieu/ros2_ws/install/web_control/share/web_control/web/stream/webrtc/.venv/lib/python3.12/site-packages/pip/_vendor/pygments/formatters/__pycache__\n'}
[0.963327] (web_control) StdoutLine: {'line': b'copying web/stream/webrtc/.venv/lib/python3.12/site-packages/pip/_vendor/pygments/formatters/__pycache__/html.cpython-312.pyc -> /home/matthieu/ros2_ws/install/web_control/share/web_control/web/stream/webrtc/.venv/lib/python3.12/site-packages/pip/_vendor/pygments/formatters/__pycache__\n'}
[0.963382] (web_control) StdoutLine: {'line': b'copying web/stream/webrtc/.venv/lib/python3.12/site-packages/pip/_vendor/pygments/formatters/__pycache__/terminal256.cpython-312.pyc -> /home/matthieu/ros2_ws/install/web_control/share/web_control/web/stream/webrtc/.venv/lib/python3.12/site-packages/pip/_vendor/pygments/formatters/__pycache__\n'}
[0.963436] (web_control) StdoutLine: {'line': b'copying web/stream/webrtc/.venv/lib/python3.12/site-packages/pip/_vendor/pygments/formatters/__pycache__/pangomarkup.cpython-312.pyc -> /home/matthieu/ros2_ws/install/web_control/share/web_control/web/stream/webrtc/.venv/lib/python3.12/site-packages/pip/_vendor/pygments/formatters/__pycache__\n'}
[0.963490] (web_control) StdoutLine: {'line': b'copying web/stream/webrtc/.venv/lib/python3.12/site-packages/pip/_vendor/pygments/formatters/__pycache__/_mapping.cpython-312.pyc -> /home/matthieu/ros2_ws/install/web_control/share/web_control/web/stream/webrtc/.venv/lib/python3.12/site-packages/pip/_vendor/pygments/formatters/__pycache__\n'}
[0.963544] (web_control) StdoutLine: {'line': b'copying web/stream/webrtc/.venv/lib/python3.12/site-packages/pip/_vendor/pygments/formatters/__pycache__/__init__.cpython-312.pyc -> /home/matthieu/ros2_ws/install/web_control/share/web_control/web/stream/webrtc/.venv/lib/python3.12/site-packages/pip/_vendor/pygments/formatters/__pycache__\n'}
[0.963607] (web_control) StdoutLine: {'line': b'copying web/stream/webrtc/.venv/lib/python3.12/site-packages/pip/_vendor/pygments/formatters/__pycache__/other.cpython-312.pyc -> /home/matthieu/ros2_ws/install/web_control/share/web_control/web/stream/webrtc/.venv/lib/python3.12/site-packages/pip/_vendor/pygments/formatters/__pycache__\n'}
[0.963662] (web_control) StdoutLine: {'line': b'creating /home/matthieu/ros2_ws/install/web_control/share/web_control/web/stream/webrtc/.venv/lib/python3.12/site-packages/pip/_vendor/certifi\n'}
[0.963716] (web_control) StdoutLine: {'line': b'copying web/stream/webrtc/.venv/lib/python3.12/site-packages/pip/_vendor/certifi/cacert.pem -> /home/matthieu/ros2_ws/install/web_control/share/web_control/web/stream/webrtc/.venv/lib/python3.12/site-packages/pip/_vendor/certifi\n'}
[0.963864] (web_control) StdoutLine: {'line': b'copying web/stream/webrtc/.venv/lib/python3.12/site-packages/pip/_vendor/certifi/core.py -> /home/matthieu/ros2_ws/install/web_control/share/web_control/web/stream/webrtc/.venv/lib/python3.12/site-packages/pip/_vendor/certifi\n'}
[0.963923] (web_control) StdoutLine: {'line': b'copying web/stream/webrtc/.venv/lib/python3.12/site-packages/pip/_vendor/certifi/__main__.py -> /home/matthieu/ros2_ws/install/web_control/share/web_control/web/stream/webrtc/.venv/lib/python3.12/site-packages/pip/_vendor/certifi\n'}
[0.963977] (web_control) StdoutLine: {'line': b'copying web/stream/webrtc/.venv/lib/python3.12/site-packages/pip/_vendor/certifi/__init__.py -> /home/matthieu/ros2_ws/install/web_control/share/web_control/web/stream/webrtc/.venv/lib/python3.12/site-packages/pip/_vendor/certifi\n'}
[0.964033] (web_control) StdoutLine: {'line': b'creating /home/matthieu/ros2_ws/install/web_control/share/web_control/web/stream/webrtc/.venv/lib/python3.12/site-packages/pip/_vendor/certifi/__pycache__\n'}
[0.964091] (web_control) StdoutLine: {'line': b'copying web/stream/webrtc/.venv/lib/python3.12/site-packages/pip/_vendor/certifi/__pycache__/core.cpython-312.pyc -> /home/matthieu/ros2_ws/install/web_control/share/web_control/web/stream/webrtc/.venv/lib/python3.12/site-packages/pip/_vendor/certifi/__pycache__\n'}
[0.964149] (web_control) StdoutLine: {'line': b'copying web/stream/webrtc/.venv/lib/python3.12/site-packages/pip/_vendor/certifi/__pycache__/__main__.cpython-312.pyc -> /home/matthieu/ros2_ws/install/web_control/share/web_control/web/stream/webrtc/.venv/lib/python3.12/site-packages/pip/_vendor/certifi/__pycache__\n'}
[0.964205] (web_control) StdoutLine: {'line': b'copying web/stream/webrtc/.venv/lib/python3.12/site-packages/pip/_vendor/certifi/__pycache__/__init__.cpython-312.pyc -> /home/matthieu/ros2_ws/install/web_control/share/web_control/web/stream/webrtc/.venv/lib/python3.12/site-packages/pip/_vendor/certifi/__pycache__\n'}
[0.964261] (web_control) StdoutLine: {'line': b'creating /home/matthieu/ros2_ws/install/web_control/share/web_control/web/stream/webrtc/.venv/lib/python3.12/site-packages/pip/_vendor/tenacity\n'}
[0.964317] (web_control) StdoutLine: {'line': b'copying web/stream/webrtc/.venv/lib/python3.12/site-packages/pip/_vendor/tenacity/after.py -> /home/matthieu/ros2_ws/install/web_control/share/web_control/web/stream/webrtc/.venv/lib/python3.12/site-packages/pip/_vendor/tenacity\n'}
[0.964373] (web_control) StdoutLine: {'line': b'copying web/stream/webrtc/.venv/lib/python3.12/site-packages/pip/_vendor/tenacity/tornadoweb.py -> /home/matthieu/ros2_ws/install/web_control/share/web_control/web/stream/webrtc/.venv/lib/python3.12/site-packages/pip/_vendor/tenacity\n'}
[0.964428] (web_control) StdoutLine: {'line': b'copying web/stream/webrtc/.venv/lib/python3.12/site-packages/pip/_vendor/tenacity/before.py -> /home/matthieu/ros2_ws/install/web_control/share/web_control/web/stream/webrtc/.venv/lib/python3.12/site-packages/pip/_vendor/tenacity\n'}
[0.964480] (web_control) StdoutLine: {'line': b'copying web/stream/webrtc/.venv/lib/python3.12/site-packages/pip/_vendor/tenacity/before_sleep.py -> /home/matthieu/ros2_ws/install/web_control/share/web_control/web/stream/webrtc/.venv/lib/python3.12/site-packages/pip/_vendor/tenacity\n'}
[0.964535] (web_control) StdoutLine: {'line': b'copying web/stream/webrtc/.venv/lib/python3.12/site-packages/pip/_vendor/tenacity/wait.py -> /home/matthieu/ros2_ws/install/web_control/share/web_control/web/stream/webrtc/.venv/lib/python3.12/site-packages/pip/_vendor/tenacity\n'}
[0.964586] (web_control) StdoutLine: {'line': b'copying web/stream/webrtc/.venv/lib/python3.12/site-packages/pip/_vendor/tenacity/_asyncio.py -> /home/matthieu/ros2_ws/install/web_control/share/web_control/web/stream/webrtc/.venv/lib/python3.12/site-packages/pip/_vendor/tenacity\n'}
[0.964640] (web_control) StdoutLine: {'line': b'copying web/stream/webrtc/.venv/lib/python3.12/site-packages/pip/_vendor/tenacity/_utils.py -> /home/matthieu/ros2_ws/install/web_control/share/web_control/web/stream/webrtc/.venv/lib/python3.12/site-packages/pip/_vendor/tenacity\n'}
[0.964696] (web_control) StdoutLine: {'line': b'copying web/stream/webrtc/.venv/lib/python3.12/site-packages/pip/_vendor/tenacity/stop.py -> /home/matthieu/ros2_ws/install/web_control/share/web_control/web/stream/webrtc/.venv/lib/python3.12/site-packages/pip/_vendor/tenacity\n'}
[0.964752] (web_control) StdoutLine: {'line': b'copying web/stream/webrtc/.venv/lib/python3.12/site-packages/pip/_vendor/tenacity/retry.py -> /home/matthieu/ros2_ws/install/web_control/share/web_control/web/stream/webrtc/.venv/lib/python3.12/site-packages/pip/_vendor/tenacity\n'}
[0.964812] (web_control) StdoutLine: {'line': b'copying web/stream/webrtc/.venv/lib/python3.12/site-packages/pip/_vendor/tenacity/nap.py -> /home/matthieu/ros2_ws/install/web_control/share/web_control/web/stream/webrtc/.venv/lib/python3.12/site-packages/pip/_vendor/tenacity\n'}
[0.964856] (web_control) StdoutLine: {'line': b'copying web/stream/webrtc/.venv/lib/python3.12/site-packages/pip/_vendor/tenacity/__init__.py -> /home/matthieu/ros2_ws/install/web_control/share/web_control/web/stream/webrtc/.venv/lib/python3.12/site-packages/pip/_vendor/tenacity\n'}
[0.964914] (web_control) StdoutLine: {'line': b'creating /home/matthieu/ros2_ws/install/web_control/share/web_control/web/stream/webrtc/.venv/lib/python3.12/site-packages/pip/_vendor/tenacity/__pycache__\n'}
[0.964957] (web_control) StdoutLine: {'line': b'copying web/stream/webrtc/.venv/lib/python3.12/site-packages/pip/_vendor/tenacity/__pycache__/before.cpython-312.pyc -> /home/matthieu/ros2_ws/install/web_control/share/web_control/web/stream/webrtc/.venv/lib/python3.12/site-packages/pip/_vendor/tenacity/__pycache__\n'}
[0.965012] (web_control) StdoutLine: {'line': b'copying web/stream/webrtc/.venv/lib/python3.12/site-packages/pip/_vendor/tenacity/__pycache__/_utils.cpython-312.pyc -> /home/matthieu/ros2_ws/install/web_control/share/web_control/web/stream/webrtc/.venv/lib/python3.12/site-packages/pip/_vendor/tenacity/__pycache__\n'}
[0.965073] (web_control) StdoutLine: {'line': b'copying web/stream/webrtc/.venv/lib/python3.12/site-packages/pip/_vendor/tenacity/__pycache__/nap.cpython-312.pyc -> /home/matthieu/ros2_ws/install/web_control/share/web_control/web/stream/webrtc/.venv/lib/python3.12/site-packages/pip/_vendor/tenacity/__pycache__\n'}
[0.965123] (web_control) StdoutLine: {'line': b'copying web/stream/webrtc/.venv/lib/python3.12/site-packages/pip/_vendor/tenacity/__pycache__/tornadoweb.cpython-312.pyc -> /home/matthieu/ros2_ws/install/web_control/share/web_control/web/stream/webrtc/.venv/lib/python3.12/site-packages/pip/_vendor/tenacity/__pycache__\n'}
[0.965178] (web_control) StdoutLine: {'line': b'copying web/stream/webrtc/.venv/lib/python3.12/site-packages/pip/_vendor/tenacity/__pycache__/wait.cpython-312.pyc -> /home/matthieu/ros2_ws/install/web_control/share/web_control/web/stream/webrtc/.venv/lib/python3.12/site-packages/pip/_vendor/tenacity/__pycache__\n'}
[0.965234] (web_control) StdoutLine: {'line': b'copying web/stream/webrtc/.venv/lib/python3.12/site-packages/pip/_vendor/tenacity/__pycache__/retry.cpython-312.pyc -> /home/matthieu/ros2_ws/install/web_control/share/web_control/web/stream/webrtc/.venv/lib/python3.12/site-packages/pip/_vendor/tenacity/__pycache__\n'}
[0.965292] (web_control) StdoutLine: {'line': b'copying web/stream/webrtc/.venv/lib/python3.12/site-packages/pip/_vendor/tenacity/__pycache__/after.cpython-312.pyc -> /home/matthieu/ros2_ws/install/web_control/share/web_control/web/stream/webrtc/.venv/lib/python3.12/site-packages/pip/_vendor/tenacity/__pycache__\n'}
[0.965348] (web_control) StdoutLine: {'line': b'copying web/stream/webrtc/.venv/lib/python3.12/site-packages/pip/_vendor/tenacity/__pycache__/__init__.cpython-312.pyc -> /home/matthieu/ros2_ws/install/web_control/share/web_control/web/stream/webrtc/.venv/lib/python3.12/site-packages/pip/_vendor/tenacity/__pycache__\n'}
[0.965403] (web_control) StdoutLine: {'line': b'copying web/stream/webrtc/.venv/lib/python3.12/site-packages/pip/_vendor/tenacity/__pycache__/before_sleep.cpython-312.pyc -> /home/matthieu/ros2_ws/install/web_control/share/web_control/web/stream/webrtc/.venv/lib/python3.12/site-packages/pip/_vendor/tenacity/__pycache__\n'}
[0.965459] (web_control) StdoutLine: {'line': b'copying web/stream/webrtc/.venv/lib/python3.12/site-packages/pip/_vendor/tenacity/__pycache__/_asyncio.cpython-312.pyc -> /home/matthieu/ros2_ws/install/web_control/share/web_control/web/stream/webrtc/.venv/lib/python3.12/site-packages/pip/_vendor/tenacity/__pycache__\n'}
[0.965515] (web_control) StdoutLine: {'line': b'copying web/stream/webrtc/.venv/lib/python3.12/site-packages/pip/_vendor/tenacity/__pycache__/stop.cpython-312.pyc -> /home/matthieu/ros2_ws/install/web_control/share/web_control/web/stream/webrtc/.venv/lib/python3.12/site-packages/pip/_vendor/tenacity/__pycache__\n'}
[0.965571] (web_control) StdoutLine: {'line': b'creating /home/matthieu/ros2_ws/install/web_control/share/web_control/web/stream/webrtc/.venv/lib/python3.12/site-packages/pip/_vendor/chardet\n'}
[0.965627] (web_control) StdoutLine: {'line': b'copying web/stream/webrtc/.venv/lib/python3.12/site-packages/pip/_vendor/chardet/euctwfreq.py -> /home/matthieu/ros2_ws/install/web_control/share/web_control/web/stream/webrtc/.venv/lib/python3.12/site-packages/pip/_vendor/chardet\n'}
[0.965871] (web_control) StdoutLine: {'line': b'copying web/stream/webrtc/.venv/lib/python3.12/site-packages/pip/_vendor/chardet/codingstatemachinedict.py -> /home/matthieu/ros2_ws/install/web_control/share/web_control/web/stream/webrtc/.venv/lib/python3.12/site-packages/pip/_vendor/chardet\n'}
[0.966149] (web_control) StdoutLine: {'line': b'copying web/stream/webrtc/.venv/lib/python3.12/site-packages/pip/_vendor/chardet/big5prober.py -> /home/matthieu/ros2_ws/install/web_control/share/web_control/web/stream/webrtc/.venv/lib/python3.12/site-packages/pip/_vendor/chardet\n'}
[0.966423] (web_control) StdoutLine: {'line': b'copying web/stream/webrtc/.venv/lib/python3.12/site-packages/pip/_vendor/chardet/escsm.py -> /home/matthieu/ros2_ws/install/web_control/share/web_control/web/stream/webrtc/.venv/lib/python3.12/site-packages/pip/_vendor/chardet\n'}
[0.966482] (web_control) StdoutLine: {'line': b'copying web/stream/webrtc/.venv/lib/python3.12/site-packages/pip/_vendor/chardet/chardistribution.py -> /home/matthieu/ros2_ws/install/web_control/share/web_control/web/stream/webrtc/.venv/lib/python3.12/site-packages/pip/_vendor/chardet\n'}
[0.966535] (web_control) StdoutLine: {'line': b'copying web/stream/webrtc/.venv/lib/python3.12/site-packages/pip/_vendor/chardet/langrussianmodel.py -> /home/matthieu/ros2_ws/install/web_control/share/web_control/web/stream/webrtc/.venv/lib/python3.12/site-packages/pip/_vendor/chardet\n'}
[0.966640] (web_control) StdoutLine: {'line': b'copying web/stream/webrtc/.venv/lib/python3.12/site-packages/pip/_vendor/chardet/sbcharsetprober.py -> /home/matthieu/ros2_ws/install/web_control/share/web_control/web/stream/webrtc/.venv/lib/python3.12/site-packages/pip/_vendor/chardet\n'}
[0.966698] (web_control) StdoutLine: {'line': b'copying web/stream/webrtc/.venv/lib/python3.12/site-packages/pip/_vendor/chardet/mbcsgroupprober.py -> /home/matthieu/ros2_ws/install/web_control/share/web_control/web/stream/webrtc/.venv/lib/python3.12/site-packages/pip/_vendor/chardet\n'}
[0.966750] (web_control) StdoutLine: {'line': b'copying web/stream/webrtc/.venv/lib/python3.12/site-packages/pip/_vendor/chardet/mbcssm.py -> /home/matthieu/ros2_ws/install/web_control/share/web_control/web/stream/webrtc/.venv/lib/python3.12/site-packages/pip/_vendor/chardet\n'}
[0.966813] (web_control) StdoutLine: {'line': b'copying web/stream/webrtc/.venv/lib/python3.12/site-packages/pip/_vendor/chardet/escprober.py -> /home/matthieu/ros2_ws/install/web_control/share/web_control/web/stream/webrtc/.venv/lib/python3.12/site-packages/pip/_vendor/chardet\n'}
[0.966866] (web_control) StdoutLine: {'line': b'copying web/stream/webrtc/.venv/lib/python3.12/site-packages/pip/_vendor/chardet/big5freq.py -> /home/matthieu/ros2_ws/install/web_control/share/web_control/web/stream/webrtc/.venv/lib/python3.12/site-packages/pip/_vendor/chardet\n'}
[0.966932] (web_control) StdoutLine: {'line': b'copying web/stream/webrtc/.venv/lib/python3.12/site-packages/pip/_vendor/chardet/gb2312prober.py -> /home/matthieu/ros2_ws/install/web_control/share/web_control/web/stream/webrtc/.venv/lib/python3.12/site-packages/pip/_vendor/chardet\n'}
[0.966983] (web_control) StdoutLine: {'line': b'copying web/stream/webrtc/.venv/lib/python3.12/site-packages/pip/_vendor/chardet/johabprober.py -> /home/matthieu/ros2_ws/install/web_control/share/web_control/web/stream/webrtc/.venv/lib/python3.12/site-packages/pip/_vendor/chardet\n'}
[0.967036] (web_control) StdoutLine: {'line': b'copying web/stream/webrtc/.venv/lib/python3.12/site-packages/pip/_vendor/chardet/langthaimodel.py -> /home/matthieu/ros2_ws/install/web_control/share/web_control/web/stream/webrtc/.venv/lib/python3.12/site-packages/pip/_vendor/chardet\n'}
[0.967137] (web_control) StdoutLine: {'line': b'copying web/stream/webrtc/.venv/lib/python3.12/site-packages/pip/_vendor/chardet/latin1prober.py -> /home/matthieu/ros2_ws/install/web_control/share/web_control/web/stream/webrtc/.venv/lib/python3.12/site-packages/pip/_vendor/chardet\n'}
[0.967199] (web_control) StdoutLine: {'line': b'copying web/stream/webrtc/.venv/lib/python3.12/site-packages/pip/_vendor/chardet/euctwprober.py -> /home/matthieu/ros2_ws/install/web_control/share/web_control/web/stream/webrtc/.venv/lib/python3.12/site-packages/pip/_vendor/chardet\n'}
[0.967252] (web_control) StdoutLine: {'line': b'copying web/stream/webrtc/.venv/lib/python3.12/site-packages/pip/_vendor/chardet/langhungarianmodel.py -> /home/matthieu/ros2_ws/install/web_control/share/web_control/web/stream/webrtc/.venv/lib/python3.12/site-packages/pip/_vendor/chardet\n'}
[0.967364] (web_control) StdoutLine: {'line': b'copying web/stream/webrtc/.venv/lib/python3.12/site-packages/pip/_vendor/chardet/resultdict.py -> /home/matthieu/ros2_ws/install/web_control/share/web_control/web/stream/webrtc/.venv/lib/python3.12/site-packages/pip/_vendor/chardet\n'}
[0.967423] (web_control) StdoutLine: {'line': b'copying web/stream/webrtc/.venv/lib/python3.12/site-packages/pip/_vendor/chardet/sbcsgroupprober.py -> /home/matthieu/ros2_ws/install/web_control/share/web_control/web/stream/webrtc/.venv/lib/python3.12/site-packages/pip/_vendor/chardet\n'}
[0.967477] (web_control) StdoutLine: {'line': b'copying web/stream/webrtc/.venv/lib/python3.12/site-packages/pip/_vendor/chardet/hebrewprober.py -> /home/matthieu/ros2_ws/install/web_control/share/web_control/web/stream/webrtc/.venv/lib/python3.12/site-packages/pip/_vendor/chardet\n'}
[0.967532] (web_control) StdoutLine: {'line': b'copying web/stream/webrtc/.venv/lib/python3.12/site-packages/pip/_vendor/chardet/euckrprober.py -> /home/matthieu/ros2_ws/install/web_control/share/web_control/web/stream/webrtc/.venv/lib/python3.12/site-packages/pip/_vendor/chardet\n'}
[0.967586] (web_control) StdoutLine: {'line': b'copying web/stream/webrtc/.venv/lib/python3.12/site-packages/pip/_vendor/chardet/cp949prober.py -> /home/matthieu/ros2_ws/install/web_control/share/web_control/web/stream/webrtc/.venv/lib/python3.12/site-packages/pip/_vendor/chardet\n'}
[0.967643] (web_control) StdoutLine: {'line': b'copying web/stream/webrtc/.venv/lib/python3.12/site-packages/pip/_vendor/chardet/jpcntx.py -> /home/matthieu/ros2_ws/install/web_control/share/web_control/web/stream/webrtc/.venv/lib/python3.12/site-packages/pip/_vendor/chardet\n'}
[0.967703] (web_control) StdoutLine: {'line': b'copying web/stream/webrtc/.venv/lib/python3.12/site-packages/pip/_vendor/chardet/enums.py -> /home/matthieu/ros2_ws/install/web_control/share/web_control/web/stream/webrtc/.venv/lib/python3.12/site-packages/pip/_vendor/chardet\n'}
[0.967758] (web_control) StdoutLine: {'line': b'copying web/stream/webrtc/.venv/lib/python3.12/site-packages/pip/_vendor/chardet/charsetprober.py -> /home/matthieu/ros2_ws/install/web_control/share/web_control/web/stream/webrtc/.venv/lib/python3.12/site-packages/pip/_vendor/chardet\n'}
[0.967812] (web_control) StdoutLine: {'line': b'copying web/stream/webrtc/.venv/lib/python3.12/site-packages/pip/_vendor/chardet/charsetgroupprober.py -> /home/matthieu/ros2_ws/install/web_control/share/web_control/web/stream/webrtc/.venv/lib/python3.12/site-packages/pip/_vendor/chardet\n'}
[0.967864] (web_control) StdoutLine: {'line': b'copying web/stream/webrtc/.venv/lib/python3.12/site-packages/pip/_vendor/chardet/codingstatemachine.py -> /home/matthieu/ros2_ws/install/web_control/share/web_control/web/stream/webrtc/.venv/lib/python3.12/site-packages/pip/_vendor/chardet\n'}
[0.967917] (web_control) StdoutLine: {'line': b'copying web/stream/webrtc/.venv/lib/python3.12/site-packages/pip/_vendor/chardet/euckrfreq.py -> /home/matthieu/ros2_ws/install/web_control/share/web_control/web/stream/webrtc/.venv/lib/python3.12/site-packages/pip/_vendor/chardet\n'}
[0.967975] (web_control) StdoutLine: {'line': b'copying web/stream/webrtc/.venv/lib/python3.12/site-packages/pip/_vendor/chardet/utf1632prober.py -> /home/matthieu/ros2_ws/install/web_control/share/web_control/web/stream/webrtc/.venv/lib/python3.12/site-packages/pip/_vendor/chardet\n'}
[0.968030] (web_control) StdoutLine: {'line': b'copying web/stream/webrtc/.venv/lib/python3.12/site-packages/pip/_vendor/chardet/mbcharsetprober.py -> /home/matthieu/ros2_ws/install/web_control/share/web_control/web/stream/webrtc/.venv/lib/python3.12/site-packages/pip/_vendor/chardet\n'}
[0.968085] (web_control) StdoutLine: {'line': b'copying web/stream/webrtc/.venv/lib/python3.12/site-packages/pip/_vendor/chardet/langhebrewmodel.py -> /home/matthieu/ros2_ws/install/web_control/share/web_control/web/stream/webrtc/.venv/lib/python3.12/site-packages/pip/_vendor/chardet\n'}
[0.968179] (web_control) StdoutLine: {'line': b'copying web/stream/webrtc/.venv/lib/python3.12/site-packages/pip/_vendor/chardet/utf8prober.py -> /home/matthieu/ros2_ws/install/web_control/share/web_control/web/stream/webrtc/.venv/lib/python3.12/site-packages/pip/_vendor/chardet\n'}
[0.968233] (web_control) StdoutLine: {'line': b'copying web/stream/webrtc/.venv/lib/python3.12/site-packages/pip/_vendor/chardet/jisfreq.py -> /home/matthieu/ros2_ws/install/web_control/share/web_control/web/stream/webrtc/.venv/lib/python3.12/site-packages/pip/_vendor/chardet\n'}
[0.968297] (web_control) StdoutLine: {'line': b'copying web/stream/webrtc/.venv/lib/python3.12/site-packages/pip/_vendor/chardet/langbulgarianmodel.py -> /home/matthieu/ros2_ws/install/web_control/share/web_control/web/stream/webrtc/.venv/lib/python3.12/site-packages/pip/_vendor/chardet\n'}
[0.968395] (web_control) StdoutLine: {'line': b'copying web/stream/webrtc/.venv/lib/python3.12/site-packages/pip/_vendor/chardet/johabfreq.py -> /home/matthieu/ros2_ws/install/web_control/share/web_control/web/stream/webrtc/.venv/lib/python3.12/site-packages/pip/_vendor/chardet\n'}
[0.968466] (web_control) StdoutLine: {'line': b'copying web/stream/webrtc/.venv/lib/python3.12/site-packages/pip/_vendor/chardet/sjisprober.py -> /home/matthieu/ros2_ws/install/web_control/share/web_control/web/stream/webrtc/.venv/lib/python3.12/site-packages/pip/_vendor/chardet\n'}
[0.968522] (web_control) StdoutLine: {'line': b'copying web/stream/webrtc/.venv/lib/python3.12/site-packages/pip/_vendor/chardet/macromanprober.py -> /home/matthieu/ros2_ws/install/web_control/share/web_control/web/stream/webrtc/.venv/lib/python3.12/site-packages/pip/_vendor/chardet\n'}
[0.968575] (web_control) StdoutLine: {'line': b'copying web/stream/webrtc/.venv/lib/python3.12/site-packages/pip/_vendor/chardet/langturkishmodel.py -> /home/matthieu/ros2_ws/install/web_control/share/web_control/web/stream/webrtc/.venv/lib/python3.12/site-packages/pip/_vendor/chardet\n'}
[0.968661] (web_control) StdoutLine: {'line': b'copying web/stream/webrtc/.venv/lib/python3.12/site-packages/pip/_vendor/chardet/langgreekmodel.py -> /home/matthieu/ros2_ws/install/web_control/share/web_control/web/stream/webrtc/.venv/lib/python3.12/site-packages/pip/_vendor/chardet\n'}
[0.968756] (web_control) StdoutLine: {'line': b'copying web/stream/webrtc/.venv/lib/python3.12/site-packages/pip/_vendor/chardet/universaldetector.py -> /home/matthieu/ros2_ws/install/web_control/share/web_control/web/stream/webrtc/.venv/lib/python3.12/site-packages/pip/_vendor/chardet\n'}
[0.968814] (web_control) StdoutLine: {'line': b'copying web/stream/webrtc/.venv/lib/python3.12/site-packages/pip/_vendor/chardet/version.py -> /home/matthieu/ros2_ws/install/web_control/share/web_control/web/stream/webrtc/.venv/lib/python3.12/site-packages/pip/_vendor/chardet\n'}
[0.968868] (web_control) StdoutLine: {'line': b'copying web/stream/webrtc/.venv/lib/python3.12/site-packages/pip/_vendor/chardet/gb2312freq.py -> /home/matthieu/ros2_ws/install/web_control/share/web_control/web/stream/webrtc/.venv/lib/python3.12/site-packages/pip/_vendor/chardet\n'}
[0.968929] (web_control) StdoutLine: {'line': b'copying web/stream/webrtc/.venv/lib/python3.12/site-packages/pip/_vendor/chardet/eucjpprober.py -> /home/matthieu/ros2_ws/install/web_control/share/web_control/web/stream/webrtc/.venv/lib/python3.12/site-packages/pip/_vendor/chardet\n'}
[0.968981] (web_control) StdoutLine: {'line': b'copying web/stream/webrtc/.venv/lib/python3.12/site-packages/pip/_vendor/chardet/__init__.py -> /home/matthieu/ros2_ws/install/web_control/share/web_control/web/stream/webrtc/.venv/lib/python3.12/site-packages/pip/_vendor/chardet\n'}
[0.969038] (web_control) StdoutLine: {'line': b'creating /home/matthieu/ros2_ws/install/web_control/share/web_control/web/stream/webrtc/.venv/lib/python3.12/site-packages/pip/_vendor/chardet/cli\n'}
[0.969095] (web_control) StdoutLine: {'line': b'copying web/stream/webrtc/.venv/lib/python3.12/site-packages/pip/_vendor/chardet/cli/chardetect.py -> /home/matthieu/ros2_ws/install/web_control/share/web_control/web/stream/webrtc/.venv/lib/python3.12/site-packages/pip/_vendor/chardet/cli\n'}
[0.969152] (web_control) StdoutLine: {'line': b'copying web/stream/webrtc/.venv/lib/python3.12/site-packages/pip/_vendor/chardet/cli/__init__.py -> /home/matthieu/ros2_ws/install/web_control/share/web_control/web/stream/webrtc/.venv/lib/python3.12/site-packages/pip/_vendor/chardet/cli\n'}
[0.969208] (web_control) StdoutLine: {'line': b'creating /home/matthieu/ros2_ws/install/web_control/share/web_control/web/stream/webrtc/.venv/lib/python3.12/site-packages/pip/_vendor/chardet/cli/__pycache__\n'}
[0.969263] (web_control) StdoutLine: {'line': b'copying web/stream/webrtc/.venv/lib/python3.12/site-packages/pip/_vendor/chardet/cli/__pycache__/chardetect.cpython-312.pyc -> /home/matthieu/ros2_ws/install/web_control/share/web_control/web/stream/webrtc/.venv/lib/python3.12/site-packages/pip/_vendor/chardet/cli/__pycache__\n'}
[0.969319] (web_control) StdoutLine: {'line': b'copying web/stream/webrtc/.venv/lib/python3.12/site-packages/pip/_vendor/chardet/cli/__pycache__/__init__.cpython-312.pyc -> /home/matthieu/ros2_ws/install/web_control/share/web_control/web/stream/webrtc/.venv/lib/python3.12/site-packages/pip/_vendor/chardet/cli/__pycache__\n'}
[0.969379] (web_control) StdoutLine: {'line': b'creating /home/matthieu/ros2_ws/install/web_control/share/web_control/web/stream/webrtc/.venv/lib/python3.12/site-packages/pip/_vendor/chardet/metadata\n'}
[0.969426] (web_control) StdoutLine: {'line': b'copying web/stream/webrtc/.venv/lib/python3.12/site-packages/pip/_vendor/chardet/metadata/languages.py -> /home/matthieu/ros2_ws/install/web_control/share/web_control/web/stream/webrtc/.venv/lib/python3.12/site-packages/pip/_vendor/chardet/metadata\n'}
[0.969480] (web_control) StdoutLine: {'line': b'copying web/stream/webrtc/.venv/lib/python3.12/site-packages/pip/_vendor/chardet/metadata/__init__.py -> /home/matthieu/ros2_ws/install/web_control/share/web_control/web/stream/webrtc/.venv/lib/python3.12/site-packages/pip/_vendor/chardet/metadata\n'}
[0.969541] (web_control) StdoutLine: {'line': b'creating /home/matthieu/ros2_ws/install/web_control/share/web_control/web/stream/webrtc/.venv/lib/python3.12/site-packages/pip/_vendor/chardet/metadata/__pycache__\n'}
[0.969584] (web_control) StdoutLine: {'line': b'copying web/stream/webrtc/.venv/lib/python3.12/site-packages/pip/_vendor/chardet/metadata/__pycache__/__init__.cpython-312.pyc -> /home/matthieu/ros2_ws/install/web_control/share/web_control/web/stream/webrtc/.venv/lib/python3.12/site-packages/pip/_vendor/chardet/metadata/__pycache__\n'}
[0.969644] (web_control) StdoutLine: {'line': b'copying web/stream/webrtc/.venv/lib/python3.12/site-packages/pip/_vendor/chardet/metadata/__pycache__/languages.cpython-312.pyc -> /home/matthieu/ros2_ws/install/web_control/share/web_control/web/stream/webrtc/.venv/lib/python3.12/site-packages/pip/_vendor/chardet/metadata/__pycache__\n'}
[0.969695] (web_control) StdoutLine: {'line': b'creating /home/matthieu/ros2_ws/install/web_control/share/web_control/web/stream/webrtc/.venv/lib/python3.12/site-packages/pip/_vendor/chardet/__pycache__\n'}
[0.969738] (web_control) StdoutLine: {'line': b'copying web/stream/webrtc/.venv/lib/python3.12/site-packages/pip/_vendor/chardet/__pycache__/mbcharsetprober.cpython-312.pyc -> /home/matthieu/ros2_ws/install/web_control/share/web_control/web/stream/webrtc/.venv/lib/python3.12/site-packages/pip/_vendor/chardet/__pycache__\n'}
[0.969793] (web_control) StdoutLine: {'line': b'copying web/stream/webrtc/.venv/lib/python3.12/site-packages/pip/_vendor/chardet/__pycache__/langbulgarianmodel.cpython-312.pyc -> /home/matthieu/ros2_ws/install/web_control/share/web_control/web/stream/webrtc/.venv/lib/python3.12/site-packages/pip/_vendor/chardet/__pycache__\n'}
[0.969848] (web_control) StdoutLine: {'line': b'copying web/stream/webrtc/.venv/lib/python3.12/site-packages/pip/_vendor/chardet/__pycache__/euctwfreq.cpython-312.pyc -> /home/matthieu/ros2_ws/install/web_control/share/web_control/web/stream/webrtc/.venv/lib/python3.12/site-packages/pip/_vendor/chardet/__pycache__\n'}
[0.969903] (web_control) StdoutLine: {'line': b'copying web/stream/webrtc/.venv/lib/python3.12/site-packages/pip/_vendor/chardet/__pycache__/jpcntx.cpython-312.pyc -> /home/matthieu/ros2_ws/install/web_control/share/web_control/web/stream/webrtc/.venv/lib/python3.12/site-packages/pip/_vendor/chardet/__pycache__\n'}
[0.969958] (web_control) StdoutLine: {'line': b'copying web/stream/webrtc/.venv/lib/python3.12/site-packages/pip/_vendor/chardet/__pycache__/latin1prober.cpython-312.pyc -> /home/matthieu/ros2_ws/install/web_control/share/web_control/web/stream/webrtc/.venv/lib/python3.12/site-packages/pip/_vendor/chardet/__pycache__\n'}
[0.970012] (web_control) StdoutLine: {'line': b'copying web/stream/webrtc/.venv/lib/python3.12/site-packages/pip/_vendor/chardet/__pycache__/gb2312freq.cpython-312.pyc -> /home/matthieu/ros2_ws/install/web_control/share/web_control/web/stream/webrtc/.venv/lib/python3.12/site-packages/pip/_vendor/chardet/__pycache__\n'}
[0.970067] (web_control) StdoutLine: {'line': b'copying web/stream/webrtc/.venv/lib/python3.12/site-packages/pip/_vendor/chardet/__pycache__/johabfreq.cpython-312.pyc -> /home/matthieu/ros2_ws/install/web_control/share/web_control/web/stream/webrtc/.venv/lib/python3.12/site-packages/pip/_vendor/chardet/__pycache__\n'}
[0.970156] (web_control) StdoutLine: {'line': b'copying web/stream/webrtc/.venv/lib/python3.12/site-packages/pip/_vendor/chardet/__pycache__/langgreekmodel.cpython-312.pyc -> /home/matthieu/ros2_ws/install/web_control/share/web_control/web/stream/webrtc/.venv/lib/python3.12/site-packages/pip/_vendor/chardet/__pycache__\n'}
[0.970240] (web_control) StdoutLine: {'line': b'copying web/stream/webrtc/.venv/lib/python3.12/site-packages/pip/_vendor/chardet/__pycache__/chardistribution.cpython-312.pyc -> /home/matthieu/ros2_ws/install/web_control/share/web_control/web/stream/webrtc/.venv/lib/python3.12/site-packages/pip/_vendor/chardet/__pycache__\n'}
[0.970297] (web_control) StdoutLine: {'line': b'copying web/stream/webrtc/.venv/lib/python3.12/site-packages/pip/_vendor/chardet/__pycache__/sbcsgroupprober.cpython-312.pyc -> /home/matthieu/ros2_ws/install/web_control/share/web_control/web/stream/webrtc/.venv/lib/python3.12/site-packages/pip/_vendor/chardet/__pycache__\n'}
[0.970350] (web_control) StdoutLine: {'line': b'copying web/stream/webrtc/.venv/lib/python3.12/site-packages/pip/_vendor/chardet/__pycache__/johabprober.cpython-312.pyc -> /home/matthieu/ros2_ws/install/web_control/share/web_control/web/stream/webrtc/.venv/lib/python3.12/site-packages/pip/_vendor/chardet/__pycache__\n'}
[0.970408] (web_control) StdoutLine: {'line': b'copying web/stream/webrtc/.venv/lib/python3.12/site-packages/pip/_vendor/chardet/__pycache__/macromanprober.cpython-312.pyc -> /home/matthieu/ros2_ws/install/web_control/share/web_control/web/stream/webrtc/.venv/lib/python3.12/site-packages/pip/_vendor/chardet/__pycache__\n'}
[0.970463] (web_control) StdoutLine: {'line': b'copying web/stream/webrtc/.venv/lib/python3.12/site-packages/pip/_vendor/chardet/__pycache__/big5freq.cpython-312.pyc -> /home/matthieu/ros2_ws/install/web_control/share/web_control/web/stream/webrtc/.venv/lib/python3.12/site-packages/pip/_vendor/chardet/__pycache__\n'}
[0.970519] (web_control) StdoutLine: {'line': b'copying web/stream/webrtc/.venv/lib/python3.12/site-packages/pip/_vendor/chardet/__pycache__/euckrprober.cpython-312.pyc -> /home/matthieu/ros2_ws/install/web_control/share/web_control/web/stream/webrtc/.venv/lib/python3.12/site-packages/pip/_vendor/chardet/__pycache__\n'}
[0.970573] (web_control) StdoutLine: {'line': b'copying web/stream/webrtc/.venv/lib/python3.12/site-packages/pip/_vendor/chardet/__pycache__/universaldetector.cpython-312.pyc -> /home/matthieu/ros2_ws/install/web_control/share/web_control/web/stream/webrtc/.venv/lib/python3.12/site-packages/pip/_vendor/chardet/__pycache__\n'}
[0.970633] (web_control) StdoutLine: {'line': b'copying web/stream/webrtc/.venv/lib/python3.12/site-packages/pip/_vendor/chardet/__pycache__/big5prober.cpython-312.pyc -> /home/matthieu/ros2_ws/install/web_control/share/web_control/web/stream/webrtc/.venv/lib/python3.12/site-packages/pip/_vendor/chardet/__pycache__\n'}
[0.970690] (web_control) StdoutLine: {'line': b'copying web/stream/webrtc/.venv/lib/python3.12/site-packages/pip/_vendor/chardet/__pycache__/euckrfreq.cpython-312.pyc -> /home/matthieu/ros2_ws/install/web_control/share/web_control/web/stream/webrtc/.venv/lib/python3.12/site-packages/pip/_vendor/chardet/__pycache__\n'}
[0.970746] (web_control) StdoutLine: {'line': b'copying web/stream/webrtc/.venv/lib/python3.12/site-packages/pip/_vendor/chardet/__pycache__/version.cpython-312.pyc -> /home/matthieu/ros2_ws/install/web_control/share/web_control/web/stream/webrtc/.venv/lib/python3.12/site-packages/pip/_vendor/chardet/__pycache__\n'}
[0.970800] (web_control) StdoutLine: {'line': b'copying web/stream/webrtc/.venv/lib/python3.12/site-packages/pip/_vendor/chardet/__pycache__/charsetprober.cpython-312.pyc -> /home/matthieu/ros2_ws/install/web_control/share/web_control/web/stream/webrtc/.venv/lib/python3.12/site-packages/pip/_vendor/chardet/__pycache__\n'}
[0.970853] (web_control) StdoutLine: {'line': b'copying web/stream/webrtc/.venv/lib/python3.12/site-packages/pip/_vendor/chardet/__pycache__/eucjpprober.cpython-312.pyc -> /home/matthieu/ros2_ws/install/web_control/share/web_control/web/stream/webrtc/.venv/lib/python3.12/site-packages/pip/_vendor/chardet/__pycache__\n'}
[0.970910] (web_control) StdoutLine: {'line': b'copying web/stream/webrtc/.venv/lib/python3.12/site-packages/pip/_vendor/chardet/__pycache__/mbcsgroupprober.cpython-312.pyc -> /home/matthieu/ros2_ws/install/web_control/share/web_control/web/stream/webrtc/.venv/lib/python3.12/site-packages/pip/_vendor/chardet/__pycache__\n'}
[0.970964] (web_control) StdoutLine: {'line': b'copying web/stream/webrtc/.venv/lib/python3.12/site-packages/pip/_vendor/chardet/__pycache__/gb2312prober.cpython-312.pyc -> /home/matthieu/ros2_ws/install/web_control/share/web_control/web/stream/webrtc/.venv/lib/python3.12/site-packages/pip/_vendor/chardet/__pycache__\n'}
[0.971020] (web_control) StdoutLine: {'line': b'copying web/stream/webrtc/.venv/lib/python3.12/site-packages/pip/_vendor/chardet/__pycache__/jisfreq.cpython-312.pyc -> /home/matthieu/ros2_ws/install/web_control/share/web_control/web/stream/webrtc/.venv/lib/python3.12/site-packages/pip/_vendor/chardet/__pycache__\n'}
[0.971075] (web_control) StdoutLine: {'line': b'copying web/stream/webrtc/.venv/lib/python3.12/site-packages/pip/_vendor/chardet/__pycache__/enums.cpython-312.pyc -> /home/matthieu/ros2_ws/install/web_control/share/web_control/web/stream/webrtc/.venv/lib/python3.12/site-packages/pip/_vendor/chardet/__pycache__\n'}
[0.971134] (web_control) StdoutLine: {'line': b'copying web/stream/webrtc/.venv/lib/python3.12/site-packages/pip/_vendor/chardet/__pycache__/langhungarianmodel.cpython-312.pyc -> /home/matthieu/ros2_ws/install/web_control/share/web_control/web/stream/webrtc/.venv/lib/python3.12/site-packages/pip/_vendor/chardet/__pycache__\n'}
[0.971219] (web_control) StdoutLine: {'line': b'copying web/stream/webrtc/.venv/lib/python3.12/site-packages/pip/_vendor/chardet/__pycache__/sbcharsetprober.cpython-312.pyc -> /home/matthieu/ros2_ws/install/web_control/share/web_control/web/stream/webrtc/.venv/lib/python3.12/site-packages/pip/_vendor/chardet/__pycache__\n'}
[0.971275] (web_control) StdoutLine: {'line': b'copying web/stream/webrtc/.venv/lib/python3.12/site-packages/pip/_vendor/chardet/__pycache__/langturkishmodel.cpython-312.pyc -> /home/matthieu/ros2_ws/install/web_control/share/web_control/web/stream/webrtc/.venv/lib/python3.12/site-packages/pip/_vendor/chardet/__pycache__\n'}
[0.971360] (web_control) StdoutLine: {'line': b'copying web/stream/webrtc/.venv/lib/python3.12/site-packages/pip/_vendor/chardet/__pycache__/cp949prober.cpython-312.pyc -> /home/matthieu/ros2_ws/install/web_control/share/web_control/web/stream/webrtc/.venv/lib/python3.12/site-packages/pip/_vendor/chardet/__pycache__\n'}
[0.971414] (web_control) StdoutLine: {'line': b'copying web/stream/webrtc/.venv/lib/python3.12/site-packages/pip/_vendor/chardet/__pycache__/codingstatemachinedict.cpython-312.pyc -> /home/matthieu/ros2_ws/install/web_control/share/web_control/web/stream/webrtc/.venv/lib/python3.12/site-packages/pip/_vendor/chardet/__pycache__\n'}
[0.971468] (web_control) StdoutLine: {'line': b'copying web/stream/webrtc/.venv/lib/python3.12/site-packages/pip/_vendor/chardet/__pycache__/resultdict.cpython-312.pyc -> /home/matthieu/ros2_ws/install/web_control/share/web_control/web/stream/webrtc/.venv/lib/python3.12/site-packages/pip/_vendor/chardet/__pycache__\n'}
[0.971525] (web_control) StdoutLine: {'line': b'copying web/stream/webrtc/.venv/lib/python3.12/site-packages/pip/_vendor/chardet/__pycache__/langhebrewmodel.cpython-312.pyc -> /home/matthieu/ros2_ws/install/web_control/share/web_control/web/stream/webrtc/.venv/lib/python3.12/site-packages/pip/_vendor/chardet/__pycache__\n'}
[0.971602] (web_control) StdoutLine: {'line': b'copying web/stream/webrtc/.venv/lib/python3.12/site-packages/pip/_vendor/chardet/__pycache__/__init__.cpython-312.pyc -> /home/matthieu/ros2_ws/install/web_control/share/web_control/web/stream/webrtc/.venv/lib/python3.12/site-packages/pip/_vendor/chardet/__pycache__\n'}
[0.971658] (web_control) StdoutLine: {'line': b'copying web/stream/webrtc/.venv/lib/python3.12/site-packages/pip/_vendor/chardet/__pycache__/escprober.cpython-312.pyc -> /home/matthieu/ros2_ws/install/web_control/share/web_control/web/stream/webrtc/.venv/lib/python3.12/site-packages/pip/_vendor/chardet/__pycache__\n'}
[0.971714] (web_control) StdoutLine: {'line': b'copying web/stream/webrtc/.venv/lib/python3.12/site-packages/pip/_vendor/chardet/__pycache__/langrussianmodel.cpython-312.pyc -> /home/matthieu/ros2_ws/install/web_control/share/web_control/web/stream/webrtc/.venv/lib/python3.12/site-packages/pip/_vendor/chardet/__pycache__\n'}
[0.971809] (web_control) StdoutLine: {'line': b'copying web/stream/webrtc/.venv/lib/python3.12/site-packages/pip/_vendor/chardet/__pycache__/sjisprober.cpython-312.pyc -> /home/matthieu/ros2_ws/install/web_control/share/web_control/web/stream/webrtc/.venv/lib/python3.12/site-packages/pip/_vendor/chardet/__pycache__\n'}
[0.971865] (web_control) StdoutLine: {'line': b'copying web/stream/webrtc/.venv/lib/python3.12/site-packages/pip/_vendor/chardet/__pycache__/hebrewprober.cpython-312.pyc -> /home/matthieu/ros2_ws/install/web_control/share/web_control/web/stream/webrtc/.venv/lib/python3.12/site-packages/pip/_vendor/chardet/__pycache__\n'}
[0.971920] (web_control) StdoutLine: {'line': b'copying web/stream/webrtc/.venv/lib/python3.12/site-packages/pip/_vendor/chardet/__pycache__/utf8prober.cpython-312.pyc -> /home/matthieu/ros2_ws/install/web_control/share/web_control/web/stream/webrtc/.venv/lib/python3.12/site-packages/pip/_vendor/chardet/__pycache__\n'}
[0.971973] (web_control) StdoutLine: {'line': b'copying web/stream/webrtc/.venv/lib/python3.12/site-packages/pip/_vendor/chardet/__pycache__/codingstatemachine.cpython-312.pyc -> /home/matthieu/ros2_ws/install/web_control/share/web_control/web/stream/webrtc/.venv/lib/python3.12/site-packages/pip/_vendor/chardet/__pycache__\n'}
[0.972026] (web_control) StdoutLine: {'line': b'copying web/stream/webrtc/.venv/lib/python3.12/site-packages/pip/_vendor/chardet/__pycache__/langthaimodel.cpython-312.pyc -> /home/matthieu/ros2_ws/install/web_control/share/web_control/web/stream/webrtc/.venv/lib/python3.12/site-packages/pip/_vendor/chardet/__pycache__\n'}
[0.972115] (web_control) StdoutLine: {'line': b'copying web/stream/webrtc/.venv/lib/python3.12/site-packages/pip/_vendor/chardet/__pycache__/escsm.cpython-312.pyc -> /home/matthieu/ros2_ws/install/web_control/share/web_control/web/stream/webrtc/.venv/lib/python3.12/site-packages/pip/_vendor/chardet/__pycache__\n'}
[0.972173] (web_control) StdoutLine: {'line': b'copying web/stream/webrtc/.venv/lib/python3.12/site-packages/pip/_vendor/chardet/__pycache__/mbcssm.cpython-312.pyc -> /home/matthieu/ros2_ws/install/web_control/share/web_control/web/stream/webrtc/.venv/lib/python3.12/site-packages/pip/_vendor/chardet/__pycache__\n'}
[0.972243] (web_control) StdoutLine: {'line': b'copying web/stream/webrtc/.venv/lib/python3.12/site-packages/pip/_vendor/chardet/__pycache__/euctwprober.cpython-312.pyc -> /home/matthieu/ros2_ws/install/web_control/share/web_control/web/stream/webrtc/.venv/lib/python3.12/site-packages/pip/_vendor/chardet/__pycache__\n'}
[0.972302] (web_control) StdoutLine: {'line': b'copying web/stream/webrtc/.venv/lib/python3.12/site-packages/pip/_vendor/chardet/__pycache__/charsetgroupprober.cpython-312.pyc -> /home/matthieu/ros2_ws/install/web_control/share/web_control/web/stream/webrtc/.venv/lib/python3.12/site-packages/pip/_vendor/chardet/__pycache__\n'}
[0.972357] (web_control) StdoutLine: {'line': b'copying web/stream/webrtc/.venv/lib/python3.12/site-packages/pip/_vendor/chardet/__pycache__/utf1632prober.cpython-312.pyc -> /home/matthieu/ros2_ws/install/web_control/share/web_control/web/stream/webrtc/.venv/lib/python3.12/site-packages/pip/_vendor/chardet/__pycache__\n'}
[0.972413] (web_control) StdoutLine: {'line': b'creating /home/matthieu/ros2_ws/install/web_control/share/web_control/web/stream/webrtc/.venv/lib/python3.12/site-packages/pip/_vendor/webencodings\n'}
[0.972465] (web_control) StdoutLine: {'line': b'copying web/stream/webrtc/.venv/lib/python3.12/site-packages/pip/_vendor/webencodings/mklabels.py -> /home/matthieu/ros2_ws/install/web_control/share/web_control/web/stream/webrtc/.venv/lib/python3.12/site-packages/pip/_vendor/webencodings\n'}
[0.972522] (web_control) StdoutLine: {'line': b'copying web/stream/webrtc/.venv/lib/python3.12/site-packages/pip/_vendor/webencodings/x_user_defined.py -> /home/matthieu/ros2_ws/install/web_control/share/web_control/web/stream/webrtc/.venv/lib/python3.12/site-packages/pip/_vendor/webencodings\n'}
[0.972577] (web_control) StdoutLine: {'line': b'copying web/stream/webrtc/.venv/lib/python3.12/site-packages/pip/_vendor/webencodings/tests.py -> /home/matthieu/ros2_ws/install/web_control/share/web_control/web/stream/webrtc/.venv/lib/python3.12/site-packages/pip/_vendor/webencodings\n'}
[0.972632] (web_control) StdoutLine: {'line': b'copying web/stream/webrtc/.venv/lib/python3.12/site-packages/pip/_vendor/webencodings/labels.py -> /home/matthieu/ros2_ws/install/web_control/share/web_control/web/stream/webrtc/.venv/lib/python3.12/site-packages/pip/_vendor/webencodings\n'}
[0.972682] (web_control) StdoutLine: {'line': b'copying web/stream/webrtc/.venv/lib/python3.12/site-packages/pip/_vendor/webencodings/__init__.py -> /home/matthieu/ros2_ws/install/web_control/share/web_control/web/stream/webrtc/.venv/lib/python3.12/site-packages/pip/_vendor/webencodings\n'}
[0.972735] (web_control) StdoutLine: {'line': b'creating /home/matthieu/ros2_ws/install/web_control/share/web_control/web/stream/webrtc/.venv/lib/python3.12/site-packages/pip/_vendor/webencodings/__pycache__\n'}
[0.972790] (web_control) StdoutLine: {'line': b'copying web/stream/webrtc/.venv/lib/python3.12/site-packages/pip/_vendor/webencodings/__pycache__/tests.cpython-312.pyc -> /home/matthieu/ros2_ws/install/web_control/share/web_control/web/stream/webrtc/.venv/lib/python3.12/site-packages/pip/_vendor/webencodings/__pycache__\n'}
[0.972840] (web_control) StdoutLine: {'line': b'copying web/stream/webrtc/.venv/lib/python3.12/site-packages/pip/_vendor/webencodings/__pycache__/x_user_defined.cpython-312.pyc -> /home/matthieu/ros2_ws/install/web_control/share/web_control/web/stream/webrtc/.venv/lib/python3.12/site-packages/pip/_vendor/webencodings/__pycache__\n'}
[0.972895] (web_control) StdoutLine: {'line': b'copying web/stream/webrtc/.venv/lib/python3.12/site-packages/pip/_vendor/webencodings/__pycache__/mklabels.cpython-312.pyc -> /home/matthieu/ros2_ws/install/web_control/share/web_control/web/stream/webrtc/.venv/lib/python3.12/site-packages/pip/_vendor/webencodings/__pycache__\n'}
[0.972949] (web_control) StdoutLine: {'line': b'copying web/stream/webrtc/.venv/lib/python3.12/site-packages/pip/_vendor/webencodings/__pycache__/labels.cpython-312.pyc -> /home/matthieu/ros2_ws/install/web_control/share/web_control/web/stream/webrtc/.venv/lib/python3.12/site-packages/pip/_vendor/webencodings/__pycache__\n'}
[0.973004] (web_control) StdoutLine: {'line': b'copying web/stream/webrtc/.venv/lib/python3.12/site-packages/pip/_vendor/webencodings/__pycache__/__init__.cpython-312.pyc -> /home/matthieu/ros2_ws/install/web_control/share/web_control/web/stream/webrtc/.venv/lib/python3.12/site-packages/pip/_vendor/webencodings/__pycache__\n'}
[0.973058] (web_control) StdoutLine: {'line': b'creating /home/matthieu/ros2_ws/install/web_control/share/web_control/web/stream/webrtc/.venv/lib/python3.12/site-packages/pip/_vendor/requests\n'}
[0.973115] (web_control) StdoutLine: {'line': b'copying web/stream/webrtc/.venv/lib/python3.12/site-packages/pip/_vendor/requests/certs.py -> /home/matthieu/ros2_ws/install/web_control/share/web_control/web/stream/webrtc/.venv/lib/python3.12/site-packages/pip/_vendor/requests\n'}
[0.973171] (web_control) StdoutLine: {'line': b'copying web/stream/webrtc/.venv/lib/python3.12/site-packages/pip/_vendor/requests/packages.py -> /home/matthieu/ros2_ws/install/web_control/share/web_control/web/stream/webrtc/.venv/lib/python3.12/site-packages/pip/_vendor/requests\n'}
[0.973226] (web_control) StdoutLine: {'line': b'copying web/stream/webrtc/.venv/lib/python3.12/site-packages/pip/_vendor/requests/cookies.py -> /home/matthieu/ros2_ws/install/web_control/share/web_control/web/stream/webrtc/.venv/lib/python3.12/site-packages/pip/_vendor/requests\n'}
[0.973283] (web_control) StdoutLine: {'line': b'copying web/stream/webrtc/.venv/lib/python3.12/site-packages/pip/_vendor/requests/adapters.py -> /home/matthieu/ros2_ws/install/web_control/share/web_control/web/stream/webrtc/.venv/lib/python3.12/site-packages/pip/_vendor/requests\n'}
[0.973337] (web_control) StdoutLine: {'line': b'copying web/stream/webrtc/.venv/lib/python3.12/site-packages/pip/_vendor/requests/auth.py -> /home/matthieu/ros2_ws/install/web_control/share/web_control/web/stream/webrtc/.venv/lib/python3.12/site-packages/pip/_vendor/requests\n'}
[0.973386] (web_control) StdoutLine: {'line': b'copying web/stream/webrtc/.venv/lib/python3.12/site-packages/pip/_vendor/requests/hooks.py -> /home/matthieu/ros2_ws/install/web_control/share/web_control/web/stream/webrtc/.venv/lib/python3.12/site-packages/pip/_vendor/requests\n'}
[0.973439] (web_control) StdoutLine: {'line': b'copying web/stream/webrtc/.venv/lib/python3.12/site-packages/pip/_vendor/requests/help.py -> /home/matthieu/ros2_ws/install/web_control/share/web_control/web/stream/webrtc/.venv/lib/python3.12/site-packages/pip/_vendor/requests\n'}
[0.973494] (web_control) StdoutLine: {'line': b'copying web/stream/webrtc/.venv/lib/python3.12/site-packages/pip/_vendor/requests/sessions.py -> /home/matthieu/ros2_ws/install/web_control/share/web_control/web/stream/webrtc/.venv/lib/python3.12/site-packages/pip/_vendor/requests\n'}
[0.973546] (web_control) StdoutLine: {'line': b'copying web/stream/webrtc/.venv/lib/python3.12/site-packages/pip/_vendor/requests/__version__.py -> /home/matthieu/ros2_ws/install/web_control/share/web_control/web/stream/webrtc/.venv/lib/python3.12/site-packages/pip/_vendor/requests\n'}
[0.973599] (web_control) StdoutLine: {'line': b'copying web/stream/webrtc/.venv/lib/python3.12/site-packages/pip/_vendor/requests/status_codes.py -> /home/matthieu/ros2_ws/install/web_control/share/web_control/web/stream/webrtc/.venv/lib/python3.12/site-packages/pip/_vendor/requests\n'}
[0.973662] (web_control) StdoutLine: {'line': b'copying web/stream/webrtc/.venv/lib/python3.12/site-packages/pip/_vendor/requests/compat.py -> /home/matthieu/ros2_ws/install/web_control/share/web_control/web/stream/webrtc/.venv/lib/python3.12/site-packages/pip/_vendor/requests\n'}
[0.973717] (web_control) StdoutLine: {'line': b'copying web/stream/webrtc/.venv/lib/python3.12/site-packages/pip/_vendor/requests/models.py -> /home/matthieu/ros2_ws/install/web_control/share/web_control/web/stream/webrtc/.venv/lib/python3.12/site-packages/pip/_vendor/requests\n'}
[0.973785] (web_control) StdoutLine: {'line': b'copying web/stream/webrtc/.venv/lib/python3.12/site-packages/pip/_vendor/requests/_internal_utils.py -> /home/matthieu/ros2_ws/install/web_control/share/web_control/web/stream/webrtc/.venv/lib/python3.12/site-packages/pip/_vendor/requests\n'}
[0.973836] (web_control) StdoutLine: {'line': b'copying web/stream/webrtc/.venv/lib/python3.12/site-packages/pip/_vendor/requests/structures.py -> /home/matthieu/ros2_ws/install/web_control/share/web_control/web/stream/webrtc/.venv/lib/python3.12/site-packages/pip/_vendor/requests\n'}
[0.973891] (web_control) StdoutLine: {'line': b'copying web/stream/webrtc/.venv/lib/python3.12/site-packages/pip/_vendor/requests/api.py -> /home/matthieu/ros2_ws/install/web_control/share/web_control/web/stream/webrtc/.venv/lib/python3.12/site-packages/pip/_vendor/requests\n'}
[0.973945] (web_control) StdoutLine: {'line': b'copying web/stream/webrtc/.venv/lib/python3.12/site-packages/pip/_vendor/requests/exceptions.py -> /home/matthieu/ros2_ws/install/web_control/share/web_control/web/stream/webrtc/.venv/lib/python3.12/site-packages/pip/_vendor/requests\n'}
[0.973999] (web_control) StdoutLine: {'line': b'copying web/stream/webrtc/.venv/lib/python3.12/site-packages/pip/_vendor/requests/utils.py -> /home/matthieu/ros2_ws/install/web_control/share/web_control/web/stream/webrtc/.venv/lib/python3.12/site-packages/pip/_vendor/requests\n'}
[0.974062] (web_control) StdoutLine: {'line': b'copying web/stream/webrtc/.venv/lib/python3.12/site-packages/pip/_vendor/requests/__init__.py -> /home/matthieu/ros2_ws/install/web_control/share/web_control/web/stream/webrtc/.venv/lib/python3.12/site-packages/pip/_vendor/requests\n'}
[0.974121] (web_control) StdoutLine: {'line': b'creating /home/matthieu/ros2_ws/install/web_control/share/web_control/web/stream/webrtc/.venv/lib/python3.12/site-packages/pip/_vendor/requests/__pycache__\n'}
[0.974178] (web_control) StdoutLine: {'line': b'copying web/stream/webrtc/.venv/lib/python3.12/site-packages/pip/_vendor/requests/__pycache__/_internal_utils.cpython-312.pyc -> /home/matthieu/ros2_ws/install/web_control/share/web_control/web/stream/webrtc/.venv/lib/python3.12/site-packages/pip/_vendor/requests/__pycache__\n'}
[0.974236] (web_control) StdoutLine: {'line': b'copying web/stream/webrtc/.venv/lib/python3.12/site-packages/pip/_vendor/requests/__pycache__/auth.cpython-312.pyc -> /home/matthieu/ros2_ws/install/web_control/share/web_control/web/stream/webrtc/.venv/lib/python3.12/site-packages/pip/_vendor/requests/__pycache__\n'}
[0.974290] (web_control) StdoutLine: {'line': b'copying web/stream/webrtc/.venv/lib/python3.12/site-packages/pip/_vendor/requests/__pycache__/cookies.cpython-312.pyc -> /home/matthieu/ros2_ws/install/web_control/share/web_control/web/stream/webrtc/.venv/lib/python3.12/site-packages/pip/_vendor/requests/__pycache__\n'}
[0.974342] (web_control) StdoutLine: {'line': b'copying web/stream/webrtc/.venv/lib/python3.12/site-packages/pip/_vendor/requests/__pycache__/__version__.cpython-312.pyc -> /home/matthieu/ros2_ws/install/web_control/share/web_control/web/stream/webrtc/.venv/lib/python3.12/site-packages/pip/_vendor/requests/__pycache__\n'}
[0.974396] (web_control) StdoutLine: {'line': b'copying web/stream/webrtc/.venv/lib/python3.12/site-packages/pip/_vendor/requests/__pycache__/packages.cpython-312.pyc -> /home/matthieu/ros2_ws/install/web_control/share/web_control/web/stream/webrtc/.venv/lib/python3.12/site-packages/pip/_vendor/requests/__pycache__\n'}
[0.974447] (web_control) StdoutLine: {'line': b'copying web/stream/webrtc/.venv/lib/python3.12/site-packages/pip/_vendor/requests/__pycache__/structures.cpython-312.pyc -> /home/matthieu/ros2_ws/install/web_control/share/web_control/web/stream/webrtc/.venv/lib/python3.12/site-packages/pip/_vendor/requests/__pycache__\n'}
[0.974501] (web_control) StdoutLine: {'line': b'copying web/stream/webrtc/.venv/lib/python3.12/site-packages/pip/_vendor/requests/__pycache__/models.cpython-312.pyc -> /home/matthieu/ros2_ws/install/web_control/share/web_control/web/stream/webrtc/.venv/lib/python3.12/site-packages/pip/_vendor/requests/__pycache__\n'}
[0.974562] (web_control) StdoutLine: {'line': b'copying web/stream/webrtc/.venv/lib/python3.12/site-packages/pip/_vendor/requests/__pycache__/hooks.cpython-312.pyc -> /home/matthieu/ros2_ws/install/web_control/share/web_control/web/stream/webrtc/.venv/lib/python3.12/site-packages/pip/_vendor/requests/__pycache__\n'}
[0.974615] (web_control) StdoutLine: {'line': b'copying web/stream/webrtc/.venv/lib/python3.12/site-packages/pip/_vendor/requests/__pycache__/api.cpython-312.pyc -> /home/matthieu/ros2_ws/install/web_control/share/web_control/web/stream/webrtc/.venv/lib/python3.12/site-packages/pip/_vendor/requests/__pycache__\n'}
[0.974669] (web_control) StdoutLine: {'line': b'copying web/stream/webrtc/.venv/lib/python3.12/site-packages/pip/_vendor/requests/__pycache__/exceptions.cpython-312.pyc -> /home/matthieu/ros2_ws/install/web_control/share/web_control/web/stream/webrtc/.venv/lib/python3.12/site-packages/pip/_vendor/requests/__pycache__\n'}
[0.974723] (web_control) StdoutLine: {'line': b'copying web/stream/webrtc/.venv/lib/python3.12/site-packages/pip/_vendor/requests/__pycache__/certs.cpython-312.pyc -> /home/matthieu/ros2_ws/install/web_control/share/web_control/web/stream/webrtc/.venv/lib/python3.12/site-packages/pip/_vendor/requests/__pycache__\n'}
[0.974780] (web_control) StdoutLine: {'line': b'copying web/stream/webrtc/.venv/lib/python3.12/site-packages/pip/_vendor/requests/__pycache__/help.cpython-312.pyc -> /home/matthieu/ros2_ws/install/web_control/share/web_control/web/stream/webrtc/.venv/lib/python3.12/site-packages/pip/_vendor/requests/__pycache__\n'}
[0.974851] (web_control) StdoutLine: {'line': b'copying web/stream/webrtc/.venv/lib/python3.12/site-packages/pip/_vendor/requests/__pycache__/status_codes.cpython-312.pyc -> /home/matthieu/ros2_ws/install/web_control/share/web_control/web/stream/webrtc/.venv/lib/python3.12/site-packages/pip/_vendor/requests/__pycache__\n'}
[0.974912] (web_control) StdoutLine: {'line': b'copying web/stream/webrtc/.venv/lib/python3.12/site-packages/pip/_vendor/requests/__pycache__/__init__.cpython-312.pyc -> /home/matthieu/ros2_ws/install/web_control/share/web_control/web/stream/webrtc/.venv/lib/python3.12/site-packages/pip/_vendor/requests/__pycache__\n'}
[0.974966] (web_control) StdoutLine: {'line': b'copying web/stream/webrtc/.venv/lib/python3.12/site-packages/pip/_vendor/requests/__pycache__/adapters.cpython-312.pyc -> /home/matthieu/ros2_ws/install/web_control/share/web_control/web/stream/webrtc/.venv/lib/python3.12/site-packages/pip/_vendor/requests/__pycache__\n'}
[0.975027] (web_control) StdoutLine: {'line': b'copying web/stream/webrtc/.venv/lib/python3.12/site-packages/pip/_vendor/requests/__pycache__/sessions.cpython-312.pyc -> /home/matthieu/ros2_ws/install/web_control/share/web_control/web/stream/webrtc/.venv/lib/python3.12/site-packages/pip/_vendor/requests/__pycache__\n'}
[0.975092] (web_control) StdoutLine: {'line': b'copying web/stream/webrtc/.venv/lib/python3.12/site-packages/pip/_vendor/requests/__pycache__/compat.cpython-312.pyc -> /home/matthieu/ros2_ws/install/web_control/share/web_control/web/stream/webrtc/.venv/lib/python3.12/site-packages/pip/_vendor/requests/__pycache__\n'}
[0.975150] (web_control) StdoutLine: {'line': b'copying web/stream/webrtc/.venv/lib/python3.12/site-packages/pip/_vendor/requests/__pycache__/utils.cpython-312.pyc -> /home/matthieu/ros2_ws/install/web_control/share/web_control/web/stream/webrtc/.venv/lib/python3.12/site-packages/pip/_vendor/requests/__pycache__\n'}
[0.975215] (web_control) StdoutLine: {'line': b'creating /home/matthieu/ros2_ws/install/web_control/share/web_control/web/stream/webrtc/.venv/lib/python3.12/site-packages/pip/_vendor/idna\n'}
[0.975270] (web_control) StdoutLine: {'line': b'copying web/stream/webrtc/.venv/lib/python3.12/site-packages/pip/_vendor/idna/idnadata.py -> /home/matthieu/ros2_ws/install/web_control/share/web_control/web/stream/webrtc/.venv/lib/python3.12/site-packages/pip/_vendor/idna\n'}
[0.975340] (web_control) StdoutLine: {'line': b'copying web/stream/webrtc/.venv/lib/python3.12/site-packages/pip/_vendor/idna/codec.py -> /home/matthieu/ros2_ws/install/web_control/share/web_control/web/stream/webrtc/.venv/lib/python3.12/site-packages/pip/_vendor/idna\n'}
[0.975393] (web_control) StdoutLine: {'line': b'copying web/stream/webrtc/.venv/lib/python3.12/site-packages/pip/_vendor/idna/core.py -> /home/matthieu/ros2_ws/install/web_control/share/web_control/web/stream/webrtc/.venv/lib/python3.12/site-packages/pip/_vendor/idna\n'}
[0.975450] (web_control) StdoutLine: {'line': b'copying web/stream/webrtc/.venv/lib/python3.12/site-packages/pip/_vendor/idna/uts46data.py -> /home/matthieu/ros2_ws/install/web_control/share/web_control/web/stream/webrtc/.venv/lib/python3.12/site-packages/pip/_vendor/idna\n'}
[0.975582] (web_control) StdoutLine: {'line': b'copying web/stream/webrtc/.venv/lib/python3.12/site-packages/pip/_vendor/idna/compat.py -> /home/matthieu/ros2_ws/install/web_control/share/web_control/web/stream/webrtc/.venv/lib/python3.12/site-packages/pip/_vendor/idna\n'}
[0.975636] (web_control) StdoutLine: {'line': b'copying web/stream/webrtc/.venv/lib/python3.12/site-packages/pip/_vendor/idna/package_data.py -> /home/matthieu/ros2_ws/install/web_control/share/web_control/web/stream/webrtc/.venv/lib/python3.12/site-packages/pip/_vendor/idna\n'}
[0.975689] (web_control) StdoutLine: {'line': b'copying web/stream/webrtc/.venv/lib/python3.12/site-packages/pip/_vendor/idna/intranges.py -> /home/matthieu/ros2_ws/install/web_control/share/web_control/web/stream/webrtc/.venv/lib/python3.12/site-packages/pip/_vendor/idna\n'}
[0.975743] (web_control) StdoutLine: {'line': b'copying web/stream/webrtc/.venv/lib/python3.12/site-packages/pip/_vendor/idna/__init__.py -> /home/matthieu/ros2_ws/install/web_control/share/web_control/web/stream/webrtc/.venv/lib/python3.12/site-packages/pip/_vendor/idna\n'}
[0.975796] (web_control) StdoutLine: {'line': b'creating /home/matthieu/ros2_ws/install/web_control/share/web_control/web/stream/webrtc/.venv/lib/python3.12/site-packages/pip/_vendor/idna/__pycache__\n'}
[0.975851] (web_control) StdoutLine: {'line': b'copying web/stream/webrtc/.venv/lib/python3.12/site-packages/pip/_vendor/idna/__pycache__/package_data.cpython-312.pyc -> /home/matthieu/ros2_ws/install/web_control/share/web_control/web/stream/webrtc/.venv/lib/python3.12/site-packages/pip/_vendor/idna/__pycache__\n'}
[0.975905] (web_control) StdoutLine: {'line': b'copying web/stream/webrtc/.venv/lib/python3.12/site-packages/pip/_vendor/idna/__pycache__/codec.cpython-312.pyc -> /home/matthieu/ros2_ws/install/web_control/share/web_control/web/stream/webrtc/.venv/lib/python3.12/site-packages/pip/_vendor/idna/__pycache__\n'}
[0.975959] (web_control) StdoutLine: {'line': b'copying web/stream/webrtc/.venv/lib/python3.12/site-packages/pip/_vendor/idna/__pycache__/idnadata.cpython-312.pyc -> /home/matthieu/ros2_ws/install/web_control/share/web_control/web/stream/webrtc/.venv/lib/python3.12/site-packages/pip/_vendor/idna/__pycache__\n'}
[0.976042] (web_control) StdoutLine: {'line': b'copying web/stream/webrtc/.venv/lib/python3.12/site-packages/pip/_vendor/idna/__pycache__/intranges.cpython-312.pyc -> /home/matthieu/ros2_ws/install/web_control/share/web_control/web/stream/webrtc/.venv/lib/python3.12/site-packages/pip/_vendor/idna/__pycache__\n'}
[0.976101] (web_control) StdoutLine: {'line': b'copying web/stream/webrtc/.venv/lib/python3.12/site-packages/pip/_vendor/idna/__pycache__/core.cpython-312.pyc -> /home/matthieu/ros2_ws/install/web_control/share/web_control/web/stream/webrtc/.venv/lib/python3.12/site-packages/pip/_vendor/idna/__pycache__\n'}
[0.976161] (web_control) StdoutLine: {'line': b'copying web/stream/webrtc/.venv/lib/python3.12/site-packages/pip/_vendor/idna/__pycache__/uts46data.cpython-312.pyc -> /home/matthieu/ros2_ws/install/web_control/share/web_control/web/stream/webrtc/.venv/lib/python3.12/site-packages/pip/_vendor/idna/__pycache__\n'}
[0.976346] (web_control) StdoutLine: {'line': b'copying web/stream/webrtc/.venv/lib/python3.12/site-packages/pip/_vendor/idna/__pycache__/__init__.cpython-312.pyc -> /home/matthieu/ros2_ws/install/web_control/share/web_control/web/stream/webrtc/.venv/lib/python3.12/site-packages/pip/_vendor/idna/__pycache__\n'}
[0.976440] (web_control) StdoutLine: {'line': b'copying web/stream/webrtc/.venv/lib/python3.12/site-packages/pip/_vendor/idna/__pycache__/compat.cpython-312.pyc -> /home/matthieu/ros2_ws/install/web_control/share/web_control/web/stream/webrtc/.venv/lib/python3.12/site-packages/pip/_vendor/idna/__pycache__\n'}
[0.976539] (web_control) StdoutLine: {'line': b'creating /home/matthieu/ros2_ws/install/web_control/share/web_control/web/stream/webrtc/.venv/lib/python3.12/site-packages/pip/_vendor/cachecontrol\n'}
[0.976607] (web_control) StdoutLine: {'line': b'copying web/stream/webrtc/.venv/lib/python3.12/site-packages/pip/_vendor/cachecontrol/controller.py -> /home/matthieu/ros2_ws/install/web_control/share/web_control/web/stream/webrtc/.venv/lib/python3.12/site-packages/pip/_vendor/cachecontrol\n'}
[0.976714] (web_control) StdoutLine: {'line': b'copying web/stream/webrtc/.venv/lib/python3.12/site-packages/pip/_vendor/cachecontrol/cache.py -> /home/matthieu/ros2_ws/install/web_control/share/web_control/web/stream/webrtc/.venv/lib/python3.12/site-packages/pip/_vendor/cachecontrol\n'}
[0.976796] (web_control) StdoutLine: {'line': b'copying web/stream/webrtc/.venv/lib/python3.12/site-packages/pip/_vendor/cachecontrol/_cmd.py -> /home/matthieu/ros2_ws/install/web_control/share/web_control/web/stream/webrtc/.venv/lib/python3.12/site-packages/pip/_vendor/cachecontrol\n'}
[0.976881] (web_control) StdoutLine: {'line': b'copying web/stream/webrtc/.venv/lib/python3.12/site-packages/pip/_vendor/cachecontrol/heuristics.py -> /home/matthieu/ros2_ws/install/web_control/share/web_control/web/stream/webrtc/.venv/lib/python3.12/site-packages/pip/_vendor/cachecontrol\n'}
[0.976970] (web_control) StdoutLine: {'line': b'copying web/stream/webrtc/.venv/lib/python3.12/site-packages/pip/_vendor/cachecontrol/adapter.py -> /home/matthieu/ros2_ws/install/web_control/share/web_control/web/stream/webrtc/.venv/lib/python3.12/site-packages/pip/_vendor/cachecontrol\n'}
[0.977056] (web_control) StdoutLine: {'line': b'copying web/stream/webrtc/.venv/lib/python3.12/site-packages/pip/_vendor/cachecontrol/wrapper.py -> /home/matthieu/ros2_ws/install/web_control/share/web_control/web/stream/webrtc/.venv/lib/python3.12/site-packages/pip/_vendor/cachecontrol\n'}
[0.977145] (web_control) StdoutLine: {'line': b'copying web/stream/webrtc/.venv/lib/python3.12/site-packages/pip/_vendor/cachecontrol/filewrapper.py -> /home/matthieu/ros2_ws/install/web_control/share/web_control/web/stream/webrtc/.venv/lib/python3.12/site-packages/pip/_vendor/cachecontrol\n'}
[0.977232] (web_control) StdoutLine: {'line': b'copying web/stream/webrtc/.venv/lib/python3.12/site-packages/pip/_vendor/cachecontrol/serialize.py -> /home/matthieu/ros2_ws/install/web_control/share/web_control/web/stream/webrtc/.venv/lib/python3.12/site-packages/pip/_vendor/cachecontrol\n'}
[0.977325] (web_control) StdoutLine: {'line': b'copying web/stream/webrtc/.venv/lib/python3.12/site-packages/pip/_vendor/cachecontrol/__init__.py -> /home/matthieu/ros2_ws/install/web_control/share/web_control/web/stream/webrtc/.venv/lib/python3.12/site-packages/pip/_vendor/cachecontrol\n'}
[0.977413] (web_control) StdoutLine: {'line': b'creating /home/matthieu/ros2_ws/install/web_control/share/web_control/web/stream/webrtc/.venv/lib/python3.12/site-packages/pip/_vendor/cachecontrol/__pycache__\n'}
[0.977479] (web_control) StdoutLine: {'line': b'copying web/stream/webrtc/.venv/lib/python3.12/site-packages/pip/_vendor/cachecontrol/__pycache__/heuristics.cpython-312.pyc -> /home/matthieu/ros2_ws/install/web_control/share/web_control/web/stream/webrtc/.venv/lib/python3.12/site-packages/pip/_vendor/cachecontrol/__pycache__\n'}
[0.977582] (web_control) StdoutLine: {'line': b'copying web/stream/webrtc/.venv/lib/python3.12/site-packages/pip/_vendor/cachecontrol/__pycache__/serialize.cpython-312.pyc -> /home/matthieu/ros2_ws/install/web_control/share/web_control/web/stream/webrtc/.venv/lib/python3.12/site-packages/pip/_vendor/cachecontrol/__pycache__\n'}
[0.977677] (web_control) StdoutLine: {'line': b'copying web/stream/webrtc/.venv/lib/python3.12/site-packages/pip/_vendor/cachecontrol/__pycache__/filewrapper.cpython-312.pyc -> /home/matthieu/ros2_ws/install/web_control/share/web_control/web/stream/webrtc/.venv/lib/python3.12/site-packages/pip/_vendor/cachecontrol/__pycache__\n'}
[0.977795] (web_control) StdoutLine: {'line': b'copying web/stream/webrtc/.venv/lib/python3.12/site-packages/pip/_vendor/cachecontrol/__pycache__/controller.cpython-312.pyc -> /home/matthieu/ros2_ws/install/web_control/share/web_control/web/stream/webrtc/.venv/lib/python3.12/site-packages/pip/_vendor/cachecontrol/__pycache__\n'}
[0.977879] (web_control) StdoutLine: {'line': b'copying web/stream/webrtc/.venv/lib/python3.12/site-packages/pip/_vendor/cachecontrol/__pycache__/wrapper.cpython-312.pyc -> /home/matthieu/ros2_ws/install/web_control/share/web_control/web/stream/webrtc/.venv/lib/python3.12/site-packages/pip/_vendor/cachecontrol/__pycache__\n'}
[0.977965] (web_control) StdoutLine: {'line': b'copying web/stream/webrtc/.venv/lib/python3.12/site-packages/pip/_vendor/cachecontrol/__pycache__/adapter.cpython-312.pyc -> /home/matthieu/ros2_ws/install/web_control/share/web_control/web/stream/webrtc/.venv/lib/python3.12/site-packages/pip/_vendor/cachecontrol/__pycache__\n'}
[0.978056] (web_control) StdoutLine: {'line': b'copying web/stream/webrtc/.venv/lib/python3.12/site-packages/pip/_vendor/cachecontrol/__pycache__/_cmd.cpython-312.pyc -> /home/matthieu/ros2_ws/install/web_control/share/web_control/web/stream/webrtc/.venv/lib/python3.12/site-packages/pip/_vendor/cachecontrol/__pycache__\n'}
[0.978165] (web_control) StdoutLine: {'line': b'copying web/stream/webrtc/.venv/lib/python3.12/site-packages/pip/_vendor/cachecontrol/__pycache__/cache.cpython-312.pyc -> /home/matthieu/ros2_ws/install/web_control/share/web_control/web/stream/webrtc/.venv/lib/python3.12/site-packages/pip/_vendor/cachecontrol/__pycache__\n'}
[0.978260] (web_control) StdoutLine: {'line': b'copying web/stream/webrtc/.venv/lib/python3.12/site-packages/pip/_vendor/cachecontrol/__pycache__/__init__.cpython-312.pyc -> /home/matthieu/ros2_ws/install/web_control/share/web_control/web/stream/webrtc/.venv/lib/python3.12/site-packages/pip/_vendor/cachecontrol/__pycache__\n'}
[0.978350] (web_control) StdoutLine: {'line': b'creating /home/matthieu/ros2_ws/install/web_control/share/web_control/web/stream/webrtc/.venv/lib/python3.12/site-packages/pip/_vendor/cachecontrol/caches\n'}
[0.978415] (web_control) StdoutLine: {'line': b'copying web/stream/webrtc/.venv/lib/python3.12/site-packages/pip/_vendor/cachecontrol/caches/file_cache.py -> /home/matthieu/ros2_ws/install/web_control/share/web_control/web/stream/webrtc/.venv/lib/python3.12/site-packages/pip/_vendor/cachecontrol/caches\n'}
[0.978508] (web_control) StdoutLine: {'line': b'copying web/stream/webrtc/.venv/lib/python3.12/site-packages/pip/_vendor/cachecontrol/caches/redis_cache.py -> /home/matthieu/ros2_ws/install/web_control/share/web_control/web/stream/webrtc/.venv/lib/python3.12/site-packages/pip/_vendor/cachecontrol/caches\n'}
[0.978593] (web_control) StdoutLine: {'line': b'copying web/stream/webrtc/.venv/lib/python3.12/site-packages/pip/_vendor/cachecontrol/caches/__init__.py -> /home/matthieu/ros2_ws/install/web_control/share/web_control/web/stream/webrtc/.venv/lib/python3.12/site-packages/pip/_vendor/cachecontrol/caches\n'}
[0.978680] (web_control) StdoutLine: {'line': b'creating /home/matthieu/ros2_ws/install/web_control/share/web_control/web/stream/webrtc/.venv/lib/python3.12/site-packages/pip/_vendor/cachecontrol/caches/__pycache__\n'}
[0.978748] (web_control) StdoutLine: {'line': b'copying web/stream/webrtc/.venv/lib/python3.12/site-packages/pip/_vendor/cachecontrol/caches/__pycache__/file_cache.cpython-312.pyc -> /home/matthieu/ros2_ws/install/web_control/share/web_control/web/stream/webrtc/.venv/lib/python3.12/site-packages/pip/_vendor/cachecontrol/caches/__pycache__\n'}
[0.978838] (web_control) StdoutLine: {'line': b'copying web/stream/webrtc/.venv/lib/python3.12/site-packages/pip/_vendor/cachecontrol/caches/__pycache__/__init__.cpython-312.pyc -> /home/matthieu/ros2_ws/install/web_control/share/web_control/web/stream/webrtc/.venv/lib/python3.12/site-packages/pip/_vendor/cachecontrol/caches/__pycache__\n'}
[0.978923] (web_control) StdoutLine: {'line': b'copying web/stream/webrtc/.venv/lib/python3.12/site-packages/pip/_vendor/cachecontrol/caches/__pycache__/redis_cache.cpython-312.pyc -> /home/matthieu/ros2_ws/install/web_control/share/web_control/web/stream/webrtc/.venv/lib/python3.12/site-packages/pip/_vendor/cachecontrol/caches/__pycache__\n'}
[0.979011] (web_control) StdoutLine: {'line': b'creating /home/matthieu/ros2_ws/install/web_control/share/web_control/web/stream/webrtc/.venv/lib/python3.12/site-packages/pip/_vendor/distlib\n'}
[0.979096] (web_control) StdoutLine: {'line': b'copying web/stream/webrtc/.venv/lib/python3.12/site-packages/pip/_vendor/distlib/locators.py -> /home/matthieu/ros2_ws/install/web_control/share/web_control/web/stream/webrtc/.venv/lib/python3.12/site-packages/pip/_vendor/distlib\n'}
[0.979215] (web_control) StdoutLine: {'line': b'copying web/stream/webrtc/.venv/lib/python3.12/site-packages/pip/_vendor/distlib/util.py -> /home/matthieu/ros2_ws/install/web_control/share/web_control/web/stream/webrtc/.venv/lib/python3.12/site-packages/pip/_vendor/distlib\n'}
[0.979348] (web_control) StdoutLine: {'line': b'copying web/stream/webrtc/.venv/lib/python3.12/site-packages/pip/_vendor/distlib/manifest.py -> /home/matthieu/ros2_ws/install/web_control/share/web_control/web/stream/webrtc/.venv/lib/python3.12/site-packages/pip/_vendor/distlib\n'}
[0.979445] (web_control) StdoutLine: {'line': b'copying web/stream/webrtc/.venv/lib/python3.12/site-packages/pip/_vendor/distlib/index.py -> /home/matthieu/ros2_ws/install/web_control/share/web_control/web/stream/webrtc/.venv/lib/python3.12/site-packages/pip/_vendor/distlib\n'}
[0.979544] (web_control) StdoutLine: {'line': b'copying web/stream/webrtc/.venv/lib/python3.12/site-packages/pip/_vendor/distlib/metadata.py -> /home/matthieu/ros2_ws/install/web_control/share/web_control/web/stream/webrtc/.venv/lib/python3.12/site-packages/pip/_vendor/distlib\n'}
[0.979658] (web_control) StdoutLine: {'line': b'copying web/stream/webrtc/.venv/lib/python3.12/site-packages/pip/_vendor/distlib/markers.py -> /home/matthieu/ros2_ws/install/web_control/share/web_control/web/stream/webrtc/.venv/lib/python3.12/site-packages/pip/_vendor/distlib\n'}
[0.979768] (web_control) StdoutLine: {'line': b'copying web/stream/webrtc/.venv/lib/python3.12/site-packages/pip/_vendor/distlib/compat.py -> /home/matthieu/ros2_ws/install/web_control/share/web_control/web/stream/webrtc/.venv/lib/python3.12/site-packages/pip/_vendor/distlib\n'}
[0.979896] (web_control) StdoutLine: {'line': b'copying web/stream/webrtc/.venv/lib/python3.12/site-packages/pip/_vendor/distlib/resources.py -> /home/matthieu/ros2_ws/install/web_control/share/web_control/web/stream/webrtc/.venv/lib/python3.12/site-packages/pip/_vendor/distlib\n'}
[0.979988] (web_control) StdoutLine: {'line': b'copying web/stream/webrtc/.venv/lib/python3.12/site-packages/pip/_vendor/distlib/scripts.py -> /home/matthieu/ros2_ws/install/web_control/share/web_control/web/stream/webrtc/.venv/lib/python3.12/site-packages/pip/_vendor/distlib\n'}
[0.980088] (web_control) StdoutLine: {'line': b'copying web/stream/webrtc/.venv/lib/python3.12/site-packages/pip/_vendor/distlib/wheel.py -> /home/matthieu/ros2_ws/install/web_control/share/web_control/web/stream/webrtc/.venv/lib/python3.12/site-packages/pip/_vendor/distlib\n'}
[0.980222] (web_control) StdoutLine: {'line': b'copying web/stream/webrtc/.venv/lib/python3.12/site-packages/pip/_vendor/distlib/database.py -> /home/matthieu/ros2_ws/install/web_control/share/web_control/web/stream/webrtc/.venv/lib/python3.12/site-packages/pip/_vendor/distlib\n'}
[0.980360] (web_control) StdoutLine: {'line': b'copying web/stream/webrtc/.venv/lib/python3.12/site-packages/pip/_vendor/distlib/version.py -> /home/matthieu/ros2_ws/install/web_control/share/web_control/web/stream/webrtc/.venv/lib/python3.12/site-packages/pip/_vendor/distlib\n'}
[0.980460] (web_control) StdoutLine: {'line': b'copying web/stream/webrtc/.venv/lib/python3.12/site-packages/pip/_vendor/distlib/__init__.py -> /home/matthieu/ros2_ws/install/web_control/share/web_control/web/stream/webrtc/.venv/lib/python3.12/site-packages/pip/_vendor/distlib\n'}
[0.980550] (web_control) StdoutLine: {'line': b'creating /home/matthieu/ros2_ws/install/web_control/share/web_control/web/stream/webrtc/.venv/lib/python3.12/site-packages/pip/_vendor/distlib/__pycache__\n'}
[0.980617] (web_control) StdoutLine: {'line': b'copying web/stream/webrtc/.venv/lib/python3.12/site-packages/pip/_vendor/distlib/__pycache__/locators.cpython-312.pyc -> /home/matthieu/ros2_ws/install/web_control/share/web_control/web/stream/webrtc/.venv/lib/python3.12/site-packages/pip/_vendor/distlib/__pycache__\n'}
[0.980750] (web_control) StdoutLine: {'line': b'copying web/stream/webrtc/.venv/lib/python3.12/site-packages/pip/_vendor/distlib/__pycache__/index.cpython-312.pyc -> /home/matthieu/ros2_ws/install/web_control/share/web_control/web/stream/webrtc/.venv/lib/python3.12/site-packages/pip/_vendor/distlib/__pycache__\n'}
[0.980856] (web_control) StdoutLine: {'line': b'copying web/stream/webrtc/.venv/lib/python3.12/site-packages/pip/_vendor/distlib/__pycache__/wheel.cpython-312.pyc -> /home/matthieu/ros2_ws/install/web_control/share/web_control/web/stream/webrtc/.venv/lib/python3.12/site-packages/pip/_vendor/distlib/__pycache__\n'}
[0.980981] (web_control) StdoutLine: {'line': b'copying web/stream/webrtc/.venv/lib/python3.12/site-packages/pip/_vendor/distlib/__pycache__/version.cpython-312.pyc -> /home/matthieu/ros2_ws/install/web_control/share/web_control/web/stream/webrtc/.venv/lib/python3.12/site-packages/pip/_vendor/distlib/__pycache__\n'}
[0.981092] (web_control) StdoutLine: {'line': b'copying web/stream/webrtc/.venv/lib/python3.12/site-packages/pip/_vendor/distlib/__pycache__/resources.cpython-312.pyc -> /home/matthieu/ros2_ws/install/web_control/share/web_control/web/stream/webrtc/.venv/lib/python3.12/site-packages/pip/_vendor/distlib/__pycache__\n'}
[0.981224] (web_control) StdoutLine: {'line': b'copying web/stream/webrtc/.venv/lib/python3.12/site-packages/pip/_vendor/distlib/__pycache__/scripts.cpython-312.pyc -> /home/matthieu/ros2_ws/install/web_control/share/web_control/web/stream/webrtc/.venv/lib/python3.12/site-packages/pip/_vendor/distlib/__pycache__\n'}
[0.981324] (web_control) StdoutLine: {'line': b'copying web/stream/webrtc/.venv/lib/python3.12/site-packages/pip/_vendor/distlib/__pycache__/util.cpython-312.pyc -> /home/matthieu/ros2_ws/install/web_control/share/web_control/web/stream/webrtc/.venv/lib/python3.12/site-packages/pip/_vendor/distlib/__pycache__\n'}
[0.981477] (web_control) StdoutLine: {'line': b'copying web/stream/webrtc/.venv/lib/python3.12/site-packages/pip/_vendor/distlib/__pycache__/__init__.cpython-312.pyc -> /home/matthieu/ros2_ws/install/web_control/share/web_control/web/stream/webrtc/.venv/lib/python3.12/site-packages/pip/_vendor/distlib/__pycache__\n'}
[0.981562] (web_control) StdoutLine: {'line': b'copying web/stream/webrtc/.venv/lib/python3.12/site-packages/pip/_vendor/distlib/__pycache__/database.cpython-312.pyc -> /home/matthieu/ros2_ws/install/web_control/share/web_control/web/stream/webrtc/.venv/lib/python3.12/site-packages/pip/_vendor/distlib/__pycache__\n'}
[0.981695] (web_control) StdoutLine: {'line': b'copying web/stream/webrtc/.venv/lib/python3.12/site-packages/pip/_vendor/distlib/__pycache__/manifest.cpython-312.pyc -> /home/matthieu/ros2_ws/install/web_control/share/web_control/web/stream/webrtc/.venv/lib/python3.12/site-packages/pip/_vendor/distlib/__pycache__\n'}
[0.981796] (web_control) StdoutLine: {'line': b'copying web/stream/webrtc/.venv/lib/python3.12/site-packages/pip/_vendor/distlib/__pycache__/metadata.cpython-312.pyc -> /home/matthieu/ros2_ws/install/web_control/share/web_control/web/stream/webrtc/.venv/lib/python3.12/site-packages/pip/_vendor/distlib/__pycache__\n'}
[0.981907] (web_control) StdoutLine: {'line': b'copying web/stream/webrtc/.venv/lib/python3.12/site-packages/pip/_vendor/distlib/__pycache__/markers.cpython-312.pyc -> /home/matthieu/ros2_ws/install/web_control/share/web_control/web/stream/webrtc/.venv/lib/python3.12/site-packages/pip/_vendor/distlib/__pycache__\n'}
[0.981986] (web_control) StdoutLine: {'line': b'copying web/stream/webrtc/.venv/lib/python3.12/site-packages/pip/_vendor/distlib/__pycache__/compat.cpython-312.pyc -> /home/matthieu/ros2_ws/install/web_control/share/web_control/web/stream/webrtc/.venv/lib/python3.12/site-packages/pip/_vendor/distlib/__pycache__\n'}
[0.982078] (web_control) StdoutLine: {'line': b'creating /home/matthieu/ros2_ws/install/web_control/share/web_control/web/stream/webrtc/.venv/lib/python3.12/site-packages/pip/_vendor/pkg_resources\n'}
[0.982161] (web_control) StdoutLine: {'line': b'copying web/stream/webrtc/.venv/lib/python3.12/site-packages/pip/_vendor/pkg_resources/__init__.py -> /home/matthieu/ros2_ws/install/web_control/share/web_control/web/stream/webrtc/.venv/lib/python3.12/site-packages/pip/_vendor/pkg_resources\n'}
[0.982264] (web_control) StdoutLine: {'line': b'creating /home/matthieu/ros2_ws/install/web_control/share/web_control/web/stream/webrtc/.venv/lib/python3.12/site-packages/pip/_vendor/pkg_resources/__pycache__\n'}
[0.982329] (web_control) StdoutLine: {'line': b'copying web/stream/webrtc/.venv/lib/python3.12/site-packages/pip/_vendor/pkg_resources/__pycache__/__init__.cpython-312.pyc -> /home/matthieu/ros2_ws/install/web_control/share/web_control/web/stream/webrtc/.venv/lib/python3.12/site-packages/pip/_vendor/pkg_resources/__pycache__\n'}
[0.982451] (web_control) StdoutLine: {'line': b'creating /home/matthieu/ros2_ws/install/web_control/share/web_control/web/stream/webrtc/.venv/lib/python3.12/site-packages/pip/_vendor/__pycache__\n'}
[0.982517] (web_control) StdoutLine: {'line': b'copying web/stream/webrtc/.venv/lib/python3.12/site-packages/pip/_vendor/__pycache__/six.cpython-312.pyc -> /home/matthieu/ros2_ws/install/web_control/share/web_control/web/stream/webrtc/.venv/lib/python3.12/site-packages/pip/_vendor/__pycache__\n'}
[0.982584] (web_control) StdoutLine: {'line': b'copying web/stream/webrtc/.venv/lib/python3.12/site-packages/pip/_vendor/__pycache__/__init__.cpython-312.pyc -> /home/matthieu/ros2_ws/install/web_control/share/web_control/web/stream/webrtc/.venv/lib/python3.12/site-packages/pip/_vendor/__pycache__\n'}
[0.982645] (web_control) StdoutLine: {'line': b'copying web/stream/webrtc/.venv/lib/python3.12/site-packages/pip/_vendor/__pycache__/typing_extensions.cpython-312.pyc -> /home/matthieu/ros2_ws/install/web_control/share/web_control/web/stream/webrtc/.venv/lib/python3.12/site-packages/pip/_vendor/__pycache__\n'}
[0.982751] (web_control) StdoutLine: {'line': b'creating /home/matthieu/ros2_ws/install/web_control/share/web_control/web/stream/webrtc/.venv/lib/python3.12/site-packages/pip/_vendor/rich\n'}
[0.982810] (web_control) StdoutLine: {'line': b'copying web/stream/webrtc/.venv/lib/python3.12/site-packages/pip/_vendor/rich/_pick.py -> /home/matthieu/ros2_ws/install/web_control/share/web_control/web/stream/webrtc/.venv/lib/python3.12/site-packages/pip/_vendor/rich\n'}
[0.982881] (web_control) StdoutLine: {'line': b'copying web/stream/webrtc/.venv/lib/python3.12/site-packages/pip/_vendor/rich/cells.py -> /home/matthieu/ros2_ws/install/web_control/share/web_control/web/stream/webrtc/.venv/lib/python3.12/site-packages/pip/_vendor/rich\n'}
[0.983024] (web_control) StdoutLine: {'line': b'copying web/stream/webrtc/.venv/lib/python3.12/site-packages/pip/_vendor/rich/scope.py -> /home/matthieu/ros2_ws/install/web_control/share/web_control/web/stream/webrtc/.venv/lib/python3.12/site-packages/pip/_vendor/rich\n'}
[0.983071] (web_control) StdoutLine: {'line': b'copying web/stream/webrtc/.venv/lib/python3.12/site-packages/pip/_vendor/rich/emoji.py -> /home/matthieu/ros2_ws/install/web_control/share/web_control/web/stream/webrtc/.venv/lib/python3.12/site-packages/pip/_vendor/rich\n'}
[0.983191] (web_control) StdoutLine: {'line': b'copying web/stream/webrtc/.venv/lib/python3.12/site-packages/pip/_vendor/rich/status.py -> /home/matthieu/ros2_ws/install/web_control/share/web_control/web/stream/webrtc/.venv/lib/python3.12/site-packages/pip/_vendor/rich\n'}
[0.983319] (web_control) StdoutLine: {'line': b'copying web/stream/webrtc/.venv/lib/python3.12/site-packages/pip/_vendor/rich/theme.py -> /home/matthieu/ros2_ws/install/web_control/share/web_control/web/stream/webrtc/.venv/lib/python3.12/site-packages/pip/_vendor/rich\n'}
[0.983443] (web_control) StdoutLine: {'line': b'copying web/stream/webrtc/.venv/lib/python3.12/site-packages/pip/_vendor/rich/box.py -> /home/matthieu/ros2_ws/install/web_control/share/web_control/web/stream/webrtc/.venv/lib/python3.12/site-packages/pip/_vendor/rich\n'}
[0.983580] (web_control) StdoutLine: {'line': b'copying web/stream/webrtc/.venv/lib/python3.12/site-packages/pip/_vendor/rich/pretty.py -> /home/matthieu/ros2_ws/install/web_control/share/web_control/web/stream/webrtc/.venv/lib/python3.12/site-packages/pip/_vendor/rich\n'}
[0.983722] (web_control) StdoutLine: {'line': b'copying web/stream/webrtc/.venv/lib/python3.12/site-packages/pip/_vendor/rich/filesize.py -> /home/matthieu/ros2_ws/install/web_control/share/web_control/web/stream/webrtc/.venv/lib/python3.12/site-packages/pip/_vendor/rich\n'}
[0.983784] (web_control) StdoutLine: {'line': b'copying web/stream/webrtc/.venv/lib/python3.12/site-packages/pip/_vendor/rich/progress.py -> /home/matthieu/ros2_ws/install/web_control/share/web_control/web/stream/webrtc/.venv/lib/python3.12/site-packages/pip/_vendor/rich\n'}
[0.983858] (web_control) StdoutLine: {'line': b'copying web/stream/webrtc/.venv/lib/python3.12/site-packages/pip/_vendor/rich/_loop.py -> /home/matthieu/ros2_ws/install/web_control/share/web_control/web/stream/webrtc/.venv/lib/python3.12/site-packages/pip/_vendor/rich\n'}
[0.983950] (web_control) StdoutLine: {'line': b'copying web/stream/webrtc/.venv/lib/python3.12/site-packages/pip/_vendor/rich/_spinners.py -> /home/matthieu/ros2_ws/install/web_control/share/web_control/web/stream/webrtc/.venv/lib/python3.12/site-packages/pip/_vendor/rich\n'}
[0.984054] (web_control) StdoutLine: {'line': b'copying web/stream/webrtc/.venv/lib/python3.12/site-packages/pip/_vendor/rich/panel.py -> /home/matthieu/ros2_ws/install/web_control/share/web_control/web/stream/webrtc/.venv/lib/python3.12/site-packages/pip/_vendor/rich\n'}
[0.984160] (web_control) StdoutLine: {'line': b'copying web/stream/webrtc/.venv/lib/python3.12/site-packages/pip/_vendor/rich/palette.py -> /home/matthieu/ros2_ws/install/web_control/share/web_control/web/stream/webrtc/.venv/lib/python3.12/site-packages/pip/_vendor/rich\n'}
[0.984251] (web_control) StdoutLine: {'line': b'copying web/stream/webrtc/.venv/lib/python3.12/site-packages/pip/_vendor/rich/region.py -> /home/matthieu/ros2_ws/install/web_control/share/web_control/web/stream/webrtc/.venv/lib/python3.12/site-packages/pip/_vendor/rich\n'}
[0.984342] (web_control) StdoutLine: {'line': b'copying web/stream/webrtc/.venv/lib/python3.12/site-packages/pip/_vendor/rich/terminal_theme.py -> /home/matthieu/ros2_ws/install/web_control/share/web_control/web/stream/webrtc/.venv/lib/python3.12/site-packages/pip/_vendor/rich\n'}
[0.984433] (web_control) StdoutLine: {'line': b'copying web/stream/webrtc/.venv/lib/python3.12/site-packages/pip/_vendor/rich/file_proxy.py -> /home/matthieu/ros2_ws/install/web_control/share/web_control/web/stream/webrtc/.venv/lib/python3.12/site-packages/pip/_vendor/rich\n'}
[0.984524] (web_control) StdoutLine: {'line': b'copying web/stream/webrtc/.venv/lib/python3.12/site-packages/pip/_vendor/rich/screen.py -> /home/matthieu/ros2_ws/install/web_control/share/web_control/web/stream/webrtc/.venv/lib/python3.12/site-packages/pip/_vendor/rich\n'}
[0.984613] (web_control) StdoutLine: {'line': b'copying web/stream/webrtc/.venv/lib/python3.12/site-packages/pip/_vendor/rich/layout.py -> /home/matthieu/ros2_ws/install/web_control/share/web_control/web/stream/webrtc/.venv/lib/python3.12/site-packages/pip/_vendor/rich\n'}
[0.984710] (web_control) StdoutLine: {'line': b'copying web/stream/webrtc/.venv/lib/python3.12/site-packages/pip/_vendor/rich/_emoji_codes.py -> /home/matthieu/ros2_ws/install/web_control/share/web_control/web/stream/webrtc/.venv/lib/python3.12/site-packages/pip/_vendor/rich\n'}
[0.984897] (web_control) StdoutLine: {'line': b'copying web/stream/webrtc/.venv/lib/python3.12/site-packages/pip/_vendor/rich/progress_bar.py -> /home/matthieu/ros2_ws/install/web_control/share/web_control/web/stream/webrtc/.venv/lib/python3.12/site-packages/pip/_vendor/rich\n'}
[0.984993] (web_control) StdoutLine: {'line': b'copying web/stream/webrtc/.venv/lib/python3.12/site-packages/pip/_vendor/rich/live_render.py -> /home/matthieu/ros2_ws/install/web_control/share/web_control/web/stream/webrtc/.venv/lib/python3.12/site-packages/pip/_vendor/rich\n'}
[0.985087] (web_control) StdoutLine: {'line': b'copying web/stream/webrtc/.venv/lib/python3.12/site-packages/pip/_vendor/rich/padding.py -> /home/matthieu/ros2_ws/install/web_control/share/web_control/web/stream/webrtc/.venv/lib/python3.12/site-packages/pip/_vendor/rich\n'}
[0.985186] (web_control) StdoutLine: {'line': b'copying web/stream/webrtc/.venv/lib/python3.12/site-packages/pip/_vendor/rich/_cell_widths.py -> /home/matthieu/ros2_ws/install/web_control/share/web_control/web/stream/webrtc/.venv/lib/python3.12/site-packages/pip/_vendor/rich\n'}
[0.985282] (web_control) StdoutLine: {'line': b'copying web/stream/webrtc/.venv/lib/python3.12/site-packages/pip/_vendor/rich/ansi.py -> /home/matthieu/ros2_ws/install/web_control/share/web_control/web/stream/webrtc/.venv/lib/python3.12/site-packages/pip/_vendor/rich\n'}
[0.985383] (web_control) StdoutLine: {'line': b'copying web/stream/webrtc/.venv/lib/python3.12/site-packages/pip/_vendor/rich/control.py -> /home/matthieu/ros2_ws/install/web_control/share/web_control/web/stream/webrtc/.venv/lib/python3.12/site-packages/pip/_vendor/rich\n'}
[0.985477] (web_control) StdoutLine: {'line': b'copying web/stream/webrtc/.venv/lib/python3.12/site-packages/pip/_vendor/rich/_fileno.py -> /home/matthieu/ros2_ws/install/web_control/share/web_control/web/stream/webrtc/.venv/lib/python3.12/site-packages/pip/_vendor/rich\n'}
[0.985569] (web_control) StdoutLine: {'line': b'copying web/stream/webrtc/.venv/lib/python3.12/site-packages/pip/_vendor/rich/_export_format.py -> /home/matthieu/ros2_ws/install/web_control/share/web_control/web/stream/webrtc/.venv/lib/python3.12/site-packages/pip/_vendor/rich\n'}
[0.985659] (web_control) StdoutLine: {'line': b'copying web/stream/webrtc/.venv/lib/python3.12/site-packages/pip/_vendor/rich/align.py -> /home/matthieu/ros2_ws/install/web_control/share/web_control/web/stream/webrtc/.venv/lib/python3.12/site-packages/pip/_vendor/rich\n'}
[0.985759] (web_control) StdoutLine: {'line': b'copying web/stream/webrtc/.venv/lib/python3.12/site-packages/pip/_vendor/rich/live.py -> /home/matthieu/ros2_ws/install/web_control/share/web_control/web/stream/webrtc/.venv/lib/python3.12/site-packages/pip/_vendor/rich\n'}
[0.985863] (web_control) StdoutLine: {'line': b'copying web/stream/webrtc/.venv/lib/python3.12/site-packages/pip/_vendor/rich/styled.py -> /home/matthieu/ros2_ws/install/web_control/share/web_control/web/stream/webrtc/.venv/lib/python3.12/site-packages/pip/_vendor/rich\n'}
[0.985955] (web_control) StdoutLine: {'line': b'copying web/stream/webrtc/.venv/lib/python3.12/site-packages/pip/_vendor/rich/columns.py -> /home/matthieu/ros2_ws/install/web_control/share/web_control/web/stream/webrtc/.venv/lib/python3.12/site-packages/pip/_vendor/rich\n'}
[0.986052] (web_control) StdoutLine: {'line': b'copying web/stream/webrtc/.venv/lib/python3.12/site-packages/pip/_vendor/rich/_ratio.py -> /home/matthieu/ros2_ws/install/web_control/share/web_control/web/stream/webrtc/.venv/lib/python3.12/site-packages/pip/_vendor/rich\n'}
[0.986154] (web_control) StdoutLine: {'line': b'copying web/stream/webrtc/.venv/lib/python3.12/site-packages/pip/_vendor/rich/prompt.py -> /home/matthieu/ros2_ws/install/web_control/share/web_control/web/stream/webrtc/.venv/lib/python3.12/site-packages/pip/_vendor/rich\n'}
[0.986251] (web_control) StdoutLine: {'line': b'copying web/stream/webrtc/.venv/lib/python3.12/site-packages/pip/_vendor/rich/diagnose.py -> /home/matthieu/ros2_ws/install/web_control/share/web_control/web/stream/webrtc/.venv/lib/python3.12/site-packages/pip/_vendor/rich\n'}
[0.986346] (web_control) StdoutLine: {'line': b'copying web/stream/webrtc/.venv/lib/python3.12/site-packages/pip/_vendor/rich/logging.py -> /home/matthieu/ros2_ws/install/web_control/share/web_control/web/stream/webrtc/.venv/lib/python3.12/site-packages/pip/_vendor/rich\n'}
[0.986446] (web_control) StdoutLine: {'line': b'copying web/stream/webrtc/.venv/lib/python3.12/site-packages/pip/_vendor/rich/default_styles.py -> /home/matthieu/ros2_ws/install/web_control/share/web_control/web/stream/webrtc/.venv/lib/python3.12/site-packages/pip/_vendor/rich\n'}
[0.986544] (web_control) StdoutLine: {'line': b'copying web/stream/webrtc/.venv/lib/python3.12/site-packages/pip/_vendor/rich/_inspect.py -> /home/matthieu/ros2_ws/install/web_control/share/web_control/web/stream/webrtc/.venv/lib/python3.12/site-packages/pip/_vendor/rich\n'}
[0.986645] (web_control) StdoutLine: {'line': b'copying web/stream/webrtc/.venv/lib/python3.12/site-packages/pip/_vendor/rich/text.py -> /home/matthieu/ros2_ws/install/web_control/share/web_control/web/stream/webrtc/.venv/lib/python3.12/site-packages/pip/_vendor/rich\n'}
[0.986776] (web_control) StdoutLine: {'line': b'copying web/stream/webrtc/.venv/lib/python3.12/site-packages/pip/_vendor/rich/_log_render.py -> /home/matthieu/ros2_ws/install/web_control/share/web_control/web/stream/webrtc/.venv/lib/python3.12/site-packages/pip/_vendor/rich\n'}
[0.986869] (web_control) StdoutLine: {'line': b'copying web/stream/webrtc/.venv/lib/python3.12/site-packages/pip/_vendor/rich/spinner.py -> /home/matthieu/ros2_ws/install/web_control/share/web_control/web/stream/webrtc/.venv/lib/python3.12/site-packages/pip/_vendor/rich\n'}
[0.986957] (web_control) StdoutLine: {'line': b'copying web/stream/webrtc/.venv/lib/python3.12/site-packages/pip/_vendor/rich/repr.py -> /home/matthieu/ros2_ws/install/web_control/share/web_control/web/stream/webrtc/.venv/lib/python3.12/site-packages/pip/_vendor/rich\n'}
[0.987019] (web_control) StdoutLine: {'line': b'copying web/stream/webrtc/.venv/lib/python3.12/site-packages/pip/_vendor/rich/containers.py -> /home/matthieu/ros2_ws/install/web_control/share/web_control/web/stream/webrtc/.venv/lib/python3.12/site-packages/pip/_vendor/rich\n'}
[0.987076] (web_control) StdoutLine: {'line': b'copying web/stream/webrtc/.venv/lib/python3.12/site-packages/pip/_vendor/rich/_palettes.py -> /home/matthieu/ros2_ws/install/web_control/share/web_control/web/stream/webrtc/.venv/lib/python3.12/site-packages/pip/_vendor/rich\n'}
[0.987145] (web_control) StdoutLine: {'line': b'copying web/stream/webrtc/.venv/lib/python3.12/site-packages/pip/_vendor/rich/style.py -> /home/matthieu/ros2_ws/install/web_control/share/web_control/web/stream/webrtc/.venv/lib/python3.12/site-packages/pip/_vendor/rich\n'}
[0.987215] (web_control) StdoutLine: {'line': b'copying web/stream/webrtc/.venv/lib/python3.12/site-packages/pip/_vendor/rich/jupyter.py -> /home/matthieu/ros2_ws/install/web_control/share/web_control/web/stream/webrtc/.venv/lib/python3.12/site-packages/pip/_vendor/rich\n'}
[0.987271] (web_control) StdoutLine: {'line': b'copying web/stream/webrtc/.venv/lib/python3.12/site-packages/pip/_vendor/rich/highlighter.py -> /home/matthieu/ros2_ws/install/web_control/share/web_control/web/stream/webrtc/.venv/lib/python3.12/site-packages/pip/_vendor/rich\n'}
[0.987329] (web_control) StdoutLine: {'line': b'copying web/stream/webrtc/.venv/lib/python3.12/site-packages/pip/_vendor/rich/_extension.py -> /home/matthieu/ros2_ws/install/web_control/share/web_control/web/stream/webrtc/.venv/lib/python3.12/site-packages/pip/_vendor/rich\n'}
[0.987385] (web_control) StdoutLine: {'line': b'copying web/stream/webrtc/.venv/lib/python3.12/site-packages/pip/_vendor/rich/errors.py -> /home/matthieu/ros2_ws/install/web_control/share/web_control/web/stream/webrtc/.venv/lib/python3.12/site-packages/pip/_vendor/rich\n'}
[0.987440] (web_control) StdoutLine: {'line': b'copying web/stream/webrtc/.venv/lib/python3.12/site-packages/pip/_vendor/rich/__main__.py -> /home/matthieu/ros2_ws/install/web_control/share/web_control/web/stream/webrtc/.venv/lib/python3.12/site-packages/pip/_vendor/rich\n'}
[0.987499] (web_control) StdoutLine: {'line': b'copying web/stream/webrtc/.venv/lib/python3.12/site-packages/pip/_vendor/rich/table.py -> /home/matthieu/ros2_ws/install/web_control/share/web_control/web/stream/webrtc/.venv/lib/python3.12/site-packages/pip/_vendor/rich\n'}
[0.987578] (web_control) StdoutLine: {'line': b'copying web/stream/webrtc/.venv/lib/python3.12/site-packages/pip/_vendor/rich/console.py -> /home/matthieu/ros2_ws/install/web_control/share/web_control/web/stream/webrtc/.venv/lib/python3.12/site-packages/pip/_vendor/rich\n'}
[0.987696] (web_control) StdoutLine: {'line': b'copying web/stream/webrtc/.venv/lib/python3.12/site-packages/pip/_vendor/rich/_stack.py -> /home/matthieu/ros2_ws/install/web_control/share/web_control/web/stream/webrtc/.venv/lib/python3.12/site-packages/pip/_vendor/rich\n'}
[0.987758] (web_control) StdoutLine: {'line': b'copying web/stream/webrtc/.venv/lib/python3.12/site-packages/pip/_vendor/rich/measure.py -> /home/matthieu/ros2_ws/install/web_control/share/web_control/web/stream/webrtc/.venv/lib/python3.12/site-packages/pip/_vendor/rich\n'}
[0.987823] (web_control) StdoutLine: {'line': b'copying web/stream/webrtc/.venv/lib/python3.12/site-packages/pip/_vendor/rich/_null_file.py -> /home/matthieu/ros2_ws/install/web_control/share/web_control/web/stream/webrtc/.venv/lib/python3.12/site-packages/pip/_vendor/rich\n'}
[0.987883] (web_control) StdoutLine: {'line': b'copying web/stream/webrtc/.venv/lib/python3.12/site-packages/pip/_vendor/rich/syntax.py -> /home/matthieu/ros2_ws/install/web_control/share/web_control/web/stream/webrtc/.venv/lib/python3.12/site-packages/pip/_vendor/rich\n'}
[0.987956] (web_control) StdoutLine: {'line': b'copying web/stream/webrtc/.venv/lib/python3.12/site-packages/pip/_vendor/rich/color_triplet.py -> /home/matthieu/ros2_ws/install/web_control/share/web_control/web/stream/webrtc/.venv/lib/python3.12/site-packages/pip/_vendor/rich\n'}
[0.988017] (web_control) StdoutLine: {'line': b'copying web/stream/webrtc/.venv/lib/python3.12/site-packages/pip/_vendor/rich/bar.py -> /home/matthieu/ros2_ws/install/web_control/share/web_control/web/stream/webrtc/.venv/lib/python3.12/site-packages/pip/_vendor/rich\n'}
[0.988078] (web_control) StdoutLine: {'line': b'copying web/stream/webrtc/.venv/lib/python3.12/site-packages/pip/_vendor/rich/abc.py -> /home/matthieu/ros2_ws/install/web_control/share/web_control/web/stream/webrtc/.venv/lib/python3.12/site-packages/pip/_vendor/rich\n'}
[0.988144] (web_control) StdoutLine: {'line': b'copying web/stream/webrtc/.venv/lib/python3.12/site-packages/pip/_vendor/rich/_wrap.py -> /home/matthieu/ros2_ws/install/web_control/share/web_control/web/stream/webrtc/.venv/lib/python3.12/site-packages/pip/_vendor/rich\n'}
[0.988206] (web_control) StdoutLine: {'line': b'copying web/stream/webrtc/.venv/lib/python3.12/site-packages/pip/_vendor/rich/constrain.py -> /home/matthieu/ros2_ws/install/web_control/share/web_control/web/stream/webrtc/.venv/lib/python3.12/site-packages/pip/_vendor/rich\n'}
[0.988265] (web_control) StdoutLine: {'line': b'copying web/stream/webrtc/.venv/lib/python3.12/site-packages/pip/_vendor/rich/segment.py -> /home/matthieu/ros2_ws/install/web_control/share/web_control/web/stream/webrtc/.venv/lib/python3.12/site-packages/pip/_vendor/rich\n'}
[0.988333] (web_control) StdoutLine: {'line': b'copying web/stream/webrtc/.venv/lib/python3.12/site-packages/pip/_vendor/rich/_windows.py -> /home/matthieu/ros2_ws/install/web_control/share/web_control/web/stream/webrtc/.venv/lib/python3.12/site-packages/pip/_vendor/rich\n'}
[0.988395] (web_control) StdoutLine: {'line': b'copying web/stream/webrtc/.venv/lib/python3.12/site-packages/pip/_vendor/rich/protocol.py -> /home/matthieu/ros2_ws/install/web_control/share/web_control/web/stream/webrtc/.venv/lib/python3.12/site-packages/pip/_vendor/rich\n'}
[0.988455] (web_control) StdoutLine: {'line': b'copying web/stream/webrtc/.venv/lib/python3.12/site-packages/pip/_vendor/rich/rule.py -> /home/matthieu/ros2_ws/install/web_control/share/web_control/web/stream/webrtc/.venv/lib/python3.12/site-packages/pip/_vendor/rich\n'}
[0.988527] (web_control) StdoutLine: {'line': b'copying web/stream/webrtc/.venv/lib/python3.12/site-packages/pip/_vendor/rich/_timer.py -> /home/matthieu/ros2_ws/install/web_control/share/web_control/web/stream/webrtc/.venv/lib/python3.12/site-packages/pip/_vendor/rich\n'}
[0.988587] (web_control) StdoutLine: {'line': b'copying web/stream/webrtc/.venv/lib/python3.12/site-packages/pip/_vendor/rich/_win32_console.py -> /home/matthieu/ros2_ws/install/web_control/share/web_control/web/stream/webrtc/.venv/lib/python3.12/site-packages/pip/_vendor/rich\n'}
[0.988659] (web_control) StdoutLine: {'line': b'copying web/stream/webrtc/.venv/lib/python3.12/site-packages/pip/_vendor/rich/_emoji_replace.py -> /home/matthieu/ros2_ws/install/web_control/share/web_control/web/stream/webrtc/.venv/lib/python3.12/site-packages/pip/_vendor/rich\n'}
[0.988720] (web_control) StdoutLine: {'line': b'copying web/stream/webrtc/.venv/lib/python3.12/site-packages/pip/_vendor/rich/json.py -> /home/matthieu/ros2_ws/install/web_control/share/web_control/web/stream/webrtc/.venv/lib/python3.12/site-packages/pip/_vendor/rich\n'}
[0.988782] (web_control) StdoutLine: {'line': b'copying web/stream/webrtc/.venv/lib/python3.12/site-packages/pip/_vendor/rich/color.py -> /home/matthieu/ros2_ws/install/web_control/share/web_control/web/stream/webrtc/.venv/lib/python3.12/site-packages/pip/_vendor/rich\n'}
[0.988843] (web_control) StdoutLine: {'line': b'copying web/stream/webrtc/.venv/lib/python3.12/site-packages/pip/_vendor/rich/traceback.py -> /home/matthieu/ros2_ws/install/web_control/share/web_control/web/stream/webrtc/.venv/lib/python3.12/site-packages/pip/_vendor/rich\n'}
[0.988913] (web_control) StdoutLine: {'line': b'copying web/stream/webrtc/.venv/lib/python3.12/site-packages/pip/_vendor/rich/themes.py -> /home/matthieu/ros2_ws/install/web_control/share/web_control/web/stream/webrtc/.venv/lib/python3.12/site-packages/pip/_vendor/rich\n'}
[0.988968] (web_control) StdoutLine: {'line': b'copying web/stream/webrtc/.venv/lib/python3.12/site-packages/pip/_vendor/rich/pager.py -> /home/matthieu/ros2_ws/install/web_control/share/web_control/web/stream/webrtc/.venv/lib/python3.12/site-packages/pip/_vendor/rich\n'}
[0.989025] (web_control) StdoutLine: {'line': b'copying web/stream/webrtc/.venv/lib/python3.12/site-packages/pip/_vendor/rich/tree.py -> /home/matthieu/ros2_ws/install/web_control/share/web_control/web/stream/webrtc/.venv/lib/python3.12/site-packages/pip/_vendor/rich\n'}
[0.989092] (web_control) StdoutLine: {'line': b'copying web/stream/webrtc/.venv/lib/python3.12/site-packages/pip/_vendor/rich/_windows_renderer.py -> /home/matthieu/ros2_ws/install/web_control/share/web_control/web/stream/webrtc/.venv/lib/python3.12/site-packages/pip/_vendor/rich\n'}
[0.989156] (web_control) StdoutLine: {'line': b'copying web/stream/webrtc/.venv/lib/python3.12/site-packages/pip/_vendor/rich/__init__.py -> /home/matthieu/ros2_ws/install/web_control/share/web_control/web/stream/webrtc/.venv/lib/python3.12/site-packages/pip/_vendor/rich\n'}
[0.989213] (web_control) StdoutLine: {'line': b'copying web/stream/webrtc/.venv/lib/python3.12/site-packages/pip/_vendor/rich/markup.py -> /home/matthieu/ros2_ws/install/web_control/share/web_control/web/stream/webrtc/.venv/lib/python3.12/site-packages/pip/_vendor/rich\n'}
[0.989283] (web_control) StdoutLine: {'line': b'creating /home/matthieu/ros2_ws/install/web_control/share/web_control/web/stream/webrtc/.venv/lib/python3.12/site-packages/pip/_vendor/rich/__pycache__\n'}
[0.989340] (web_control) StdoutLine: {'line': b'copying web/stream/webrtc/.venv/lib/python3.12/site-packages/pip/_vendor/rich/__pycache__/layout.cpython-312.pyc -> /home/matthieu/ros2_ws/install/web_control/share/web_control/web/stream/webrtc/.venv/lib/python3.12/site-packages/pip/_vendor/rich/__pycache__\n'}
[0.989433] (web_control) StdoutLine: {'line': b'copying web/stream/webrtc/.venv/lib/python3.12/site-packages/pip/_vendor/rich/__pycache__/_ratio.cpython-312.pyc -> /home/matthieu/ros2_ws/install/web_control/share/web_control/web/stream/webrtc/.venv/lib/python3.12/site-packages/pip/_vendor/rich/__pycache__\n'}
[0.989491] (web_control) StdoutLine: {'line': b'copying web/stream/webrtc/.venv/lib/python3.12/site-packages/pip/_vendor/rich/__pycache__/markup.cpython-312.pyc -> /home/matthieu/ros2_ws/install/web_control/share/web_control/web/stream/webrtc/.venv/lib/python3.12/site-packages/pip/_vendor/rich/__pycache__\n'}
[0.989552] (web_control) StdoutLine: {'line': b'copying web/stream/webrtc/.venv/lib/python3.12/site-packages/pip/_vendor/rich/__pycache__/_extension.cpython-312.pyc -> /home/matthieu/ros2_ws/install/web_control/share/web_control/web/stream/webrtc/.venv/lib/python3.12/site-packages/pip/_vendor/rich/__pycache__\n'}
[0.989608] (web_control) StdoutLine: {'line': b'copying web/stream/webrtc/.venv/lib/python3.12/site-packages/pip/_vendor/rich/__pycache__/bar.cpython-312.pyc -> /home/matthieu/ros2_ws/install/web_control/share/web_control/web/stream/webrtc/.venv/lib/python3.12/site-packages/pip/_vendor/rich/__pycache__\n'}
[0.989668] (web_control) StdoutLine: {'line': b'copying web/stream/webrtc/.venv/lib/python3.12/site-packages/pip/_vendor/rich/__pycache__/measure.cpython-312.pyc -> /home/matthieu/ros2_ws/install/web_control/share/web_control/web/stream/webrtc/.venv/lib/python3.12/site-packages/pip/_vendor/rich/__pycache__\n'}
[0.989726] (web_control) StdoutLine: {'line': b'copying web/stream/webrtc/.venv/lib/python3.12/site-packages/pip/_vendor/rich/__pycache__/_cell_widths.cpython-312.pyc -> /home/matthieu/ros2_ws/install/web_control/share/web_control/web/stream/webrtc/.venv/lib/python3.12/site-packages/pip/_vendor/rich/__pycache__\n'}
[0.989781] (web_control) StdoutLine: {'line': b'copying web/stream/webrtc/.venv/lib/python3.12/site-packages/pip/_vendor/rich/__pycache__/errors.cpython-312.pyc -> /home/matthieu/ros2_ws/install/web_control/share/web_control/web/stream/webrtc/.venv/lib/python3.12/site-packages/pip/_vendor/rich/__pycache__\n'}
[0.989833] (web_control) StdoutLine: {'line': b'copying web/stream/webrtc/.venv/lib/python3.12/site-packages/pip/_vendor/rich/__pycache__/_inspect.cpython-312.pyc -> /home/matthieu/ros2_ws/install/web_control/share/web_control/web/stream/webrtc/.venv/lib/python3.12/site-packages/pip/_vendor/rich/__pycache__\n'}
[0.989893] (web_control) StdoutLine: {'line': b'copying web/stream/webrtc/.venv/lib/python3.12/site-packages/pip/_vendor/rich/__pycache__/themes.cpython-312.pyc -> /home/matthieu/ros2_ws/install/web_control/share/web_control/web/stream/webrtc/.venv/lib/python3.12/site-packages/pip/_vendor/rich/__pycache__\n'}
[0.989951] (web_control) StdoutLine: {'line': b'copying web/stream/webrtc/.venv/lib/python3.12/site-packages/pip/_vendor/rich/__pycache__/containers.cpython-312.pyc -> /home/matthieu/ros2_ws/install/web_control/share/web_control/web/stream/webrtc/.venv/lib/python3.12/site-packages/pip/_vendor/rich/__pycache__\n'}
[0.990009] (web_control) StdoutLine: {'line': b'copying web/stream/webrtc/.venv/lib/python3.12/site-packages/pip/_vendor/rich/__pycache__/_pick.cpython-312.pyc -> /home/matthieu/ros2_ws/install/web_control/share/web_control/web/stream/webrtc/.venv/lib/python3.12/site-packages/pip/_vendor/rich/__pycache__\n'}
[0.990066] (web_control) StdoutLine: {'line': b'copying web/stream/webrtc/.venv/lib/python3.12/site-packages/pip/_vendor/rich/__pycache__/region.cpython-312.pyc -> /home/matthieu/ros2_ws/install/web_control/share/web_control/web/stream/webrtc/.venv/lib/python3.12/site-packages/pip/_vendor/rich/__pycache__\n'}
[0.990145] (web_control) StdoutLine: {'line': b'copying web/stream/webrtc/.venv/lib/python3.12/site-packages/pip/_vendor/rich/__pycache__/_loop.cpython-312.pyc -> /home/matthieu/ros2_ws/install/web_control/share/web_control/web/stream/webrtc/.venv/lib/python3.12/site-packages/pip/_vendor/rich/__pycache__\n'}
[0.990204] (web_control) StdoutLine: {'line': b'copying web/stream/webrtc/.venv/lib/python3.12/site-packages/pip/_vendor/rich/__pycache__/_windows.cpython-312.pyc -> /home/matthieu/ros2_ws/install/web_control/share/web_control/web/stream/webrtc/.venv/lib/python3.12/site-packages/pip/_vendor/rich/__pycache__\n'}
[0.990267] (web_control) StdoutLine: {'line': b'copying web/stream/webrtc/.venv/lib/python3.12/site-packages/pip/_vendor/rich/__pycache__/progress_bar.cpython-312.pyc -> /home/matthieu/ros2_ws/install/web_control/share/web_control/web/stream/webrtc/.venv/lib/python3.12/site-packages/pip/_vendor/rich/__pycache__\n'}
[0.990323] (web_control) StdoutLine: {'line': b'copying web/stream/webrtc/.venv/lib/python3.12/site-packages/pip/_vendor/rich/__pycache__/repr.cpython-312.pyc -> /home/matthieu/ros2_ws/install/web_control/share/web_control/web/stream/webrtc/.venv/lib/python3.12/site-packages/pip/_vendor/rich/__pycache__\n'}
[0.990379] (web_control) StdoutLine: {'line': b'copying web/stream/webrtc/.venv/lib/python3.12/site-packages/pip/_vendor/rich/__pycache__/jupyter.cpython-312.pyc -> /home/matthieu/ros2_ws/install/web_control/share/web_control/web/stream/webrtc/.venv/lib/python3.12/site-packages/pip/_vendor/rich/__pycache__\n'}
[0.990453] (web_control) StdoutLine: {'line': b'copying web/stream/webrtc/.venv/lib/python3.12/site-packages/pip/_vendor/rich/__pycache__/rule.cpython-312.pyc -> /home/matthieu/ros2_ws/install/web_control/share/web_control/web/stream/webrtc/.venv/lib/python3.12/site-packages/pip/_vendor/rich/__pycache__\n'}
[0.990531] (web_control) StdoutLine: {'line': b'copying web/stream/webrtc/.venv/lib/python3.12/site-packages/pip/_vendor/rich/__pycache__/traceback.cpython-312.pyc -> /home/matthieu/ros2_ws/install/web_control/share/web_control/web/stream/webrtc/.venv/lib/python3.12/site-packages/pip/_vendor/rich/__pycache__\n'}
[0.990598] (web_control) StdoutLine: {'line': b'copying web/stream/webrtc/.venv/lib/python3.12/site-packages/pip/_vendor/rich/__pycache__/_export_format.cpython-312.pyc -> /home/matthieu/ros2_ws/install/web_control/share/web_control/web/stream/webrtc/.venv/lib/python3.12/site-packages/pip/_vendor/rich/__pycache__\n'}
[0.990666] (web_control) StdoutLine: {'line': b'copying web/stream/webrtc/.venv/lib/python3.12/site-packages/pip/_vendor/rich/__pycache__/constrain.cpython-312.pyc -> /home/matthieu/ros2_ws/install/web_control/share/web_control/web/stream/webrtc/.venv/lib/python3.12/site-packages/pip/_vendor/rich/__pycache__\n'}
[0.990776] (web_control) StdoutLine: {'line': b'copying web/stream/webrtc/.venv/lib/python3.12/site-packages/pip/_vendor/rich/__pycache__/_emoji_codes.cpython-312.pyc -> /home/matthieu/ros2_ws/install/web_control/share/web_control/web/stream/webrtc/.venv/lib/python3.12/site-packages/pip/_vendor/rich/__pycache__\n'}
[0.990931] (web_control) StdoutLine: {'line': b'copying web/stream/webrtc/.venv/lib/python3.12/site-packages/pip/_vendor/rich/__pycache__/_fileno.cpython-312.pyc -> /home/matthieu/ros2_ws/install/web_control/share/web_control/web/stream/webrtc/.venv/lib/python3.12/site-packages/pip/_vendor/rich/__pycache__\n'}
[0.990995] (web_control) StdoutLine: {'line': b'copying web/stream/webrtc/.venv/lib/python3.12/site-packages/pip/_vendor/rich/__pycache__/default_styles.cpython-312.pyc -> /home/matthieu/ros2_ws/install/web_control/share/web_control/web/stream/webrtc/.venv/lib/python3.12/site-packages/pip/_vendor/rich/__pycache__\n'}
[0.991070] (web_control) StdoutLine: {'line': b'copying web/stream/webrtc/.venv/lib/python3.12/site-packages/pip/_vendor/rich/__pycache__/segment.cpython-312.pyc -> /home/matthieu/ros2_ws/install/web_control/share/web_control/web/stream/webrtc/.venv/lib/python3.12/site-packages/pip/_vendor/rich/__pycache__\n'}
[0.991144] (web_control) StdoutLine: {'line': b'copying web/stream/webrtc/.venv/lib/python3.12/site-packages/pip/_vendor/rich/__pycache__/status.cpython-312.pyc -> /home/matthieu/ros2_ws/install/web_control/share/web_control/web/stream/webrtc/.venv/lib/python3.12/site-packages/pip/_vendor/rich/__pycache__\n'}
[0.991217] (web_control) StdoutLine: {'line': b'copying web/stream/webrtc/.venv/lib/python3.12/site-packages/pip/_vendor/rich/__pycache__/prompt.cpython-312.pyc -> /home/matthieu/ros2_ws/install/web_control/share/web_control/web/stream/webrtc/.venv/lib/python3.12/site-packages/pip/_vendor/rich/__pycache__\n'}
[0.991290] (web_control) StdoutLine: {'line': b'copying web/stream/webrtc/.venv/lib/python3.12/site-packages/pip/_vendor/rich/__pycache__/highlighter.cpython-312.pyc -> /home/matthieu/ros2_ws/install/web_control/share/web_control/web/stream/webrtc/.venv/lib/python3.12/site-packages/pip/_vendor/rich/__pycache__\n'}
[0.991367] (web_control) StdoutLine: {'line': b'copying web/stream/webrtc/.venv/lib/python3.12/site-packages/pip/_vendor/rich/__pycache__/abc.cpython-312.pyc -> /home/matthieu/ros2_ws/install/web_control/share/web_control/web/stream/webrtc/.venv/lib/python3.12/site-packages/pip/_vendor/rich/__pycache__\n'}
[0.991426] (web_control) StdoutLine: {'line': b'copying web/stream/webrtc/.venv/lib/python3.12/site-packages/pip/_vendor/rich/__pycache__/pager.cpython-312.pyc -> /home/matthieu/ros2_ws/install/web_control/share/web_control/web/stream/webrtc/.venv/lib/python3.12/site-packages/pip/_vendor/rich/__pycache__\n'}
[0.991499] (web_control) StdoutLine: {'line': b'copying web/stream/webrtc/.venv/lib/python3.12/site-packages/pip/_vendor/rich/__pycache__/box.cpython-312.pyc -> /home/matthieu/ros2_ws/install/web_control/share/web_control/web/stream/webrtc/.venv/lib/python3.12/site-packages/pip/_vendor/rich/__pycache__\n'}
[0.991570] (web_control) StdoutLine: {'line': b'copying web/stream/webrtc/.venv/lib/python3.12/site-packages/pip/_vendor/rich/__pycache__/control.cpython-312.pyc -> /home/matthieu/ros2_ws/install/web_control/share/web_control/web/stream/webrtc/.venv/lib/python3.12/site-packages/pip/_vendor/rich/__pycache__\n'}
[0.991627] (web_control) StdoutLine: {'line': b'copying web/stream/webrtc/.venv/lib/python3.12/site-packages/pip/_vendor/rich/__pycache__/_null_file.cpython-312.pyc -> /home/matthieu/ros2_ws/install/web_control/share/web_control/web/stream/webrtc/.venv/lib/python3.12/site-packages/pip/_vendor/rich/__pycache__\n'}
[0.991699] (web_control) StdoutLine: {'line': b'copying web/stream/webrtc/.venv/lib/python3.12/site-packages/pip/_vendor/rich/__pycache__/live.cpython-312.pyc -> /home/matthieu/ros2_ws/install/web_control/share/web_control/web/stream/webrtc/.venv/lib/python3.12/site-packages/pip/_vendor/rich/__pycache__\n'}
[0.991789] (web_control) StdoutLine: {'line': b'copying web/stream/webrtc/.venv/lib/python3.12/site-packages/pip/_vendor/rich/__pycache__/screen.cpython-312.pyc -> /home/matthieu/ros2_ws/install/web_control/share/web_control/web/stream/webrtc/.venv/lib/python3.12/site-packages/pip/_vendor/rich/__pycache__\n'}
[0.991838] (web_control) StdoutLine: {'line': b'copying web/stream/webrtc/.venv/lib/python3.12/site-packages/pip/_vendor/rich/__pycache__/columns.cpython-312.pyc -> /home/matthieu/ros2_ws/install/web_control/share/web_control/web/stream/webrtc/.venv/lib/python3.12/site-packages/pip/_vendor/rich/__pycache__\n'}
[0.991897] (web_control) StdoutLine: {'line': b'copying web/stream/webrtc/.venv/lib/python3.12/site-packages/pip/_vendor/rich/__pycache__/_palettes.cpython-312.pyc -> /home/matthieu/ros2_ws/install/web_control/share/web_control/web/stream/webrtc/.venv/lib/python3.12/site-packages/pip/_vendor/rich/__pycache__\n'}
[0.991954] (web_control) StdoutLine: {'line': b'copying web/stream/webrtc/.venv/lib/python3.12/site-packages/pip/_vendor/rich/__pycache__/color.cpython-312.pyc -> /home/matthieu/ros2_ws/install/web_control/share/web_control/web/stream/webrtc/.venv/lib/python3.12/site-packages/pip/_vendor/rich/__pycache__\n'}
[0.992037] (web_control) StdoutLine: {'line': b'copying web/stream/webrtc/.venv/lib/python3.12/site-packages/pip/_vendor/rich/__pycache__/_emoji_replace.cpython-312.pyc -> /home/matthieu/ros2_ws/install/web_control/share/web_control/web/stream/webrtc/.venv/lib/python3.12/site-packages/pip/_vendor/rich/__pycache__\n'}
[0.992090] (web_control) StdoutLine: {'line': b'copying web/stream/webrtc/.venv/lib/python3.12/site-packages/pip/_vendor/rich/__pycache__/_timer.cpython-312.pyc -> /home/matthieu/ros2_ws/install/web_control/share/web_control/web/stream/webrtc/.venv/lib/python3.12/site-packages/pip/_vendor/rich/__pycache__\n'}
[0.992151] (web_control) StdoutLine: {'line': b'copying web/stream/webrtc/.venv/lib/python3.12/site-packages/pip/_vendor/rich/__pycache__/_win32_console.cpython-312.pyc -> /home/matthieu/ros2_ws/install/web_control/share/web_control/web/stream/webrtc/.venv/lib/python3.12/site-packages/pip/_vendor/rich/__pycache__\n'}
[0.992209] (web_control) StdoutLine: {'line': b'copying web/stream/webrtc/.venv/lib/python3.12/site-packages/pip/_vendor/rich/__pycache__/terminal_theme.cpython-312.pyc -> /home/matthieu/ros2_ws/install/web_control/share/web_control/web/stream/webrtc/.venv/lib/python3.12/site-packages/pip/_vendor/rich/__pycache__\n'}
[0.992281] (web_control) StdoutLine: {'line': b'copying web/stream/webrtc/.venv/lib/python3.12/site-packages/pip/_vendor/rich/__pycache__/_log_render.cpython-312.pyc -> /home/matthieu/ros2_ws/install/web_control/share/web_control/web/stream/webrtc/.venv/lib/python3.12/site-packages/pip/_vendor/rich/__pycache__\n'}
[0.992349] (web_control) StdoutLine: {'line': b'copying web/stream/webrtc/.venv/lib/python3.12/site-packages/pip/_vendor/rich/__pycache__/style.cpython-312.pyc -> /home/matthieu/ros2_ws/install/web_control/share/web_control/web/stream/webrtc/.venv/lib/python3.12/site-packages/pip/_vendor/rich/__pycache__\n'}
[0.992437] (web_control) StdoutLine: {'line': b'copying web/stream/webrtc/.venv/lib/python3.12/site-packages/pip/_vendor/rich/__pycache__/logging.cpython-312.pyc -> /home/matthieu/ros2_ws/install/web_control/share/web_control/web/stream/webrtc/.venv/lib/python3.12/site-packages/pip/_vendor/rich/__pycache__\n'}
[0.992497] (web_control) StdoutLine: {'line': b'copying web/stream/webrtc/.venv/lib/python3.12/site-packages/pip/_vendor/rich/__pycache__/progress.cpython-312.pyc -> /home/matthieu/ros2_ws/install/web_control/share/web_control/web/stream/webrtc/.venv/lib/python3.12/site-packages/pip/_vendor/rich/__pycache__\n'}
[0.992590] (web_control) StdoutLine: {'line': b'copying web/stream/webrtc/.venv/lib/python3.12/site-packages/pip/_vendor/rich/__pycache__/diagnose.cpython-312.pyc -> /home/matthieu/ros2_ws/install/web_control/share/web_control/web/stream/webrtc/.venv/lib/python3.12/site-packages/pip/_vendor/rich/__pycache__\n'}
[0.992650] (web_control) StdoutLine: {'line': b'copying web/stream/webrtc/.venv/lib/python3.12/site-packages/pip/_vendor/rich/__pycache__/__main__.cpython-312.pyc -> /home/matthieu/ros2_ws/install/web_control/share/web_control/web/stream/webrtc/.venv/lib/python3.12/site-packages/pip/_vendor/rich/__pycache__\n'}
[0.992711] (web_control) StdoutLine: {'line': b'copying web/stream/webrtc/.venv/lib/python3.12/site-packages/pip/_vendor/rich/__pycache__/table.cpython-312.pyc -> /home/matthieu/ros2_ws/install/web_control/share/web_control/web/stream/webrtc/.venv/lib/python3.12/site-packages/pip/_vendor/rich/__pycache__\n'}
[0.992784] (web_control) StdoutLine: {'line': b'copying web/stream/webrtc/.venv/lib/python3.12/site-packages/pip/_vendor/rich/__pycache__/spinner.cpython-312.pyc -> /home/matthieu/ros2_ws/install/web_control/share/web_control/web/stream/webrtc/.venv/lib/python3.12/site-packages/pip/_vendor/rich/__pycache__\n'}
[0.992844] (web_control) StdoutLine: {'line': b'copying web/stream/webrtc/.venv/lib/python3.12/site-packages/pip/_vendor/rich/__pycache__/cells.cpython-312.pyc -> /home/matthieu/ros2_ws/install/web_control/share/web_control/web/stream/webrtc/.venv/lib/python3.12/site-packages/pip/_vendor/rich/__pycache__\n'}
[0.992902] (web_control) StdoutLine: {'line': b'copying web/stream/webrtc/.venv/lib/python3.12/site-packages/pip/_vendor/rich/__pycache__/protocol.cpython-312.pyc -> /home/matthieu/ros2_ws/install/web_control/share/web_control/web/stream/webrtc/.venv/lib/python3.12/site-packages/pip/_vendor/rich/__pycache__\n'}
[0.992966] (web_control) StdoutLine: {'line': b'copying web/stream/webrtc/.venv/lib/python3.12/site-packages/pip/_vendor/rich/__pycache__/syntax.cpython-312.pyc -> /home/matthieu/ros2_ws/install/web_control/share/web_control/web/stream/webrtc/.venv/lib/python3.12/site-packages/pip/_vendor/rich/__pycache__\n'}
[0.993032] (web_control) StdoutLine: {'line': b'copying web/stream/webrtc/.venv/lib/python3.12/site-packages/pip/_vendor/rich/__pycache__/filesize.cpython-312.pyc -> /home/matthieu/ros2_ws/install/web_control/share/web_control/web/stream/webrtc/.venv/lib/python3.12/site-packages/pip/_vendor/rich/__pycache__\n'}
[0.993096] (web_control) StdoutLine: {'line': b'copying web/stream/webrtc/.venv/lib/python3.12/site-packages/pip/_vendor/rich/__pycache__/console.cpython-312.pyc -> /home/matthieu/ros2_ws/install/web_control/share/web_control/web/stream/webrtc/.venv/lib/python3.12/site-packages/pip/_vendor/rich/__pycache__\n'}
[0.993517] (web_control) StdoutLine: {'line': b'copying web/stream/webrtc/.venv/lib/python3.12/site-packages/pip/_vendor/rich/__pycache__/text.cpython-312.pyc -> /home/matthieu/ros2_ws/install/web_control/share/web_control/web/stream/webrtc/.venv/lib/python3.12/site-packages/pip/_vendor/rich/__pycache__\n'}
[0.993582] (web_control) StdoutLine: {'line': b'copying web/stream/webrtc/.venv/lib/python3.12/site-packages/pip/_vendor/rich/__pycache__/tree.cpython-312.pyc -> /home/matthieu/ros2_ws/install/web_control/share/web_control/web/stream/webrtc/.venv/lib/python3.12/site-packages/pip/_vendor/rich/__pycache__\n'}
[0.993645] (web_control) StdoutLine: {'line': b'copying web/stream/webrtc/.venv/lib/python3.12/site-packages/pip/_vendor/rich/__pycache__/styled.cpython-312.pyc -> /home/matthieu/ros2_ws/install/web_control/share/web_control/web/stream/webrtc/.venv/lib/python3.12/site-packages/pip/_vendor/rich/__pycache__\n'}
[0.993707] (web_control) StdoutLine: {'line': b'copying web/stream/webrtc/.venv/lib/python3.12/site-packages/pip/_vendor/rich/__pycache__/live_render.cpython-312.pyc -> /home/matthieu/ros2_ws/install/web_control/share/web_control/web/stream/webrtc/.venv/lib/python3.12/site-packages/pip/_vendor/rich/__pycache__\n'}
[0.993780] (web_control) StdoutLine: {'line': b'copying web/stream/webrtc/.venv/lib/python3.12/site-packages/pip/_vendor/rich/__pycache__/__init__.cpython-312.pyc -> /home/matthieu/ros2_ws/install/web_control/share/web_control/web/stream/webrtc/.venv/lib/python3.12/site-packages/pip/_vendor/rich/__pycache__\n'}
[0.993851] (web_control) StdoutLine: {'line': b'copying web/stream/webrtc/.venv/lib/python3.12/site-packages/pip/_vendor/rich/__pycache__/theme.cpython-312.pyc -> /home/matthieu/ros2_ws/install/web_control/share/web_control/web/stream/webrtc/.venv/lib/python3.12/site-packages/pip/_vendor/rich/__pycache__\n'}
[0.993924] (web_control) StdoutLine: {'line': b'copying web/stream/webrtc/.venv/lib/python3.12/site-packages/pip/_vendor/rich/__pycache__/ansi.cpython-312.pyc -> /home/matthieu/ros2_ws/install/web_control/share/web_control/web/stream/webrtc/.venv/lib/python3.12/site-packages/pip/_vendor/rich/__pycache__\n'}
[0.993981] (web_control) StdoutLine: {'line': b'copying web/stream/webrtc/.venv/lib/python3.12/site-packages/pip/_vendor/rich/__pycache__/file_proxy.cpython-312.pyc -> /home/matthieu/ros2_ws/install/web_control/share/web_control/web/stream/webrtc/.venv/lib/python3.12/site-packages/pip/_vendor/rich/__pycache__\n'}
[0.994052] (web_control) StdoutLine: {'line': b'copying web/stream/webrtc/.venv/lib/python3.12/site-packages/pip/_vendor/rich/__pycache__/_stack.cpython-312.pyc -> /home/matthieu/ros2_ws/install/web_control/share/web_control/web/stream/webrtc/.venv/lib/python3.12/site-packages/pip/_vendor/rich/__pycache__\n'}
[0.994130] (web_control) StdoutLine: {'line': b'copying web/stream/webrtc/.venv/lib/python3.12/site-packages/pip/_vendor/rich/__pycache__/scope.cpython-312.pyc -> /home/matthieu/ros2_ws/install/web_control/share/web_control/web/stream/webrtc/.venv/lib/python3.12/site-packages/pip/_vendor/rich/__pycache__\n'}
[0.994204] (web_control) StdoutLine: {'line': b'copying web/stream/webrtc/.venv/lib/python3.12/site-packages/pip/_vendor/rich/__pycache__/color_triplet.cpython-312.pyc -> /home/matthieu/ros2_ws/install/web_control/share/web_control/web/stream/webrtc/.venv/lib/python3.12/site-packages/pip/_vendor/rich/__pycache__\n'}
[0.994276] (web_control) StdoutLine: {'line': b'copying web/stream/webrtc/.venv/lib/python3.12/site-packages/pip/_vendor/rich/__pycache__/emoji.cpython-312.pyc -> /home/matthieu/ros2_ws/install/web_control/share/web_control/web/stream/webrtc/.venv/lib/python3.12/site-packages/pip/_vendor/rich/__pycache__\n'}
[0.994349] (web_control) StdoutLine: {'line': b'copying web/stream/webrtc/.venv/lib/python3.12/site-packages/pip/_vendor/rich/__pycache__/json.cpython-312.pyc -> /home/matthieu/ros2_ws/install/web_control/share/web_control/web/stream/webrtc/.venv/lib/python3.12/site-packages/pip/_vendor/rich/__pycache__\n'}
[0.994424] (web_control) StdoutLine: {'line': b'copying web/stream/webrtc/.venv/lib/python3.12/site-packages/pip/_vendor/rich/__pycache__/panel.cpython-312.pyc -> /home/matthieu/ros2_ws/install/web_control/share/web_control/web/stream/webrtc/.venv/lib/python3.12/site-packages/pip/_vendor/rich/__pycache__\n'}
[0.994499] (web_control) StdoutLine: {'line': b'copying web/stream/webrtc/.venv/lib/python3.12/site-packages/pip/_vendor/rich/__pycache__/_wrap.cpython-312.pyc -> /home/matthieu/ros2_ws/install/web_control/share/web_control/web/stream/webrtc/.venv/lib/python3.12/site-packages/pip/_vendor/rich/__pycache__\n'}
[0.994559] (web_control) StdoutLine: {'line': b'copying web/stream/webrtc/.venv/lib/python3.12/site-packages/pip/_vendor/rich/__pycache__/_spinners.cpython-312.pyc -> /home/matthieu/ros2_ws/install/web_control/share/web_control/web/stream/webrtc/.venv/lib/python3.12/site-packages/pip/_vendor/rich/__pycache__\n'}
[0.994616] (web_control) StdoutLine: {'line': b'copying web/stream/webrtc/.venv/lib/python3.12/site-packages/pip/_vendor/rich/__pycache__/_windows_renderer.cpython-312.pyc -> /home/matthieu/ros2_ws/install/web_control/share/web_control/web/stream/webrtc/.venv/lib/python3.12/site-packages/pip/_vendor/rich/__pycache__\n'}
[0.994688] (web_control) StdoutLine: {'line': b'copying web/stream/webrtc/.venv/lib/python3.12/site-packages/pip/_vendor/rich/__pycache__/align.cpython-312.pyc -> /home/matthieu/ros2_ws/install/web_control/share/web_control/web/stream/webrtc/.venv/lib/python3.12/site-packages/pip/_vendor/rich/__pycache__\n'}
[0.994771] (web_control) StdoutLine: {'line': b'copying web/stream/webrtc/.venv/lib/python3.12/site-packages/pip/_vendor/rich/__pycache__/pretty.cpython-312.pyc -> /home/matthieu/ros2_ws/install/web_control/share/web_control/web/stream/webrtc/.venv/lib/python3.12/site-packages/pip/_vendor/rich/__pycache__\n'}
[0.994831] (web_control) StdoutLine: {'line': b'copying web/stream/webrtc/.venv/lib/python3.12/site-packages/pip/_vendor/rich/__pycache__/palette.cpython-312.pyc -> /home/matthieu/ros2_ws/install/web_control/share/web_control/web/stream/webrtc/.venv/lib/python3.12/site-packages/pip/_vendor/rich/__pycache__\n'}
[0.994906] (web_control) StdoutLine: {'line': b'copying web/stream/webrtc/.venv/lib/python3.12/site-packages/pip/_vendor/rich/__pycache__/padding.cpython-312.pyc -> /home/matthieu/ros2_ws/install/web_control/share/web_control/web/stream/webrtc/.venv/lib/python3.12/site-packages/pip/_vendor/rich/__pycache__\n'}
[0.994968] (web_control) StdoutLine: {'line': b'creating /home/matthieu/ros2_ws/install/web_control/share/web_control/web/stream/webrtc/.venv/lib/python3.12/site-packages/pip/_vendor/resolvelib\n'}
[0.995027] (web_control) StdoutLine: {'line': b'copying web/stream/webrtc/.venv/lib/python3.12/site-packages/pip/_vendor/resolvelib/resolvers.py -> /home/matthieu/ros2_ws/install/web_control/share/web_control/web/stream/webrtc/.venv/lib/python3.12/site-packages/pip/_vendor/resolvelib\n'}
[0.995104] (web_control) StdoutLine: {'line': b'copying web/stream/webrtc/.venv/lib/python3.12/site-packages/pip/_vendor/resolvelib/reporters.py -> /home/matthieu/ros2_ws/install/web_control/share/web_control/web/stream/webrtc/.venv/lib/python3.12/site-packages/pip/_vendor/resolvelib\n'}
[0.995196] (web_control) StdoutLine: {'line': b'copying web/stream/webrtc/.venv/lib/python3.12/site-packages/pip/_vendor/resolvelib/structs.py -> /home/matthieu/ros2_ws/install/web_control/share/web_control/web/stream/webrtc/.venv/lib/python3.12/site-packages/pip/_vendor/resolvelib\n'}
[0.995254] (web_control) StdoutLine: {'line': b'copying web/stream/webrtc/.venv/lib/python3.12/site-packages/pip/_vendor/resolvelib/providers.py -> /home/matthieu/ros2_ws/install/web_control/share/web_control/web/stream/webrtc/.venv/lib/python3.12/site-packages/pip/_vendor/resolvelib\n'}
[0.995308] (web_control) StdoutLine: {'line': b'copying web/stream/webrtc/.venv/lib/python3.12/site-packages/pip/_vendor/resolvelib/__init__.py -> /home/matthieu/ros2_ws/install/web_control/share/web_control/web/stream/webrtc/.venv/lib/python3.12/site-packages/pip/_vendor/resolvelib\n'}
[0.995364] (web_control) StdoutLine: {'line': b'creating /home/matthieu/ros2_ws/install/web_control/share/web_control/web/stream/webrtc/.venv/lib/python3.12/site-packages/pip/_vendor/resolvelib/__pycache__\n'}
[0.995434] (web_control) StdoutLine: {'line': b'copying web/stream/webrtc/.venv/lib/python3.12/site-packages/pip/_vendor/resolvelib/__pycache__/resolvers.cpython-312.pyc -> /home/matthieu/ros2_ws/install/web_control/share/web_control/web/stream/webrtc/.venv/lib/python3.12/site-packages/pip/_vendor/resolvelib/__pycache__\n'}
[0.995507] (web_control) StdoutLine: {'line': b'copying web/stream/webrtc/.venv/lib/python3.12/site-packages/pip/_vendor/resolvelib/__pycache__/reporters.cpython-312.pyc -> /home/matthieu/ros2_ws/install/web_control/share/web_control/web/stream/webrtc/.venv/lib/python3.12/site-packages/pip/_vendor/resolvelib/__pycache__\n'}
[0.995580] (web_control) StdoutLine: {'line': b'copying web/stream/webrtc/.venv/lib/python3.12/site-packages/pip/_vendor/resolvelib/__pycache__/structs.cpython-312.pyc -> /home/matthieu/ros2_ws/install/web_control/share/web_control/web/stream/webrtc/.venv/lib/python3.12/site-packages/pip/_vendor/resolvelib/__pycache__\n'}
[0.995638] (web_control) StdoutLine: {'line': b'copying web/stream/webrtc/.venv/lib/python3.12/site-packages/pip/_vendor/resolvelib/__pycache__/__init__.cpython-312.pyc -> /home/matthieu/ros2_ws/install/web_control/share/web_control/web/stream/webrtc/.venv/lib/python3.12/site-packages/pip/_vendor/resolvelib/__pycache__\n'}
[0.995695] (web_control) StdoutLine: {'line': b'copying web/stream/webrtc/.venv/lib/python3.12/site-packages/pip/_vendor/resolvelib/__pycache__/providers.cpython-312.pyc -> /home/matthieu/ros2_ws/install/web_control/share/web_control/web/stream/webrtc/.venv/lib/python3.12/site-packages/pip/_vendor/resolvelib/__pycache__\n'}
[0.995750] (web_control) StdoutLine: {'line': b'creating /home/matthieu/ros2_ws/install/web_control/share/web_control/web/stream/webrtc/.venv/lib/python3.12/site-packages/pip/_vendor/resolvelib/compat\n'}
[0.995805] (web_control) StdoutLine: {'line': b'copying web/stream/webrtc/.venv/lib/python3.12/site-packages/pip/_vendor/resolvelib/compat/collections_abc.py -> /home/matthieu/ros2_ws/install/web_control/share/web_control/web/stream/webrtc/.venv/lib/python3.12/site-packages/pip/_vendor/resolvelib/compat\n'}
[0.995860] (web_control) StdoutLine: {'line': b'copying web/stream/webrtc/.venv/lib/python3.12/site-packages/pip/_vendor/resolvelib/compat/__init__.py -> /home/matthieu/ros2_ws/install/web_control/share/web_control/web/stream/webrtc/.venv/lib/python3.12/site-packages/pip/_vendor/resolvelib/compat\n'}
[0.995930] (web_control) StdoutLine: {'line': b'creating /home/matthieu/ros2_ws/install/web_control/share/web_control/web/stream/webrtc/.venv/lib/python3.12/site-packages/pip/_vendor/resolvelib/compat/__pycache__\n'}
[0.996008] (web_control) StdoutLine: {'line': b'copying web/stream/webrtc/.venv/lib/python3.12/site-packages/pip/_vendor/resolvelib/compat/__pycache__/collections_abc.cpython-312.pyc -> /home/matthieu/ros2_ws/install/web_control/share/web_control/web/stream/webrtc/.venv/lib/python3.12/site-packages/pip/_vendor/resolvelib/compat/__pycache__\n'}
[0.996066] (web_control) StdoutLine: {'line': b'copying web/stream/webrtc/.venv/lib/python3.12/site-packages/pip/_vendor/resolvelib/compat/__pycache__/__init__.cpython-312.pyc -> /home/matthieu/ros2_ws/install/web_control/share/web_control/web/stream/webrtc/.venv/lib/python3.12/site-packages/pip/_vendor/resolvelib/compat/__pycache__\n'}
[0.996142] (web_control) StdoutLine: {'line': b'creating /home/matthieu/ros2_ws/install/web_control/share/web_control/web/stream/webrtc/.venv/lib/python3.12/site-packages/pip/_vendor/msgpack\n'}
[0.996201] (web_control) StdoutLine: {'line': b'copying web/stream/webrtc/.venv/lib/python3.12/site-packages/pip/_vendor/msgpack/fallback.py -> /home/matthieu/ros2_ws/install/web_control/share/web_control/web/stream/webrtc/.venv/lib/python3.12/site-packages/pip/_vendor/msgpack\n'}
[0.996262] (web_control) StdoutLine: {'line': b'copying web/stream/webrtc/.venv/lib/python3.12/site-packages/pip/_vendor/msgpack/ext.py -> /home/matthieu/ros2_ws/install/web_control/share/web_control/web/stream/webrtc/.venv/lib/python3.12/site-packages/pip/_vendor/msgpack\n'}
[0.996317] (web_control) StdoutLine: {'line': b'copying web/stream/webrtc/.venv/lib/python3.12/site-packages/pip/_vendor/msgpack/exceptions.py -> /home/matthieu/ros2_ws/install/web_control/share/web_control/web/stream/webrtc/.venv/lib/python3.12/site-packages/pip/_vendor/msgpack\n'}
[0.996386] (web_control) StdoutLine: {'line': b'copying web/stream/webrtc/.venv/lib/python3.12/site-packages/pip/_vendor/msgpack/__init__.py -> /home/matthieu/ros2_ws/install/web_control/share/web_control/web/stream/webrtc/.venv/lib/python3.12/site-packages/pip/_vendor/msgpack\n'}
[0.996478] (web_control) StdoutLine: {'line': b'creating /home/matthieu/ros2_ws/install/web_control/share/web_control/web/stream/webrtc/.venv/lib/python3.12/site-packages/pip/_vendor/msgpack/__pycache__\n'}
[0.996528] (web_control) StdoutLine: {'line': b'copying web/stream/webrtc/.venv/lib/python3.12/site-packages/pip/_vendor/msgpack/__pycache__/ext.cpython-312.pyc -> /home/matthieu/ros2_ws/install/web_control/share/web_control/web/stream/webrtc/.venv/lib/python3.12/site-packages/pip/_vendor/msgpack/__pycache__\n'}
[0.996585] (web_control) StdoutLine: {'line': b'copying web/stream/webrtc/.venv/lib/python3.12/site-packages/pip/_vendor/msgpack/__pycache__/exceptions.cpython-312.pyc -> /home/matthieu/ros2_ws/install/web_control/share/web_control/web/stream/webrtc/.venv/lib/python3.12/site-packages/pip/_vendor/msgpack/__pycache__\n'}
[0.996660] (web_control) StdoutLine: {'line': b'copying web/stream/webrtc/.venv/lib/python3.12/site-packages/pip/_vendor/msgpack/__pycache__/__init__.cpython-312.pyc -> /home/matthieu/ros2_ws/install/web_control/share/web_control/web/stream/webrtc/.venv/lib/python3.12/site-packages/pip/_vendor/msgpack/__pycache__\n'}
[0.996707] (web_control) StdoutLine: {'line': b'copying web/stream/webrtc/.venv/lib/python3.12/site-packages/pip/_vendor/msgpack/__pycache__/fallback.cpython-312.pyc -> /home/matthieu/ros2_ws/install/web_control/share/web_control/web/stream/webrtc/.venv/lib/python3.12/site-packages/pip/_vendor/msgpack/__pycache__\n'}
[0.996749] (web_control) StdoutLine: {'line': b'creating /home/matthieu/ros2_ws/install/web_control/share/web_control/web/stream/webrtc/.venv/lib/python3.12/site-packages/pip/_vendor/pyparsing\n'}
[0.996796] (web_control) StdoutLine: {'line': b'copying web/stream/webrtc/.venv/lib/python3.12/site-packages/pip/_vendor/pyparsing/util.py -> /home/matthieu/ros2_ws/install/web_control/share/web_control/web/stream/webrtc/.venv/lib/python3.12/site-packages/pip/_vendor/pyparsing\n'}
[0.996851] (web_control) StdoutLine: {'line': b'copying web/stream/webrtc/.venv/lib/python3.12/site-packages/pip/_vendor/pyparsing/unicode.py -> /home/matthieu/ros2_ws/install/web_control/share/web_control/web/stream/webrtc/.venv/lib/python3.12/site-packages/pip/_vendor/pyparsing\n'}
[0.996906] (web_control) StdoutLine: {'line': b'copying web/stream/webrtc/.venv/lib/python3.12/site-packages/pip/_vendor/pyparsing/testing.py -> /home/matthieu/ros2_ws/install/web_control/share/web_control/web/stream/webrtc/.venv/lib/python3.12/site-packages/pip/_vendor/pyparsing\n'}
[0.996962] (web_control) StdoutLine: {'line': b'copying web/stream/webrtc/.venv/lib/python3.12/site-packages/pip/_vendor/pyparsing/actions.py -> /home/matthieu/ros2_ws/install/web_control/share/web_control/web/stream/webrtc/.venv/lib/python3.12/site-packages/pip/_vendor/pyparsing\n'}
[0.997018] (web_control) StdoutLine: {'line': b'copying web/stream/webrtc/.venv/lib/python3.12/site-packages/pip/_vendor/pyparsing/core.py -> /home/matthieu/ros2_ws/install/web_control/share/web_control/web/stream/webrtc/.venv/lib/python3.12/site-packages/pip/_vendor/pyparsing\n'}
[0.997105] (web_control) StdoutLine: {'line': b'copying web/stream/webrtc/.venv/lib/python3.12/site-packages/pip/_vendor/pyparsing/results.py -> /home/matthieu/ros2_ws/install/web_control/share/web_control/web/stream/webrtc/.venv/lib/python3.12/site-packages/pip/_vendor/pyparsing\n'}
[0.997179] (web_control) StdoutLine: {'line': b'copying web/stream/webrtc/.venv/lib/python3.12/site-packages/pip/_vendor/pyparsing/common.py -> /home/matthieu/ros2_ws/install/web_control/share/web_control/web/stream/webrtc/.venv/lib/python3.12/site-packages/pip/_vendor/pyparsing\n'}
[0.997241] (web_control) StdoutLine: {'line': b'copying web/stream/webrtc/.venv/lib/python3.12/site-packages/pip/_vendor/pyparsing/helpers.py -> /home/matthieu/ros2_ws/install/web_control/share/web_control/web/stream/webrtc/.venv/lib/python3.12/site-packages/pip/_vendor/pyparsing\n'}
[0.997312] (web_control) StdoutLine: {'line': b'copying web/stream/webrtc/.venv/lib/python3.12/site-packages/pip/_vendor/pyparsing/exceptions.py -> /home/matthieu/ros2_ws/install/web_control/share/web_control/web/stream/webrtc/.venv/lib/python3.12/site-packages/pip/_vendor/pyparsing\n'}
[0.997368] (web_control) StdoutLine: {'line': b'copying web/stream/webrtc/.venv/lib/python3.12/site-packages/pip/_vendor/pyparsing/__init__.py -> /home/matthieu/ros2_ws/install/web_control/share/web_control/web/stream/webrtc/.venv/lib/python3.12/site-packages/pip/_vendor/pyparsing\n'}
[0.997423] (web_control) StdoutLine: {'line': b'creating /home/matthieu/ros2_ws/install/web_control/share/web_control/web/stream/webrtc/.venv/lib/python3.12/site-packages/pip/_vendor/pyparsing/__pycache__\n'}
[0.997478] (web_control) StdoutLine: {'line': b'copying web/stream/webrtc/.venv/lib/python3.12/site-packages/pip/_vendor/pyparsing/__pycache__/common.cpython-312.pyc -> /home/matthieu/ros2_ws/install/web_control/share/web_control/web/stream/webrtc/.venv/lib/python3.12/site-packages/pip/_vendor/pyparsing/__pycache__\n'}
[0.997533] (web_control) StdoutLine: {'line': b'copying web/stream/webrtc/.venv/lib/python3.12/site-packages/pip/_vendor/pyparsing/__pycache__/helpers.cpython-312.pyc -> /home/matthieu/ros2_ws/install/web_control/share/web_control/web/stream/webrtc/.venv/lib/python3.12/site-packages/pip/_vendor/pyparsing/__pycache__\n'}
[0.997603] (web_control) StdoutLine: {'line': b'copying web/stream/webrtc/.venv/lib/python3.12/site-packages/pip/_vendor/pyparsing/__pycache__/unicode.cpython-312.pyc -> /home/matthieu/ros2_ws/install/web_control/share/web_control/web/stream/webrtc/.venv/lib/python3.12/site-packages/pip/_vendor/pyparsing/__pycache__\n'}
[0.997681] (web_control) StdoutLine: {'line': b'copying web/stream/webrtc/.venv/lib/python3.12/site-packages/pip/_vendor/pyparsing/__pycache__/results.cpython-312.pyc -> /home/matthieu/ros2_ws/install/web_control/share/web_control/web/stream/webrtc/.venv/lib/python3.12/site-packages/pip/_vendor/pyparsing/__pycache__\n'}
[0.997740] (web_control) StdoutLine: {'line': b'copying web/stream/webrtc/.venv/lib/python3.12/site-packages/pip/_vendor/pyparsing/__pycache__/core.cpython-312.pyc -> /home/matthieu/ros2_ws/install/web_control/share/web_control/web/stream/webrtc/.venv/lib/python3.12/site-packages/pip/_vendor/pyparsing/__pycache__\n'}
[0.997797] (web_control) StdoutLine: {'line': b'copying web/stream/webrtc/.venv/lib/python3.12/site-packages/pip/_vendor/pyparsing/__pycache__/exceptions.cpython-312.pyc -> /home/matthieu/ros2_ws/install/web_control/share/web_control/web/stream/webrtc/.venv/lib/python3.12/site-packages/pip/_vendor/pyparsing/__pycache__\n'}
[0.997866] (web_control) StdoutLine: {'line': b'copying web/stream/webrtc/.venv/lib/python3.12/site-packages/pip/_vendor/pyparsing/__pycache__/util.cpython-312.pyc -> /home/matthieu/ros2_ws/install/web_control/share/web_control/web/stream/webrtc/.venv/lib/python3.12/site-packages/pip/_vendor/pyparsing/__pycache__\n'}
[0.997952] (web_control) StdoutLine: {'line': b'copying web/stream/webrtc/.venv/lib/python3.12/site-packages/pip/_vendor/pyparsing/__pycache__/__init__.cpython-312.pyc -> /home/matthieu/ros2_ws/install/web_control/share/web_control/web/stream/webrtc/.venv/lib/python3.12/site-packages/pip/_vendor/pyparsing/__pycache__\n'}
[0.998012] (web_control) StdoutLine: {'line': b'copying web/stream/webrtc/.venv/lib/python3.12/site-packages/pip/_vendor/pyparsing/__pycache__/actions.cpython-312.pyc -> /home/matthieu/ros2_ws/install/web_control/share/web_control/web/stream/webrtc/.venv/lib/python3.12/site-packages/pip/_vendor/pyparsing/__pycache__\n'}
[0.998068] (web_control) StdoutLine: {'line': b'copying web/stream/webrtc/.venv/lib/python3.12/site-packages/pip/_vendor/pyparsing/__pycache__/testing.cpython-312.pyc -> /home/matthieu/ros2_ws/install/web_control/share/web_control/web/stream/webrtc/.venv/lib/python3.12/site-packages/pip/_vendor/pyparsing/__pycache__\n'}
[0.998181] (web_control) StdoutLine: {'line': b'creating /home/matthieu/ros2_ws/install/web_control/share/web_control/web/stream/webrtc/.venv/lib/python3.12/site-packages/pip/_vendor/pyparsing/diagram\n'}
[0.998246] (web_control) StdoutLine: {'line': b'copying web/stream/webrtc/.venv/lib/python3.12/site-packages/pip/_vendor/pyparsing/diagram/__init__.py -> /home/matthieu/ros2_ws/install/web_control/share/web_control/web/stream/webrtc/.venv/lib/python3.12/site-packages/pip/_vendor/pyparsing/diagram\n'}
[0.998301] (web_control) StdoutLine: {'line': b'creating /home/matthieu/ros2_ws/install/web_control/share/web_control/web/stream/webrtc/.venv/lib/python3.12/site-packages/pip/_vendor/pyparsing/diagram/__pycache__\n'}
[0.998357] (web_control) StdoutLine: {'line': b'copying web/stream/webrtc/.venv/lib/python3.12/site-packages/pip/_vendor/pyparsing/diagram/__pycache__/__init__.cpython-312.pyc -> /home/matthieu/ros2_ws/install/web_control/share/web_control/web/stream/webrtc/.venv/lib/python3.12/site-packages/pip/_vendor/pyparsing/diagram/__pycache__\n'}
[0.998414] (web_control) StdoutLine: {'line': b'creating /home/matthieu/ros2_ws/install/web_control/share/web_control/web/stream/webrtc/.venv/lib/python3.12/site-packages/pip/_vendor/distro\n'}
[0.998484] (web_control) StdoutLine: {'line': b'copying web/stream/webrtc/.venv/lib/python3.12/site-packages/pip/_vendor/distro/distro.py -> /home/matthieu/ros2_ws/install/web_control/share/web_control/web/stream/webrtc/.venv/lib/python3.12/site-packages/pip/_vendor/distro\n'}
[0.998569] (web_control) StdoutLine: {'line': b'copying web/stream/webrtc/.venv/lib/python3.12/site-packages/pip/_vendor/distro/__main__.py -> /home/matthieu/ros2_ws/install/web_control/share/web_control/web/stream/webrtc/.venv/lib/python3.12/site-packages/pip/_vendor/distro\n'}
[0.998629] (web_control) StdoutLine: {'line': b'copying web/stream/webrtc/.venv/lib/python3.12/site-packages/pip/_vendor/distro/__init__.py -> /home/matthieu/ros2_ws/install/web_control/share/web_control/web/stream/webrtc/.venv/lib/python3.12/site-packages/pip/_vendor/distro\n'}
[0.998685] (web_control) StdoutLine: {'line': b'creating /home/matthieu/ros2_ws/install/web_control/share/web_control/web/stream/webrtc/.venv/lib/python3.12/site-packages/pip/_vendor/distro/__pycache__\n'}
[0.998762] (web_control) StdoutLine: {'line': b'copying web/stream/webrtc/.venv/lib/python3.12/site-packages/pip/_vendor/distro/__pycache__/distro.cpython-312.pyc -> /home/matthieu/ros2_ws/install/web_control/share/web_control/web/stream/webrtc/.venv/lib/python3.12/site-packages/pip/_vendor/distro/__pycache__\n'}
[0.998822] (web_control) StdoutLine: {'line': b'copying web/stream/webrtc/.venv/lib/python3.12/site-packages/pip/_vendor/distro/__pycache__/__main__.cpython-312.pyc -> /home/matthieu/ros2_ws/install/web_control/share/web_control/web/stream/webrtc/.venv/lib/python3.12/site-packages/pip/_vendor/distro/__pycache__\n'}
[0.998877] (web_control) StdoutLine: {'line': b'copying web/stream/webrtc/.venv/lib/python3.12/site-packages/pip/_vendor/distro/__pycache__/__init__.cpython-312.pyc -> /home/matthieu/ros2_ws/install/web_control/share/web_control/web/stream/webrtc/.venv/lib/python3.12/site-packages/pip/_vendor/distro/__pycache__\n'}
[0.998933] (web_control) StdoutLine: {'line': b'creating /home/matthieu/ros2_ws/install/web_control/share/web_control/web/stream/webrtc/.venv/lib/python3.12/site-packages/pip/_vendor/platformdirs\n'}
[0.998988] (web_control) StdoutLine: {'line': b'copying web/stream/webrtc/.venv/lib/python3.12/site-packages/pip/_vendor/platformdirs/macos.py -> /home/matthieu/ros2_ws/install/web_control/share/web_control/web/stream/webrtc/.venv/lib/python3.12/site-packages/pip/_vendor/platformdirs\n'}
[0.999045] (web_control) StdoutLine: {'line': b'copying web/stream/webrtc/.venv/lib/python3.12/site-packages/pip/_vendor/platformdirs/unix.py -> /home/matthieu/ros2_ws/install/web_control/share/web_control/web/stream/webrtc/.venv/lib/python3.12/site-packages/pip/_vendor/platformdirs\n'}
[0.999126] (web_control) StdoutLine: {'line': b'copying web/stream/webrtc/.venv/lib/python3.12/site-packages/pip/_vendor/platformdirs/windows.py -> /home/matthieu/ros2_ws/install/web_control/share/web_control/web/stream/webrtc/.venv/lib/python3.12/site-packages/pip/_vendor/platformdirs\n'}
[0.999192] (web_control) StdoutLine: {'line': b'copying web/stream/webrtc/.venv/lib/python3.12/site-packages/pip/_vendor/platformdirs/__main__.py -> /home/matthieu/ros2_ws/install/web_control/share/web_control/web/stream/webrtc/.venv/lib/python3.12/site-packages/pip/_vendor/platformdirs\n'}
[0.999249] (web_control) StdoutLine: {'line': b'copying web/stream/webrtc/.venv/lib/python3.12/site-packages/pip/_vendor/platformdirs/android.py -> /home/matthieu/ros2_ws/install/web_control/share/web_control/web/stream/webrtc/.venv/lib/python3.12/site-packages/pip/_vendor/platformdirs\n'}
[0.999304] (web_control) StdoutLine: {'line': b'copying web/stream/webrtc/.venv/lib/python3.12/site-packages/pip/_vendor/platformdirs/api.py -> /home/matthieu/ros2_ws/install/web_control/share/web_control/web/stream/webrtc/.venv/lib/python3.12/site-packages/pip/_vendor/platformdirs\n'}
[0.999394] (web_control) StdoutLine: {'line': b'copying web/stream/webrtc/.venv/lib/python3.12/site-packages/pip/_vendor/platformdirs/version.py -> /home/matthieu/ros2_ws/install/web_control/share/web_control/web/stream/webrtc/.venv/lib/python3.12/site-packages/pip/_vendor/platformdirs\n'}
[0.999452] (web_control) StdoutLine: {'line': b'copying web/stream/webrtc/.venv/lib/python3.12/site-packages/pip/_vendor/platformdirs/__init__.py -> /home/matthieu/ros2_ws/install/web_control/share/web_control/web/stream/webrtc/.venv/lib/python3.12/site-packages/pip/_vendor/platformdirs\n'}
[0.999507] (web_control) StdoutLine: {'line': b'creating /home/matthieu/ros2_ws/install/web_control/share/web_control/web/stream/webrtc/.venv/lib/python3.12/site-packages/pip/_vendor/platformdirs/__pycache__\n'}
[0.999562] (web_control) StdoutLine: {'line': b'copying web/stream/webrtc/.venv/lib/python3.12/site-packages/pip/_vendor/platformdirs/__pycache__/api.cpython-312.pyc -> /home/matthieu/ros2_ws/install/web_control/share/web_control/web/stream/webrtc/.venv/lib/python3.12/site-packages/pip/_vendor/platformdirs/__pycache__\n'}
[0.999618] (web_control) StdoutLine: {'line': b'copying web/stream/webrtc/.venv/lib/python3.12/site-packages/pip/_vendor/platformdirs/__pycache__/version.cpython-312.pyc -> /home/matthieu/ros2_ws/install/web_control/share/web_control/web/stream/webrtc/.venv/lib/python3.12/site-packages/pip/_vendor/platformdirs/__pycache__\n'}
[0.999674] (web_control) StdoutLine: {'line': b'copying web/stream/webrtc/.venv/lib/python3.12/site-packages/pip/_vendor/platformdirs/__pycache__/android.cpython-312.pyc -> /home/matthieu/ros2_ws/install/web_control/share/web_control/web/stream/webrtc/.venv/lib/python3.12/site-packages/pip/_vendor/platformdirs/__pycache__\n'}
[0.999730] (web_control) StdoutLine: {'line': b'copying web/stream/webrtc/.venv/lib/python3.12/site-packages/pip/_vendor/platformdirs/__pycache__/__main__.cpython-312.pyc -> /home/matthieu/ros2_ws/install/web_control/share/web_control/web/stream/webrtc/.venv/lib/python3.12/site-packages/pip/_vendor/platformdirs/__pycache__\n'}
[0.999797] (web_control) StdoutLine: {'line': b'copying web/stream/webrtc/.venv/lib/python3.12/site-packages/pip/_vendor/platformdirs/__pycache__/macos.cpython-312.pyc -> /home/matthieu/ros2_ws/install/web_control/share/web_control/web/stream/webrtc/.venv/lib/python3.12/site-packages/pip/_vendor/platformdirs/__pycache__\n'}
[0.999886] (web_control) StdoutLine: {'line': b'copying web/stream/webrtc/.venv/lib/python3.12/site-packages/pip/_vendor/platformdirs/__pycache__/__init__.cpython-312.pyc -> /home/matthieu/ros2_ws/install/web_control/share/web_control/web/stream/webrtc/.venv/lib/python3.12/site-packages/pip/_vendor/platformdirs/__pycache__\n'}
[0.999939] (web_control) StdoutLine: {'line': b'copying web/stream/webrtc/.venv/lib/python3.12/site-packages/pip/_vendor/platformdirs/__pycache__/unix.cpython-312.pyc -> /home/matthieu/ros2_ws/install/web_control/share/web_control/web/stream/webrtc/.venv/lib/python3.12/site-packages/pip/_vendor/platformdirs/__pycache__\n'}
[1.000005] (web_control) StdoutLine: {'line': b'copying web/stream/webrtc/.venv/lib/python3.12/site-packages/pip/_vendor/platformdirs/__pycache__/windows.cpython-312.pyc -> /home/matthieu/ros2_ws/install/web_control/share/web_control/web/stream/webrtc/.venv/lib/python3.12/site-packages/pip/_vendor/platformdirs/__pycache__\n'}
[1.000061] (web_control) StdoutLine: {'line': b'creating /home/matthieu/ros2_ws/install/web_control/share/web_control/web/stream/webrtc/.venv/lib/python3.12/site-packages/pip/_vendor/packaging\n'}
[1.000123] (web_control) StdoutLine: {'line': b'copying web/stream/webrtc/.venv/lib/python3.12/site-packages/pip/_vendor/packaging/_musllinux.py -> /home/matthieu/ros2_ws/install/web_control/share/web_control/web/stream/webrtc/.venv/lib/python3.12/site-packages/pip/_vendor/packaging\n'}
[1.000179] (web_control) StdoutLine: {'line': b'copying web/stream/webrtc/.venv/lib/python3.12/site-packages/pip/_vendor/packaging/requirements.py -> /home/matthieu/ros2_ws/install/web_control/share/web_control/web/stream/webrtc/.venv/lib/python3.12/site-packages/pip/_vendor/packaging\n'}
[1.000234] (web_control) StdoutLine: {'line': b'copying web/stream/webrtc/.venv/lib/python3.12/site-packages/pip/_vendor/packaging/specifiers.py -> /home/matthieu/ros2_ws/install/web_control/share/web_control/web/stream/webrtc/.venv/lib/python3.12/site-packages/pip/_vendor/packaging\n'}
[1.000289] (web_control) StdoutLine: {'line': b'copying web/stream/webrtc/.venv/lib/python3.12/site-packages/pip/_vendor/packaging/__about__.py -> /home/matthieu/ros2_ws/install/web_control/share/web_control/web/stream/webrtc/.venv/lib/python3.12/site-packages/pip/_vendor/packaging\n'}
[1.000345] (web_control) StdoutLine: {'line': b'copying web/stream/webrtc/.venv/lib/python3.12/site-packages/pip/_vendor/packaging/_manylinux.py -> /home/matthieu/ros2_ws/install/web_control/share/web_control/web/stream/webrtc/.venv/lib/python3.12/site-packages/pip/_vendor/packaging\n'}
[1.000427] (web_control) StdoutLine: {'line': b'copying web/stream/webrtc/.venv/lib/python3.12/site-packages/pip/_vendor/packaging/markers.py -> /home/matthieu/ros2_ws/install/web_control/share/web_control/web/stream/webrtc/.venv/lib/python3.12/site-packages/pip/_vendor/packaging\n'}
[1.000483] (web_control) StdoutLine: {'line': b'copying web/stream/webrtc/.venv/lib/python3.12/site-packages/pip/_vendor/packaging/_structures.py -> /home/matthieu/ros2_ws/install/web_control/share/web_control/web/stream/webrtc/.venv/lib/python3.12/site-packages/pip/_vendor/packaging\n'}
[1.000555] (web_control) StdoutLine: {'line': b'copying web/stream/webrtc/.venv/lib/python3.12/site-packages/pip/_vendor/packaging/tags.py -> /home/matthieu/ros2_ws/install/web_control/share/web_control/web/stream/webrtc/.venv/lib/python3.12/site-packages/pip/_vendor/packaging\n'}
[1.000613] (web_control) StdoutLine: {'line': b'copying web/stream/webrtc/.venv/lib/python3.12/site-packages/pip/_vendor/packaging/utils.py -> /home/matthieu/ros2_ws/install/web_control/share/web_control/web/stream/webrtc/.venv/lib/python3.12/site-packages/pip/_vendor/packaging\n'}
[1.000668] (web_control) StdoutLine: {'line': b'copying web/stream/webrtc/.venv/lib/python3.12/site-packages/pip/_vendor/packaging/version.py -> /home/matthieu/ros2_ws/install/web_control/share/web_control/web/stream/webrtc/.venv/lib/python3.12/site-packages/pip/_vendor/packaging\n'}
[1.000723] (web_control) StdoutLine: {'line': b'copying web/stream/webrtc/.venv/lib/python3.12/site-packages/pip/_vendor/packaging/__init__.py -> /home/matthieu/ros2_ws/install/web_control/share/web_control/web/stream/webrtc/.venv/lib/python3.12/site-packages/pip/_vendor/packaging\n'}
[1.000803] (web_control) StdoutLine: {'line': b'creating /home/matthieu/ros2_ws/install/web_control/share/web_control/web/stream/webrtc/.venv/lib/python3.12/site-packages/pip/_vendor/packaging/__pycache__\n'}
[1.000853] (web_control) StdoutLine: {'line': b'copying web/stream/webrtc/.venv/lib/python3.12/site-packages/pip/_vendor/packaging/__pycache__/_manylinux.cpython-312.pyc -> /home/matthieu/ros2_ws/install/web_control/share/web_control/web/stream/webrtc/.venv/lib/python3.12/site-packages/pip/_vendor/packaging/__pycache__\n'}
[1.000917] (web_control) StdoutLine: {'line': b'copying web/stream/webrtc/.venv/lib/python3.12/site-packages/pip/_vendor/packaging/__pycache__/__about__.cpython-312.pyc -> /home/matthieu/ros2_ws/install/web_control/share/web_control/web/stream/webrtc/.venv/lib/python3.12/site-packages/pip/_vendor/packaging/__pycache__\n'}
[1.000974] (web_control) StdoutLine: {'line': b'copying web/stream/webrtc/.venv/lib/python3.12/site-packages/pip/_vendor/packaging/__pycache__/_musllinux.cpython-312.pyc -> /home/matthieu/ros2_ws/install/web_control/share/web_control/web/stream/webrtc/.venv/lib/python3.12/site-packages/pip/_vendor/packaging/__pycache__\n'}
[1.001030] (web_control) StdoutLine: {'line': b'copying web/stream/webrtc/.venv/lib/python3.12/site-packages/pip/_vendor/packaging/__pycache__/version.cpython-312.pyc -> /home/matthieu/ros2_ws/install/web_control/share/web_control/web/stream/webrtc/.venv/lib/python3.12/site-packages/pip/_vendor/packaging/__pycache__\n'}
[1.001088] (web_control) StdoutLine: {'line': b'copying web/stream/webrtc/.venv/lib/python3.12/site-packages/pip/_vendor/packaging/__pycache__/_structures.cpython-312.pyc -> /home/matthieu/ros2_ws/install/web_control/share/web_control/web/stream/webrtc/.venv/lib/python3.12/site-packages/pip/_vendor/packaging/__pycache__\n'}
[1.001171] (web_control) StdoutLine: {'line': b'copying web/stream/webrtc/.venv/lib/python3.12/site-packages/pip/_vendor/packaging/__pycache__/requirements.cpython-312.pyc -> /home/matthieu/ros2_ws/install/web_control/share/web_control/web/stream/webrtc/.venv/lib/python3.12/site-packages/pip/_vendor/packaging/__pycache__\n'}
[1.001227] (web_control) StdoutLine: {'line': b'copying web/stream/webrtc/.venv/lib/python3.12/site-packages/pip/_vendor/packaging/__pycache__/tags.cpython-312.pyc -> /home/matthieu/ros2_ws/install/web_control/share/web_control/web/stream/webrtc/.venv/lib/python3.12/site-packages/pip/_vendor/packaging/__pycache__\n'}
[1.001282] (web_control) StdoutLine: {'line': b'copying web/stream/webrtc/.venv/lib/python3.12/site-packages/pip/_vendor/packaging/__pycache__/__init__.cpython-312.pyc -> /home/matthieu/ros2_ws/install/web_control/share/web_control/web/stream/webrtc/.venv/lib/python3.12/site-packages/pip/_vendor/packaging/__pycache__\n'}
[1.001337] (web_control) StdoutLine: {'line': b'copying web/stream/webrtc/.venv/lib/python3.12/site-packages/pip/_vendor/packaging/__pycache__/specifiers.cpython-312.pyc -> /home/matthieu/ros2_ws/install/web_control/share/web_control/web/stream/webrtc/.venv/lib/python3.12/site-packages/pip/_vendor/packaging/__pycache__\n'}
[1.001418] (web_control) StdoutLine: {'line': b'copying web/stream/webrtc/.venv/lib/python3.12/site-packages/pip/_vendor/packaging/__pycache__/markers.cpython-312.pyc -> /home/matthieu/ros2_ws/install/web_control/share/web_control/web/stream/webrtc/.venv/lib/python3.12/site-packages/pip/_vendor/packaging/__pycache__\n'}
[1.001473] (web_control) StdoutLine: {'line': b'copying web/stream/webrtc/.venv/lib/python3.12/site-packages/pip/_vendor/packaging/__pycache__/utils.cpython-312.pyc -> /home/matthieu/ros2_ws/install/web_control/share/web_control/web/stream/webrtc/.venv/lib/python3.12/site-packages/pip/_vendor/packaging/__pycache__\n'}
[1.001529] (web_control) StdoutLine: {'line': b'creating /home/matthieu/ros2_ws/install/web_control/share/web_control/web/stream/webrtc/.venv/lib/python3.12/site-packages/pip/_vendor/colorama\n'}
[1.001584] (-) TimerEvent: {}
[1.001685] (web_control) StdoutLine: {'line': b'copying web/stream/webrtc/.venv/lib/python3.12/site-packages/pip/_vendor/colorama/ansi.py -> /home/matthieu/ros2_ws/install/web_control/share/web_control/web/stream/webrtc/.venv/lib/python3.12/site-packages/pip/_vendor/colorama\n'}
[1.001750] (web_control) StdoutLine: {'line': b'copying web/stream/webrtc/.venv/lib/python3.12/site-packages/pip/_vendor/colorama/winterm.py -> /home/matthieu/ros2_ws/install/web_control/share/web_control/web/stream/webrtc/.venv/lib/python3.12/site-packages/pip/_vendor/colorama\n'}
[1.001827] (web_control) StdoutLine: {'line': b'copying web/stream/webrtc/.venv/lib/python3.12/site-packages/pip/_vendor/colorama/win32.py -> /home/matthieu/ros2_ws/install/web_control/share/web_control/web/stream/webrtc/.venv/lib/python3.12/site-packages/pip/_vendor/colorama\n'}
[1.001902] (web_control) StdoutLine: {'line': b'copying web/stream/webrtc/.venv/lib/python3.12/site-packages/pip/_vendor/colorama/initialise.py -> /home/matthieu/ros2_ws/install/web_control/share/web_control/web/stream/webrtc/.venv/lib/python3.12/site-packages/pip/_vendor/colorama\n'}
[1.001961] (web_control) StdoutLine: {'line': b'copying web/stream/webrtc/.venv/lib/python3.12/site-packages/pip/_vendor/colorama/ansitowin32.py -> /home/matthieu/ros2_ws/install/web_control/share/web_control/web/stream/webrtc/.venv/lib/python3.12/site-packages/pip/_vendor/colorama\n'}
[1.002018] (web_control) StdoutLine: {'line': b'copying web/stream/webrtc/.venv/lib/python3.12/site-packages/pip/_vendor/colorama/__init__.py -> /home/matthieu/ros2_ws/install/web_control/share/web_control/web/stream/webrtc/.venv/lib/python3.12/site-packages/pip/_vendor/colorama\n'}
[1.002076] (web_control) StdoutLine: {'line': b'creating /home/matthieu/ros2_ws/install/web_control/share/web_control/web/stream/webrtc/.venv/lib/python3.12/site-packages/pip/_vendor/colorama/__pycache__\n'}
[1.002165] (web_control) StdoutLine: {'line': b'copying web/stream/webrtc/.venv/lib/python3.12/site-packages/pip/_vendor/colorama/__pycache__/winterm.cpython-312.pyc -> /home/matthieu/ros2_ws/install/web_control/share/web_control/web/stream/webrtc/.venv/lib/python3.12/site-packages/pip/_vendor/colorama/__pycache__\n'}
[1.002223] (web_control) StdoutLine: {'line': b'copying web/stream/webrtc/.venv/lib/python3.12/site-packages/pip/_vendor/colorama/__pycache__/win32.cpython-312.pyc -> /home/matthieu/ros2_ws/install/web_control/share/web_control/web/stream/webrtc/.venv/lib/python3.12/site-packages/pip/_vendor/colorama/__pycache__\n'}
[1.002281] (web_control) StdoutLine: {'line': b'copying web/stream/webrtc/.venv/lib/python3.12/site-packages/pip/_vendor/colorama/__pycache__/ansitowin32.cpython-312.pyc -> /home/matthieu/ros2_ws/install/web_control/share/web_control/web/stream/webrtc/.venv/lib/python3.12/site-packages/pip/_vendor/colorama/__pycache__\n'}
[1.002340] (web_control) StdoutLine: {'line': b'copying web/stream/webrtc/.venv/lib/python3.12/site-packages/pip/_vendor/colorama/__pycache__/__init__.cpython-312.pyc -> /home/matthieu/ros2_ws/install/web_control/share/web_control/web/stream/webrtc/.venv/lib/python3.12/site-packages/pip/_vendor/colorama/__pycache__\n'}
[1.002398] (web_control) StdoutLine: {'line': b'copying web/stream/webrtc/.venv/lib/python3.12/site-packages/pip/_vendor/colorama/__pycache__/ansi.cpython-312.pyc -> /home/matthieu/ros2_ws/install/web_control/share/web_control/web/stream/webrtc/.venv/lib/python3.12/site-packages/pip/_vendor/colorama/__pycache__\n'}
[1.002454] (web_control) StdoutLine: {'line': b'copying web/stream/webrtc/.venv/lib/python3.12/site-packages/pip/_vendor/colorama/__pycache__/initialise.cpython-312.pyc -> /home/matthieu/ros2_ws/install/web_control/share/web_control/web/stream/webrtc/.venv/lib/python3.12/site-packages/pip/_vendor/colorama/__pycache__\n'}
[1.002511] (web_control) StdoutLine: {'line': b'creating /home/matthieu/ros2_ws/install/web_control/share/web_control/web/stream/webrtc/.venv/lib/python3.12/site-packages/pip/_vendor/colorama/tests\n'}
[1.002600] (web_control) StdoutLine: {'line': b'copying web/stream/webrtc/.venv/lib/python3.12/site-packages/pip/_vendor/colorama/tests/ansi_test.py -> /home/matthieu/ros2_ws/install/web_control/share/web_control/web/stream/webrtc/.venv/lib/python3.12/site-packages/pip/_vendor/colorama/tests\n'}
[1.002660] (web_control) StdoutLine: {'line': b'copying web/stream/webrtc/.venv/lib/python3.12/site-packages/pip/_vendor/colorama/tests/winterm_test.py -> /home/matthieu/ros2_ws/install/web_control/share/web_control/web/stream/webrtc/.venv/lib/python3.12/site-packages/pip/_vendor/colorama/tests\n'}
[1.002739] (web_control) StdoutLine: {'line': b'copying web/stream/webrtc/.venv/lib/python3.12/site-packages/pip/_vendor/colorama/tests/isatty_test.py -> /home/matthieu/ros2_ws/install/web_control/share/web_control/web/stream/webrtc/.venv/lib/python3.12/site-packages/pip/_vendor/colorama/tests\n'}
[1.002799] (web_control) StdoutLine: {'line': b'copying web/stream/webrtc/.venv/lib/python3.12/site-packages/pip/_vendor/colorama/tests/ansitowin32_test.py -> /home/matthieu/ros2_ws/install/web_control/share/web_control/web/stream/webrtc/.venv/lib/python3.12/site-packages/pip/_vendor/colorama/tests\n'}
[1.002856] (web_control) StdoutLine: {'line': b'copying web/stream/webrtc/.venv/lib/python3.12/site-packages/pip/_vendor/colorama/tests/initialise_test.py -> /home/matthieu/ros2_ws/install/web_control/share/web_control/web/stream/webrtc/.venv/lib/python3.12/site-packages/pip/_vendor/colorama/tests\n'}
[1.002912] (web_control) StdoutLine: {'line': b'copying web/stream/webrtc/.venv/lib/python3.12/site-packages/pip/_vendor/colorama/tests/utils.py -> /home/matthieu/ros2_ws/install/web_control/share/web_control/web/stream/webrtc/.venv/lib/python3.12/site-packages/pip/_vendor/colorama/tests\n'}
[1.002991] (web_control) StdoutLine: {'line': b'copying web/stream/webrtc/.venv/lib/python3.12/site-packages/pip/_vendor/colorama/tests/__init__.py -> /home/matthieu/ros2_ws/install/web_control/share/web_control/web/stream/webrtc/.venv/lib/python3.12/site-packages/pip/_vendor/colorama/tests\n'}
[1.003047] (web_control) StdoutLine: {'line': b'creating /home/matthieu/ros2_ws/install/web_control/share/web_control/web/stream/webrtc/.venv/lib/python3.12/site-packages/pip/_vendor/colorama/tests/__pycache__\n'}
[1.003124] (web_control) StdoutLine: {'line': b'copying web/stream/webrtc/.venv/lib/python3.12/site-packages/pip/_vendor/colorama/tests/__pycache__/ansi_test.cpython-312.pyc -> /home/matthieu/ros2_ws/install/web_control/share/web_control/web/stream/webrtc/.venv/lib/python3.12/site-packages/pip/_vendor/colorama/tests/__pycache__\n'}
[1.003183] (web_control) StdoutLine: {'line': b'copying web/stream/webrtc/.venv/lib/python3.12/site-packages/pip/_vendor/colorama/tests/__pycache__/winterm_test.cpython-312.pyc -> /home/matthieu/ros2_ws/install/web_control/share/web_control/web/stream/webrtc/.venv/lib/python3.12/site-packages/pip/_vendor/colorama/tests/__pycache__\n'}
[1.003241] (web_control) StdoutLine: {'line': b'copying web/stream/webrtc/.venv/lib/python3.12/site-packages/pip/_vendor/colorama/tests/__pycache__/ansitowin32_test.cpython-312.pyc -> /home/matthieu/ros2_ws/install/web_control/share/web_control/web/stream/webrtc/.venv/lib/python3.12/site-packages/pip/_vendor/colorama/tests/__pycache__\n'}
[1.003298] (web_control) StdoutLine: {'line': b'copying web/stream/webrtc/.venv/lib/python3.12/site-packages/pip/_vendor/colorama/tests/__pycache__/isatty_test.cpython-312.pyc -> /home/matthieu/ros2_ws/install/web_control/share/web_control/web/stream/webrtc/.venv/lib/python3.12/site-packages/pip/_vendor/colorama/tests/__pycache__\n'}
[1.003355] (web_control) StdoutLine: {'line': b'copying web/stream/webrtc/.venv/lib/python3.12/site-packages/pip/_vendor/colorama/tests/__pycache__/__init__.cpython-312.pyc -> /home/matthieu/ros2_ws/install/web_control/share/web_control/web/stream/webrtc/.venv/lib/python3.12/site-packages/pip/_vendor/colorama/tests/__pycache__\n'}
[1.003412] (web_control) StdoutLine: {'line': b'copying web/stream/webrtc/.venv/lib/python3.12/site-packages/pip/_vendor/colorama/tests/__pycache__/utils.cpython-312.pyc -> /home/matthieu/ros2_ws/install/web_control/share/web_control/web/stream/webrtc/.venv/lib/python3.12/site-packages/pip/_vendor/colorama/tests/__pycache__\n'}
[1.003469] (web_control) StdoutLine: {'line': b'copying web/stream/webrtc/.venv/lib/python3.12/site-packages/pip/_vendor/colorama/tests/__pycache__/initialise_test.cpython-312.pyc -> /home/matthieu/ros2_ws/install/web_control/share/web_control/web/stream/webrtc/.venv/lib/python3.12/site-packages/pip/_vendor/colorama/tests/__pycache__\n'}
[1.003539] (web_control) StdoutLine: {'line': b'creating /home/matthieu/ros2_ws/install/web_control/share/web_control/web/stream/webrtc/.venv/lib/python3.12/site-packages/pip/_vendor/tomli\n'}
[1.003597] (web_control) StdoutLine: {'line': b'copying web/stream/webrtc/.venv/lib/python3.12/site-packages/pip/_vendor/tomli/_parser.py -> /home/matthieu/ros2_ws/install/web_control/share/web_control/web/stream/webrtc/.venv/lib/python3.12/site-packages/pip/_vendor/tomli\n'}
[1.003687] (web_control) StdoutLine: {'line': b'copying web/stream/webrtc/.venv/lib/python3.12/site-packages/pip/_vendor/tomli/_re.py -> /home/matthieu/ros2_ws/install/web_control/share/web_control/web/stream/webrtc/.venv/lib/python3.12/site-packages/pip/_vendor/tomli\n'}
[1.003743] (web_control) StdoutLine: {'line': b'copying web/stream/webrtc/.venv/lib/python3.12/site-packages/pip/_vendor/tomli/_types.py -> /home/matthieu/ros2_ws/install/web_control/share/web_control/web/stream/webrtc/.venv/lib/python3.12/site-packages/pip/_vendor/tomli\n'}
[1.003804] (web_control) StdoutLine: {'line': b'copying web/stream/webrtc/.venv/lib/python3.12/site-packages/pip/_vendor/tomli/__init__.py -> /home/matthieu/ros2_ws/install/web_control/share/web_control/web/stream/webrtc/.venv/lib/python3.12/site-packages/pip/_vendor/tomli\n'}
[1.003867] (web_control) StdoutLine: {'line': b'creating /home/matthieu/ros2_ws/install/web_control/share/web_control/web/stream/webrtc/.venv/lib/python3.12/site-packages/pip/_vendor/tomli/__pycache__\n'}
[1.003942] (web_control) StdoutLine: {'line': b'copying web/stream/webrtc/.venv/lib/python3.12/site-packages/pip/_vendor/tomli/__pycache__/_re.cpython-312.pyc -> /home/matthieu/ros2_ws/install/web_control/share/web_control/web/stream/webrtc/.venv/lib/python3.12/site-packages/pip/_vendor/tomli/__pycache__\n'}
[1.004027] (web_control) StdoutLine: {'line': b'copying web/stream/webrtc/.venv/lib/python3.12/site-packages/pip/_vendor/tomli/__pycache__/_types.cpython-312.pyc -> /home/matthieu/ros2_ws/install/web_control/share/web_control/web/stream/webrtc/.venv/lib/python3.12/site-packages/pip/_vendor/tomli/__pycache__\n'}
[1.004085] (web_control) StdoutLine: {'line': b'copying web/stream/webrtc/.venv/lib/python3.12/site-packages/pip/_vendor/tomli/__pycache__/__init__.cpython-312.pyc -> /home/matthieu/ros2_ws/install/web_control/share/web_control/web/stream/webrtc/.venv/lib/python3.12/site-packages/pip/_vendor/tomli/__pycache__\n'}
[1.004166] (web_control) StdoutLine: {'line': b'copying web/stream/webrtc/.venv/lib/python3.12/site-packages/pip/_vendor/tomli/__pycache__/_parser.cpython-312.pyc -> /home/matthieu/ros2_ws/install/web_control/share/web_control/web/stream/webrtc/.venv/lib/python3.12/site-packages/pip/_vendor/tomli/__pycache__\n'}
[1.004228] (web_control) StdoutLine: {'line': b'creating /home/matthieu/ros2_ws/install/web_control/share/web_control/web/stream/webrtc/.venv/lib/python3.12/site-packages/pip/_vendor/truststore\n'}
[1.004282] (web_control) StdoutLine: {'line': b'copying web/stream/webrtc/.venv/lib/python3.12/site-packages/pip/_vendor/truststore/_api.py -> /home/matthieu/ros2_ws/install/web_control/share/web_control/web/stream/webrtc/.venv/lib/python3.12/site-packages/pip/_vendor/truststore\n'}
[1.004336] (web_control) StdoutLine: {'line': b'copying web/stream/webrtc/.venv/lib/python3.12/site-packages/pip/_vendor/truststore/_ssl_constants.py -> /home/matthieu/ros2_ws/install/web_control/share/web_control/web/stream/webrtc/.venv/lib/python3.12/site-packages/pip/_vendor/truststore\n'}
[1.004389] (web_control) StdoutLine: {'line': b'copying web/stream/webrtc/.venv/lib/python3.12/site-packages/pip/_vendor/truststore/_macos.py -> /home/matthieu/ros2_ws/install/web_control/share/web_control/web/stream/webrtc/.venv/lib/python3.12/site-packages/pip/_vendor/truststore\n'}
[1.004445] (web_control) StdoutLine: {'line': b'copying web/stream/webrtc/.venv/lib/python3.12/site-packages/pip/_vendor/truststore/_windows.py -> /home/matthieu/ros2_ws/install/web_control/share/web_control/web/stream/webrtc/.venv/lib/python3.12/site-packages/pip/_vendor/truststore\n'}
[1.004532] (web_control) StdoutLine: {'line': b'copying web/stream/webrtc/.venv/lib/python3.12/site-packages/pip/_vendor/truststore/_openssl.py -> /home/matthieu/ros2_ws/install/web_control/share/web_control/web/stream/webrtc/.venv/lib/python3.12/site-packages/pip/_vendor/truststore\n'}
[1.004588] (web_control) StdoutLine: {'line': b'copying web/stream/webrtc/.venv/lib/python3.12/site-packages/pip/_vendor/truststore/__init__.py -> /home/matthieu/ros2_ws/install/web_control/share/web_control/web/stream/webrtc/.venv/lib/python3.12/site-packages/pip/_vendor/truststore\n'}
[1.004643] (web_control) StdoutLine: {'line': b'creating /home/matthieu/ros2_ws/install/web_control/share/web_control/web/stream/webrtc/.venv/lib/python3.12/site-packages/pip/_vendor/truststore/__pycache__\n'}
[1.004698] (web_control) StdoutLine: {'line': b'copying web/stream/webrtc/.venv/lib/python3.12/site-packages/pip/_vendor/truststore/__pycache__/_macos.cpython-312.pyc -> /home/matthieu/ros2_ws/install/web_control/share/web_control/web/stream/webrtc/.venv/lib/python3.12/site-packages/pip/_vendor/truststore/__pycache__\n'}
[1.004754] (web_control) StdoutLine: {'line': b'copying web/stream/webrtc/.venv/lib/python3.12/site-packages/pip/_vendor/truststore/__pycache__/_api.cpython-312.pyc -> /home/matthieu/ros2_ws/install/web_control/share/web_control/web/stream/webrtc/.venv/lib/python3.12/site-packages/pip/_vendor/truststore/__pycache__\n'}
[1.004836] (web_control) StdoutLine: {'line': b'copying web/stream/webrtc/.venv/lib/python3.12/site-packages/pip/_vendor/truststore/__pycache__/_windows.cpython-312.pyc -> /home/matthieu/ros2_ws/install/web_control/share/web_control/web/stream/webrtc/.venv/lib/python3.12/site-packages/pip/_vendor/truststore/__pycache__\n'}
[1.004893] (web_control) StdoutLine: {'line': b'copying web/stream/webrtc/.venv/lib/python3.12/site-packages/pip/_vendor/truststore/__pycache__/_ssl_constants.cpython-312.pyc -> /home/matthieu/ros2_ws/install/web_control/share/web_control/web/stream/webrtc/.venv/lib/python3.12/site-packages/pip/_vendor/truststore/__pycache__\n'}
[1.004949] (web_control) StdoutLine: {'line': b'copying web/stream/webrtc/.venv/lib/python3.12/site-packages/pip/_vendor/truststore/__pycache__/__init__.cpython-312.pyc -> /home/matthieu/ros2_ws/install/web_control/share/web_control/web/stream/webrtc/.venv/lib/python3.12/site-packages/pip/_vendor/truststore/__pycache__\n'}
[1.005026] (web_control) StdoutLine: {'line': b'copying web/stream/webrtc/.venv/lib/python3.12/site-packages/pip/_vendor/truststore/__pycache__/_openssl.cpython-312.pyc -> /home/matthieu/ros2_ws/install/web_control/share/web_control/web/stream/webrtc/.venv/lib/python3.12/site-packages/pip/_vendor/truststore/__pycache__\n'}
[1.005084] (web_control) StdoutLine: {'line': b'creating /home/matthieu/ros2_ws/install/web_control/share/web_control/web/stream/webrtc/.venv/lib/python3.12/site-packages/pip/_vendor/urllib3\n'}
[1.005152] (web_control) StdoutLine: {'line': b'copying web/stream/webrtc/.venv/lib/python3.12/site-packages/pip/_vendor/urllib3/request.py -> /home/matthieu/ros2_ws/install/web_control/share/web_control/web/stream/webrtc/.venv/lib/python3.12/site-packages/pip/_vendor/urllib3\n'}
[1.005213] (web_control) StdoutLine: {'line': b'copying web/stream/webrtc/.venv/lib/python3.12/site-packages/pip/_vendor/urllib3/response.py -> /home/matthieu/ros2_ws/install/web_control/share/web_control/web/stream/webrtc/.venv/lib/python3.12/site-packages/pip/_vendor/urllib3\n'}
[1.005270] (web_control) StdoutLine: {'line': b'copying web/stream/webrtc/.venv/lib/python3.12/site-packages/pip/_vendor/urllib3/poolmanager.py -> /home/matthieu/ros2_ws/install/web_control/share/web_control/web/stream/webrtc/.venv/lib/python3.12/site-packages/pip/_vendor/urllib3\n'}
[1.005324] (web_control) StdoutLine: {'line': b'copying web/stream/webrtc/.venv/lib/python3.12/site-packages/pip/_vendor/urllib3/_version.py -> /home/matthieu/ros2_ws/install/web_control/share/web_control/web/stream/webrtc/.venv/lib/python3.12/site-packages/pip/_vendor/urllib3\n'}
[1.005404] (web_control) StdoutLine: {'line': b'copying web/stream/webrtc/.venv/lib/python3.12/site-packages/pip/_vendor/urllib3/connection.py -> /home/matthieu/ros2_ws/install/web_control/share/web_control/web/stream/webrtc/.venv/lib/python3.12/site-packages/pip/_vendor/urllib3\n'}
[1.005459] (web_control) StdoutLine: {'line': b'copying web/stream/webrtc/.venv/lib/python3.12/site-packages/pip/_vendor/urllib3/filepost.py -> /home/matthieu/ros2_ws/install/web_control/share/web_control/web/stream/webrtc/.venv/lib/python3.12/site-packages/pip/_vendor/urllib3\n'}
[1.005512] (web_control) StdoutLine: {'line': b'copying web/stream/webrtc/.venv/lib/python3.12/site-packages/pip/_vendor/urllib3/fields.py -> /home/matthieu/ros2_ws/install/web_control/share/web_control/web/stream/webrtc/.venv/lib/python3.12/site-packages/pip/_vendor/urllib3\n'}
[1.005567] (web_control) StdoutLine: {'line': b'copying web/stream/webrtc/.venv/lib/python3.12/site-packages/pip/_vendor/urllib3/exceptions.py -> /home/matthieu/ros2_ws/install/web_control/share/web_control/web/stream/webrtc/.venv/lib/python3.12/site-packages/pip/_vendor/urllib3\n'}
[1.005634] (web_control) StdoutLine: {'line': b'copying web/stream/webrtc/.venv/lib/python3.12/site-packages/pip/_vendor/urllib3/_collections.py -> /home/matthieu/ros2_ws/install/web_control/share/web_control/web/stream/webrtc/.venv/lib/python3.12/site-packages/pip/_vendor/urllib3\n'}
[1.005689] (web_control) StdoutLine: {'line': b'copying web/stream/webrtc/.venv/lib/python3.12/site-packages/pip/_vendor/urllib3/connectionpool.py -> /home/matthieu/ros2_ws/install/web_control/share/web_control/web/stream/webrtc/.venv/lib/python3.12/site-packages/pip/_vendor/urllib3\n'}
[1.005749] (web_control) StdoutLine: {'line': b'copying web/stream/webrtc/.venv/lib/python3.12/site-packages/pip/_vendor/urllib3/__init__.py -> /home/matthieu/ros2_ws/install/web_control/share/web_control/web/stream/webrtc/.venv/lib/python3.12/site-packages/pip/_vendor/urllib3\n'}
[1.005810] (web_control) StdoutLine: {'line': b'creating /home/matthieu/ros2_ws/install/web_control/share/web_control/web/stream/webrtc/.venv/lib/python3.12/site-packages/pip/_vendor/urllib3/util\n'}
[1.005904] (web_control) StdoutLine: {'line': b'copying web/stream/webrtc/.venv/lib/python3.12/site-packages/pip/_vendor/urllib3/util/request.py -> /home/matthieu/ros2_ws/install/web_control/share/web_control/web/stream/webrtc/.venv/lib/python3.12/site-packages/pip/_vendor/urllib3/util\n'}
[1.005951] (web_control) StdoutLine: {'line': b'copying web/stream/webrtc/.venv/lib/python3.12/site-packages/pip/_vendor/urllib3/util/ssl_.py -> /home/matthieu/ros2_ws/install/web_control/share/web_control/web/stream/webrtc/.venv/lib/python3.12/site-packages/pip/_vendor/urllib3/util\n'}
[1.006006] (web_control) StdoutLine: {'line': b'copying web/stream/webrtc/.venv/lib/python3.12/site-packages/pip/_vendor/urllib3/util/response.py -> /home/matthieu/ros2_ws/install/web_control/share/web_control/web/stream/webrtc/.venv/lib/python3.12/site-packages/pip/_vendor/urllib3/util\n'}
[1.006061] (web_control) StdoutLine: {'line': b'copying web/stream/webrtc/.venv/lib/python3.12/site-packages/pip/_vendor/urllib3/util/ssltransport.py -> /home/matthieu/ros2_ws/install/web_control/share/web_control/web/stream/webrtc/.venv/lib/python3.12/site-packages/pip/_vendor/urllib3/util\n'}
[1.006146] (web_control) StdoutLine: {'line': b'copying web/stream/webrtc/.venv/lib/python3.12/site-packages/pip/_vendor/urllib3/util/timeout.py -> /home/matthieu/ros2_ws/install/web_control/share/web_control/web/stream/webrtc/.venv/lib/python3.12/site-packages/pip/_vendor/urllib3/util\n'}
[1.006199] (web_control) StdoutLine: {'line': b'copying web/stream/webrtc/.venv/lib/python3.12/site-packages/pip/_vendor/urllib3/util/wait.py -> /home/matthieu/ros2_ws/install/web_control/share/web_control/web/stream/webrtc/.venv/lib/python3.12/site-packages/pip/_vendor/urllib3/util\n'}
[1.006255] (web_control) StdoutLine: {'line': b'copying web/stream/webrtc/.venv/lib/python3.12/site-packages/pip/_vendor/urllib3/util/connection.py -> /home/matthieu/ros2_ws/install/web_control/share/web_control/web/stream/webrtc/.venv/lib/python3.12/site-packages/pip/_vendor/urllib3/util\n'}
[1.006327] (web_control) StdoutLine: {'line': b'copying web/stream/webrtc/.venv/lib/python3.12/site-packages/pip/_vendor/urllib3/util/queue.py -> /home/matthieu/ros2_ws/install/web_control/share/web_control/web/stream/webrtc/.venv/lib/python3.12/site-packages/pip/_vendor/urllib3/util\n'}
[1.006384] (web_control) StdoutLine: {'line': b'copying web/stream/webrtc/.venv/lib/python3.12/site-packages/pip/_vendor/urllib3/util/ssl_match_hostname.py -> /home/matthieu/ros2_ws/install/web_control/share/web_control/web/stream/webrtc/.venv/lib/python3.12/site-packages/pip/_vendor/urllib3/util\n'}
[1.006438] (web_control) StdoutLine: {'line': b'copying web/stream/webrtc/.venv/lib/python3.12/site-packages/pip/_vendor/urllib3/util/proxy.py -> /home/matthieu/ros2_ws/install/web_control/share/web_control/web/stream/webrtc/.venv/lib/python3.12/site-packages/pip/_vendor/urllib3/util\n'}
[1.006495] (web_control) StdoutLine: {'line': b'copying web/stream/webrtc/.venv/lib/python3.12/site-packages/pip/_vendor/urllib3/util/retry.py -> /home/matthieu/ros2_ws/install/web_control/share/web_control/web/stream/webrtc/.venv/lib/python3.12/site-packages/pip/_vendor/urllib3/util\n'}
[1.006551] (web_control) StdoutLine: {'line': b'copying web/stream/webrtc/.venv/lib/python3.12/site-packages/pip/_vendor/urllib3/util/url.py -> /home/matthieu/ros2_ws/install/web_control/share/web_control/web/stream/webrtc/.venv/lib/python3.12/site-packages/pip/_vendor/urllib3/util\n'}
[1.006606] (web_control) StdoutLine: {'line': b'copying web/stream/webrtc/.venv/lib/python3.12/site-packages/pip/_vendor/urllib3/util/__init__.py -> /home/matthieu/ros2_ws/install/web_control/share/web_control/web/stream/webrtc/.venv/lib/python3.12/site-packages/pip/_vendor/urllib3/util\n'}
[1.006660] (web_control) StdoutLine: {'line': b'creating /home/matthieu/ros2_ws/install/web_control/share/web_control/web/stream/webrtc/.venv/lib/python3.12/site-packages/pip/_vendor/urllib3/util/__pycache__\n'}
[1.006715] (web_control) StdoutLine: {'line': b'copying web/stream/webrtc/.venv/lib/python3.12/site-packages/pip/_vendor/urllib3/util/__pycache__/timeout.cpython-312.pyc -> /home/matthieu/ros2_ws/install/web_control/share/web_control/web/stream/webrtc/.venv/lib/python3.12/site-packages/pip/_vendor/urllib3/util/__pycache__\n'}
[1.006770] (web_control) StdoutLine: {'line': b'copying web/stream/webrtc/.venv/lib/python3.12/site-packages/pip/_vendor/urllib3/util/__pycache__/response.cpython-312.pyc -> /home/matthieu/ros2_ws/install/web_control/share/web_control/web/stream/webrtc/.venv/lib/python3.12/site-packages/pip/_vendor/urllib3/util/__pycache__\n'}
[1.006827] (web_control) StdoutLine: {'line': b'copying web/stream/webrtc/.venv/lib/python3.12/site-packages/pip/_vendor/urllib3/util/__pycache__/ssl_.cpython-312.pyc -> /home/matthieu/ros2_ws/install/web_control/share/web_control/web/stream/webrtc/.venv/lib/python3.12/site-packages/pip/_vendor/urllib3/util/__pycache__\n'}
[1.006984] (web_control) StdoutLine: {'line': b'copying web/stream/webrtc/.venv/lib/python3.12/site-packages/pip/_vendor/urllib3/util/__pycache__/request.cpython-312.pyc -> /home/matthieu/ros2_ws/install/web_control/share/web_control/web/stream/webrtc/.venv/lib/python3.12/site-packages/pip/_vendor/urllib3/util/__pycache__\n'}
[1.007047] (web_control) StdoutLine: {'line': b'copying web/stream/webrtc/.venv/lib/python3.12/site-packages/pip/_vendor/urllib3/util/__pycache__/url.cpython-312.pyc -> /home/matthieu/ros2_ws/install/web_control/share/web_control/web/stream/webrtc/.venv/lib/python3.12/site-packages/pip/_vendor/urllib3/util/__pycache__\n'}
[1.007149] (web_control) StdoutLine: {'line': b'copying web/stream/webrtc/.venv/lib/python3.12/site-packages/pip/_vendor/urllib3/util/__pycache__/connection.cpython-312.pyc -> /home/matthieu/ros2_ws/install/web_control/share/web_control/web/stream/webrtc/.venv/lib/python3.12/site-packages/pip/_vendor/urllib3/util/__pycache__\n'}
[1.007233] (web_control) StdoutLine: {'line': b'copying web/stream/webrtc/.venv/lib/python3.12/site-packages/pip/_vendor/urllib3/util/__pycache__/proxy.cpython-312.pyc -> /home/matthieu/ros2_ws/install/web_control/share/web_control/web/stream/webrtc/.venv/lib/python3.12/site-packages/pip/_vendor/urllib3/util/__pycache__\n'}
[1.007280] (web_control) StdoutLine: {'line': b'copying web/stream/webrtc/.venv/lib/python3.12/site-packages/pip/_vendor/urllib3/util/__pycache__/ssltransport.cpython-312.pyc -> /home/matthieu/ros2_ws/install/web_control/share/web_control/web/stream/webrtc/.venv/lib/python3.12/site-packages/pip/_vendor/urllib3/util/__pycache__\n'}
[1.007328] (web_control) StdoutLine: {'line': b'copying web/stream/webrtc/.venv/lib/python3.12/site-packages/pip/_vendor/urllib3/util/__pycache__/ssl_match_hostname.cpython-312.pyc -> /home/matthieu/ros2_ws/install/web_control/share/web_control/web/stream/webrtc/.venv/lib/python3.12/site-packages/pip/_vendor/urllib3/util/__pycache__\n'}
[1.007373] (web_control) StdoutLine: {'line': b'copying web/stream/webrtc/.venv/lib/python3.12/site-packages/pip/_vendor/urllib3/util/__pycache__/queue.cpython-312.pyc -> /home/matthieu/ros2_ws/install/web_control/share/web_control/web/stream/webrtc/.venv/lib/python3.12/site-packages/pip/_vendor/urllib3/util/__pycache__\n'}
[1.007451] (web_control) StdoutLine: {'line': b'copying web/stream/webrtc/.venv/lib/python3.12/site-packages/pip/_vendor/urllib3/util/__pycache__/wait.cpython-312.pyc -> /home/matthieu/ros2_ws/install/web_control/share/web_control/web/stream/webrtc/.venv/lib/python3.12/site-packages/pip/_vendor/urllib3/util/__pycache__\n'}
[1.007506] (web_control) StdoutLine: {'line': b'copying web/stream/webrtc/.venv/lib/python3.12/site-packages/pip/_vendor/urllib3/util/__pycache__/retry.cpython-312.pyc -> /home/matthieu/ros2_ws/install/web_control/share/web_control/web/stream/webrtc/.venv/lib/python3.12/site-packages/pip/_vendor/urllib3/util/__pycache__\n'}
[1.007555] (web_control) StdoutLine: {'line': b'copying web/stream/webrtc/.venv/lib/python3.12/site-packages/pip/_vendor/urllib3/util/__pycache__/__init__.cpython-312.pyc -> /home/matthieu/ros2_ws/install/web_control/share/web_control/web/stream/webrtc/.venv/lib/python3.12/site-packages/pip/_vendor/urllib3/util/__pycache__\n'}
[1.007601] (web_control) StdoutLine: {'line': b'creating /home/matthieu/ros2_ws/install/web_control/share/web_control/web/stream/webrtc/.venv/lib/python3.12/site-packages/pip/_vendor/urllib3/__pycache__\n'}
[1.007649] (web_control) StdoutLine: {'line': b'copying web/stream/webrtc/.venv/lib/python3.12/site-packages/pip/_vendor/urllib3/__pycache__/response.cpython-312.pyc -> /home/matthieu/ros2_ws/install/web_control/share/web_control/web/stream/webrtc/.venv/lib/python3.12/site-packages/pip/_vendor/urllib3/__pycache__\n'}
[1.007695] (web_control) StdoutLine: {'line': b'copying web/stream/webrtc/.venv/lib/python3.12/site-packages/pip/_vendor/urllib3/__pycache__/_collections.cpython-312.pyc -> /home/matthieu/ros2_ws/install/web_control/share/web_control/web/stream/webrtc/.venv/lib/python3.12/site-packages/pip/_vendor/urllib3/__pycache__\n'}
[1.007743] (web_control) StdoutLine: {'line': b'copying web/stream/webrtc/.venv/lib/python3.12/site-packages/pip/_vendor/urllib3/__pycache__/request.cpython-312.pyc -> /home/matthieu/ros2_ws/install/web_control/share/web_control/web/stream/webrtc/.venv/lib/python3.12/site-packages/pip/_vendor/urllib3/__pycache__\n'}
[1.007788] (web_control) StdoutLine: {'line': b'copying web/stream/webrtc/.venv/lib/python3.12/site-packages/pip/_vendor/urllib3/__pycache__/connection.cpython-312.pyc -> /home/matthieu/ros2_ws/install/web_control/share/web_control/web/stream/webrtc/.venv/lib/python3.12/site-packages/pip/_vendor/urllib3/__pycache__\n'}
[1.007836] (web_control) StdoutLine: {'line': b'copying web/stream/webrtc/.venv/lib/python3.12/site-packages/pip/_vendor/urllib3/__pycache__/_version.cpython-312.pyc -> /home/matthieu/ros2_ws/install/web_control/share/web_control/web/stream/webrtc/.venv/lib/python3.12/site-packages/pip/_vendor/urllib3/__pycache__\n'}
[1.007925] (web_control) StdoutLine: {'line': b'copying web/stream/webrtc/.venv/lib/python3.12/site-packages/pip/_vendor/urllib3/__pycache__/connectionpool.cpython-312.pyc -> /home/matthieu/ros2_ws/install/web_control/share/web_control/web/stream/webrtc/.venv/lib/python3.12/site-packages/pip/_vendor/urllib3/__pycache__\n'}
[1.007972] (web_control) StdoutLine: {'line': b'copying web/stream/webrtc/.venv/lib/python3.12/site-packages/pip/_vendor/urllib3/__pycache__/poolmanager.cpython-312.pyc -> /home/matthieu/ros2_ws/install/web_control/share/web_control/web/stream/webrtc/.venv/lib/python3.12/site-packages/pip/_vendor/urllib3/__pycache__\n'}
[1.008036] (web_control) StdoutLine: {'line': b'copying web/stream/webrtc/.venv/lib/python3.12/site-packages/pip/_vendor/urllib3/__pycache__/exceptions.cpython-312.pyc -> /home/matthieu/ros2_ws/install/web_control/share/web_control/web/stream/webrtc/.venv/lib/python3.12/site-packages/pip/_vendor/urllib3/__pycache__\n'}
[1.008084] (web_control) StdoutLine: {'line': b'copying web/stream/webrtc/.venv/lib/python3.12/site-packages/pip/_vendor/urllib3/__pycache__/filepost.cpython-312.pyc -> /home/matthieu/ros2_ws/install/web_control/share/web_control/web/stream/webrtc/.venv/lib/python3.12/site-packages/pip/_vendor/urllib3/__pycache__\n'}
[1.008136] (web_control) StdoutLine: {'line': b'copying web/stream/webrtc/.venv/lib/python3.12/site-packages/pip/_vendor/urllib3/__pycache__/__init__.cpython-312.pyc -> /home/matthieu/ros2_ws/install/web_control/share/web_control/web/stream/webrtc/.venv/lib/python3.12/site-packages/pip/_vendor/urllib3/__pycache__\n'}
[1.008181] (web_control) StdoutLine: {'line': b'copying web/stream/webrtc/.venv/lib/python3.12/site-packages/pip/_vendor/urllib3/__pycache__/fields.cpython-312.pyc -> /home/matthieu/ros2_ws/install/web_control/share/web_control/web/stream/webrtc/.venv/lib/python3.12/site-packages/pip/_vendor/urllib3/__pycache__\n'}
[1.008229] (web_control) StdoutLine: {'line': b'creating /home/matthieu/ros2_ws/install/web_control/share/web_control/web/stream/webrtc/.venv/lib/python3.12/site-packages/pip/_vendor/urllib3/contrib\n'}
[1.008274] (web_control) StdoutLine: {'line': b'copying web/stream/webrtc/.venv/lib/python3.12/site-packages/pip/_vendor/urllib3/contrib/pyopenssl.py -> /home/matthieu/ros2_ws/install/web_control/share/web_control/web/stream/webrtc/.venv/lib/python3.12/site-packages/pip/_vendor/urllib3/contrib\n'}
[1.008319] (web_control) StdoutLine: {'line': b'copying web/stream/webrtc/.venv/lib/python3.12/site-packages/pip/_vendor/urllib3/contrib/_appengine_environ.py -> /home/matthieu/ros2_ws/install/web_control/share/web_control/web/stream/webrtc/.venv/lib/python3.12/site-packages/pip/_vendor/urllib3/contrib\n'}
[1.008362] (web_control) StdoutLine: {'line': b'copying web/stream/webrtc/.venv/lib/python3.12/site-packages/pip/_vendor/urllib3/contrib/appengine.py -> /home/matthieu/ros2_ws/install/web_control/share/web_control/web/stream/webrtc/.venv/lib/python3.12/site-packages/pip/_vendor/urllib3/contrib\n'}
[1.008407] (web_control) StdoutLine: {'line': b'copying web/stream/webrtc/.venv/lib/python3.12/site-packages/pip/_vendor/urllib3/contrib/socks.py -> /home/matthieu/ros2_ws/install/web_control/share/web_control/web/stream/webrtc/.venv/lib/python3.12/site-packages/pip/_vendor/urllib3/contrib\n'}
[1.008452] (web_control) StdoutLine: {'line': b'copying web/stream/webrtc/.venv/lib/python3.12/site-packages/pip/_vendor/urllib3/contrib/securetransport.py -> /home/matthieu/ros2_ws/install/web_control/share/web_control/web/stream/webrtc/.venv/lib/python3.12/site-packages/pip/_vendor/urllib3/contrib\n'}
[1.008498] (web_control) StdoutLine: {'line': b'copying web/stream/webrtc/.venv/lib/python3.12/site-packages/pip/_vendor/urllib3/contrib/ntlmpool.py -> /home/matthieu/ros2_ws/install/web_control/share/web_control/web/stream/webrtc/.venv/lib/python3.12/site-packages/pip/_vendor/urllib3/contrib\n'}
[1.008543] (web_control) StdoutLine: {'line': b'copying web/stream/webrtc/.venv/lib/python3.12/site-packages/pip/_vendor/urllib3/contrib/__init__.py -> /home/matthieu/ros2_ws/install/web_control/share/web_control/web/stream/webrtc/.venv/lib/python3.12/site-packages/pip/_vendor/urllib3/contrib\n'}
[1.008603] (web_control) StdoutLine: {'line': b'creating /home/matthieu/ros2_ws/install/web_control/share/web_control/web/stream/webrtc/.venv/lib/python3.12/site-packages/pip/_vendor/urllib3/contrib/__pycache__\n'}
[1.008648] (web_control) StdoutLine: {'line': b'copying web/stream/webrtc/.venv/lib/python3.12/site-packages/pip/_vendor/urllib3/contrib/__pycache__/ntlmpool.cpython-312.pyc -> /home/matthieu/ros2_ws/install/web_control/share/web_control/web/stream/webrtc/.venv/lib/python3.12/site-packages/pip/_vendor/urllib3/contrib/__pycache__\n'}
[1.008735] (web_control) StdoutLine: {'line': b'copying web/stream/webrtc/.venv/lib/python3.12/site-packages/pip/_vendor/urllib3/contrib/__pycache__/socks.cpython-312.pyc -> /home/matthieu/ros2_ws/install/web_control/share/web_control/web/stream/webrtc/.venv/lib/python3.12/site-packages/pip/_vendor/urllib3/contrib/__pycache__\n'}
[1.008781] (web_control) StdoutLine: {'line': b'copying web/stream/webrtc/.venv/lib/python3.12/site-packages/pip/_vendor/urllib3/contrib/__pycache__/securetransport.cpython-312.pyc -> /home/matthieu/ros2_ws/install/web_control/share/web_control/web/stream/webrtc/.venv/lib/python3.12/site-packages/pip/_vendor/urllib3/contrib/__pycache__\n'}
[1.008847] (web_control) StdoutLine: {'line': b'copying web/stream/webrtc/.venv/lib/python3.12/site-packages/pip/_vendor/urllib3/contrib/__pycache__/_appengine_environ.cpython-312.pyc -> /home/matthieu/ros2_ws/install/web_control/share/web_control/web/stream/webrtc/.venv/lib/python3.12/site-packages/pip/_vendor/urllib3/contrib/__pycache__\n'}
[1.008893] (web_control) StdoutLine: {'line': b'copying web/stream/webrtc/.venv/lib/python3.12/site-packages/pip/_vendor/urllib3/contrib/__pycache__/pyopenssl.cpython-312.pyc -> /home/matthieu/ros2_ws/install/web_control/share/web_control/web/stream/webrtc/.venv/lib/python3.12/site-packages/pip/_vendor/urllib3/contrib/__pycache__\n'}
[1.008939] (web_control) StdoutLine: {'line': b'copying web/stream/webrtc/.venv/lib/python3.12/site-packages/pip/_vendor/urllib3/contrib/__pycache__/appengine.cpython-312.pyc -> /home/matthieu/ros2_ws/install/web_control/share/web_control/web/stream/webrtc/.venv/lib/python3.12/site-packages/pip/_vendor/urllib3/contrib/__pycache__\n'}
[1.008985] (web_control) StdoutLine: {'line': b'copying web/stream/webrtc/.venv/lib/python3.12/site-packages/pip/_vendor/urllib3/contrib/__pycache__/__init__.cpython-312.pyc -> /home/matthieu/ros2_ws/install/web_control/share/web_control/web/stream/webrtc/.venv/lib/python3.12/site-packages/pip/_vendor/urllib3/contrib/__pycache__\n'}
[1.009030] (web_control) StdoutLine: {'line': b'creating /home/matthieu/ros2_ws/install/web_control/share/web_control/web/stream/webrtc/.venv/lib/python3.12/site-packages/pip/_vendor/urllib3/contrib/_securetransport\n'}
[1.009076] (web_control) StdoutLine: {'line': b'copying web/stream/webrtc/.venv/lib/python3.12/site-packages/pip/_vendor/urllib3/contrib/_securetransport/bindings.py -> /home/matthieu/ros2_ws/install/web_control/share/web_control/web/stream/webrtc/.venv/lib/python3.12/site-packages/pip/_vendor/urllib3/contrib/_securetransport\n'}
[1.009137] (web_control) StdoutLine: {'line': b'copying web/stream/webrtc/.venv/lib/python3.12/site-packages/pip/_vendor/urllib3/contrib/_securetransport/low_level.py -> /home/matthieu/ros2_ws/install/web_control/share/web_control/web/stream/webrtc/.venv/lib/python3.12/site-packages/pip/_vendor/urllib3/contrib/_securetransport\n'}
[1.009186] (web_control) StdoutLine: {'line': b'copying web/stream/webrtc/.venv/lib/python3.12/site-packages/pip/_vendor/urllib3/contrib/_securetransport/__init__.py -> /home/matthieu/ros2_ws/install/web_control/share/web_control/web/stream/webrtc/.venv/lib/python3.12/site-packages/pip/_vendor/urllib3/contrib/_securetransport\n'}
[1.009241] (web_control) StdoutLine: {'line': b'creating /home/matthieu/ros2_ws/install/web_control/share/web_control/web/stream/webrtc/.venv/lib/python3.12/site-packages/pip/_vendor/urllib3/contrib/_securetransport/__pycache__\n'}
[1.009302] (web_control) StdoutLine: {'line': b'copying web/stream/webrtc/.venv/lib/python3.12/site-packages/pip/_vendor/urllib3/contrib/_securetransport/__pycache__/low_level.cpython-312.pyc -> /home/matthieu/ros2_ws/install/web_control/share/web_control/web/stream/webrtc/.venv/lib/python3.12/site-packages/pip/_vendor/urllib3/contrib/_securetransport/__pycache__\n'}
[1.009348] (web_control) StdoutLine: {'line': b'copying web/stream/webrtc/.venv/lib/python3.12/site-packages/pip/_vendor/urllib3/contrib/_securetransport/__pycache__/bindings.cpython-312.pyc -> /home/matthieu/ros2_ws/install/web_control/share/web_control/web/stream/webrtc/.venv/lib/python3.12/site-packages/pip/_vendor/urllib3/contrib/_securetransport/__pycache__\n'}
[1.009392] (web_control) StdoutLine: {'line': b'copying web/stream/webrtc/.venv/lib/python3.12/site-packages/pip/_vendor/urllib3/contrib/_securetransport/__pycache__/__init__.cpython-312.pyc -> /home/matthieu/ros2_ws/install/web_control/share/web_control/web/stream/webrtc/.venv/lib/python3.12/site-packages/pip/_vendor/urllib3/contrib/_securetransport/__pycache__\n'}
[1.009439] (web_control) StdoutLine: {'line': b'creating /home/matthieu/ros2_ws/install/web_control/share/web_control/web/stream/webrtc/.venv/lib/python3.12/site-packages/pip/_vendor/urllib3/packages\n'}
[1.009483] (web_control) StdoutLine: {'line': b'copying web/stream/webrtc/.venv/lib/python3.12/site-packages/pip/_vendor/urllib3/packages/six.py -> /home/matthieu/ros2_ws/install/web_control/share/web_control/web/stream/webrtc/.venv/lib/python3.12/site-packages/pip/_vendor/urllib3/packages\n'}
[1.009576] (web_control) StdoutLine: {'line': b'copying web/stream/webrtc/.venv/lib/python3.12/site-packages/pip/_vendor/urllib3/packages/__init__.py -> /home/matthieu/ros2_ws/install/web_control/share/web_control/web/stream/webrtc/.venv/lib/python3.12/site-packages/pip/_vendor/urllib3/packages\n'}
[1.009641] (web_control) StdoutLine: {'line': b'creating /home/matthieu/ros2_ws/install/web_control/share/web_control/web/stream/webrtc/.venv/lib/python3.12/site-packages/pip/_vendor/urllib3/packages/backports\n'}
[1.009687] (web_control) StdoutLine: {'line': b'copying web/stream/webrtc/.venv/lib/python3.12/site-packages/pip/_vendor/urllib3/packages/backports/weakref_finalize.py -> /home/matthieu/ros2_ws/install/web_control/share/web_control/web/stream/webrtc/.venv/lib/python3.12/site-packages/pip/_vendor/urllib3/packages/backports\n'}
[1.009734] (web_control) StdoutLine: {'line': b'copying web/stream/webrtc/.venv/lib/python3.12/site-packages/pip/_vendor/urllib3/packages/backports/makefile.py -> /home/matthieu/ros2_ws/install/web_control/share/web_control/web/stream/webrtc/.venv/lib/python3.12/site-packages/pip/_vendor/urllib3/packages/backports\n'}
[1.009779] (web_control) StdoutLine: {'line': b'copying web/stream/webrtc/.venv/lib/python3.12/site-packages/pip/_vendor/urllib3/packages/backports/__init__.py -> /home/matthieu/ros2_ws/install/web_control/share/web_control/web/stream/webrtc/.venv/lib/python3.12/site-packages/pip/_vendor/urllib3/packages/backports\n'}
[1.009824] (web_control) StdoutLine: {'line': b'creating /home/matthieu/ros2_ws/install/web_control/share/web_control/web/stream/webrtc/.venv/lib/python3.12/site-packages/pip/_vendor/urllib3/packages/backports/__pycache__\n'}
[1.009869] (web_control) StdoutLine: {'line': b'copying web/stream/webrtc/.venv/lib/python3.12/site-packages/pip/_vendor/urllib3/packages/backports/__pycache__/makefile.cpython-312.pyc -> /home/matthieu/ros2_ws/install/web_control/share/web_control/web/stream/webrtc/.venv/lib/python3.12/site-packages/pip/_vendor/urllib3/packages/backports/__pycache__\n'}
[1.009915] (web_control) StdoutLine: {'line': b'copying web/stream/webrtc/.venv/lib/python3.12/site-packages/pip/_vendor/urllib3/packages/backports/__pycache__/weakref_finalize.cpython-312.pyc -> /home/matthieu/ros2_ws/install/web_control/share/web_control/web/stream/webrtc/.venv/lib/python3.12/site-packages/pip/_vendor/urllib3/packages/backports/__pycache__\n'}
[1.009973] (web_control) StdoutLine: {'line': b'copying web/stream/webrtc/.venv/lib/python3.12/site-packages/pip/_vendor/urllib3/packages/backports/__pycache__/__init__.cpython-312.pyc -> /home/matthieu/ros2_ws/install/web_control/share/web_control/web/stream/webrtc/.venv/lib/python3.12/site-packages/pip/_vendor/urllib3/packages/backports/__pycache__\n'}
[1.010019] (web_control) StdoutLine: {'line': b'creating /home/matthieu/ros2_ws/install/web_control/share/web_control/web/stream/webrtc/.venv/lib/python3.12/site-packages/pip/_vendor/urllib3/packages/__pycache__\n'}
[1.010063] (web_control) StdoutLine: {'line': b'copying web/stream/webrtc/.venv/lib/python3.12/site-packages/pip/_vendor/urllib3/packages/__pycache__/six.cpython-312.pyc -> /home/matthieu/ros2_ws/install/web_control/share/web_control/web/stream/webrtc/.venv/lib/python3.12/site-packages/pip/_vendor/urllib3/packages/__pycache__\n'}
[1.010114] (web_control) StdoutLine: {'line': b'copying web/stream/webrtc/.venv/lib/python3.12/site-packages/pip/_vendor/urllib3/packages/__pycache__/__init__.cpython-312.pyc -> /home/matthieu/ros2_ws/install/web_control/share/web_control/web/stream/webrtc/.venv/lib/python3.12/site-packages/pip/_vendor/urllib3/packages/__pycache__\n'}
[1.010162] (web_control) StdoutLine: {'line': b'creating /home/matthieu/ros2_ws/install/web_control/share/web_control/web/stream/webrtc/.venv/lib/python3.12/site-packages/pip/_internal\n'}
[1.010216] (web_control) StdoutLine: {'line': b'copying web/stream/webrtc/.venv/lib/python3.12/site-packages/pip/_internal/configuration.py -> /home/matthieu/ros2_ws/install/web_control/share/web_control/web/stream/webrtc/.venv/lib/python3.12/site-packages/pip/_internal\n'}
[1.010263] (web_control) StdoutLine: {'line': b'copying web/stream/webrtc/.venv/lib/python3.12/site-packages/pip/_internal/main.py -> /home/matthieu/ros2_ws/install/web_control/share/web_control/web/stream/webrtc/.venv/lib/python3.12/site-packages/pip/_internal\n'}
[1.010338] (web_control) StdoutLine: {'line': b'copying web/stream/webrtc/.venv/lib/python3.12/site-packages/pip/_internal/wheel_builder.py -> /home/matthieu/ros2_ws/install/web_control/share/web_control/web/stream/webrtc/.venv/lib/python3.12/site-packages/pip/_internal\n'}
[1.010386] (web_control) StdoutLine: {'line': b'copying web/stream/webrtc/.venv/lib/python3.12/site-packages/pip/_internal/cache.py -> /home/matthieu/ros2_ws/install/web_control/share/web_control/web/stream/webrtc/.venv/lib/python3.12/site-packages/pip/_internal\n'}
[1.010474] (web_control) StdoutLine: {'line': b'copying web/stream/webrtc/.venv/lib/python3.12/site-packages/pip/_internal/pyproject.py -> /home/matthieu/ros2_ws/install/web_control/share/web_control/web/stream/webrtc/.venv/lib/python3.12/site-packages/pip/_internal\n'}
[1.010520] (web_control) StdoutLine: {'line': b'copying web/stream/webrtc/.venv/lib/python3.12/site-packages/pip/_internal/build_env.py -> /home/matthieu/ros2_ws/install/web_control/share/web_control/web/stream/webrtc/.venv/lib/python3.12/site-packages/pip/_internal\n'}
[1.010566] (web_control) StdoutLine: {'line': b'copying web/stream/webrtc/.venv/lib/python3.12/site-packages/pip/_internal/self_outdated_check.py -> /home/matthieu/ros2_ws/install/web_control/share/web_control/web/stream/webrtc/.venv/lib/python3.12/site-packages/pip/_internal\n'}
[1.010613] (web_control) StdoutLine: {'line': b'copying web/stream/webrtc/.venv/lib/python3.12/site-packages/pip/_internal/exceptions.py -> /home/matthieu/ros2_ws/install/web_control/share/web_control/web/stream/webrtc/.venv/lib/python3.12/site-packages/pip/_internal\n'}
[1.010697] (web_control) StdoutLine: {'line': b'copying web/stream/webrtc/.venv/lib/python3.12/site-packages/pip/_internal/__init__.py -> /home/matthieu/ros2_ws/install/web_control/share/web_control/web/stream/webrtc/.venv/lib/python3.12/site-packages/pip/_internal\n'}
[1.010743] (web_control) StdoutLine: {'line': b'creating /home/matthieu/ros2_ws/install/web_control/share/web_control/web/stream/webrtc/.venv/lib/python3.12/site-packages/pip/_internal/resolution\n'}
[1.010804] (web_control) StdoutLine: {'line': b'copying web/stream/webrtc/.venv/lib/python3.12/site-packages/pip/_internal/resolution/base.py -> /home/matthieu/ros2_ws/install/web_control/share/web_control/web/stream/webrtc/.venv/lib/python3.12/site-packages/pip/_internal/resolution\n'}
[1.010849] (web_control) StdoutLine: {'line': b'copying web/stream/webrtc/.venv/lib/python3.12/site-packages/pip/_internal/resolution/__init__.py -> /home/matthieu/ros2_ws/install/web_control/share/web_control/web/stream/webrtc/.venv/lib/python3.12/site-packages/pip/_internal/resolution\n'}
[1.010892] (web_control) StdoutLine: {'line': b'creating /home/matthieu/ros2_ws/install/web_control/share/web_control/web/stream/webrtc/.venv/lib/python3.12/site-packages/pip/_internal/resolution/__pycache__\n'}
[1.010935] (web_control) StdoutLine: {'line': b'copying web/stream/webrtc/.venv/lib/python3.12/site-packages/pip/_internal/resolution/__pycache__/base.cpython-312.pyc -> /home/matthieu/ros2_ws/install/web_control/share/web_control/web/stream/webrtc/.venv/lib/python3.12/site-packages/pip/_internal/resolution/__pycache__\n'}
[1.010978] (web_control) StdoutLine: {'line': b'copying web/stream/webrtc/.venv/lib/python3.12/site-packages/pip/_internal/resolution/__pycache__/__init__.cpython-312.pyc -> /home/matthieu/ros2_ws/install/web_control/share/web_control/web/stream/webrtc/.venv/lib/python3.12/site-packages/pip/_internal/resolution/__pycache__\n'}
[1.011022] (web_control) StdoutLine: {'line': b'creating /home/matthieu/ros2_ws/install/web_control/share/web_control/web/stream/webrtc/.venv/lib/python3.12/site-packages/pip/_internal/resolution/legacy\n'}
[1.011065] (web_control) StdoutLine: {'line': b'copying web/stream/webrtc/.venv/lib/python3.12/site-packages/pip/_internal/resolution/legacy/resolver.py -> /home/matthieu/ros2_ws/install/web_control/share/web_control/web/stream/webrtc/.venv/lib/python3.12/site-packages/pip/_internal/resolution/legacy\n'}
[1.011138] (web_control) StdoutLine: {'line': b'copying web/stream/webrtc/.venv/lib/python3.12/site-packages/pip/_internal/resolution/legacy/__init__.py -> /home/matthieu/ros2_ws/install/web_control/share/web_control/web/stream/webrtc/.venv/lib/python3.12/site-packages/pip/_internal/resolution/legacy\n'}
[1.011193] (web_control) StdoutLine: {'line': b'creating /home/matthieu/ros2_ws/install/web_control/share/web_control/web/stream/webrtc/.venv/lib/python3.12/site-packages/pip/_internal/resolution/legacy/__pycache__\n'}
[1.011245] (web_control) StdoutLine: {'line': b'copying web/stream/webrtc/.venv/lib/python3.12/site-packages/pip/_internal/resolution/legacy/__pycache__/resolver.cpython-312.pyc -> /home/matthieu/ros2_ws/install/web_control/share/web_control/web/stream/webrtc/.venv/lib/python3.12/site-packages/pip/_internal/resolution/legacy/__pycache__\n'}
[1.011290] (web_control) StdoutLine: {'line': b'copying web/stream/webrtc/.venv/lib/python3.12/site-packages/pip/_internal/resolution/legacy/__pycache__/__init__.cpython-312.pyc -> /home/matthieu/ros2_ws/install/web_control/share/web_control/web/stream/webrtc/.venv/lib/python3.12/site-packages/pip/_internal/resolution/legacy/__pycache__\n'}
[1.011334] (web_control) StdoutLine: {'line': b'creating /home/matthieu/ros2_ws/install/web_control/share/web_control/web/stream/webrtc/.venv/lib/python3.12/site-packages/pip/_internal/resolution/resolvelib\n'}
[1.011403] (web_control) StdoutLine: {'line': b'copying web/stream/webrtc/.venv/lib/python3.12/site-packages/pip/_internal/resolution/resolvelib/base.py -> /home/matthieu/ros2_ws/install/web_control/share/web_control/web/stream/webrtc/.venv/lib/python3.12/site-packages/pip/_internal/resolution/resolvelib\n'}
[1.011445] (web_control) StdoutLine: {'line': b'copying web/stream/webrtc/.venv/lib/python3.12/site-packages/pip/_internal/resolution/resolvelib/provider.py -> /home/matthieu/ros2_ws/install/web_control/share/web_control/web/stream/webrtc/.venv/lib/python3.12/site-packages/pip/_internal/resolution/resolvelib\n'}
[1.011492] (web_control) StdoutLine: {'line': b'copying web/stream/webrtc/.venv/lib/python3.12/site-packages/pip/_internal/resolution/resolvelib/requirements.py -> /home/matthieu/ros2_ws/install/web_control/share/web_control/web/stream/webrtc/.venv/lib/python3.12/site-packages/pip/_internal/resolution/resolvelib\n'}
[1.011535] (web_control) StdoutLine: {'line': b'copying web/stream/webrtc/.venv/lib/python3.12/site-packages/pip/_internal/resolution/resolvelib/candidates.py -> /home/matthieu/ros2_ws/install/web_control/share/web_control/web/stream/webrtc/.venv/lib/python3.12/site-packages/pip/_internal/resolution/resolvelib\n'}
[1.011578] (web_control) StdoutLine: {'line': b'copying web/stream/webrtc/.venv/lib/python3.12/site-packages/pip/_internal/resolution/resolvelib/resolver.py -> /home/matthieu/ros2_ws/install/web_control/share/web_control/web/stream/webrtc/.venv/lib/python3.12/site-packages/pip/_internal/resolution/resolvelib\n'}
[1.011621] (web_control) StdoutLine: {'line': b'copying web/stream/webrtc/.venv/lib/python3.12/site-packages/pip/_internal/resolution/resolvelib/reporter.py -> /home/matthieu/ros2_ws/install/web_control/share/web_control/web/stream/webrtc/.venv/lib/python3.12/site-packages/pip/_internal/resolution/resolvelib\n'}
[1.011663] (web_control) StdoutLine: {'line': b'copying web/stream/webrtc/.venv/lib/python3.12/site-packages/pip/_internal/resolution/resolvelib/found_candidates.py -> /home/matthieu/ros2_ws/install/web_control/share/web_control/web/stream/webrtc/.venv/lib/python3.12/site-packages/pip/_internal/resolution/resolvelib\n'}
[1.011705] (web_control) StdoutLine: {'line': b'copying web/stream/webrtc/.venv/lib/python3.12/site-packages/pip/_internal/resolution/resolvelib/factory.py -> /home/matthieu/ros2_ws/install/web_control/share/web_control/web/stream/webrtc/.venv/lib/python3.12/site-packages/pip/_internal/resolution/resolvelib\n'}
[1.011748] (web_control) StdoutLine: {'line': b'copying web/stream/webrtc/.venv/lib/python3.12/site-packages/pip/_internal/resolution/resolvelib/__init__.py -> /home/matthieu/ros2_ws/install/web_control/share/web_control/web/stream/webrtc/.venv/lib/python3.12/site-packages/pip/_internal/resolution/resolvelib\n'}
[1.011794] (web_control) StdoutLine: {'line': b'creating /home/matthieu/ros2_ws/install/web_control/share/web_control/web/stream/webrtc/.venv/lib/python3.12/site-packages/pip/_internal/resolution/resolvelib/__pycache__\n'}
[1.011846] (web_control) StdoutLine: {'line': b'copying web/stream/webrtc/.venv/lib/python3.12/site-packages/pip/_internal/resolution/resolvelib/__pycache__/candidates.cpython-312.pyc -> /home/matthieu/ros2_ws/install/web_control/share/web_control/web/stream/webrtc/.venv/lib/python3.12/site-packages/pip/_internal/resolution/resolvelib/__pycache__\n'}
[1.011926] (web_control) StdoutLine: {'line': b'copying web/stream/webrtc/.venv/lib/python3.12/site-packages/pip/_internal/resolution/resolvelib/__pycache__/resolver.cpython-312.pyc -> /home/matthieu/ros2_ws/install/web_control/share/web_control/web/stream/webrtc/.venv/lib/python3.12/site-packages/pip/_internal/resolution/resolvelib/__pycache__\n'}
[1.012000] (web_control) StdoutLine: {'line': b'copying web/stream/webrtc/.venv/lib/python3.12/site-packages/pip/_internal/resolution/resolvelib/__pycache__/base.cpython-312.pyc -> /home/matthieu/ros2_ws/install/web_control/share/web_control/web/stream/webrtc/.venv/lib/python3.12/site-packages/pip/_internal/resolution/resolvelib/__pycache__\n'}
[1.012046] (web_control) StdoutLine: {'line': b'copying web/stream/webrtc/.venv/lib/python3.12/site-packages/pip/_internal/resolution/resolvelib/__pycache__/reporter.cpython-312.pyc -> /home/matthieu/ros2_ws/install/web_control/share/web_control/web/stream/webrtc/.venv/lib/python3.12/site-packages/pip/_internal/resolution/resolvelib/__pycache__\n'}
[1.012108] (web_control) StdoutLine: {'line': b'copying web/stream/webrtc/.venv/lib/python3.12/site-packages/pip/_internal/resolution/resolvelib/__pycache__/provider.cpython-312.pyc -> /home/matthieu/ros2_ws/install/web_control/share/web_control/web/stream/webrtc/.venv/lib/python3.12/site-packages/pip/_internal/resolution/resolvelib/__pycache__\n'}
[1.012197] (web_control) StdoutLine: {'line': b'copying web/stream/webrtc/.venv/lib/python3.12/site-packages/pip/_internal/resolution/resolvelib/__pycache__/requirements.cpython-312.pyc -> /home/matthieu/ros2_ws/install/web_control/share/web_control/web/stream/webrtc/.venv/lib/python3.12/site-packages/pip/_internal/resolution/resolvelib/__pycache__\n'}
[1.012246] (web_control) StdoutLine: {'line': b'copying web/stream/webrtc/.venv/lib/python3.12/site-packages/pip/_internal/resolution/resolvelib/__pycache__/factory.cpython-312.pyc -> /home/matthieu/ros2_ws/install/web_control/share/web_control/web/stream/webrtc/.venv/lib/python3.12/site-packages/pip/_internal/resolution/resolvelib/__pycache__\n'}
[1.012303] (web_control) StdoutLine: {'line': b'copying web/stream/webrtc/.venv/lib/python3.12/site-packages/pip/_internal/resolution/resolvelib/__pycache__/found_candidates.cpython-312.pyc -> /home/matthieu/ros2_ws/install/web_control/share/web_control/web/stream/webrtc/.venv/lib/python3.12/site-packages/pip/_internal/resolution/resolvelib/__pycache__\n'}
[1.012351] (web_control) StdoutLine: {'line': b'copying web/stream/webrtc/.venv/lib/python3.12/site-packages/pip/_internal/resolution/resolvelib/__pycache__/__init__.cpython-312.pyc -> /home/matthieu/ros2_ws/install/web_control/share/web_control/web/stream/webrtc/.venv/lib/python3.12/site-packages/pip/_internal/resolution/resolvelib/__pycache__\n'}
[1.012397] (web_control) StdoutLine: {'line': b'creating /home/matthieu/ros2_ws/install/web_control/share/web_control/web/stream/webrtc/.venv/lib/python3.12/site-packages/pip/_internal/operations\n'}
[1.012443] (web_control) StdoutLine: {'line': b'copying web/stream/webrtc/.venv/lib/python3.12/site-packages/pip/_internal/operations/prepare.py -> /home/matthieu/ros2_ws/install/web_control/share/web_control/web/stream/webrtc/.venv/lib/python3.12/site-packages/pip/_internal/operations\n'}
[1.012489] (web_control) StdoutLine: {'line': b'copying web/stream/webrtc/.venv/lib/python3.12/site-packages/pip/_internal/operations/freeze.py -> /home/matthieu/ros2_ws/install/web_control/share/web_control/web/stream/webrtc/.venv/lib/python3.12/site-packages/pip/_internal/operations\n'}
[1.012534] (web_control) StdoutLine: {'line': b'copying web/stream/webrtc/.venv/lib/python3.12/site-packages/pip/_internal/operations/check.py -> /home/matthieu/ros2_ws/install/web_control/share/web_control/web/stream/webrtc/.venv/lib/python3.12/site-packages/pip/_internal/operations\n'}
[1.012588] (web_control) StdoutLine: {'line': b'copying web/stream/webrtc/.venv/lib/python3.12/site-packages/pip/_internal/operations/__init__.py -> /home/matthieu/ros2_ws/install/web_control/share/web_control/web/stream/webrtc/.venv/lib/python3.12/site-packages/pip/_internal/operations\n'}
[1.012657] (web_control) StdoutLine: {'line': b'creating /home/matthieu/ros2_ws/install/web_control/share/web_control/web/stream/webrtc/.venv/lib/python3.12/site-packages/pip/_internal/operations/build\n'}
[1.012703] (web_control) StdoutLine: {'line': b'copying web/stream/webrtc/.venv/lib/python3.12/site-packages/pip/_internal/operations/build/wheel_legacy.py -> /home/matthieu/ros2_ws/install/web_control/share/web_control/web/stream/webrtc/.venv/lib/python3.12/site-packages/pip/_internal/operations/build\n'}
[1.012758] (web_control) StdoutLine: {'line': b'copying web/stream/webrtc/.venv/lib/python3.12/site-packages/pip/_internal/operations/build/build_tracker.py -> /home/matthieu/ros2_ws/install/web_control/share/web_control/web/stream/webrtc/.venv/lib/python3.12/site-packages/pip/_internal/operations/build\n'}
[1.012803] (web_control) StdoutLine: {'line': b'copying web/stream/webrtc/.venv/lib/python3.12/site-packages/pip/_internal/operations/build/metadata.py -> /home/matthieu/ros2_ws/install/web_control/share/web_control/web/stream/webrtc/.venv/lib/python3.12/site-packages/pip/_internal/operations/build\n'}
[1.012850] (web_control) StdoutLine: {'line': b'copying web/stream/webrtc/.venv/lib/python3.12/site-packages/pip/_internal/operations/build/wheel_editable.py -> /home/matthieu/ros2_ws/install/web_control/share/web_control/web/stream/webrtc/.venv/lib/python3.12/site-packages/pip/_internal/operations/build\n'}
[1.012916] (web_control) StdoutLine: {'line': b'copying web/stream/webrtc/.venv/lib/python3.12/site-packages/pip/_internal/operations/build/metadata_editable.py -> /home/matthieu/ros2_ws/install/web_control/share/web_control/web/stream/webrtc/.venv/lib/python3.12/site-packages/pip/_internal/operations/build\n'}
[1.012961] (web_control) StdoutLine: {'line': b'copying web/stream/webrtc/.venv/lib/python3.12/site-packages/pip/_internal/operations/build/wheel.py -> /home/matthieu/ros2_ws/install/web_control/share/web_control/web/stream/webrtc/.venv/lib/python3.12/site-packages/pip/_internal/operations/build\n'}
[1.013021] (web_control) StdoutLine: {'line': b'copying web/stream/webrtc/.venv/lib/python3.12/site-packages/pip/_internal/operations/build/metadata_legacy.py -> /home/matthieu/ros2_ws/install/web_control/share/web_control/web/stream/webrtc/.venv/lib/python3.12/site-packages/pip/_internal/operations/build\n'}
[1.013078] (web_control) StdoutLine: {'line': b'copying web/stream/webrtc/.venv/lib/python3.12/site-packages/pip/_internal/operations/build/__init__.py -> /home/matthieu/ros2_ws/install/web_control/share/web_control/web/stream/webrtc/.venv/lib/python3.12/site-packages/pip/_internal/operations/build\n'}
[1.013131] (web_control) StdoutLine: {'line': b'creating /home/matthieu/ros2_ws/install/web_control/share/web_control/web/stream/webrtc/.venv/lib/python3.12/site-packages/pip/_internal/operations/build/__pycache__\n'}
[1.013181] (web_control) StdoutLine: {'line': b'copying web/stream/webrtc/.venv/lib/python3.12/site-packages/pip/_internal/operations/build/__pycache__/metadata_legacy.cpython-312.pyc -> /home/matthieu/ros2_ws/install/web_control/share/web_control/web/stream/webrtc/.venv/lib/python3.12/site-packages/pip/_internal/operations/build/__pycache__\n'}
[1.013231] (web_control) StdoutLine: {'line': b'copying web/stream/webrtc/.venv/lib/python3.12/site-packages/pip/_internal/operations/build/__pycache__/wheel_legacy.cpython-312.pyc -> /home/matthieu/ros2_ws/install/web_control/share/web_control/web/stream/webrtc/.venv/lib/python3.12/site-packages/pip/_internal/operations/build/__pycache__\n'}
[1.013277] (web_control) StdoutLine: {'line': b'copying web/stream/webrtc/.venv/lib/python3.12/site-packages/pip/_internal/operations/build/__pycache__/wheel_editable.cpython-312.pyc -> /home/matthieu/ros2_ws/install/web_control/share/web_control/web/stream/webrtc/.venv/lib/python3.12/site-packages/pip/_internal/operations/build/__pycache__\n'}
[1.013321] (web_control) StdoutLine: {'line': b'copying web/stream/webrtc/.venv/lib/python3.12/site-packages/pip/_internal/operations/build/__pycache__/wheel.cpython-312.pyc -> /home/matthieu/ros2_ws/install/web_control/share/web_control/web/stream/webrtc/.venv/lib/python3.12/site-packages/pip/_internal/operations/build/__pycache__\n'}
[1.013367] (web_control) StdoutLine: {'line': b'copying web/stream/webrtc/.venv/lib/python3.12/site-packages/pip/_internal/operations/build/__pycache__/__init__.cpython-312.pyc -> /home/matthieu/ros2_ws/install/web_control/share/web_control/web/stream/webrtc/.venv/lib/python3.12/site-packages/pip/_internal/operations/build/__pycache__\n'}
[1.013412] (web_control) StdoutLine: {'line': b'copying web/stream/webrtc/.venv/lib/python3.12/site-packages/pip/_internal/operations/build/__pycache__/metadata.cpython-312.pyc -> /home/matthieu/ros2_ws/install/web_control/share/web_control/web/stream/webrtc/.venv/lib/python3.12/site-packages/pip/_internal/operations/build/__pycache__\n'}
[1.013469] (web_control) StdoutLine: {'line': b'copying web/stream/webrtc/.venv/lib/python3.12/site-packages/pip/_internal/operations/build/__pycache__/metadata_editable.cpython-312.pyc -> /home/matthieu/ros2_ws/install/web_control/share/web_control/web/stream/webrtc/.venv/lib/python3.12/site-packages/pip/_internal/operations/build/__pycache__\n'}
[1.013539] (web_control) StdoutLine: {'line': b'copying web/stream/webrtc/.venv/lib/python3.12/site-packages/pip/_internal/operations/build/__pycache__/build_tracker.cpython-312.pyc -> /home/matthieu/ros2_ws/install/web_control/share/web_control/web/stream/webrtc/.venv/lib/python3.12/site-packages/pip/_internal/operations/build/__pycache__\n'}
[1.013592] (web_control) StdoutLine: {'line': b'creating /home/matthieu/ros2_ws/install/web_control/share/web_control/web/stream/webrtc/.venv/lib/python3.12/site-packages/pip/_internal/operations/install\n'}
[1.013638] (web_control) StdoutLine: {'line': b'copying web/stream/webrtc/.venv/lib/python3.12/site-packages/pip/_internal/operations/install/wheel.py -> /home/matthieu/ros2_ws/install/web_control/share/web_control/web/stream/webrtc/.venv/lib/python3.12/site-packages/pip/_internal/operations/install\n'}
[1.013684] (web_control) StdoutLine: {'line': b'copying web/stream/webrtc/.venv/lib/python3.12/site-packages/pip/_internal/operations/install/editable_legacy.py -> /home/matthieu/ros2_ws/install/web_control/share/web_control/web/stream/webrtc/.venv/lib/python3.12/site-packages/pip/_internal/operations/install\n'}
[1.013731] (web_control) StdoutLine: {'line': b'copying web/stream/webrtc/.venv/lib/python3.12/site-packages/pip/_internal/operations/install/__init__.py -> /home/matthieu/ros2_ws/install/web_control/share/web_control/web/stream/webrtc/.venv/lib/python3.12/site-packages/pip/_internal/operations/install\n'}
[1.013796] (web_control) StdoutLine: {'line': b'creating /home/matthieu/ros2_ws/install/web_control/share/web_control/web/stream/webrtc/.venv/lib/python3.12/site-packages/pip/_internal/operations/install/__pycache__\n'}
[1.013844] (web_control) StdoutLine: {'line': b'copying web/stream/webrtc/.venv/lib/python3.12/site-packages/pip/_internal/operations/install/__pycache__/wheel.cpython-312.pyc -> /home/matthieu/ros2_ws/install/web_control/share/web_control/web/stream/webrtc/.venv/lib/python3.12/site-packages/pip/_internal/operations/install/__pycache__\n'}
[1.013903] (web_control) StdoutLine: {'line': b'copying web/stream/webrtc/.venv/lib/python3.12/site-packages/pip/_internal/operations/install/__pycache__/editable_legacy.cpython-312.pyc -> /home/matthieu/ros2_ws/install/web_control/share/web_control/web/stream/webrtc/.venv/lib/python3.12/site-packages/pip/_internal/operations/install/__pycache__\n'}
[1.013949] (web_control) StdoutLine: {'line': b'copying web/stream/webrtc/.venv/lib/python3.12/site-packages/pip/_internal/operations/install/__pycache__/__init__.cpython-312.pyc -> /home/matthieu/ros2_ws/install/web_control/share/web_control/web/stream/webrtc/.venv/lib/python3.12/site-packages/pip/_internal/operations/install/__pycache__\n'}
[1.013994] (web_control) StdoutLine: {'line': b'creating /home/matthieu/ros2_ws/install/web_control/share/web_control/web/stream/webrtc/.venv/lib/python3.12/site-packages/pip/_internal/operations/__pycache__\n'}
[1.014040] (web_control) StdoutLine: {'line': b'copying web/stream/webrtc/.venv/lib/python3.12/site-packages/pip/_internal/operations/__pycache__/prepare.cpython-312.pyc -> /home/matthieu/ros2_ws/install/web_control/share/web_control/web/stream/webrtc/.venv/lib/python3.12/site-packages/pip/_internal/operations/__pycache__\n'}
[1.014088] (web_control) StdoutLine: {'line': b'copying web/stream/webrtc/.venv/lib/python3.12/site-packages/pip/_internal/operations/__pycache__/check.cpython-312.pyc -> /home/matthieu/ros2_ws/install/web_control/share/web_control/web/stream/webrtc/.venv/lib/python3.12/site-packages/pip/_internal/operations/__pycache__\n'}
[1.014158] (web_control) StdoutLine: {'line': b'copying web/stream/webrtc/.venv/lib/python3.12/site-packages/pip/_internal/operations/__pycache__/__init__.cpython-312.pyc -> /home/matthieu/ros2_ws/install/web_control/share/web_control/web/stream/webrtc/.venv/lib/python3.12/site-packages/pip/_internal/operations/__pycache__\n'}
[1.014206] (web_control) StdoutLine: {'line': b'copying web/stream/webrtc/.venv/lib/python3.12/site-packages/pip/_internal/operations/__pycache__/freeze.cpython-312.pyc -> /home/matthieu/ros2_ws/install/web_control/share/web_control/web/stream/webrtc/.venv/lib/python3.12/site-packages/pip/_internal/operations/__pycache__\n'}
[1.014268] (web_control) StdoutLine: {'line': b'creating /home/matthieu/ros2_ws/install/web_control/share/web_control/web/stream/webrtc/.venv/lib/python3.12/site-packages/pip/_internal/models\n'}
[1.014313] (web_control) StdoutLine: {'line': b'copying web/stream/webrtc/.venv/lib/python3.12/site-packages/pip/_internal/models/target_python.py -> /home/matthieu/ros2_ws/install/web_control/share/web_control/web/stream/webrtc/.venv/lib/python3.12/site-packages/pip/_internal/models\n'}
[1.014359] (web_control) StdoutLine: {'line': b'copying web/stream/webrtc/.venv/lib/python3.12/site-packages/pip/_internal/models/scheme.py -> /home/matthieu/ros2_ws/install/web_control/share/web_control/web/stream/webrtc/.venv/lib/python3.12/site-packages/pip/_internal/models\n'}
[1.014406] (web_control) StdoutLine: {'line': b'copying web/stream/webrtc/.venv/lib/python3.12/site-packages/pip/_internal/models/index.py -> /home/matthieu/ros2_ws/install/web_control/share/web_control/web/stream/webrtc/.venv/lib/python3.12/site-packages/pip/_internal/models\n'}
[1.014453] (web_control) StdoutLine: {'line': b'copying web/stream/webrtc/.venv/lib/python3.12/site-packages/pip/_internal/models/search_scope.py -> /home/matthieu/ros2_ws/install/web_control/share/web_control/web/stream/webrtc/.venv/lib/python3.12/site-packages/pip/_internal/models\n'}
[1.014499] (web_control) StdoutLine: {'line': b'copying web/stream/webrtc/.venv/lib/python3.12/site-packages/pip/_internal/models/selection_prefs.py -> /home/matthieu/ros2_ws/install/web_control/share/web_control/web/stream/webrtc/.venv/lib/python3.12/site-packages/pip/_internal/models\n'}
[1.014557] (web_control) StdoutLine: {'line': b'copying web/stream/webrtc/.venv/lib/python3.12/site-packages/pip/_internal/models/link.py -> /home/matthieu/ros2_ws/install/web_control/share/web_control/web/stream/webrtc/.venv/lib/python3.12/site-packages/pip/_internal/models\n'}
[1.014622] (web_control) StdoutLine: {'line': b'copying web/stream/webrtc/.venv/lib/python3.12/site-packages/pip/_internal/models/candidate.py -> /home/matthieu/ros2_ws/install/web_control/share/web_control/web/stream/webrtc/.venv/lib/python3.12/site-packages/pip/_internal/models\n'}
[1.014670] (web_control) StdoutLine: {'line': b'copying web/stream/webrtc/.venv/lib/python3.12/site-packages/pip/_internal/models/installation_report.py -> /home/matthieu/ros2_ws/install/web_control/share/web_control/web/stream/webrtc/.venv/lib/python3.12/site-packages/pip/_internal/models\n'}
[1.014717] (web_control) StdoutLine: {'line': b'copying web/stream/webrtc/.venv/lib/python3.12/site-packages/pip/_internal/models/direct_url.py -> /home/matthieu/ros2_ws/install/web_control/share/web_control/web/stream/webrtc/.venv/lib/python3.12/site-packages/pip/_internal/models\n'}
[1.014786] (web_control) StdoutLine: {'line': b'copying web/stream/webrtc/.venv/lib/python3.12/site-packages/pip/_internal/models/wheel.py -> /home/matthieu/ros2_ws/install/web_control/share/web_control/web/stream/webrtc/.venv/lib/python3.12/site-packages/pip/_internal/models\n'}
[1.014833] (web_control) StdoutLine: {'line': b'copying web/stream/webrtc/.venv/lib/python3.12/site-packages/pip/_internal/models/__init__.py -> /home/matthieu/ros2_ws/install/web_control/share/web_control/web/stream/webrtc/.venv/lib/python3.12/site-packages/pip/_internal/models\n'}
[1.014881] (web_control) StdoutLine: {'line': b'copying web/stream/webrtc/.venv/lib/python3.12/site-packages/pip/_internal/models/format_control.py -> /home/matthieu/ros2_ws/install/web_control/share/web_control/web/stream/webrtc/.venv/lib/python3.12/site-packages/pip/_internal/models\n'}
[1.014928] (web_control) StdoutLine: {'line': b'creating /home/matthieu/ros2_ws/install/web_control/share/web_control/web/stream/webrtc/.venv/lib/python3.12/site-packages/pip/_internal/models/__pycache__\n'}
[1.014972] (web_control) StdoutLine: {'line': b'copying web/stream/webrtc/.venv/lib/python3.12/site-packages/pip/_internal/models/__pycache__/index.cpython-312.pyc -> /home/matthieu/ros2_ws/install/web_control/share/web_control/web/stream/webrtc/.venv/lib/python3.12/site-packages/pip/_internal/models/__pycache__\n'}
[1.015025] (web_control) StdoutLine: {'line': b'copying web/stream/webrtc/.venv/lib/python3.12/site-packages/pip/_internal/models/__pycache__/direct_url.cpython-312.pyc -> /home/matthieu/ros2_ws/install/web_control/share/web_control/web/stream/webrtc/.venv/lib/python3.12/site-packages/pip/_internal/models/__pycache__\n'}
[1.015071] (web_control) StdoutLine: {'line': b'copying web/stream/webrtc/.venv/lib/python3.12/site-packages/pip/_internal/models/__pycache__/search_scope.cpython-312.pyc -> /home/matthieu/ros2_ws/install/web_control/share/web_control/web/stream/webrtc/.venv/lib/python3.12/site-packages/pip/_internal/models/__pycache__\n'}
[1.015160] (web_control) StdoutLine: {'line': b'copying web/stream/webrtc/.venv/lib/python3.12/site-packages/pip/_internal/models/__pycache__/wheel.cpython-312.pyc -> /home/matthieu/ros2_ws/install/web_control/share/web_control/web/stream/webrtc/.venv/lib/python3.12/site-packages/pip/_internal/models/__pycache__\n'}
[1.015221] (web_control) StdoutLine: {'line': b'copying web/stream/webrtc/.venv/lib/python3.12/site-packages/pip/_internal/models/__pycache__/link.cpython-312.pyc -> /home/matthieu/ros2_ws/install/web_control/share/web_control/web/stream/webrtc/.venv/lib/python3.12/site-packages/pip/_internal/models/__pycache__\n'}
[1.015274] (web_control) StdoutLine: {'line': b'copying web/stream/webrtc/.venv/lib/python3.12/site-packages/pip/_internal/models/__pycache__/target_python.cpython-312.pyc -> /home/matthieu/ros2_ws/install/web_control/share/web_control/web/stream/webrtc/.venv/lib/python3.12/site-packages/pip/_internal/models/__pycache__\n'}
[1.015321] (web_control) StdoutLine: {'line': b'copying web/stream/webrtc/.venv/lib/python3.12/site-packages/pip/_internal/models/__pycache__/scheme.cpython-312.pyc -> /home/matthieu/ros2_ws/install/web_control/share/web_control/web/stream/webrtc/.venv/lib/python3.12/site-packages/pip/_internal/models/__pycache__\n'}
[1.015367] (web_control) StdoutLine: {'line': b'copying web/stream/webrtc/.venv/lib/python3.12/site-packages/pip/_internal/models/__pycache__/selection_prefs.cpython-312.pyc -> /home/matthieu/ros2_ws/install/web_control/share/web_control/web/stream/webrtc/.venv/lib/python3.12/site-packages/pip/_internal/models/__pycache__\n'}
[1.015414] (web_control) StdoutLine: {'line': b'copying web/stream/webrtc/.venv/lib/python3.12/site-packages/pip/_internal/models/__pycache__/installation_report.cpython-312.pyc -> /home/matthieu/ros2_ws/install/web_control/share/web_control/web/stream/webrtc/.venv/lib/python3.12/site-packages/pip/_internal/models/__pycache__\n'}
[1.015477] (web_control) StdoutLine: {'line': b'copying web/stream/webrtc/.venv/lib/python3.12/site-packages/pip/_internal/models/__pycache__/candidate.cpython-312.pyc -> /home/matthieu/ros2_ws/install/web_control/share/web_control/web/stream/webrtc/.venv/lib/python3.12/site-packages/pip/_internal/models/__pycache__\n'}
[1.015525] (web_control) StdoutLine: {'line': b'copying web/stream/webrtc/.venv/lib/python3.12/site-packages/pip/_internal/models/__pycache__/format_control.cpython-312.pyc -> /home/matthieu/ros2_ws/install/web_control/share/web_control/web/stream/webrtc/.venv/lib/python3.12/site-packages/pip/_internal/models/__pycache__\n'}
[1.015573] (web_control) StdoutLine: {'line': b'copying web/stream/webrtc/.venv/lib/python3.12/site-packages/pip/_internal/models/__pycache__/__init__.cpython-312.pyc -> /home/matthieu/ros2_ws/install/web_control/share/web_control/web/stream/webrtc/.venv/lib/python3.12/site-packages/pip/_internal/models/__pycache__\n'}
[1.015637] (web_control) StdoutLine: {'line': b'creating /home/matthieu/ros2_ws/install/web_control/share/web_control/web/stream/webrtc/.venv/lib/python3.12/site-packages/pip/_internal/cli\n'}
[1.015684] (web_control) StdoutLine: {'line': b'copying web/stream/webrtc/.venv/lib/python3.12/site-packages/pip/_internal/cli/progress_bars.py -> /home/matthieu/ros2_ws/install/web_control/share/web_control/web/stream/webrtc/.venv/lib/python3.12/site-packages/pip/_internal/cli\n'}
[1.015740] (web_control) StdoutLine: {'line': b'copying web/stream/webrtc/.venv/lib/python3.12/site-packages/pip/_internal/cli/main.py -> /home/matthieu/ros2_ws/install/web_control/share/web_control/web/stream/webrtc/.venv/lib/python3.12/site-packages/pip/_internal/cli\n'}
[1.015785] (web_control) StdoutLine: {'line': b'copying web/stream/webrtc/.venv/lib/python3.12/site-packages/pip/_internal/cli/spinners.py -> /home/matthieu/ros2_ws/install/web_control/share/web_control/web/stream/webrtc/.venv/lib/python3.12/site-packages/pip/_internal/cli\n'}
[1.015830] (web_control) StdoutLine: {'line': b'copying web/stream/webrtc/.venv/lib/python3.12/site-packages/pip/_internal/cli/cmdoptions.py -> /home/matthieu/ros2_ws/install/web_control/share/web_control/web/stream/webrtc/.venv/lib/python3.12/site-packages/pip/_internal/cli\n'}
[1.015876] (web_control) StdoutLine: {'line': b'copying web/stream/webrtc/.venv/lib/python3.12/site-packages/pip/_internal/cli/command_context.py -> /home/matthieu/ros2_ws/install/web_control/share/web_control/web/stream/webrtc/.venv/lib/python3.12/site-packages/pip/_internal/cli\n'}
[1.015934] (web_control) StdoutLine: {'line': b'copying web/stream/webrtc/.venv/lib/python3.12/site-packages/pip/_internal/cli/base_command.py -> /home/matthieu/ros2_ws/install/web_control/share/web_control/web/stream/webrtc/.venv/lib/python3.12/site-packages/pip/_internal/cli\n'}
[1.016002] (web_control) StdoutLine: {'line': b'copying web/stream/webrtc/.venv/lib/python3.12/site-packages/pip/_internal/cli/parser.py -> /home/matthieu/ros2_ws/install/web_control/share/web_control/web/stream/webrtc/.venv/lib/python3.12/site-packages/pip/_internal/cli\n'}
[1.016049] (web_control) StdoutLine: {'line': b'copying web/stream/webrtc/.venv/lib/python3.12/site-packages/pip/_internal/cli/status_codes.py -> /home/matthieu/ros2_ws/install/web_control/share/web_control/web/stream/webrtc/.venv/lib/python3.12/site-packages/pip/_internal/cli\n'}
[1.016115] (web_control) StdoutLine: {'line': b'copying web/stream/webrtc/.venv/lib/python3.12/site-packages/pip/_internal/cli/req_command.py -> /home/matthieu/ros2_ws/install/web_control/share/web_control/web/stream/webrtc/.venv/lib/python3.12/site-packages/pip/_internal/cli\n'}
[1.016177] (web_control) StdoutLine: {'line': b'copying web/stream/webrtc/.venv/lib/python3.12/site-packages/pip/_internal/cli/autocompletion.py -> /home/matthieu/ros2_ws/install/web_control/share/web_control/web/stream/webrtc/.venv/lib/python3.12/site-packages/pip/_internal/cli\n'}
[1.016226] (web_control) StdoutLine: {'line': b'copying web/stream/webrtc/.venv/lib/python3.12/site-packages/pip/_internal/cli/main_parser.py -> /home/matthieu/ros2_ws/install/web_control/share/web_control/web/stream/webrtc/.venv/lib/python3.12/site-packages/pip/_internal/cli\n'}
[1.016274] (web_control) StdoutLine: {'line': b'copying web/stream/webrtc/.venv/lib/python3.12/site-packages/pip/_internal/cli/__init__.py -> /home/matthieu/ros2_ws/install/web_control/share/web_control/web/stream/webrtc/.venv/lib/python3.12/site-packages/pip/_internal/cli\n'}
[1.016331] (web_control) StdoutLine: {'line': b'creating /home/matthieu/ros2_ws/install/web_control/share/web_control/web/stream/webrtc/.venv/lib/python3.12/site-packages/pip/_internal/cli/__pycache__\n'}
[1.016415] (web_control) StdoutLine: {'line': b'copying web/stream/webrtc/.venv/lib/python3.12/site-packages/pip/_internal/cli/__pycache__/command_context.cpython-312.pyc -> /home/matthieu/ros2_ws/install/web_control/share/web_control/web/stream/webrtc/.venv/lib/python3.12/site-packages/pip/_internal/cli/__pycache__\n'}
[1.016466] (web_control) StdoutLine: {'line': b'copying web/stream/webrtc/.venv/lib/python3.12/site-packages/pip/_internal/cli/__pycache__/spinners.cpython-312.pyc -> /home/matthieu/ros2_ws/install/web_control/share/web_control/web/stream/webrtc/.venv/lib/python3.12/site-packages/pip/_internal/cli/__pycache__\n'}
[1.016512] (web_control) StdoutLine: {'line': b'copying web/stream/webrtc/.venv/lib/python3.12/site-packages/pip/_internal/cli/__pycache__/autocompletion.cpython-312.pyc -> /home/matthieu/ros2_ws/install/web_control/share/web_control/web/stream/webrtc/.venv/lib/python3.12/site-packages/pip/_internal/cli/__pycache__\n'}
[1.016571] (web_control) StdoutLine: {'line': b'copying web/stream/webrtc/.venv/lib/python3.12/site-packages/pip/_internal/cli/__pycache__/progress_bars.cpython-312.pyc -> /home/matthieu/ros2_ws/install/web_control/share/web_control/web/stream/webrtc/.venv/lib/python3.12/site-packages/pip/_internal/cli/__pycache__\n'}
[1.016632] (web_control) StdoutLine: {'line': b'copying web/stream/webrtc/.venv/lib/python3.12/site-packages/pip/_internal/cli/__pycache__/main.cpython-312.pyc -> /home/matthieu/ros2_ws/install/web_control/share/web_control/web/stream/webrtc/.venv/lib/python3.12/site-packages/pip/_internal/cli/__pycache__\n'}
[1.016675] (web_control) StdoutLine: {'line': b'copying web/stream/webrtc/.venv/lib/python3.12/site-packages/pip/_internal/cli/__pycache__/base_command.cpython-312.pyc -> /home/matthieu/ros2_ws/install/web_control/share/web_control/web/stream/webrtc/.venv/lib/python3.12/site-packages/pip/_internal/cli/__pycache__\n'}
[1.016721] (web_control) StdoutLine: {'line': b'copying web/stream/webrtc/.venv/lib/python3.12/site-packages/pip/_internal/cli/__pycache__/cmdoptions.cpython-312.pyc -> /home/matthieu/ros2_ws/install/web_control/share/web_control/web/stream/webrtc/.venv/lib/python3.12/site-packages/pip/_internal/cli/__pycache__\n'}
[1.016765] (web_control) StdoutLine: {'line': b'copying web/stream/webrtc/.venv/lib/python3.12/site-packages/pip/_internal/cli/__pycache__/main_parser.cpython-312.pyc -> /home/matthieu/ros2_ws/install/web_control/share/web_control/web/stream/webrtc/.venv/lib/python3.12/site-packages/pip/_internal/cli/__pycache__\n'}
[1.016823] (web_control) StdoutLine: {'line': b'copying web/stream/webrtc/.venv/lib/python3.12/site-packages/pip/_internal/cli/__pycache__/status_codes.cpython-312.pyc -> /home/matthieu/ros2_ws/install/web_control/share/web_control/web/stream/webrtc/.venv/lib/python3.12/site-packages/pip/_internal/cli/__pycache__\n'}
[1.016889] (web_control) StdoutLine: {'line': b'copying web/stream/webrtc/.venv/lib/python3.12/site-packages/pip/_internal/cli/__pycache__/__init__.cpython-312.pyc -> /home/matthieu/ros2_ws/install/web_control/share/web_control/web/stream/webrtc/.venv/lib/python3.12/site-packages/pip/_internal/cli/__pycache__\n'}
[1.016934] (web_control) StdoutLine: {'line': b'copying web/stream/webrtc/.venv/lib/python3.12/site-packages/pip/_internal/cli/__pycache__/req_command.cpython-312.pyc -> /home/matthieu/ros2_ws/install/web_control/share/web_control/web/stream/webrtc/.venv/lib/python3.12/site-packages/pip/_internal/cli/__pycache__\n'}
[1.016978] (web_control) StdoutLine: {'line': b'copying web/stream/webrtc/.venv/lib/python3.12/site-packages/pip/_internal/cli/__pycache__/parser.cpython-312.pyc -> /home/matthieu/ros2_ws/install/web_control/share/web_control/web/stream/webrtc/.venv/lib/python3.12/site-packages/pip/_internal/cli/__pycache__\n'}
[1.017023] (web_control) StdoutLine: {'line': b'creating /home/matthieu/ros2_ws/install/web_control/share/web_control/web/stream/webrtc/.venv/lib/python3.12/site-packages/pip/_internal/network\n'}
[1.017093] (web_control) StdoutLine: {'line': b'copying web/stream/webrtc/.venv/lib/python3.12/site-packages/pip/_internal/network/session.py -> /home/matthieu/ros2_ws/install/web_control/share/web_control/web/stream/webrtc/.venv/lib/python3.12/site-packages/pip/_internal/network\n'}
[1.017163] (web_control) StdoutLine: {'line': b'copying web/stream/webrtc/.venv/lib/python3.12/site-packages/pip/_internal/network/cache.py -> /home/matthieu/ros2_ws/install/web_control/share/web_control/web/stream/webrtc/.venv/lib/python3.12/site-packages/pip/_internal/network\n'}
[1.017206] (web_control) StdoutLine: {'line': b'copying web/stream/webrtc/.venv/lib/python3.12/site-packages/pip/_internal/network/auth.py -> /home/matthieu/ros2_ws/install/web_control/share/web_control/web/stream/webrtc/.venv/lib/python3.12/site-packages/pip/_internal/network\n'}
[1.017268] (web_control) StdoutLine: {'line': b'copying web/stream/webrtc/.venv/lib/python3.12/site-packages/pip/_internal/network/lazy_wheel.py -> /home/matthieu/ros2_ws/install/web_control/share/web_control/web/stream/webrtc/.venv/lib/python3.12/site-packages/pip/_internal/network\n'}
[1.017313] (web_control) StdoutLine: {'line': b'copying web/stream/webrtc/.venv/lib/python3.12/site-packages/pip/_internal/network/download.py -> /home/matthieu/ros2_ws/install/web_control/share/web_control/web/stream/webrtc/.venv/lib/python3.12/site-packages/pip/_internal/network\n'}
[1.017357] (web_control) StdoutLine: {'line': b'copying web/stream/webrtc/.venv/lib/python3.12/site-packages/pip/_internal/network/utils.py -> /home/matthieu/ros2_ws/install/web_control/share/web_control/web/stream/webrtc/.venv/lib/python3.12/site-packages/pip/_internal/network\n'}
[1.017417] (web_control) StdoutLine: {'line': b'copying web/stream/webrtc/.venv/lib/python3.12/site-packages/pip/_internal/network/xmlrpc.py -> /home/matthieu/ros2_ws/install/web_control/share/web_control/web/stream/webrtc/.venv/lib/python3.12/site-packages/pip/_internal/network\n'}
[1.017474] (web_control) StdoutLine: {'line': b'copying web/stream/webrtc/.venv/lib/python3.12/site-packages/pip/_internal/network/__init__.py -> /home/matthieu/ros2_ws/install/web_control/share/web_control/web/stream/webrtc/.venv/lib/python3.12/site-packages/pip/_internal/network\n'}
[1.017516] (web_control) StdoutLine: {'line': b'creating /home/matthieu/ros2_ws/install/web_control/share/web_control/web/stream/webrtc/.venv/lib/python3.12/site-packages/pip/_internal/network/__pycache__\n'}
[1.017558] (web_control) StdoutLine: {'line': b'copying web/stream/webrtc/.venv/lib/python3.12/site-packages/pip/_internal/network/__pycache__/auth.cpython-312.pyc -> /home/matthieu/ros2_ws/install/web_control/share/web_control/web/stream/webrtc/.venv/lib/python3.12/site-packages/pip/_internal/network/__pycache__\n'}
[1.017620] (web_control) StdoutLine: {'line': b'copying web/stream/webrtc/.venv/lib/python3.12/site-packages/pip/_internal/network/__pycache__/lazy_wheel.cpython-312.pyc -> /home/matthieu/ros2_ws/install/web_control/share/web_control/web/stream/webrtc/.venv/lib/python3.12/site-packages/pip/_internal/network/__pycache__\n'}
[1.017665] (web_control) StdoutLine: {'line': b'copying web/stream/webrtc/.venv/lib/python3.12/site-packages/pip/_internal/network/__pycache__/download.cpython-312.pyc -> /home/matthieu/ros2_ws/install/web_control/share/web_control/web/stream/webrtc/.venv/lib/python3.12/site-packages/pip/_internal/network/__pycache__\n'}
[1.017708] (web_control) StdoutLine: {'line': b'copying web/stream/webrtc/.venv/lib/python3.12/site-packages/pip/_internal/network/__pycache__/xmlrpc.cpython-312.pyc -> /home/matthieu/ros2_ws/install/web_control/share/web_control/web/stream/webrtc/.venv/lib/python3.12/site-packages/pip/_internal/network/__pycache__\n'}
[1.017767] (web_control) StdoutLine: {'line': b'copying web/stream/webrtc/.venv/lib/python3.12/site-packages/pip/_internal/network/__pycache__/session.cpython-312.pyc -> /home/matthieu/ros2_ws/install/web_control/share/web_control/web/stream/webrtc/.venv/lib/python3.12/site-packages/pip/_internal/network/__pycache__\n'}
[1.017812] (web_control) StdoutLine: {'line': b'copying web/stream/webrtc/.venv/lib/python3.12/site-packages/pip/_internal/network/__pycache__/cache.cpython-312.pyc -> /home/matthieu/ros2_ws/install/web_control/share/web_control/web/stream/webrtc/.venv/lib/python3.12/site-packages/pip/_internal/network/__pycache__\n'}
[1.017872] (web_control) StdoutLine: {'line': b'copying web/stream/webrtc/.venv/lib/python3.12/site-packages/pip/_internal/network/__pycache__/__init__.cpython-312.pyc -> /home/matthieu/ros2_ws/install/web_control/share/web_control/web/stream/webrtc/.venv/lib/python3.12/site-packages/pip/_internal/network/__pycache__\n'}
[1.017916] (web_control) StdoutLine: {'line': b'copying web/stream/webrtc/.venv/lib/python3.12/site-packages/pip/_internal/network/__pycache__/utils.cpython-312.pyc -> /home/matthieu/ros2_ws/install/web_control/share/web_control/web/stream/webrtc/.venv/lib/python3.12/site-packages/pip/_internal/network/__pycache__\n'}
[1.017972] (web_control) StdoutLine: {'line': b'creating /home/matthieu/ros2_ws/install/web_control/share/web_control/web/stream/webrtc/.venv/lib/python3.12/site-packages/pip/_internal/locations\n'}
[1.018014] (web_control) StdoutLine: {'line': b'copying web/stream/webrtc/.venv/lib/python3.12/site-packages/pip/_internal/locations/_distutils.py -> /home/matthieu/ros2_ws/install/web_control/share/web_control/web/stream/webrtc/.venv/lib/python3.12/site-packages/pip/_internal/locations\n'}
[1.018070] (web_control) StdoutLine: {'line': b'copying web/stream/webrtc/.venv/lib/python3.12/site-packages/pip/_internal/locations/base.py -> /home/matthieu/ros2_ws/install/web_control/share/web_control/web/stream/webrtc/.venv/lib/python3.12/site-packages/pip/_internal/locations\n'}
[1.018121] (web_control) StdoutLine: {'line': b'copying web/stream/webrtc/.venv/lib/python3.12/site-packages/pip/_internal/locations/_sysconfig.py -> /home/matthieu/ros2_ws/install/web_control/share/web_control/web/stream/webrtc/.venv/lib/python3.12/site-packages/pip/_internal/locations\n'}
[1.018183] (web_control) StdoutLine: {'line': b'copying web/stream/webrtc/.venv/lib/python3.12/site-packages/pip/_internal/locations/__init__.py -> /home/matthieu/ros2_ws/install/web_control/share/web_control/web/stream/webrtc/.venv/lib/python3.12/site-packages/pip/_internal/locations\n'}
[1.018233] (web_control) StdoutLine: {'line': b'creating /home/matthieu/ros2_ws/install/web_control/share/web_control/web/stream/webrtc/.venv/lib/python3.12/site-packages/pip/_internal/locations/__pycache__\n'}
[1.018293] (web_control) StdoutLine: {'line': b'copying web/stream/webrtc/.venv/lib/python3.12/site-packages/pip/_internal/locations/__pycache__/_distutils.cpython-312.pyc -> /home/matthieu/ros2_ws/install/web_control/share/web_control/web/stream/webrtc/.venv/lib/python3.12/site-packages/pip/_internal/locations/__pycache__\n'}
[1.018350] (web_control) StdoutLine: {'line': b'copying web/stream/webrtc/.venv/lib/python3.12/site-packages/pip/_internal/locations/__pycache__/_sysconfig.cpython-312.pyc -> /home/matthieu/ros2_ws/install/web_control/share/web_control/web/stream/webrtc/.venv/lib/python3.12/site-packages/pip/_internal/locations/__pycache__\n'}
[1.018393] (web_control) StdoutLine: {'line': b'copying web/stream/webrtc/.venv/lib/python3.12/site-packages/pip/_internal/locations/__pycache__/base.cpython-312.pyc -> /home/matthieu/ros2_ws/install/web_control/share/web_control/web/stream/webrtc/.venv/lib/python3.12/site-packages/pip/_internal/locations/__pycache__\n'}
[1.018453] (web_control) StdoutLine: {'line': b'copying web/stream/webrtc/.venv/lib/python3.12/site-packages/pip/_internal/locations/__pycache__/__init__.cpython-312.pyc -> /home/matthieu/ros2_ws/install/web_control/share/web_control/web/stream/webrtc/.venv/lib/python3.12/site-packages/pip/_internal/locations/__pycache__\n'}
[1.018497] (web_control) StdoutLine: {'line': b'creating /home/matthieu/ros2_ws/install/web_control/share/web_control/web/stream/webrtc/.venv/lib/python3.12/site-packages/pip/_internal/metadata\n'}
[1.018556] (web_control) StdoutLine: {'line': b'copying web/stream/webrtc/.venv/lib/python3.12/site-packages/pip/_internal/metadata/base.py -> /home/matthieu/ros2_ws/install/web_control/share/web_control/web/stream/webrtc/.venv/lib/python3.12/site-packages/pip/_internal/metadata\n'}
[1.018599] (web_control) StdoutLine: {'line': b'copying web/stream/webrtc/.venv/lib/python3.12/site-packages/pip/_internal/metadata/pkg_resources.py -> /home/matthieu/ros2_ws/install/web_control/share/web_control/web/stream/webrtc/.venv/lib/python3.12/site-packages/pip/_internal/metadata\n'}
[1.018654] (web_control) StdoutLine: {'line': b'copying web/stream/webrtc/.venv/lib/python3.12/site-packages/pip/_internal/metadata/_json.py -> /home/matthieu/ros2_ws/install/web_control/share/web_control/web/stream/webrtc/.venv/lib/python3.12/site-packages/pip/_internal/metadata\n'}
[1.018707] (web_control) StdoutLine: {'line': b'copying web/stream/webrtc/.venv/lib/python3.12/site-packages/pip/_internal/metadata/__init__.py -> /home/matthieu/ros2_ws/install/web_control/share/web_control/web/stream/webrtc/.venv/lib/python3.12/site-packages/pip/_internal/metadata\n'}
[1.018767] (web_control) StdoutLine: {'line': b'creating /home/matthieu/ros2_ws/install/web_control/share/web_control/web/stream/webrtc/.venv/lib/python3.12/site-packages/pip/_internal/metadata/__pycache__\n'}
[1.018811] (web_control) StdoutLine: {'line': b'copying web/stream/webrtc/.venv/lib/python3.12/site-packages/pip/_internal/metadata/__pycache__/_json.cpython-312.pyc -> /home/matthieu/ros2_ws/install/web_control/share/web_control/web/stream/webrtc/.venv/lib/python3.12/site-packages/pip/_internal/metadata/__pycache__\n'}
[1.018870] (web_control) StdoutLine: {'line': b'copying web/stream/webrtc/.venv/lib/python3.12/site-packages/pip/_internal/metadata/__pycache__/pkg_resources.cpython-312.pyc -> /home/matthieu/ros2_ws/install/web_control/share/web_control/web/stream/webrtc/.venv/lib/python3.12/site-packages/pip/_internal/metadata/__pycache__\n'}
[1.018913] (web_control) StdoutLine: {'line': b'copying web/stream/webrtc/.venv/lib/python3.12/site-packages/pip/_internal/metadata/__pycache__/base.cpython-312.pyc -> /home/matthieu/ros2_ws/install/web_control/share/web_control/web/stream/webrtc/.venv/lib/python3.12/site-packages/pip/_internal/metadata/__pycache__\n'}
[1.018965] (web_control) StdoutLine: {'line': b'copying web/stream/webrtc/.venv/lib/python3.12/site-packages/pip/_internal/metadata/__pycache__/__init__.cpython-312.pyc -> /home/matthieu/ros2_ws/install/web_control/share/web_control/web/stream/webrtc/.venv/lib/python3.12/site-packages/pip/_internal/metadata/__pycache__\n'}
[1.019015] (web_control) StdoutLine: {'line': b'creating /home/matthieu/ros2_ws/install/web_control/share/web_control/web/stream/webrtc/.venv/lib/python3.12/site-packages/pip/_internal/metadata/importlib\n'}
[1.019069] (web_control) StdoutLine: {'line': b'copying web/stream/webrtc/.venv/lib/python3.12/site-packages/pip/_internal/metadata/importlib/_envs.py -> /home/matthieu/ros2_ws/install/web_control/share/web_control/web/stream/webrtc/.venv/lib/python3.12/site-packages/pip/_internal/metadata/importlib\n'}
[1.019131] (web_control) StdoutLine: {'line': b'copying web/stream/webrtc/.venv/lib/python3.12/site-packages/pip/_internal/metadata/importlib/_dists.py -> /home/matthieu/ros2_ws/install/web_control/share/web_control/web/stream/webrtc/.venv/lib/python3.12/site-packages/pip/_internal/metadata/importlib\n'}
[1.019188] (web_control) StdoutLine: {'line': b'copying web/stream/webrtc/.venv/lib/python3.12/site-packages/pip/_internal/metadata/importlib/_compat.py -> /home/matthieu/ros2_ws/install/web_control/share/web_control/web/stream/webrtc/.venv/lib/python3.12/site-packages/pip/_internal/metadata/importlib\n'}
[1.019245] (web_control) StdoutLine: {'line': b'copying web/stream/webrtc/.venv/lib/python3.12/site-packages/pip/_internal/metadata/importlib/__init__.py -> /home/matthieu/ros2_ws/install/web_control/share/web_control/web/stream/webrtc/.venv/lib/python3.12/site-packages/pip/_internal/metadata/importlib\n'}
[1.019301] (web_control) StdoutLine: {'line': b'creating /home/matthieu/ros2_ws/install/web_control/share/web_control/web/stream/webrtc/.venv/lib/python3.12/site-packages/pip/_internal/metadata/importlib/__pycache__\n'}
[1.019344] (web_control) StdoutLine: {'line': b'copying web/stream/webrtc/.venv/lib/python3.12/site-packages/pip/_internal/metadata/importlib/__pycache__/_compat.cpython-312.pyc -> /home/matthieu/ros2_ws/install/web_control/share/web_control/web/stream/webrtc/.venv/lib/python3.12/site-packages/pip/_internal/metadata/importlib/__pycache__\n'}
[1.019405] (web_control) StdoutLine: {'line': b'copying web/stream/webrtc/.venv/lib/python3.12/site-packages/pip/_internal/metadata/importlib/__pycache__/_envs.cpython-312.pyc -> /home/matthieu/ros2_ws/install/web_control/share/web_control/web/stream/webrtc/.venv/lib/python3.12/site-packages/pip/_internal/metadata/importlib/__pycache__\n'}
[1.019452] (web_control) StdoutLine: {'line': b'copying web/stream/webrtc/.venv/lib/python3.12/site-packages/pip/_internal/metadata/importlib/__pycache__/_dists.cpython-312.pyc -> /home/matthieu/ros2_ws/install/web_control/share/web_control/web/stream/webrtc/.venv/lib/python3.12/site-packages/pip/_internal/metadata/importlib/__pycache__\n'}
[1.019507] (web_control) StdoutLine: {'line': b'copying web/stream/webrtc/.venv/lib/python3.12/site-packages/pip/_internal/metadata/importlib/__pycache__/__init__.cpython-312.pyc -> /home/matthieu/ros2_ws/install/web_control/share/web_control/web/stream/webrtc/.venv/lib/python3.12/site-packages/pip/_internal/metadata/importlib/__pycache__\n'}
[1.019570] (web_control) StdoutLine: {'line': b'creating /home/matthieu/ros2_ws/install/web_control/share/web_control/web/stream/webrtc/.venv/lib/python3.12/site-packages/pip/_internal/__pycache__\n'}
[1.019621] (web_control) StdoutLine: {'line': b'copying web/stream/webrtc/.venv/lib/python3.12/site-packages/pip/_internal/__pycache__/wheel_builder.cpython-312.pyc -> /home/matthieu/ros2_ws/install/web_control/share/web_control/web/stream/webrtc/.venv/lib/python3.12/site-packages/pip/_internal/__pycache__\n'}
[1.019663] (web_control) StdoutLine: {'line': b'copying web/stream/webrtc/.venv/lib/python3.12/site-packages/pip/_internal/__pycache__/self_outdated_check.cpython-312.pyc -> /home/matthieu/ros2_ws/install/web_control/share/web_control/web/stream/webrtc/.venv/lib/python3.12/site-packages/pip/_internal/__pycache__\n'}
[1.019719] (web_control) StdoutLine: {'line': b'copying web/stream/webrtc/.venv/lib/python3.12/site-packages/pip/_internal/__pycache__/main.cpython-312.pyc -> /home/matthieu/ros2_ws/install/web_control/share/web_control/web/stream/webrtc/.venv/lib/python3.12/site-packages/pip/_internal/__pycache__\n'}
[1.019780] (web_control) StdoutLine: {'line': b'copying web/stream/webrtc/.venv/lib/python3.12/site-packages/pip/_internal/__pycache__/pyproject.cpython-312.pyc -> /home/matthieu/ros2_ws/install/web_control/share/web_control/web/stream/webrtc/.venv/lib/python3.12/site-packages/pip/_internal/__pycache__\n'}
[1.019826] (web_control) StdoutLine: {'line': b'copying web/stream/webrtc/.venv/lib/python3.12/site-packages/pip/_internal/__pycache__/exceptions.cpython-312.pyc -> /home/matthieu/ros2_ws/install/web_control/share/web_control/web/stream/webrtc/.venv/lib/python3.12/site-packages/pip/_internal/__pycache__\n'}
[1.019881] (web_control) StdoutLine: {'line': b'copying web/stream/webrtc/.venv/lib/python3.12/site-packages/pip/_internal/__pycache__/build_env.cpython-312.pyc -> /home/matthieu/ros2_ws/install/web_control/share/web_control/web/stream/webrtc/.venv/lib/python3.12/site-packages/pip/_internal/__pycache__\n'}
[1.019937] (web_control) StdoutLine: {'line': b'copying web/stream/webrtc/.venv/lib/python3.12/site-packages/pip/_internal/__pycache__/configuration.cpython-312.pyc -> /home/matthieu/ros2_ws/install/web_control/share/web_control/web/stream/webrtc/.venv/lib/python3.12/site-packages/pip/_internal/__pycache__\n'}
[1.020030] (web_control) StdoutLine: {'line': b'copying web/stream/webrtc/.venv/lib/python3.12/site-packages/pip/_internal/__pycache__/cache.cpython-312.pyc -> /home/matthieu/ros2_ws/install/web_control/share/web_control/web/stream/webrtc/.venv/lib/python3.12/site-packages/pip/_internal/__pycache__\n'}
[1.020076] (web_control) StdoutLine: {'line': b'copying web/stream/webrtc/.venv/lib/python3.12/site-packages/pip/_internal/__pycache__/__init__.cpython-312.pyc -> /home/matthieu/ros2_ws/install/web_control/share/web_control/web/stream/webrtc/.venv/lib/python3.12/site-packages/pip/_internal/__pycache__\n'}
[1.020218] (web_control) StdoutLine: {'line': b'creating /home/matthieu/ros2_ws/install/web_control/share/web_control/web/stream/webrtc/.venv/lib/python3.12/site-packages/pip/_internal/distributions\n'}
[1.020344] (web_control) StdoutLine: {'line': b'copying web/stream/webrtc/.venv/lib/python3.12/site-packages/pip/_internal/distributions/installed.py -> /home/matthieu/ros2_ws/install/web_control/share/web_control/web/stream/webrtc/.venv/lib/python3.12/site-packages/pip/_internal/distributions\n'}
[1.020405] (web_control) StdoutLine: {'line': b'copying web/stream/webrtc/.venv/lib/python3.12/site-packages/pip/_internal/distributions/base.py -> /home/matthieu/ros2_ws/install/web_control/share/web_control/web/stream/webrtc/.venv/lib/python3.12/site-packages/pip/_internal/distributions\n'}
[1.020448] (web_control) StdoutLine: {'line': b'copying web/stream/webrtc/.venv/lib/python3.12/site-packages/pip/_internal/distributions/sdist.py -> /home/matthieu/ros2_ws/install/web_control/share/web_control/web/stream/webrtc/.venv/lib/python3.12/site-packages/pip/_internal/distributions\n'}
[1.020491] (web_control) StdoutLine: {'line': b'copying web/stream/webrtc/.venv/lib/python3.12/site-packages/pip/_internal/distributions/wheel.py -> /home/matthieu/ros2_ws/install/web_control/share/web_control/web/stream/webrtc/.venv/lib/python3.12/site-packages/pip/_internal/distributions\n'}
[1.020553] (web_control) StdoutLine: {'line': b'copying web/stream/webrtc/.venv/lib/python3.12/site-packages/pip/_internal/distributions/__init__.py -> /home/matthieu/ros2_ws/install/web_control/share/web_control/web/stream/webrtc/.venv/lib/python3.12/site-packages/pip/_internal/distributions\n'}
[1.020599] (web_control) StdoutLine: {'line': b'creating /home/matthieu/ros2_ws/install/web_control/share/web_control/web/stream/webrtc/.venv/lib/python3.12/site-packages/pip/_internal/distributions/__pycache__\n'}
[1.020643] (web_control) StdoutLine: {'line': b'copying web/stream/webrtc/.venv/lib/python3.12/site-packages/pip/_internal/distributions/__pycache__/base.cpython-312.pyc -> /home/matthieu/ros2_ws/install/web_control/share/web_control/web/stream/webrtc/.venv/lib/python3.12/site-packages/pip/_internal/distributions/__pycache__\n'}
[1.020699] (web_control) StdoutLine: {'line': b'copying web/stream/webrtc/.venv/lib/python3.12/site-packages/pip/_internal/distributions/__pycache__/wheel.cpython-312.pyc -> /home/matthieu/ros2_ws/install/web_control/share/web_control/web/stream/webrtc/.venv/lib/python3.12/site-packages/pip/_internal/distributions/__pycache__\n'}
[1.020758] (web_control) StdoutLine: {'line': b'copying web/stream/webrtc/.venv/lib/python3.12/site-packages/pip/_internal/distributions/__pycache__/installed.cpython-312.pyc -> /home/matthieu/ros2_ws/install/web_control/share/web_control/web/stream/webrtc/.venv/lib/python3.12/site-packages/pip/_internal/distributions/__pycache__\n'}
[1.020804] (web_control) StdoutLine: {'line': b'copying web/stream/webrtc/.venv/lib/python3.12/site-packages/pip/_internal/distributions/__pycache__/sdist.cpython-312.pyc -> /home/matthieu/ros2_ws/install/web_control/share/web_control/web/stream/webrtc/.venv/lib/python3.12/site-packages/pip/_internal/distributions/__pycache__\n'}
[1.020863] (web_control) StdoutLine: {'line': b'copying web/stream/webrtc/.venv/lib/python3.12/site-packages/pip/_internal/distributions/__pycache__/__init__.cpython-312.pyc -> /home/matthieu/ros2_ws/install/web_control/share/web_control/web/stream/webrtc/.venv/lib/python3.12/site-packages/pip/_internal/distributions/__pycache__\n'}
[1.020915] (web_control) StdoutLine: {'line': b'creating /home/matthieu/ros2_ws/install/web_control/share/web_control/web/stream/webrtc/.venv/lib/python3.12/site-packages/pip/_internal/req\n'}
[1.020957] (web_control) StdoutLine: {'line': b'copying web/stream/webrtc/.venv/lib/python3.12/site-packages/pip/_internal/req/req_file.py -> /home/matthieu/ros2_ws/install/web_control/share/web_control/web/stream/webrtc/.venv/lib/python3.12/site-packages/pip/_internal/req\n'}
[1.021000] (web_control) StdoutLine: {'line': b'copying web/stream/webrtc/.venv/lib/python3.12/site-packages/pip/_internal/req/constructors.py -> /home/matthieu/ros2_ws/install/web_control/share/web_control/web/stream/webrtc/.venv/lib/python3.12/site-packages/pip/_internal/req\n'}
[1.021059] (web_control) StdoutLine: {'line': b'copying web/stream/webrtc/.venv/lib/python3.12/site-packages/pip/_internal/req/req_set.py -> /home/matthieu/ros2_ws/install/web_control/share/web_control/web/stream/webrtc/.venv/lib/python3.12/site-packages/pip/_internal/req\n'}
[1.021112] (web_control) StdoutLine: {'line': b'copying web/stream/webrtc/.venv/lib/python3.12/site-packages/pip/_internal/req/req_install.py -> /home/matthieu/ros2_ws/install/web_control/share/web_control/web/stream/webrtc/.venv/lib/python3.12/site-packages/pip/_internal/req\n'}
[1.021174] (web_control) StdoutLine: {'line': b'copying web/stream/webrtc/.venv/lib/python3.12/site-packages/pip/_internal/req/req_uninstall.py -> /home/matthieu/ros2_ws/install/web_control/share/web_control/web/stream/webrtc/.venv/lib/python3.12/site-packages/pip/_internal/req\n'}
[1.021232] (web_control) StdoutLine: {'line': b'copying web/stream/webrtc/.venv/lib/python3.12/site-packages/pip/_internal/req/__init__.py -> /home/matthieu/ros2_ws/install/web_control/share/web_control/web/stream/webrtc/.venv/lib/python3.12/site-packages/pip/_internal/req\n'}
[1.021277] (web_control) StdoutLine: {'line': b'creating /home/matthieu/ros2_ws/install/web_control/share/web_control/web/stream/webrtc/.venv/lib/python3.12/site-packages/pip/_internal/req/__pycache__\n'}
[1.021336] (web_control) StdoutLine: {'line': b'copying web/stream/webrtc/.venv/lib/python3.12/site-packages/pip/_internal/req/__pycache__/req_install.cpython-312.pyc -> /home/matthieu/ros2_ws/install/web_control/share/web_control/web/stream/webrtc/.venv/lib/python3.12/site-packages/pip/_internal/req/__pycache__\n'}
[1.021379] (web_control) StdoutLine: {'line': b'copying web/stream/webrtc/.venv/lib/python3.12/site-packages/pip/_internal/req/__pycache__/req_file.cpython-312.pyc -> /home/matthieu/ros2_ws/install/web_control/share/web_control/web/stream/webrtc/.venv/lib/python3.12/site-packages/pip/_internal/req/__pycache__\n'}
[1.021435] (web_control) StdoutLine: {'line': b'copying web/stream/webrtc/.venv/lib/python3.12/site-packages/pip/_internal/req/__pycache__/req_uninstall.cpython-312.pyc -> /home/matthieu/ros2_ws/install/web_control/share/web_control/web/stream/webrtc/.venv/lib/python3.12/site-packages/pip/_internal/req/__pycache__\n'}
[1.021491] (web_control) StdoutLine: {'line': b'copying web/stream/webrtc/.venv/lib/python3.12/site-packages/pip/_internal/req/__pycache__/constructors.cpython-312.pyc -> /home/matthieu/ros2_ws/install/web_control/share/web_control/web/stream/webrtc/.venv/lib/python3.12/site-packages/pip/_internal/req/__pycache__\n'}
[1.021547] (web_control) StdoutLine: {'line': b'copying web/stream/webrtc/.venv/lib/python3.12/site-packages/pip/_internal/req/__pycache__/__init__.cpython-312.pyc -> /home/matthieu/ros2_ws/install/web_control/share/web_control/web/stream/webrtc/.venv/lib/python3.12/site-packages/pip/_internal/req/__pycache__\n'}
[1.021602] (web_control) StdoutLine: {'line': b'copying web/stream/webrtc/.venv/lib/python3.12/site-packages/pip/_internal/req/__pycache__/req_set.cpython-312.pyc -> /home/matthieu/ros2_ws/install/web_control/share/web_control/web/stream/webrtc/.venv/lib/python3.12/site-packages/pip/_internal/req/__pycache__\n'}
[1.021662] (web_control) StdoutLine: {'line': b'creating /home/matthieu/ros2_ws/install/web_control/share/web_control/web/stream/webrtc/.venv/lib/python3.12/site-packages/pip/_internal/utils\n'}
[1.021705] (web_control) StdoutLine: {'line': b'copying web/stream/webrtc/.venv/lib/python3.12/site-packages/pip/_internal/utils/encoding.py -> /home/matthieu/ros2_ws/install/web_control/share/web_control/web/stream/webrtc/.venv/lib/python3.12/site-packages/pip/_internal/utils\n'}
[1.021758] (web_control) StdoutLine: {'line': b'copying web/stream/webrtc/.venv/lib/python3.12/site-packages/pip/_internal/utils/appdirs.py -> /home/matthieu/ros2_ws/install/web_control/share/web_control/web/stream/webrtc/.venv/lib/python3.12/site-packages/pip/_internal/utils\n'}
[1.021814] (web_control) StdoutLine: {'line': b'copying web/stream/webrtc/.venv/lib/python3.12/site-packages/pip/_internal/utils/direct_url_helpers.py -> /home/matthieu/ros2_ws/install/web_control/share/web_control/web/stream/webrtc/.venv/lib/python3.12/site-packages/pip/_internal/utils\n'}
[1.021867] (web_control) StdoutLine: {'line': b'copying web/stream/webrtc/.venv/lib/python3.12/site-packages/pip/_internal/utils/filetypes.py -> /home/matthieu/ros2_ws/install/web_control/share/web_control/web/stream/webrtc/.venv/lib/python3.12/site-packages/pip/_internal/utils\n'}
[1.021923] (web_control) StdoutLine: {'line': b'copying web/stream/webrtc/.venv/lib/python3.12/site-packages/pip/_internal/utils/setuptools_build.py -> /home/matthieu/ros2_ws/install/web_control/share/web_control/web/stream/webrtc/.venv/lib/python3.12/site-packages/pip/_internal/utils\n'}
[1.021983] (web_control) StdoutLine: {'line': b'copying web/stream/webrtc/.venv/lib/python3.12/site-packages/pip/_internal/utils/temp_dir.py -> /home/matthieu/ros2_ws/install/web_control/share/web_control/web/stream/webrtc/.venv/lib/python3.12/site-packages/pip/_internal/utils\n'}
[1.022027] (web_control) StdoutLine: {'line': b'copying web/stream/webrtc/.venv/lib/python3.12/site-packages/pip/_internal/utils/glibc.py -> /home/matthieu/ros2_ws/install/web_control/share/web_control/web/stream/webrtc/.venv/lib/python3.12/site-packages/pip/_internal/utils\n'}
[1.022084] (web_control) StdoutLine: {'line': b'copying web/stream/webrtc/.venv/lib/python3.12/site-packages/pip/_internal/utils/unpacking.py -> /home/matthieu/ros2_ws/install/web_control/share/web_control/web/stream/webrtc/.venv/lib/python3.12/site-packages/pip/_internal/utils\n'}
[1.022151] (web_control) StdoutLine: {'line': b'copying web/stream/webrtc/.venv/lib/python3.12/site-packages/pip/_internal/utils/urls.py -> /home/matthieu/ros2_ws/install/web_control/share/web_control/web/stream/webrtc/.venv/lib/python3.12/site-packages/pip/_internal/utils\n'}
[1.022209] (web_control) StdoutLine: {'line': b'copying web/stream/webrtc/.venv/lib/python3.12/site-packages/pip/_internal/utils/datetime.py -> /home/matthieu/ros2_ws/install/web_control/share/web_control/web/stream/webrtc/.venv/lib/python3.12/site-packages/pip/_internal/utils\n'}
[1.022270] (web_control) StdoutLine: {'line': b'copying web/stream/webrtc/.venv/lib/python3.12/site-packages/pip/_internal/utils/hashes.py -> /home/matthieu/ros2_ws/install/web_control/share/web_control/web/stream/webrtc/.venv/lib/python3.12/site-packages/pip/_internal/utils\n'}
[1.022314] (web_control) StdoutLine: {'line': b'copying web/stream/webrtc/.venv/lib/python3.12/site-packages/pip/_internal/utils/subprocess.py -> /home/matthieu/ros2_ws/install/web_control/share/web_control/web/stream/webrtc/.venv/lib/python3.12/site-packages/pip/_internal/utils\n'}
[1.022371] (web_control) StdoutLine: {'line': b'copying web/stream/webrtc/.venv/lib/python3.12/site-packages/pip/_internal/utils/logging.py -> /home/matthieu/ros2_ws/install/web_control/share/web_control/web/stream/webrtc/.venv/lib/python3.12/site-packages/pip/_internal/utils\n'}
[1.022433] (web_control) StdoutLine: {'line': b'copying web/stream/webrtc/.venv/lib/python3.12/site-packages/pip/_internal/utils/entrypoints.py -> /home/matthieu/ros2_ws/install/web_control/share/web_control/web/stream/webrtc/.venv/lib/python3.12/site-packages/pip/_internal/utils\n'}
[1.022476] (web_control) StdoutLine: {'line': b'copying web/stream/webrtc/.venv/lib/python3.12/site-packages/pip/_internal/utils/misc.py -> /home/matthieu/ros2_ws/install/web_control/share/web_control/web/stream/webrtc/.venv/lib/python3.12/site-packages/pip/_internal/utils\n'}
[1.022532] (web_control) StdoutLine: {'line': b'copying web/stream/webrtc/.venv/lib/python3.12/site-packages/pip/_internal/utils/compatibility_tags.py -> /home/matthieu/ros2_ws/install/web_control/share/web_control/web/stream/webrtc/.venv/lib/python3.12/site-packages/pip/_internal/utils\n'}
[1.022589] (web_control) StdoutLine: {'line': b'copying web/stream/webrtc/.venv/lib/python3.12/site-packages/pip/_internal/utils/virtualenv.py -> /home/matthieu/ros2_ws/install/web_control/share/web_control/web/stream/webrtc/.venv/lib/python3.12/site-packages/pip/_internal/utils\n'}
[1.022644] (web_control) StdoutLine: {'line': b'copying web/stream/webrtc/.venv/lib/python3.12/site-packages/pip/_internal/utils/compat.py -> /home/matthieu/ros2_ws/install/web_control/share/web_control/web/stream/webrtc/.venv/lib/python3.12/site-packages/pip/_internal/utils\n'}
[1.022698] (web_control) StdoutLine: {'line': b'copying web/stream/webrtc/.venv/lib/python3.12/site-packages/pip/_internal/utils/models.py -> /home/matthieu/ros2_ws/install/web_control/share/web_control/web/stream/webrtc/.venv/lib/python3.12/site-packages/pip/_internal/utils\n'}
[1.022749] (web_control) StdoutLine: {'line': b'copying web/stream/webrtc/.venv/lib/python3.12/site-packages/pip/_internal/utils/filesystem.py -> /home/matthieu/ros2_ws/install/web_control/share/web_control/web/stream/webrtc/.venv/lib/python3.12/site-packages/pip/_internal/utils\n'}
[1.022805] (web_control) StdoutLine: {'line': b'copying web/stream/webrtc/.venv/lib/python3.12/site-packages/pip/_internal/utils/_jaraco_text.py -> /home/matthieu/ros2_ws/install/web_control/share/web_control/web/stream/webrtc/.venv/lib/python3.12/site-packages/pip/_internal/utils\n'}
[1.022862] (web_control) StdoutLine: {'line': b'copying web/stream/webrtc/.venv/lib/python3.12/site-packages/pip/_internal/utils/packaging.py -> /home/matthieu/ros2_ws/install/web_control/share/web_control/web/stream/webrtc/.venv/lib/python3.12/site-packages/pip/_internal/utils\n'}
[1.022924] (web_control) StdoutLine: {'line': b'copying web/stream/webrtc/.venv/lib/python3.12/site-packages/pip/_internal/utils/wheel.py -> /home/matthieu/ros2_ws/install/web_control/share/web_control/web/stream/webrtc/.venv/lib/python3.12/site-packages/pip/_internal/utils\n'}
[1.022967] (web_control) StdoutLine: {'line': b'copying web/stream/webrtc/.venv/lib/python3.12/site-packages/pip/_internal/utils/_log.py -> /home/matthieu/ros2_ws/install/web_control/share/web_control/web/stream/webrtc/.venv/lib/python3.12/site-packages/pip/_internal/utils\n'}
[1.023023] (web_control) StdoutLine: {'line': b'copying web/stream/webrtc/.venv/lib/python3.12/site-packages/pip/_internal/utils/egg_link.py -> /home/matthieu/ros2_ws/install/web_control/share/web_control/web/stream/webrtc/.venv/lib/python3.12/site-packages/pip/_internal/utils\n'}
[1.023102] (web_control) StdoutLine: {'line': b'copying web/stream/webrtc/.venv/lib/python3.12/site-packages/pip/_internal/utils/deprecation.py -> /home/matthieu/ros2_ws/install/web_control/share/web_control/web/stream/webrtc/.venv/lib/python3.12/site-packages/pip/_internal/utils\n'}
[1.023192] (web_control) StdoutLine: {'line': b'copying web/stream/webrtc/.venv/lib/python3.12/site-packages/pip/_internal/utils/__init__.py -> /home/matthieu/ros2_ws/install/web_control/share/web_control/web/stream/webrtc/.venv/lib/python3.12/site-packages/pip/_internal/utils\n'}
[1.023266] (web_control) StdoutLine: {'line': b'creating /home/matthieu/ros2_ws/install/web_control/share/web_control/web/stream/webrtc/.venv/lib/python3.12/site-packages/pip/_internal/utils/__pycache__\n'}
[1.023333] (web_control) StdoutLine: {'line': b'copying web/stream/webrtc/.venv/lib/python3.12/site-packages/pip/_internal/utils/__pycache__/entrypoints.cpython-312.pyc -> /home/matthieu/ros2_ws/install/web_control/share/web_control/web/stream/webrtc/.venv/lib/python3.12/site-packages/pip/_internal/utils/__pycache__\n'}
[1.023378] (web_control) StdoutLine: {'line': b'copying web/stream/webrtc/.venv/lib/python3.12/site-packages/pip/_internal/utils/__pycache__/misc.cpython-312.pyc -> /home/matthieu/ros2_ws/install/web_control/share/web_control/web/stream/webrtc/.venv/lib/python3.12/site-packages/pip/_internal/utils/__pycache__\n'}
[1.023422] (web_control) StdoutLine: {'line': b'copying web/stream/webrtc/.venv/lib/python3.12/site-packages/pip/_internal/utils/__pycache__/datetime.cpython-312.pyc -> /home/matthieu/ros2_ws/install/web_control/share/web_control/web/stream/webrtc/.venv/lib/python3.12/site-packages/pip/_internal/utils/__pycache__\n'}
[1.023482] (web_control) StdoutLine: {'line': b'copying web/stream/webrtc/.venv/lib/python3.12/site-packages/pip/_internal/utils/__pycache__/deprecation.cpython-312.pyc -> /home/matthieu/ros2_ws/install/web_control/share/web_control/web/stream/webrtc/.venv/lib/python3.12/site-packages/pip/_internal/utils/__pycache__\n'}
[1.023530] (web_control) StdoutLine: {'line': b'copying web/stream/webrtc/.venv/lib/python3.12/site-packages/pip/_internal/utils/__pycache__/temp_dir.cpython-312.pyc -> /home/matthieu/ros2_ws/install/web_control/share/web_control/web/stream/webrtc/.venv/lib/python3.12/site-packages/pip/_internal/utils/__pycache__\n'}
[1.023573] (web_control) StdoutLine: {'line': b'copying web/stream/webrtc/.venv/lib/python3.12/site-packages/pip/_internal/utils/__pycache__/virtualenv.cpython-312.pyc -> /home/matthieu/ros2_ws/install/web_control/share/web_control/web/stream/webrtc/.venv/lib/python3.12/site-packages/pip/_internal/utils/__pycache__\n'}
[1.023633] (web_control) StdoutLine: {'line': b'copying web/stream/webrtc/.venv/lib/python3.12/site-packages/pip/_internal/utils/__pycache__/glibc.cpython-312.pyc -> /home/matthieu/ros2_ws/install/web_control/share/web_control/web/stream/webrtc/.venv/lib/python3.12/site-packages/pip/_internal/utils/__pycache__\n'}
[1.023688] (web_control) StdoutLine: {'line': b'copying web/stream/webrtc/.venv/lib/python3.12/site-packages/pip/_internal/utils/__pycache__/direct_url_helpers.cpython-312.pyc -> /home/matthieu/ros2_ws/install/web_control/share/web_control/web/stream/webrtc/.venv/lib/python3.12/site-packages/pip/_internal/utils/__pycache__\n'}
[1.023733] (web_control) StdoutLine: {'line': b'copying web/stream/webrtc/.venv/lib/python3.12/site-packages/pip/_internal/utils/__pycache__/_log.cpython-312.pyc -> /home/matthieu/ros2_ws/install/web_control/share/web_control/web/stream/webrtc/.venv/lib/python3.12/site-packages/pip/_internal/utils/__pycache__\n'}
[1.023794] (web_control) StdoutLine: {'line': b'copying web/stream/webrtc/.venv/lib/python3.12/site-packages/pip/_internal/utils/__pycache__/models.cpython-312.pyc -> /home/matthieu/ros2_ws/install/web_control/share/web_control/web/stream/webrtc/.venv/lib/python3.12/site-packages/pip/_internal/utils/__pycache__\n'}
[1.023840] (web_control) StdoutLine: {'line': b'copying web/stream/webrtc/.venv/lib/python3.12/site-packages/pip/_internal/utils/__pycache__/setuptools_build.cpython-312.pyc -> /home/matthieu/ros2_ws/install/web_control/share/web_control/web/stream/webrtc/.venv/lib/python3.12/site-packages/pip/_internal/utils/__pycache__\n'}
[1.023901] (web_control) StdoutLine: {'line': b'copying web/stream/webrtc/.venv/lib/python3.12/site-packages/pip/_internal/utils/__pycache__/packaging.cpython-312.pyc -> /home/matthieu/ros2_ws/install/web_control/share/web_control/web/stream/webrtc/.venv/lib/python3.12/site-packages/pip/_internal/utils/__pycache__\n'}
[1.023945] (web_control) StdoutLine: {'line': b'copying web/stream/webrtc/.venv/lib/python3.12/site-packages/pip/_internal/utils/__pycache__/wheel.cpython-312.pyc -> /home/matthieu/ros2_ws/install/web_control/share/web_control/web/stream/webrtc/.venv/lib/python3.12/site-packages/pip/_internal/utils/__pycache__\n'}
[1.024004] (web_control) StdoutLine: {'line': b'copying web/stream/webrtc/.venv/lib/python3.12/site-packages/pip/_internal/utils/__pycache__/logging.cpython-312.pyc -> /home/matthieu/ros2_ws/install/web_control/share/web_control/web/stream/webrtc/.venv/lib/python3.12/site-packages/pip/_internal/utils/__pycache__\n'}
[1.024061] (web_control) StdoutLine: {'line': b'copying web/stream/webrtc/.venv/lib/python3.12/site-packages/pip/_internal/utils/__pycache__/encoding.cpython-312.pyc -> /home/matthieu/ros2_ws/install/web_control/share/web_control/web/stream/webrtc/.venv/lib/python3.12/site-packages/pip/_internal/utils/__pycache__\n'}
[1.024118] (web_control) StdoutLine: {'line': b'copying web/stream/webrtc/.venv/lib/python3.12/site-packages/pip/_internal/utils/__pycache__/hashes.cpython-312.pyc -> /home/matthieu/ros2_ws/install/web_control/share/web_control/web/stream/webrtc/.venv/lib/python3.12/site-packages/pip/_internal/utils/__pycache__\n'}
[1.024175] (web_control) StdoutLine: {'line': b'copying web/stream/webrtc/.venv/lib/python3.12/site-packages/pip/_internal/utils/__pycache__/urls.cpython-312.pyc -> /home/matthieu/ros2_ws/install/web_control/share/web_control/web/stream/webrtc/.venv/lib/python3.12/site-packages/pip/_internal/utils/__pycache__\n'}
[1.024222] (web_control) StdoutLine: {'line': b'copying web/stream/webrtc/.venv/lib/python3.12/site-packages/pip/_internal/utils/__pycache__/appdirs.cpython-312.pyc -> /home/matthieu/ros2_ws/install/web_control/share/web_control/web/stream/webrtc/.venv/lib/python3.12/site-packages/pip/_internal/utils/__pycache__\n'}
[1.024283] (web_control) StdoutLine: {'line': b'copying web/stream/webrtc/.venv/lib/python3.12/site-packages/pip/_internal/utils/__pycache__/__init__.cpython-312.pyc -> /home/matthieu/ros2_ws/install/web_control/share/web_control/web/stream/webrtc/.venv/lib/python3.12/site-packages/pip/_internal/utils/__pycache__\n'}
[1.024327] (web_control) StdoutLine: {'line': b'copying web/stream/webrtc/.venv/lib/python3.12/site-packages/pip/_internal/utils/__pycache__/unpacking.cpython-312.pyc -> /home/matthieu/ros2_ws/install/web_control/share/web_control/web/stream/webrtc/.venv/lib/python3.12/site-packages/pip/_internal/utils/__pycache__\n'}
[1.024387] (web_control) StdoutLine: {'line': b'copying web/stream/webrtc/.venv/lib/python3.12/site-packages/pip/_internal/utils/__pycache__/egg_link.cpython-312.pyc -> /home/matthieu/ros2_ws/install/web_control/share/web_control/web/stream/webrtc/.venv/lib/python3.12/site-packages/pip/_internal/utils/__pycache__\n'}
[1.024440] (web_control) StdoutLine: {'line': b'copying web/stream/webrtc/.venv/lib/python3.12/site-packages/pip/_internal/utils/__pycache__/subprocess.cpython-312.pyc -> /home/matthieu/ros2_ws/install/web_control/share/web_control/web/stream/webrtc/.venv/lib/python3.12/site-packages/pip/_internal/utils/__pycache__\n'}
[1.024492] (web_control) StdoutLine: {'line': b'copying web/stream/webrtc/.venv/lib/python3.12/site-packages/pip/_internal/utils/__pycache__/filetypes.cpython-312.pyc -> /home/matthieu/ros2_ws/install/web_control/share/web_control/web/stream/webrtc/.venv/lib/python3.12/site-packages/pip/_internal/utils/__pycache__\n'}
[1.024535] (web_control) StdoutLine: {'line': b'copying web/stream/webrtc/.venv/lib/python3.12/site-packages/pip/_internal/utils/__pycache__/compatibility_tags.cpython-312.pyc -> /home/matthieu/ros2_ws/install/web_control/share/web_control/web/stream/webrtc/.venv/lib/python3.12/site-packages/pip/_internal/utils/__pycache__\n'}
[1.024594] (web_control) StdoutLine: {'line': b'copying web/stream/webrtc/.venv/lib/python3.12/site-packages/pip/_internal/utils/__pycache__/compat.cpython-312.pyc -> /home/matthieu/ros2_ws/install/web_control/share/web_control/web/stream/webrtc/.venv/lib/python3.12/site-packages/pip/_internal/utils/__pycache__\n'}
[1.024645] (web_control) StdoutLine: {'line': b'copying web/stream/webrtc/.venv/lib/python3.12/site-packages/pip/_internal/utils/__pycache__/filesystem.cpython-312.pyc -> /home/matthieu/ros2_ws/install/web_control/share/web_control/web/stream/webrtc/.venv/lib/python3.12/site-packages/pip/_internal/utils/__pycache__\n'}
[1.024688] (web_control) StdoutLine: {'line': b'copying web/stream/webrtc/.venv/lib/python3.12/site-packages/pip/_internal/utils/__pycache__/_jaraco_text.cpython-312.pyc -> /home/matthieu/ros2_ws/install/web_control/share/web_control/web/stream/webrtc/.venv/lib/python3.12/site-packages/pip/_internal/utils/__pycache__\n'}
[1.024748] (web_control) StdoutLine: {'line': b'creating /home/matthieu/ros2_ws/install/web_control/share/web_control/web/stream/webrtc/.venv/lib/python3.12/site-packages/pip/_internal/index\n'}
[1.024790] (web_control) StdoutLine: {'line': b'copying web/stream/webrtc/.venv/lib/python3.12/site-packages/pip/_internal/index/collector.py -> /home/matthieu/ros2_ws/install/web_control/share/web_control/web/stream/webrtc/.venv/lib/python3.12/site-packages/pip/_internal/index\n'}
[1.024846] (web_control) StdoutLine: {'line': b'copying web/stream/webrtc/.venv/lib/python3.12/site-packages/pip/_internal/index/package_finder.py -> /home/matthieu/ros2_ws/install/web_control/share/web_control/web/stream/webrtc/.venv/lib/python3.12/site-packages/pip/_internal/index\n'}
[1.024904] (web_control) StdoutLine: {'line': b'copying web/stream/webrtc/.venv/lib/python3.12/site-packages/pip/_internal/index/sources.py -> /home/matthieu/ros2_ws/install/web_control/share/web_control/web/stream/webrtc/.venv/lib/python3.12/site-packages/pip/_internal/index\n'}
[1.024959] (web_control) StdoutLine: {'line': b'copying web/stream/webrtc/.venv/lib/python3.12/site-packages/pip/_internal/index/__init__.py -> /home/matthieu/ros2_ws/install/web_control/share/web_control/web/stream/webrtc/.venv/lib/python3.12/site-packages/pip/_internal/index\n'}
[1.025020] (web_control) StdoutLine: {'line': b'creating /home/matthieu/ros2_ws/install/web_control/share/web_control/web/stream/webrtc/.venv/lib/python3.12/site-packages/pip/_internal/index/__pycache__\n'}
[1.025062] (web_control) StdoutLine: {'line': b'copying web/stream/webrtc/.venv/lib/python3.12/site-packages/pip/_internal/index/__pycache__/sources.cpython-312.pyc -> /home/matthieu/ros2_ws/install/web_control/share/web_control/web/stream/webrtc/.venv/lib/python3.12/site-packages/pip/_internal/index/__pycache__\n'}
[1.025117] (web_control) StdoutLine: {'line': b'copying web/stream/webrtc/.venv/lib/python3.12/site-packages/pip/_internal/index/__pycache__/__init__.cpython-312.pyc -> /home/matthieu/ros2_ws/install/web_control/share/web_control/web/stream/webrtc/.venv/lib/python3.12/site-packages/pip/_internal/index/__pycache__\n'}
[1.025175] (web_control) StdoutLine: {'line': b'copying web/stream/webrtc/.venv/lib/python3.12/site-packages/pip/_internal/index/__pycache__/package_finder.cpython-312.pyc -> /home/matthieu/ros2_ws/install/web_control/share/web_control/web/stream/webrtc/.venv/lib/python3.12/site-packages/pip/_internal/index/__pycache__\n'}
[1.025238] (web_control) StdoutLine: {'line': b'copying web/stream/webrtc/.venv/lib/python3.12/site-packages/pip/_internal/index/__pycache__/collector.cpython-312.pyc -> /home/matthieu/ros2_ws/install/web_control/share/web_control/web/stream/webrtc/.venv/lib/python3.12/site-packages/pip/_internal/index/__pycache__\n'}
[1.025293] (web_control) StdoutLine: {'line': b'creating /home/matthieu/ros2_ws/install/web_control/share/web_control/web/stream/webrtc/.venv/lib/python3.12/site-packages/pip/_internal/vcs\n'}
[1.025346] (web_control) StdoutLine: {'line': b'copying web/stream/webrtc/.venv/lib/python3.12/site-packages/pip/_internal/vcs/git.py -> /home/matthieu/ros2_ws/install/web_control/share/web_control/web/stream/webrtc/.venv/lib/python3.12/site-packages/pip/_internal/vcs\n'}
[1.025401] (web_control) StdoutLine: {'line': b'copying web/stream/webrtc/.venv/lib/python3.12/site-packages/pip/_internal/vcs/versioncontrol.py -> /home/matthieu/ros2_ws/install/web_control/share/web_control/web/stream/webrtc/.venv/lib/python3.12/site-packages/pip/_internal/vcs\n'}
[1.025456] (web_control) StdoutLine: {'line': b'copying web/stream/webrtc/.venv/lib/python3.12/site-packages/pip/_internal/vcs/mercurial.py -> /home/matthieu/ros2_ws/install/web_control/share/web_control/web/stream/webrtc/.venv/lib/python3.12/site-packages/pip/_internal/vcs\n'}
[1.025509] (web_control) StdoutLine: {'line': b'copying web/stream/webrtc/.venv/lib/python3.12/site-packages/pip/_internal/vcs/bazaar.py -> /home/matthieu/ros2_ws/install/web_control/share/web_control/web/stream/webrtc/.venv/lib/python3.12/site-packages/pip/_internal/vcs\n'}
[1.025565] (web_control) StdoutLine: {'line': b'copying web/stream/webrtc/.venv/lib/python3.12/site-packages/pip/_internal/vcs/subversion.py -> /home/matthieu/ros2_ws/install/web_control/share/web_control/web/stream/webrtc/.venv/lib/python3.12/site-packages/pip/_internal/vcs\n'}
[1.025620] (web_control) StdoutLine: {'line': b'copying web/stream/webrtc/.venv/lib/python3.12/site-packages/pip/_internal/vcs/__init__.py -> /home/matthieu/ros2_ws/install/web_control/share/web_control/web/stream/webrtc/.venv/lib/python3.12/site-packages/pip/_internal/vcs\n'}
[1.025674] (web_control) StdoutLine: {'line': b'creating /home/matthieu/ros2_ws/install/web_control/share/web_control/web/stream/webrtc/.venv/lib/python3.12/site-packages/pip/_internal/vcs/__pycache__\n'}
[1.025733] (web_control) StdoutLine: {'line': b'copying web/stream/webrtc/.venv/lib/python3.12/site-packages/pip/_internal/vcs/__pycache__/mercurial.cpython-312.pyc -> /home/matthieu/ros2_ws/install/web_control/share/web_control/web/stream/webrtc/.venv/lib/python3.12/site-packages/pip/_internal/vcs/__pycache__\n'}
[1.025789] (web_control) StdoutLine: {'line': b'copying web/stream/webrtc/.venv/lib/python3.12/site-packages/pip/_internal/vcs/__pycache__/subversion.cpython-312.pyc -> /home/matthieu/ros2_ws/install/web_control/share/web_control/web/stream/webrtc/.venv/lib/python3.12/site-packages/pip/_internal/vcs/__pycache__\n'}
[1.025845] (web_control) StdoutLine: {'line': b'copying web/stream/webrtc/.venv/lib/python3.12/site-packages/pip/_internal/vcs/__pycache__/versioncontrol.cpython-312.pyc -> /home/matthieu/ros2_ws/install/web_control/share/web_control/web/stream/webrtc/.venv/lib/python3.12/site-packages/pip/_internal/vcs/__pycache__\n'}
[1.025903] (web_control) StdoutLine: {'line': b'copying web/stream/webrtc/.venv/lib/python3.12/site-packages/pip/_internal/vcs/__pycache__/__init__.cpython-312.pyc -> /home/matthieu/ros2_ws/install/web_control/share/web_control/web/stream/webrtc/.venv/lib/python3.12/site-packages/pip/_internal/vcs/__pycache__\n'}
[1.025959] (web_control) StdoutLine: {'line': b'copying web/stream/webrtc/.venv/lib/python3.12/site-packages/pip/_internal/vcs/__pycache__/git.cpython-312.pyc -> /home/matthieu/ros2_ws/install/web_control/share/web_control/web/stream/webrtc/.venv/lib/python3.12/site-packages/pip/_internal/vcs/__pycache__\n'}
[1.026015] (web_control) StdoutLine: {'line': b'copying web/stream/webrtc/.venv/lib/python3.12/site-packages/pip/_internal/vcs/__pycache__/bazaar.cpython-312.pyc -> /home/matthieu/ros2_ws/install/web_control/share/web_control/web/stream/webrtc/.venv/lib/python3.12/site-packages/pip/_internal/vcs/__pycache__\n'}
[1.026072] (web_control) StdoutLine: {'line': b'creating /home/matthieu/ros2_ws/install/web_control/share/web_control/web/stream/webrtc/.venv/lib/python3.12/site-packages/pip/_internal/commands\n'}
[1.026139] (web_control) StdoutLine: {'line': b'copying web/stream/webrtc/.venv/lib/python3.12/site-packages/pip/_internal/commands/configuration.py -> /home/matthieu/ros2_ws/install/web_control/share/web_control/web/stream/webrtc/.venv/lib/python3.12/site-packages/pip/_internal/commands\n'}
[1.026199] (web_control) StdoutLine: {'line': b'copying web/stream/webrtc/.venv/lib/python3.12/site-packages/pip/_internal/commands/install.py -> /home/matthieu/ros2_ws/install/web_control/share/web_control/web/stream/webrtc/.venv/lib/python3.12/site-packages/pip/_internal/commands\n'}
[1.026258] (web_control) StdoutLine: {'line': b'copying web/stream/webrtc/.venv/lib/python3.12/site-packages/pip/_internal/commands/inspect.py -> /home/matthieu/ros2_ws/install/web_control/share/web_control/web/stream/webrtc/.venv/lib/python3.12/site-packages/pip/_internal/commands\n'}
[1.026313] (web_control) StdoutLine: {'line': b'copying web/stream/webrtc/.venv/lib/python3.12/site-packages/pip/_internal/commands/debug.py -> /home/matthieu/ros2_ws/install/web_control/share/web_control/web/stream/webrtc/.venv/lib/python3.12/site-packages/pip/_internal/commands\n'}
[1.026370] (web_control) StdoutLine: {'line': b'copying web/stream/webrtc/.venv/lib/python3.12/site-packages/pip/_internal/commands/list.py -> /home/matthieu/ros2_ws/install/web_control/share/web_control/web/stream/webrtc/.venv/lib/python3.12/site-packages/pip/_internal/commands\n'}
[1.026428] (web_control) StdoutLine: {'line': b'copying web/stream/webrtc/.venv/lib/python3.12/site-packages/pip/_internal/commands/cache.py -> /home/matthieu/ros2_ws/install/web_control/share/web_control/web/stream/webrtc/.venv/lib/python3.12/site-packages/pip/_internal/commands\n'}
[1.026487] (web_control) StdoutLine: {'line': b'copying web/stream/webrtc/.venv/lib/python3.12/site-packages/pip/_internal/commands/freeze.py -> /home/matthieu/ros2_ws/install/web_control/share/web_control/web/stream/webrtc/.venv/lib/python3.12/site-packages/pip/_internal/commands\n'}
[1.026542] (web_control) StdoutLine: {'line': b'copying web/stream/webrtc/.venv/lib/python3.12/site-packages/pip/_internal/commands/index.py -> /home/matthieu/ros2_ws/install/web_control/share/web_control/web/stream/webrtc/.venv/lib/python3.12/site-packages/pip/_internal/commands\n'}
[1.026602] (web_control) StdoutLine: {'line': b'copying web/stream/webrtc/.venv/lib/python3.12/site-packages/pip/_internal/commands/uninstall.py -> /home/matthieu/ros2_ws/install/web_control/share/web_control/web/stream/webrtc/.venv/lib/python3.12/site-packages/pip/_internal/commands\n'}
[1.026646] (web_control) StdoutLine: {'line': b'copying web/stream/webrtc/.venv/lib/python3.12/site-packages/pip/_internal/commands/check.py -> /home/matthieu/ros2_ws/install/web_control/share/web_control/web/stream/webrtc/.venv/lib/python3.12/site-packages/pip/_internal/commands\n'}
[1.026701] (web_control) StdoutLine: {'line': b'copying web/stream/webrtc/.venv/lib/python3.12/site-packages/pip/_internal/commands/help.py -> /home/matthieu/ros2_ws/install/web_control/share/web_control/web/stream/webrtc/.venv/lib/python3.12/site-packages/pip/_internal/commands\n'}
[1.026759] (web_control) StdoutLine: {'line': b'copying web/stream/webrtc/.venv/lib/python3.12/site-packages/pip/_internal/commands/show.py -> /home/matthieu/ros2_ws/install/web_control/share/web_control/web/stream/webrtc/.venv/lib/python3.12/site-packages/pip/_internal/commands\n'}
[1.026821] (web_control) StdoutLine: {'line': b'copying web/stream/webrtc/.venv/lib/python3.12/site-packages/pip/_internal/commands/hash.py -> /home/matthieu/ros2_ws/install/web_control/share/web_control/web/stream/webrtc/.venv/lib/python3.12/site-packages/pip/_internal/commands\n'}
[1.026864] (web_control) StdoutLine: {'line': b'copying web/stream/webrtc/.venv/lib/python3.12/site-packages/pip/_internal/commands/wheel.py -> /home/matthieu/ros2_ws/install/web_control/share/web_control/web/stream/webrtc/.venv/lib/python3.12/site-packages/pip/_internal/commands\n'}
[1.026920] (web_control) StdoutLine: {'line': b'copying web/stream/webrtc/.venv/lib/python3.12/site-packages/pip/_internal/commands/completion.py -> /home/matthieu/ros2_ws/install/web_control/share/web_control/web/stream/webrtc/.venv/lib/python3.12/site-packages/pip/_internal/commands\n'}
[1.026987] (web_control) StdoutLine: {'line': b'copying web/stream/webrtc/.venv/lib/python3.12/site-packages/pip/_internal/commands/search.py -> /home/matthieu/ros2_ws/install/web_control/share/web_control/web/stream/webrtc/.venv/lib/python3.12/site-packages/pip/_internal/commands\n'}
[1.027058] (web_control) StdoutLine: {'line': b'copying web/stream/webrtc/.venv/lib/python3.12/site-packages/pip/_internal/commands/download.py -> /home/matthieu/ros2_ws/install/web_control/share/web_control/web/stream/webrtc/.venv/lib/python3.12/site-packages/pip/_internal/commands\n'}
[1.027136] (web_control) StdoutLine: {'line': b'copying web/stream/webrtc/.venv/lib/python3.12/site-packages/pip/_internal/commands/__init__.py -> /home/matthieu/ros2_ws/install/web_control/share/web_control/web/stream/webrtc/.venv/lib/python3.12/site-packages/pip/_internal/commands\n'}
[1.027185] (web_control) StdoutLine: {'line': b'creating /home/matthieu/ros2_ws/install/web_control/share/web_control/web/stream/webrtc/.venv/lib/python3.12/site-packages/pip/_internal/commands/__pycache__\n'}
[1.027248] (web_control) StdoutLine: {'line': b'copying web/stream/webrtc/.venv/lib/python3.12/site-packages/pip/_internal/commands/__pycache__/inspect.cpython-312.pyc -> /home/matthieu/ros2_ws/install/web_control/share/web_control/web/stream/webrtc/.venv/lib/python3.12/site-packages/pip/_internal/commands/__pycache__\n'}
[1.027296] (web_control) StdoutLine: {'line': b'copying web/stream/webrtc/.venv/lib/python3.12/site-packages/pip/_internal/commands/__pycache__/show.cpython-312.pyc -> /home/matthieu/ros2_ws/install/web_control/share/web_control/web/stream/webrtc/.venv/lib/python3.12/site-packages/pip/_internal/commands/__pycache__\n'}
[1.027356] (web_control) StdoutLine: {'line': b'copying web/stream/webrtc/.venv/lib/python3.12/site-packages/pip/_internal/commands/__pycache__/index.cpython-312.pyc -> /home/matthieu/ros2_ws/install/web_control/share/web_control/web/stream/webrtc/.venv/lib/python3.12/site-packages/pip/_internal/commands/__pycache__\n'}
[1.027403] (web_control) StdoutLine: {'line': b'copying web/stream/webrtc/.venv/lib/python3.12/site-packages/pip/_internal/commands/__pycache__/install.cpython-312.pyc -> /home/matthieu/ros2_ws/install/web_control/share/web_control/web/stream/webrtc/.venv/lib/python3.12/site-packages/pip/_internal/commands/__pycache__\n'}
[1.027462] (web_control) StdoutLine: {'line': b'copying web/stream/webrtc/.venv/lib/python3.12/site-packages/pip/_internal/commands/__pycache__/completion.cpython-312.pyc -> /home/matthieu/ros2_ws/install/web_control/share/web_control/web/stream/webrtc/.venv/lib/python3.12/site-packages/pip/_internal/commands/__pycache__\n'}
[1.027522] (web_control) StdoutLine: {'line': b'copying web/stream/webrtc/.venv/lib/python3.12/site-packages/pip/_internal/commands/__pycache__/download.cpython-312.pyc -> /home/matthieu/ros2_ws/install/web_control/share/web_control/web/stream/webrtc/.venv/lib/python3.12/site-packages/pip/_internal/commands/__pycache__\n'}
[1.027584] (web_control) StdoutLine: {'line': b'copying web/stream/webrtc/.venv/lib/python3.12/site-packages/pip/_internal/commands/__pycache__/hash.cpython-312.pyc -> /home/matthieu/ros2_ws/install/web_control/share/web_control/web/stream/webrtc/.venv/lib/python3.12/site-packages/pip/_internal/commands/__pycache__\n'}
[1.027628] (web_control) StdoutLine: {'line': b'copying web/stream/webrtc/.venv/lib/python3.12/site-packages/pip/_internal/commands/__pycache__/wheel.cpython-312.pyc -> /home/matthieu/ros2_ws/install/web_control/share/web_control/web/stream/webrtc/.venv/lib/python3.12/site-packages/pip/_internal/commands/__pycache__\n'}
[1.027689] (web_control) StdoutLine: {'line': b'copying web/stream/webrtc/.venv/lib/python3.12/site-packages/pip/_internal/commands/__pycache__/check.cpython-312.pyc -> /home/matthieu/ros2_ws/install/web_control/share/web_control/web/stream/webrtc/.venv/lib/python3.12/site-packages/pip/_internal/commands/__pycache__\n'}
[1.027732] (web_control) StdoutLine: {'line': b'copying web/stream/webrtc/.venv/lib/python3.12/site-packages/pip/_internal/commands/__pycache__/search.cpython-312.pyc -> /home/matthieu/ros2_ws/install/web_control/share/web_control/web/stream/webrtc/.venv/lib/python3.12/site-packages/pip/_internal/commands/__pycache__\n'}
[1.027790] (web_control) StdoutLine: {'line': b'copying web/stream/webrtc/.venv/lib/python3.12/site-packages/pip/_internal/commands/__pycache__/debug.cpython-312.pyc -> /home/matthieu/ros2_ws/install/web_control/share/web_control/web/stream/webrtc/.venv/lib/python3.12/site-packages/pip/_internal/commands/__pycache__\n'}
[1.027850] (web_control) StdoutLine: {'line': b'copying web/stream/webrtc/.venv/lib/python3.12/site-packages/pip/_internal/commands/__pycache__/help.cpython-312.pyc -> /home/matthieu/ros2_ws/install/web_control/share/web_control/web/stream/webrtc/.venv/lib/python3.12/site-packages/pip/_internal/commands/__pycache__\n'}
[1.027910] (web_control) StdoutLine: {'line': b'copying web/stream/webrtc/.venv/lib/python3.12/site-packages/pip/_internal/commands/__pycache__/uninstall.cpython-312.pyc -> /home/matthieu/ros2_ws/install/web_control/share/web_control/web/stream/webrtc/.venv/lib/python3.12/site-packages/pip/_internal/commands/__pycache__\n'}
[1.027954] (web_control) StdoutLine: {'line': b'copying web/stream/webrtc/.venv/lib/python3.12/site-packages/pip/_internal/commands/__pycache__/configuration.cpython-312.pyc -> /home/matthieu/ros2_ws/install/web_control/share/web_control/web/stream/webrtc/.venv/lib/python3.12/site-packages/pip/_internal/commands/__pycache__\n'}
[1.028011] (web_control) StdoutLine: {'line': b'copying web/stream/webrtc/.venv/lib/python3.12/site-packages/pip/_internal/commands/__pycache__/cache.cpython-312.pyc -> /home/matthieu/ros2_ws/install/web_control/share/web_control/web/stream/webrtc/.venv/lib/python3.12/site-packages/pip/_internal/commands/__pycache__\n'}
[1.028065] (web_control) StdoutLine: {'line': b'copying web/stream/webrtc/.venv/lib/python3.12/site-packages/pip/_internal/commands/__pycache__/__init__.cpython-312.pyc -> /home/matthieu/ros2_ws/install/web_control/share/web_control/web/stream/webrtc/.venv/lib/python3.12/site-packages/pip/_internal/commands/__pycache__\n'}
[1.028128] (web_control) StdoutLine: {'line': b'copying web/stream/webrtc/.venv/lib/python3.12/site-packages/pip/_internal/commands/__pycache__/list.cpython-312.pyc -> /home/matthieu/ros2_ws/install/web_control/share/web_control/web/stream/webrtc/.venv/lib/python3.12/site-packages/pip/_internal/commands/__pycache__\n'}
[1.028181] (web_control) StdoutLine: {'line': b'copying web/stream/webrtc/.venv/lib/python3.12/site-packages/pip/_internal/commands/__pycache__/freeze.cpython-312.pyc -> /home/matthieu/ros2_ws/install/web_control/share/web_control/web/stream/webrtc/.venv/lib/python3.12/site-packages/pip/_internal/commands/__pycache__\n'}
[1.028242] (web_control) StdoutLine: {'line': b'creating /home/matthieu/ros2_ws/install/web_control/share/web_control/web/stream/webrtc/.venv/lib/python3.12/site-packages/pip/__pycache__\n'}
[1.028288] (web_control) StdoutLine: {'line': b'copying web/stream/webrtc/.venv/lib/python3.12/site-packages/pip/__pycache__/__main__.cpython-312.pyc -> /home/matthieu/ros2_ws/install/web_control/share/web_control/web/stream/webrtc/.venv/lib/python3.12/site-packages/pip/__pycache__\n'}
[1.028348] (web_control) StdoutLine: {'line': b'copying web/stream/webrtc/.venv/lib/python3.12/site-packages/pip/__pycache__/__init__.cpython-312.pyc -> /home/matthieu/ros2_ws/install/web_control/share/web_control/web/stream/webrtc/.venv/lib/python3.12/site-packages/pip/__pycache__\n'}
[1.028394] (web_control) StdoutLine: {'line': b'copying web/stream/webrtc/.venv/lib/python3.12/site-packages/pip/__pycache__/__pip-runner__.cpython-312.pyc -> /home/matthieu/ros2_ws/install/web_control/share/web_control/web/stream/webrtc/.venv/lib/python3.12/site-packages/pip/__pycache__\n'}
[1.028456] (web_control) StdoutLine: {'line': b'creating /home/matthieu/ros2_ws/install/web_control/share/web_control/web/stream/webrtc/.venv/lib/python3.12/site-packages/ifaddr-0.2.0.dist-info\n'}
[1.028501] (web_control) StdoutLine: {'line': b'copying web/stream/webrtc/.venv/lib/python3.12/site-packages/ifaddr-0.2.0.dist-info/WHEEL -> /home/matthieu/ros2_ws/install/web_control/share/web_control/web/stream/webrtc/.venv/lib/python3.12/site-packages/ifaddr-0.2.0.dist-info\n'}
[1.028562] (web_control) StdoutLine: {'line': b'copying web/stream/webrtc/.venv/lib/python3.12/site-packages/ifaddr-0.2.0.dist-info/RECORD -> /home/matthieu/ros2_ws/install/web_control/share/web_control/web/stream/webrtc/.venv/lib/python3.12/site-packages/ifaddr-0.2.0.dist-info\n'}
[1.028608] (web_control) StdoutLine: {'line': b'copying web/stream/webrtc/.venv/lib/python3.12/site-packages/ifaddr-0.2.0.dist-info/INSTALLER -> /home/matthieu/ros2_ws/install/web_control/share/web_control/web/stream/webrtc/.venv/lib/python3.12/site-packages/ifaddr-0.2.0.dist-info\n'}
[1.028668] (web_control) StdoutLine: {'line': b'copying web/stream/webrtc/.venv/lib/python3.12/site-packages/ifaddr-0.2.0.dist-info/LICENSE.txt -> /home/matthieu/ros2_ws/install/web_control/share/web_control/web/stream/webrtc/.venv/lib/python3.12/site-packages/ifaddr-0.2.0.dist-info\n'}
[1.028714] (web_control) StdoutLine: {'line': b'copying web/stream/webrtc/.venv/lib/python3.12/site-packages/ifaddr-0.2.0.dist-info/top_level.txt -> /home/matthieu/ros2_ws/install/web_control/share/web_control/web/stream/webrtc/.venv/lib/python3.12/site-packages/ifaddr-0.2.0.dist-info\n'}
[1.028773] (web_control) StdoutLine: {'line': b'copying web/stream/webrtc/.venv/lib/python3.12/site-packages/ifaddr-0.2.0.dist-info/METADATA -> /home/matthieu/ros2_ws/install/web_control/share/web_control/web/stream/webrtc/.venv/lib/python3.12/site-packages/ifaddr-0.2.0.dist-info\n'}
[1.028834] (web_control) StdoutLine: {'line': b'creating /home/matthieu/ros2_ws/install/web_control/share/web_control/web/stream/webrtc/.venv/lib/python3.12/site-packages/aiortc\n'}
[1.028884] (web_control) StdoutLine: {'line': b'copying web/stream/webrtc/.venv/lib/python3.12/site-packages/aiortc/stats.py -> /home/matthieu/ros2_ws/install/web_control/share/web_control/web/stream/webrtc/.venv/lib/python3.12/site-packages/aiortc\n'}
[1.028946] (web_control) StdoutLine: {'line': b'copying web/stream/webrtc/.venv/lib/python3.12/site-packages/aiortc/rtcicetransport.py -> /home/matthieu/ros2_ws/install/web_control/share/web_control/web/stream/webrtc/.venv/lib/python3.12/site-packages/aiortc\n'}
[1.028992] (web_control) StdoutLine: {'line': b'copying web/stream/webrtc/.venv/lib/python3.12/site-packages/aiortc/rtcdtlstransport.py -> /home/matthieu/ros2_ws/install/web_control/share/web_control/web/stream/webrtc/.venv/lib/python3.12/site-packages/aiortc\n'}
[1.029053] (web_control) StdoutLine: {'line': b'copying web/stream/webrtc/.venv/lib/python3.12/site-packages/aiortc/rtcrtpparameters.py -> /home/matthieu/ros2_ws/install/web_control/share/web_control/web/stream/webrtc/.venv/lib/python3.12/site-packages/aiortc\n'}
[1.029112] (web_control) StdoutLine: {'line': b'copying web/stream/webrtc/.venv/lib/python3.12/site-packages/aiortc/rtcsessiondescription.py -> /home/matthieu/ros2_ws/install/web_control/share/web_control/web/stream/webrtc/.venv/lib/python3.12/site-packages/aiortc\n'}
[1.029159] (web_control) StdoutLine: {'line': b'copying web/stream/webrtc/.venv/lib/python3.12/site-packages/aiortc/rtcconfiguration.py -> /home/matthieu/ros2_ws/install/web_control/share/web_control/web/stream/webrtc/.venv/lib/python3.12/site-packages/aiortc\n'}
[1.029222] (web_control) StdoutLine: {'line': b'copying web/stream/webrtc/.venv/lib/python3.12/site-packages/aiortc/rtcrtptransceiver.py -> /home/matthieu/ros2_ws/install/web_control/share/web_control/web/stream/webrtc/.venv/lib/python3.12/site-packages/aiortc\n'}
[1.029268] (web_control) StdoutLine: {'line': b'copying web/stream/webrtc/.venv/lib/python3.12/site-packages/aiortc/rtcdatachannel.py -> /home/matthieu/ros2_ws/install/web_control/share/web_control/web/stream/webrtc/.venv/lib/python3.12/site-packages/aiortc\n'}
[1.029330] (web_control) StdoutLine: {'line': b'copying web/stream/webrtc/.venv/lib/python3.12/site-packages/aiortc/events.py -> /home/matthieu/ros2_ws/install/web_control/share/web_control/web/stream/webrtc/.venv/lib/python3.12/site-packages/aiortc\n'}
[1.029376] (web_control) StdoutLine: {'line': b'copying web/stream/webrtc/.venv/lib/python3.12/site-packages/aiortc/rtp.py -> /home/matthieu/ros2_ws/install/web_control/share/web_control/web/stream/webrtc/.venv/lib/python3.12/site-packages/aiortc\n'}
[1.029431] (web_control) StdoutLine: {'line': b'copying web/stream/webrtc/.venv/lib/python3.12/site-packages/aiortc/rtcsctptransport.py -> /home/matthieu/ros2_ws/install/web_control/share/web_control/web/stream/webrtc/.venv/lib/python3.12/site-packages/aiortc\n'}
[1.029490] (web_control) StdoutLine: {'line': b'copying web/stream/webrtc/.venv/lib/python3.12/site-packages/aiortc/mediastreams.py -> /home/matthieu/ros2_ws/install/web_control/share/web_control/web/stream/webrtc/.venv/lib/python3.12/site-packages/aiortc\n'}
[1.029551] (web_control) StdoutLine: {'line': b'copying web/stream/webrtc/.venv/lib/python3.12/site-packages/aiortc/clock.py -> /home/matthieu/ros2_ws/install/web_control/share/web_control/web/stream/webrtc/.venv/lib/python3.12/site-packages/aiortc\n'}
[1.029595] (web_control) StdoutLine: {'line': b'copying web/stream/webrtc/.venv/lib/python3.12/site-packages/aiortc/jitterbuffer.py -> /home/matthieu/ros2_ws/install/web_control/share/web_control/web/stream/webrtc/.venv/lib/python3.12/site-packages/aiortc\n'}
[1.029651] (web_control) StdoutLine: {'line': b'copying web/stream/webrtc/.venv/lib/python3.12/site-packages/aiortc/sdp.py -> /home/matthieu/ros2_ws/install/web_control/share/web_control/web/stream/webrtc/.venv/lib/python3.12/site-packages/aiortc\n'}
[1.029708] (web_control) StdoutLine: {'line': b'copying web/stream/webrtc/.venv/lib/python3.12/site-packages/aiortc/rtcpeerconnection.py -> /home/matthieu/ros2_ws/install/web_control/share/web_control/web/stream/webrtc/.venv/lib/python3.12/site-packages/aiortc\n'}
[1.029770] (web_control) StdoutLine: {'line': b'copying web/stream/webrtc/.venv/lib/python3.12/site-packages/aiortc/rate.py -> /home/matthieu/ros2_ws/install/web_control/share/web_control/web/stream/webrtc/.venv/lib/python3.12/site-packages/aiortc\n'}
[1.029829] (web_control) StdoutLine: {'line': b'copying web/stream/webrtc/.venv/lib/python3.12/site-packages/aiortc/exceptions.py -> /home/matthieu/ros2_ws/install/web_control/share/web_control/web/stream/webrtc/.venv/lib/python3.12/site-packages/aiortc\n'}
[1.029886] (web_control) StdoutLine: {'line': b'copying web/stream/webrtc/.venv/lib/python3.12/site-packages/aiortc/utils.py -> /home/matthieu/ros2_ws/install/web_control/share/web_control/web/stream/webrtc/.venv/lib/python3.12/site-packages/aiortc\n'}
[1.029943] (web_control) StdoutLine: {'line': b'copying web/stream/webrtc/.venv/lib/python3.12/site-packages/aiortc/rtcrtpreceiver.py -> /home/matthieu/ros2_ws/install/web_control/share/web_control/web/stream/webrtc/.venv/lib/python3.12/site-packages/aiortc\n'}
[1.030001] (web_control) StdoutLine: {'line': b'copying web/stream/webrtc/.venv/lib/python3.12/site-packages/aiortc/__init__.py -> /home/matthieu/ros2_ws/install/web_control/share/web_control/web/stream/webrtc/.venv/lib/python3.12/site-packages/aiortc\n'}
[1.030058] (web_control) StdoutLine: {'line': b'copying web/stream/webrtc/.venv/lib/python3.12/site-packages/aiortc/rtcrtpsender.py -> /home/matthieu/ros2_ws/install/web_control/share/web_control/web/stream/webrtc/.venv/lib/python3.12/site-packages/aiortc\n'}
[1.030120] (web_control) StdoutLine: {'line': b'creating /home/matthieu/ros2_ws/install/web_control/share/web_control/web/stream/webrtc/.venv/lib/python3.12/site-packages/aiortc/__pycache__\n'}
[1.030180] (web_control) StdoutLine: {'line': b'copying web/stream/webrtc/.venv/lib/python3.12/site-packages/aiortc/__pycache__/rtcrtpreceiver.cpython-312.pyc -> /home/matthieu/ros2_ws/install/web_control/share/web_control/web/stream/webrtc/.venv/lib/python3.12/site-packages/aiortc/__pycache__\n'}
[1.030239] (web_control) StdoutLine: {'line': b'copying web/stream/webrtc/.venv/lib/python3.12/site-packages/aiortc/__pycache__/rtcsctptransport.cpython-312.pyc -> /home/matthieu/ros2_ws/install/web_control/share/web_control/web/stream/webrtc/.venv/lib/python3.12/site-packages/aiortc/__pycache__\n'}
[1.030297] (web_control) StdoutLine: {'line': b'copying web/stream/webrtc/.venv/lib/python3.12/site-packages/aiortc/__pycache__/jitterbuffer.cpython-312.pyc -> /home/matthieu/ros2_ws/install/web_control/share/web_control/web/stream/webrtc/.venv/lib/python3.12/site-packages/aiortc/__pycache__\n'}
[1.030355] (web_control) StdoutLine: {'line': b'copying web/stream/webrtc/.venv/lib/python3.12/site-packages/aiortc/__pycache__/rtp.cpython-312.pyc -> /home/matthieu/ros2_ws/install/web_control/share/web_control/web/stream/webrtc/.venv/lib/python3.12/site-packages/aiortc/__pycache__\n'}
[1.030413] (web_control) StdoutLine: {'line': b'copying web/stream/webrtc/.venv/lib/python3.12/site-packages/aiortc/__pycache__/rtcrtptransceiver.cpython-312.pyc -> /home/matthieu/ros2_ws/install/web_control/share/web_control/web/stream/webrtc/.venv/lib/python3.12/site-packages/aiortc/__pycache__\n'}
[1.030470] (web_control) StdoutLine: {'line': b'copying web/stream/webrtc/.venv/lib/python3.12/site-packages/aiortc/__pycache__/mediastreams.cpython-312.pyc -> /home/matthieu/ros2_ws/install/web_control/share/web_control/web/stream/webrtc/.venv/lib/python3.12/site-packages/aiortc/__pycache__\n'}
[1.030528] (web_control) StdoutLine: {'line': b'copying web/stream/webrtc/.venv/lib/python3.12/site-packages/aiortc/__pycache__/rtcpeerconnection.cpython-312.pyc -> /home/matthieu/ros2_ws/install/web_control/share/web_control/web/stream/webrtc/.venv/lib/python3.12/site-packages/aiortc/__pycache__\n'}
[1.030586] (web_control) StdoutLine: {'line': b'copying web/stream/webrtc/.venv/lib/python3.12/site-packages/aiortc/__pycache__/rtcrtpsender.cpython-312.pyc -> /home/matthieu/ros2_ws/install/web_control/share/web_control/web/stream/webrtc/.venv/lib/python3.12/site-packages/aiortc/__pycache__\n'}
[1.030647] (web_control) StdoutLine: {'line': b'copying web/stream/webrtc/.venv/lib/python3.12/site-packages/aiortc/__pycache__/stats.cpython-312.pyc -> /home/matthieu/ros2_ws/install/web_control/share/web_control/web/stream/webrtc/.venv/lib/python3.12/site-packages/aiortc/__pycache__\n'}
[1.030702] (web_control) StdoutLine: {'line': b'copying web/stream/webrtc/.venv/lib/python3.12/site-packages/aiortc/__pycache__/sdp.cpython-312.pyc -> /home/matthieu/ros2_ws/install/web_control/share/web_control/web/stream/webrtc/.venv/lib/python3.12/site-packages/aiortc/__pycache__\n'}
[1.030960] (web_control) StdoutLine: {'line': b'copying web/stream/webrtc/.venv/lib/python3.12/site-packages/aiortc/__pycache__/rtcicetransport.cpython-312.pyc -> /home/matthieu/ros2_ws/install/web_control/share/web_control/web/stream/webrtc/.venv/lib/python3.12/site-packages/aiortc/__pycache__\n'}
[1.031036] (web_control) StdoutLine: {'line': b'copying web/stream/webrtc/.venv/lib/python3.12/site-packages/aiortc/__pycache__/rtcrtpparameters.cpython-312.pyc -> /home/matthieu/ros2_ws/install/web_control/share/web_control/web/stream/webrtc/.venv/lib/python3.12/site-packages/aiortc/__pycache__\n'}
[1.031099] (web_control) StdoutLine: {'line': b'copying web/stream/webrtc/.venv/lib/python3.12/site-packages/aiortc/__pycache__/rtcdtlstransport.cpython-312.pyc -> /home/matthieu/ros2_ws/install/web_control/share/web_control/web/stream/webrtc/.venv/lib/python3.12/site-packages/aiortc/__pycache__\n'}
[1.031165] (web_control) StdoutLine: {'line': b'copying web/stream/webrtc/.venv/lib/python3.12/site-packages/aiortc/__pycache__/exceptions.cpython-312.pyc -> /home/matthieu/ros2_ws/install/web_control/share/web_control/web/stream/webrtc/.venv/lib/python3.12/site-packages/aiortc/__pycache__\n'}
[1.031224] (web_control) StdoutLine: {'line': b'copying web/stream/webrtc/.venv/lib/python3.12/site-packages/aiortc/__pycache__/events.cpython-312.pyc -> /home/matthieu/ros2_ws/install/web_control/share/web_control/web/stream/webrtc/.venv/lib/python3.12/site-packages/aiortc/__pycache__\n'}
[1.031282] (web_control) StdoutLine: {'line': b'copying web/stream/webrtc/.venv/lib/python3.12/site-packages/aiortc/__pycache__/clock.cpython-312.pyc -> /home/matthieu/ros2_ws/install/web_control/share/web_control/web/stream/webrtc/.venv/lib/python3.12/site-packages/aiortc/__pycache__\n'}
[1.031337] (web_control) StdoutLine: {'line': b'copying web/stream/webrtc/.venv/lib/python3.12/site-packages/aiortc/__pycache__/rate.cpython-312.pyc -> /home/matthieu/ros2_ws/install/web_control/share/web_control/web/stream/webrtc/.venv/lib/python3.12/site-packages/aiortc/__pycache__\n'}
[1.031397] (web_control) StdoutLine: {'line': b'copying web/stream/webrtc/.venv/lib/python3.12/site-packages/aiortc/__pycache__/__init__.cpython-312.pyc -> /home/matthieu/ros2_ws/install/web_control/share/web_control/web/stream/webrtc/.venv/lib/python3.12/site-packages/aiortc/__pycache__\n'}
[1.031456] (web_control) StdoutLine: {'line': b'copying web/stream/webrtc/.venv/lib/python3.12/site-packages/aiortc/__pycache__/rtcdatachannel.cpython-312.pyc -> /home/matthieu/ros2_ws/install/web_control/share/web_control/web/stream/webrtc/.venv/lib/python3.12/site-packages/aiortc/__pycache__\n'}
[1.031515] (web_control) StdoutLine: {'line': b'copying web/stream/webrtc/.venv/lib/python3.12/site-packages/aiortc/__pycache__/rtcsessiondescription.cpython-312.pyc -> /home/matthieu/ros2_ws/install/web_control/share/web_control/web/stream/webrtc/.venv/lib/python3.12/site-packages/aiortc/__pycache__\n'}
[1.031575] (web_control) StdoutLine: {'line': b'copying web/stream/webrtc/.venv/lib/python3.12/site-packages/aiortc/__pycache__/utils.cpython-312.pyc -> /home/matthieu/ros2_ws/install/web_control/share/web_control/web/stream/webrtc/.venv/lib/python3.12/site-packages/aiortc/__pycache__\n'}
[1.031621] (web_control) StdoutLine: {'line': b'copying web/stream/webrtc/.venv/lib/python3.12/site-packages/aiortc/__pycache__/rtcconfiguration.cpython-312.pyc -> /home/matthieu/ros2_ws/install/web_control/share/web_control/web/stream/webrtc/.venv/lib/python3.12/site-packages/aiortc/__pycache__\n'}
[1.031675] (web_control) StdoutLine: {'line': b'creating /home/matthieu/ros2_ws/install/web_control/share/web_control/web/stream/webrtc/.venv/lib/python3.12/site-packages/aiortc/codecs\n'}
[1.031730] (web_control) StdoutLine: {'line': b'copying web/stream/webrtc/.venv/lib/python3.12/site-packages/aiortc/codecs/_opus.abi3.so -> /home/matthieu/ros2_ws/install/web_control/share/web_control/web/stream/webrtc/.venv/lib/python3.12/site-packages/aiortc/codecs\n'}
[1.032635] (web_control) StdoutLine: {'line': b'copying web/stream/webrtc/.venv/lib/python3.12/site-packages/aiortc/codecs/_vpx.abi3.so -> /home/matthieu/ros2_ws/install/web_control/share/web_control/web/stream/webrtc/.venv/lib/python3.12/site-packages/aiortc/codecs\n'}
[1.033719] (web_control) StdoutLine: {'line': b'copying web/stream/webrtc/.venv/lib/python3.12/site-packages/aiortc/codecs/base.py -> /home/matthieu/ros2_ws/install/web_control/share/web_control/web/stream/webrtc/.venv/lib/python3.12/site-packages/aiortc/codecs\n'}
[1.033783] (web_control) StdoutLine: {'line': b'copying web/stream/webrtc/.venv/lib/python3.12/site-packages/aiortc/codecs/_vpx.pyi -> /home/matthieu/ros2_ws/install/web_control/share/web_control/web/stream/webrtc/.venv/lib/python3.12/site-packages/aiortc/codecs\n'}
[1.033883] (web_control) StdoutLine: {'line': b'copying web/stream/webrtc/.venv/lib/python3.12/site-packages/aiortc/codecs/h264.py -> /home/matthieu/ros2_ws/install/web_control/share/web_control/web/stream/webrtc/.venv/lib/python3.12/site-packages/aiortc/codecs\n'}
[1.033947] (web_control) StdoutLine: {'line': b'copying web/stream/webrtc/.venv/lib/python3.12/site-packages/aiortc/codecs/g711.py -> /home/matthieu/ros2_ws/install/web_control/share/web_control/web/stream/webrtc/.venv/lib/python3.12/site-packages/aiortc/codecs\n'}
[1.033993] (web_control) StdoutLine: {'line': b'copying web/stream/webrtc/.venv/lib/python3.12/site-packages/aiortc/codecs/opus.py -> /home/matthieu/ros2_ws/install/web_control/share/web_control/web/stream/webrtc/.venv/lib/python3.12/site-packages/aiortc/codecs\n'}
[1.034057] (web_control) StdoutLine: {'line': b'copying web/stream/webrtc/.venv/lib/python3.12/site-packages/aiortc/codecs/vpx.py -> /home/matthieu/ros2_ws/install/web_control/share/web_control/web/stream/webrtc/.venv/lib/python3.12/site-packages/aiortc/codecs\n'}
[1.034121] (web_control) StdoutLine: {'line': b'copying web/stream/webrtc/.venv/lib/python3.12/site-packages/aiortc/codecs/_opus.pyi -> /home/matthieu/ros2_ws/install/web_control/share/web_control/web/stream/webrtc/.venv/lib/python3.12/site-packages/aiortc/codecs\n'}
[1.034170] (web_control) StdoutLine: {'line': b'copying web/stream/webrtc/.venv/lib/python3.12/site-packages/aiortc/codecs/__init__.py -> /home/matthieu/ros2_ws/install/web_control/share/web_control/web/stream/webrtc/.venv/lib/python3.12/site-packages/aiortc/codecs\n'}
[1.034232] (web_control) StdoutLine: {'line': b'creating /home/matthieu/ros2_ws/install/web_control/share/web_control/web/stream/webrtc/.venv/lib/python3.12/site-packages/aiortc/codecs/__pycache__\n'}
[1.034280] (web_control) StdoutLine: {'line': b'copying web/stream/webrtc/.venv/lib/python3.12/site-packages/aiortc/codecs/__pycache__/vpx.cpython-312.pyc -> /home/matthieu/ros2_ws/install/web_control/share/web_control/web/stream/webrtc/.venv/lib/python3.12/site-packages/aiortc/codecs/__pycache__\n'}
[1.034325] (web_control) StdoutLine: {'line': b'copying web/stream/webrtc/.venv/lib/python3.12/site-packages/aiortc/codecs/__pycache__/h264.cpython-312.pyc -> /home/matthieu/ros2_ws/install/web_control/share/web_control/web/stream/webrtc/.venv/lib/python3.12/site-packages/aiortc/codecs/__pycache__\n'}
[1.034387] (web_control) StdoutLine: {'line': b'copying web/stream/webrtc/.venv/lib/python3.12/site-packages/aiortc/codecs/__pycache__/g711.cpython-312.pyc -> /home/matthieu/ros2_ws/install/web_control/share/web_control/web/stream/webrtc/.venv/lib/python3.12/site-packages/aiortc/codecs/__pycache__\n'}
[1.034442] (web_control) StdoutLine: {'line': b'copying web/stream/webrtc/.venv/lib/python3.12/site-packages/aiortc/codecs/__pycache__/base.cpython-312.pyc -> /home/matthieu/ros2_ws/install/web_control/share/web_control/web/stream/webrtc/.venv/lib/python3.12/site-packages/aiortc/codecs/__pycache__\n'}
[1.034486] (web_control) StdoutLine: {'line': b'copying web/stream/webrtc/.venv/lib/python3.12/site-packages/aiortc/codecs/__pycache__/opus.cpython-312.pyc -> /home/matthieu/ros2_ws/install/web_control/share/web_control/web/stream/webrtc/.venv/lib/python3.12/site-packages/aiortc/codecs/__pycache__\n'}
[1.034549] (web_control) StdoutLine: {'line': b'copying web/stream/webrtc/.venv/lib/python3.12/site-packages/aiortc/codecs/__pycache__/__init__.cpython-312.pyc -> /home/matthieu/ros2_ws/install/web_control/share/web_control/web/stream/webrtc/.venv/lib/python3.12/site-packages/aiortc/codecs/__pycache__\n'}
[1.034593] (web_control) StdoutLine: {'line': b'creating /home/matthieu/ros2_ws/install/web_control/share/web_control/web/stream/webrtc/.venv/lib/python3.12/site-packages/aiortc/contrib\n'}
[1.034638] (web_control) StdoutLine: {'line': b'copying web/stream/webrtc/.venv/lib/python3.12/site-packages/aiortc/contrib/media.py -> /home/matthieu/ros2_ws/install/web_control/share/web_control/web/stream/webrtc/.venv/lib/python3.12/site-packages/aiortc/contrib\n'}
[1.034701] (web_control) StdoutLine: {'line': b'copying web/stream/webrtc/.venv/lib/python3.12/site-packages/aiortc/contrib/signaling.py -> /home/matthieu/ros2_ws/install/web_control/share/web_control/web/stream/webrtc/.venv/lib/python3.12/site-packages/aiortc/contrib\n'}
[1.034749] (web_control) StdoutLine: {'line': b'copying web/stream/webrtc/.venv/lib/python3.12/site-packages/aiortc/contrib/__init__.py -> /home/matthieu/ros2_ws/install/web_control/share/web_control/web/stream/webrtc/.venv/lib/python3.12/site-packages/aiortc/contrib\n'}
[1.034809] (web_control) StdoutLine: {'line': b'creating /home/matthieu/ros2_ws/install/web_control/share/web_control/web/stream/webrtc/.venv/lib/python3.12/site-packages/aiortc/contrib/__pycache__\n'}
[1.034854] (web_control) StdoutLine: {'line': b'copying web/stream/webrtc/.venv/lib/python3.12/site-packages/aiortc/contrib/__pycache__/media.cpython-312.pyc -> /home/matthieu/ros2_ws/install/web_control/share/web_control/web/stream/webrtc/.venv/lib/python3.12/site-packages/aiortc/contrib/__pycache__\n'}
[1.034916] (web_control) StdoutLine: {'line': b'copying web/stream/webrtc/.venv/lib/python3.12/site-packages/aiortc/contrib/__pycache__/signaling.cpython-312.pyc -> /home/matthieu/ros2_ws/install/web_control/share/web_control/web/stream/webrtc/.venv/lib/python3.12/site-packages/aiortc/contrib/__pycache__\n'}
[1.034965] (web_control) StdoutLine: {'line': b'copying web/stream/webrtc/.venv/lib/python3.12/site-packages/aiortc/contrib/__pycache__/__init__.cpython-312.pyc -> /home/matthieu/ros2_ws/install/web_control/share/web_control/web/stream/webrtc/.venv/lib/python3.12/site-packages/aiortc/contrib/__pycache__\n'}
[1.035028] (web_control) StdoutLine: {'line': b'creating /home/matthieu/ros2_ws/install/web_control/share/web_control/web/stream/webrtc/.venv/lib/python3.12/site-packages/aiosignal-1.4.0.dist-info\n'}
[1.035079] (web_control) StdoutLine: {'line': b'copying web/stream/webrtc/.venv/lib/python3.12/site-packages/aiosignal-1.4.0.dist-info/WHEEL -> /home/matthieu/ros2_ws/install/web_control/share/web_control/web/stream/webrtc/.venv/lib/python3.12/site-packages/aiosignal-1.4.0.dist-info\n'}
[1.035131] (web_control) StdoutLine: {'line': b'copying web/stream/webrtc/.venv/lib/python3.12/site-packages/aiosignal-1.4.0.dist-info/RECORD -> /home/matthieu/ros2_ws/install/web_control/share/web_control/web/stream/webrtc/.venv/lib/python3.12/site-packages/aiosignal-1.4.0.dist-info\n'}
[1.035194] (web_control) StdoutLine: {'line': b'copying web/stream/webrtc/.venv/lib/python3.12/site-packages/aiosignal-1.4.0.dist-info/INSTALLER -> /home/matthieu/ros2_ws/install/web_control/share/web_control/web/stream/webrtc/.venv/lib/python3.12/site-packages/aiosignal-1.4.0.dist-info\n'}
[1.035252] (web_control) StdoutLine: {'line': b'copying web/stream/webrtc/.venv/lib/python3.12/site-packages/aiosignal-1.4.0.dist-info/top_level.txt -> /home/matthieu/ros2_ws/install/web_control/share/web_control/web/stream/webrtc/.venv/lib/python3.12/site-packages/aiosignal-1.4.0.dist-info\n'}
[1.035299] (web_control) StdoutLine: {'line': b'copying web/stream/webrtc/.venv/lib/python3.12/site-packages/aiosignal-1.4.0.dist-info/METADATA -> /home/matthieu/ros2_ws/install/web_control/share/web_control/web/stream/webrtc/.venv/lib/python3.12/site-packages/aiosignal-1.4.0.dist-info\n'}
[1.035344] (web_control) StdoutLine: {'line': b'creating /home/matthieu/ros2_ws/install/web_control/share/web_control/web/stream/webrtc/.venv/lib/python3.12/site-packages/aiosignal-1.4.0.dist-info/licenses\n'}
[1.035407] (web_control) StdoutLine: {'line': b'copying web/stream/webrtc/.venv/lib/python3.12/site-packages/aiosignal-1.4.0.dist-info/licenses/LICENSE -> /home/matthieu/ros2_ws/install/web_control/share/web_control/web/stream/webrtc/.venv/lib/python3.12/site-packages/aiosignal-1.4.0.dist-info/licenses\n'}
[1.035454] (web_control) StdoutLine: {'line': b'creating /home/matthieu/ros2_ws/install/web_control/share/web_control/web/stream/webrtc/.venv/lib/python3.12/site-packages/aiohttp\n'}
[1.035498] (web_control) StdoutLine: {'line': b'copying web/stream/webrtc/.venv/lib/python3.12/site-packages/aiohttp/_helpers.pyx -> /home/matthieu/ros2_ws/install/web_control/share/web_control/web/stream/webrtc/.venv/lib/python3.12/site-packages/aiohttp\n'}
[1.035560] (web_control) StdoutLine: {'line': b'copying web/stream/webrtc/.venv/lib/python3.12/site-packages/aiohttp/_cparser.pxd -> /home/matthieu/ros2_ws/install/web_control/share/web_control/web/stream/webrtc/.venv/lib/python3.12/site-packages/aiohttp\n'}
[1.035606] (web_control) StdoutLine: {'line': b'copying web/stream/webrtc/.venv/lib/python3.12/site-packages/aiohttp/http_writer.py -> /home/matthieu/ros2_ws/install/web_control/share/web_control/web/stream/webrtc/.venv/lib/python3.12/site-packages/aiohttp\n'}
[1.035651] (web_control) StdoutLine: {'line': b'copying web/stream/webrtc/.venv/lib/python3.12/site-packages/aiohttp/_http_parser.pyx -> /home/matthieu/ros2_ws/install/web_control/share/web_control/web/stream/webrtc/.venv/lib/python3.12/site-packages/aiohttp\n'}
[1.035711] (web_control) StdoutLine: {'line': b'copying web/stream/webrtc/.venv/lib/python3.12/site-packages/aiohttp/web_app.py -> /home/matthieu/ros2_ws/install/web_control/share/web_control/web/stream/webrtc/.venv/lib/python3.12/site-packages/aiohttp\n'}
[1.035758] (web_control) StdoutLine: {'line': b'copying web/stream/webrtc/.venv/lib/python3.12/site-packages/aiohttp/multipart.py -> /home/matthieu/ros2_ws/install/web_control/share/web_control/web/stream/webrtc/.venv/lib/python3.12/site-packages/aiohttp\n'}
[1.035819] (web_control) StdoutLine: {'line': b'copying web/stream/webrtc/.venv/lib/python3.12/site-packages/aiohttp/http_exceptions.py -> /home/matthieu/ros2_ws/install/web_control/share/web_control/web/stream/webrtc/.venv/lib/python3.12/site-packages/aiohttp\n'}
[1.035865] (web_control) StdoutLine: {'line': b'copying web/stream/webrtc/.venv/lib/python3.12/site-packages/aiohttp/formdata.py -> /home/matthieu/ros2_ws/install/web_control/share/web_control/web/stream/webrtc/.venv/lib/python3.12/site-packages/aiohttp\n'}
[1.035927] (web_control) StdoutLine: {'line': b'copying web/stream/webrtc/.venv/lib/python3.12/site-packages/aiohttp/_find_header.pxd -> /home/matthieu/ros2_ws/install/web_control/share/web_control/web/stream/webrtc/.venv/lib/python3.12/site-packages/aiohttp\n'}
[1.035973] (web_control) StdoutLine: {'line': b'copying web/stream/webrtc/.venv/lib/python3.12/site-packages/aiohttp/web_ws.py -> /home/matthieu/ros2_ws/install/web_control/share/web_control/web/stream/webrtc/.venv/lib/python3.12/site-packages/aiohttp\n'}
[1.036035] (web_control) StdoutLine: {'line': b'copying web/stream/webrtc/.venv/lib/python3.12/site-packages/aiohttp/tracing.py -> /home/matthieu/ros2_ws/install/web_control/share/web_control/web/stream/webrtc/.venv/lib/python3.12/site-packages/aiohttp\n'}
[1.036097] (web_control) StdoutLine: {'line': b'copying web/stream/webrtc/.venv/lib/python3.12/site-packages/aiohttp/client_exceptions.py -> /home/matthieu/ros2_ws/install/web_control/share/web_control/web/stream/webrtc/.venv/lib/python3.12/site-packages/aiohttp\n'}
[1.036155] (web_control) StdoutLine: {'line': b'copying web/stream/webrtc/.venv/lib/python3.12/site-packages/aiohttp/_http_writer.cpython-312-x86_64-linux-gnu.so -> /home/matthieu/ros2_ws/install/web_control/share/web_control/web/stream/webrtc/.venv/lib/python3.12/site-packages/aiohttp\n'}
[1.036348] (web_control) StdoutLine: {'line': b'copying web/stream/webrtc/.venv/lib/python3.12/site-packages/aiohttp/connector.py -> /home/matthieu/ros2_ws/install/web_control/share/web_control/web/stream/webrtc/.venv/lib/python3.12/site-packages/aiohttp\n'}
[1.036429] (web_control) StdoutLine: {'line': b'copying web/stream/webrtc/.venv/lib/python3.12/site-packages/aiohttp/client_reqrep.py -> /home/matthieu/ros2_ws/install/web_control/share/web_control/web/stream/webrtc/.venv/lib/python3.12/site-packages/aiohttp\n'}
[1.036499] (web_control) StdoutLine: {'line': b'copying web/stream/webrtc/.venv/lib/python3.12/site-packages/aiohttp/_helpers.cpython-312-x86_64-linux-gnu.so -> /home/matthieu/ros2_ws/install/web_control/share/web_control/web/stream/webrtc/.venv/lib/python3.12/site-packages/aiohttp\n'}
[1.036851] (web_control) StdoutLine: {'line': b'copying web/stream/webrtc/.venv/lib/python3.12/site-packages/aiohttp/web_exceptions.py -> /home/matthieu/ros2_ws/install/web_control/share/web_control/web/stream/webrtc/.venv/lib/python3.12/site-packages/aiohttp\n'}
[1.036910] (web_control) StdoutLine: {'line': b'copying web/stream/webrtc/.venv/lib/python3.12/site-packages/aiohttp/web_middlewares.py -> /home/matthieu/ros2_ws/install/web_control/share/web_control/web/stream/webrtc/.venv/lib/python3.12/site-packages/aiohttp\n'}
[1.036968] (web_control) StdoutLine: {'line': b'copying web/stream/webrtc/.venv/lib/python3.12/site-packages/aiohttp/test_utils.py -> /home/matthieu/ros2_ws/install/web_control/share/web_control/web/stream/webrtc/.venv/lib/python3.12/site-packages/aiohttp\n'}
[1.037026] (web_control) StdoutLine: {'line': b'copying web/stream/webrtc/.venv/lib/python3.12/site-packages/aiohttp/_http_writer.pyx -> /home/matthieu/ros2_ws/install/web_control/share/web_control/web/stream/webrtc/.venv/lib/python3.12/site-packages/aiohttp\n'}
[1.037087] (web_control) StdoutLine: {'line': b'copying web/stream/webrtc/.venv/lib/python3.12/site-packages/aiohttp/typedefs.py -> /home/matthieu/ros2_ws/install/web_control/share/web_control/web/stream/webrtc/.venv/lib/python3.12/site-packages/aiohttp\n'}
[1.037150] (web_control) StdoutLine: {'line': b'copying web/stream/webrtc/.venv/lib/python3.12/site-packages/aiohttp/worker.py -> /home/matthieu/ros2_ws/install/web_control/share/web_control/web/stream/webrtc/.venv/lib/python3.12/site-packages/aiohttp\n'}
[1.037210] (web_control) StdoutLine: {'line': b'copying web/stream/webrtc/.venv/lib/python3.12/site-packages/aiohttp/web_runner.py -> /home/matthieu/ros2_ws/install/web_control/share/web_control/web/stream/webrtc/.venv/lib/python3.12/site-packages/aiohttp\n'}
[1.037271] (web_control) StdoutLine: {'line': b'copying web/stream/webrtc/.venv/lib/python3.12/site-packages/aiohttp/web_request.py -> /home/matthieu/ros2_ws/install/web_control/share/web_control/web/stream/webrtc/.venv/lib/python3.12/site-packages/aiohttp\n'}
[1.037314] (web_control) StdoutLine: {'line': b'copying web/stream/webrtc/.venv/lib/python3.12/site-packages/aiohttp/web_urldispatcher.py -> /home/matthieu/ros2_ws/install/web_control/share/web_control/web/stream/webrtc/.venv/lib/python3.12/site-packages/aiohttp\n'}
[1.037369] (web_control) StdoutLine: {'line': b'copying web/stream/webrtc/.venv/lib/python3.12/site-packages/aiohttp/client_ws.py -> /home/matthieu/ros2_ws/install/web_control/share/web_control/web/stream/webrtc/.venv/lib/python3.12/site-packages/aiohttp\n'}
[1.037429] (web_control) StdoutLine: {'line': b'copying web/stream/webrtc/.venv/lib/python3.12/site-packages/aiohttp/tcp_helpers.py -> /home/matthieu/ros2_ws/install/web_control/share/web_control/web/stream/webrtc/.venv/lib/python3.12/site-packages/aiohttp\n'}
[1.037485] (web_control) StdoutLine: {'line': b'copying web/stream/webrtc/.venv/lib/python3.12/site-packages/aiohttp/web_routedef.py -> /home/matthieu/ros2_ws/install/web_control/share/web_control/web/stream/webrtc/.venv/lib/python3.12/site-packages/aiohttp\n'}
[1.037541] (web_control) StdoutLine: {'line': b'copying web/stream/webrtc/.venv/lib/python3.12/site-packages/aiohttp/http_parser.py -> /home/matthieu/ros2_ws/install/web_control/share/web_control/web/stream/webrtc/.venv/lib/python3.12/site-packages/aiohttp\n'}
[1.037597] (web_control) StdoutLine: {'line': b'copying web/stream/webrtc/.venv/lib/python3.12/site-packages/aiohttp/pytest_plugin.py -> /home/matthieu/ros2_ws/install/web_control/share/web_control/web/stream/webrtc/.venv/lib/python3.12/site-packages/aiohttp\n'}
[1.037655] (web_control) StdoutLine: {'line': b'copying web/stream/webrtc/.venv/lib/python3.12/site-packages/aiohttp/locks.py -> /home/matthieu/ros2_ws/install/web_control/share/web_control/web/stream/webrtc/.venv/lib/python3.12/site-packages/aiohttp\n'}
[1.037718] (web_control) StdoutLine: {'line': b'copying web/stream/webrtc/.venv/lib/python3.12/site-packages/aiohttp/_http_parser.cpython-312-x86_64-linux-gnu.so -> /home/matthieu/ros2_ws/install/web_control/share/web_control/web/stream/webrtc/.venv/lib/python3.12/site-packages/aiohttp\n'}
[1.039108] (web_control) StdoutLine: {'line': b'copying web/stream/webrtc/.venv/lib/python3.12/site-packages/aiohttp/client_proto.py -> /home/matthieu/ros2_ws/install/web_control/share/web_control/web/stream/webrtc/.venv/lib/python3.12/site-packages/aiohttp\n'}
[1.039165] (web_control) StdoutLine: {'line': b'copying web/stream/webrtc/.venv/lib/python3.12/site-packages/aiohttp/web_log.py -> /home/matthieu/ros2_ws/install/web_control/share/web_control/web/stream/webrtc/.venv/lib/python3.12/site-packages/aiohttp\n'}
[1.039219] (web_control) StdoutLine: {'line': b'copying web/stream/webrtc/.venv/lib/python3.12/site-packages/aiohttp/payload_streamer.py -> /home/matthieu/ros2_ws/install/web_control/share/web_control/web/stream/webrtc/.venv/lib/python3.12/site-packages/aiohttp\n'}
[1.039276] (web_control) StdoutLine: {'line': b'copying web/stream/webrtc/.venv/lib/python3.12/site-packages/aiohttp/http.py -> /home/matthieu/ros2_ws/install/web_control/share/web_control/web/stream/webrtc/.venv/lib/python3.12/site-packages/aiohttp\n'}
[1.039332] (web_control) StdoutLine: {'line': b'copying web/stream/webrtc/.venv/lib/python3.12/site-packages/aiohttp/payload.py -> /home/matthieu/ros2_ws/install/web_control/share/web_control/web/stream/webrtc/.venv/lib/python3.12/site-packages/aiohttp\n'}
[1.039388] (web_control) StdoutLine: {'line': b'copying web/stream/webrtc/.venv/lib/python3.12/site-packages/aiohttp/log.py -> /home/matthieu/ros2_ws/install/web_control/share/web_control/web/stream/webrtc/.venv/lib/python3.12/site-packages/aiohttp\n'}
[1.039447] (web_control) StdoutLine: {'line': b'copying web/stream/webrtc/.venv/lib/python3.12/site-packages/aiohttp/_helpers.pyi -> /home/matthieu/ros2_ws/install/web_control/share/web_control/web/stream/webrtc/.venv/lib/python3.12/site-packages/aiohttp\n'}
[1.039490] (web_control) StdoutLine: {'line': b'copying web/stream/webrtc/.venv/lib/python3.12/site-packages/aiohttp/streams.py -> /home/matthieu/ros2_ws/install/web_control/share/web_control/web/stream/webrtc/.venv/lib/python3.12/site-packages/aiohttp\n'}
[1.039544] (web_control) StdoutLine: {'line': b'copying web/stream/webrtc/.venv/lib/python3.12/site-packages/aiohttp/abc.py -> /home/matthieu/ros2_ws/install/web_control/share/web_control/web/stream/webrtc/.venv/lib/python3.12/site-packages/aiohttp\n'}
[1.039600] (web_control) StdoutLine: {'line': b'copying web/stream/webrtc/.venv/lib/python3.12/site-packages/aiohttp/web_server.py -> /home/matthieu/ros2_ws/install/web_control/share/web_control/web/stream/webrtc/.venv/lib/python3.12/site-packages/aiohttp\n'}
[1.039660] (web_control) StdoutLine: {'line': b'copying web/stream/webrtc/.venv/lib/python3.12/site-packages/aiohttp/web_response.py -> /home/matthieu/ros2_ws/install/web_control/share/web_control/web/stream/webrtc/.venv/lib/python3.12/site-packages/aiohttp\n'}
[1.039716] (web_control) StdoutLine: {'line': b'copying web/stream/webrtc/.venv/lib/python3.12/site-packages/aiohttp/resolver.py -> /home/matthieu/ros2_ws/install/web_control/share/web_control/web/stream/webrtc/.venv/lib/python3.12/site-packages/aiohttp\n'}
[1.039772] (web_control) StdoutLine: {'line': b'copying web/stream/webrtc/.venv/lib/python3.12/site-packages/aiohttp/py.typed -> /home/matthieu/ros2_ws/install/web_control/share/web_control/web/stream/webrtc/.venv/lib/python3.12/site-packages/aiohttp\n'}
[1.039828] (web_control) StdoutLine: {'line': b'copying web/stream/webrtc/.venv/lib/python3.12/site-packages/aiohttp/_websocket.pyx -> /home/matthieu/ros2_ws/install/web_control/share/web_control/web/stream/webrtc/.venv/lib/python3.12/site-packages/aiohttp\n'}
[1.039883] (web_control) StdoutLine: {'line': b'copying web/stream/webrtc/.venv/lib/python3.12/site-packages/aiohttp/hdrs.py -> /home/matthieu/ros2_ws/install/web_control/share/web_control/web/stream/webrtc/.venv/lib/python3.12/site-packages/aiohttp\n'}
[1.039939] (web_control) StdoutLine: {'line': b'copying web/stream/webrtc/.venv/lib/python3.12/site-packages/aiohttp/web.py -> /home/matthieu/ros2_ws/install/web_control/share/web_control/web/stream/webrtc/.venv/lib/python3.12/site-packages/aiohttp\n'}
[1.039994] (web_control) StdoutLine: {'line': b'copying web/stream/webrtc/.venv/lib/python3.12/site-packages/aiohttp/base_protocol.py -> /home/matthieu/ros2_ws/install/web_control/share/web_control/web/stream/webrtc/.venv/lib/python3.12/site-packages/aiohttp\n'}
[1.040049] (web_control) StdoutLine: {'line': b'copying web/stream/webrtc/.venv/lib/python3.12/site-packages/aiohttp/web_protocol.py -> /home/matthieu/ros2_ws/install/web_control/share/web_control/web/stream/webrtc/.venv/lib/python3.12/site-packages/aiohttp\n'}
[1.040109] (web_control) StdoutLine: {'line': b'copying web/stream/webrtc/.venv/lib/python3.12/site-packages/aiohttp/client.py -> /home/matthieu/ros2_ws/install/web_control/share/web_control/web/stream/webrtc/.venv/lib/python3.12/site-packages/aiohttp\n'}
[1.040168] (web_control) StdoutLine: {'line': b'copying web/stream/webrtc/.venv/lib/python3.12/site-packages/aiohttp/web_fileresponse.py -> /home/matthieu/ros2_ws/install/web_control/share/web_control/web/stream/webrtc/.venv/lib/python3.12/site-packages/aiohttp\n'}
[1.040223] (web_control) StdoutLine: {'line': b'copying web/stream/webrtc/.venv/lib/python3.12/site-packages/aiohttp/compression_utils.py -> /home/matthieu/ros2_ws/install/web_control/share/web_control/web/stream/webrtc/.venv/lib/python3.12/site-packages/aiohttp\n'}
[1.040278] (web_control) StdoutLine: {'line': b'copying web/stream/webrtc/.venv/lib/python3.12/site-packages/aiohttp/helpers.py -> /home/matthieu/ros2_ws/install/web_control/share/web_control/web/stream/webrtc/.venv/lib/python3.12/site-packages/aiohttp\n'}
[1.040332] (web_control) StdoutLine: {'line': b'copying web/stream/webrtc/.venv/lib/python3.12/site-packages/aiohttp/http_websocket.py -> /home/matthieu/ros2_ws/install/web_control/share/web_control/web/stream/webrtc/.venv/lib/python3.12/site-packages/aiohttp\n'}
[1.040391] (web_control) StdoutLine: {'line': b'copying web/stream/webrtc/.venv/lib/python3.12/site-packages/aiohttp/_websocket.cpython-312-x86_64-linux-gnu.so -> /home/matthieu/ros2_ws/install/web_control/share/web_control/web/stream/webrtc/.venv/lib/python3.12/site-packages/aiohttp\n'}
[1.040559] (web_control) StdoutLine: {'line': b'copying web/stream/webrtc/.venv/lib/python3.12/site-packages/aiohttp/cookiejar.py -> /home/matthieu/ros2_ws/install/web_control/share/web_control/web/stream/webrtc/.venv/lib/python3.12/site-packages/aiohttp\n'}
[1.040619] (web_control) StdoutLine: {'line': b'copying web/stream/webrtc/.venv/lib/python3.12/site-packages/aiohttp/_headers.pxi -> /home/matthieu/ros2_ws/install/web_control/share/web_control/web/stream/webrtc/.venv/lib/python3.12/site-packages/aiohttp\n'}
[1.040676] (web_control) StdoutLine: {'line': b'copying web/stream/webrtc/.venv/lib/python3.12/site-packages/aiohttp/__init__.py -> /home/matthieu/ros2_ws/install/web_control/share/web_control/web/stream/webrtc/.venv/lib/python3.12/site-packages/aiohttp\n'}
[1.040733] (web_control) StdoutLine: {'line': b'creating /home/matthieu/ros2_ws/install/web_control/share/web_control/web/stream/webrtc/.venv/lib/python3.12/site-packages/aiohttp/__pycache__\n'}
[1.040787] (web_control) StdoutLine: {'line': b'copying web/stream/webrtc/.venv/lib/python3.12/site-packages/aiohttp/__pycache__/locks.cpython-312.pyc -> /home/matthieu/ros2_ws/install/web_control/share/web_control/web/stream/webrtc/.venv/lib/python3.12/site-packages/aiohttp/__pycache__\n'}
[1.040841] (web_control) StdoutLine: {'line': b'copying web/stream/webrtc/.venv/lib/python3.12/site-packages/aiohttp/__pycache__/helpers.cpython-312.pyc -> /home/matthieu/ros2_ws/install/web_control/share/web_control/web/stream/webrtc/.venv/lib/python3.12/site-packages/aiohttp/__pycache__\n'}
[1.040907] (web_control) StdoutLine: {'line': b'copying web/stream/webrtc/.venv/lib/python3.12/site-packages/aiohttp/__pycache__/hdrs.cpython-312.pyc -> /home/matthieu/ros2_ws/install/web_control/share/web_control/web/stream/webrtc/.venv/lib/python3.12/site-packages/aiohttp/__pycache__\n'}
[1.040960] (web_control) StdoutLine: {'line': b'copying web/stream/webrtc/.venv/lib/python3.12/site-packages/aiohttp/__pycache__/worker.cpython-312.pyc -> /home/matthieu/ros2_ws/install/web_control/share/web_control/web/stream/webrtc/.venv/lib/python3.12/site-packages/aiohttp/__pycache__\n'}
[1.041016] (web_control) StdoutLine: {'line': b'copying web/stream/webrtc/.venv/lib/python3.12/site-packages/aiohttp/__pycache__/base_protocol.cpython-312.pyc -> /home/matthieu/ros2_ws/install/web_control/share/web_control/web/stream/webrtc/.venv/lib/python3.12/site-packages/aiohttp/__pycache__\n'}
[1.041069] (web_control) StdoutLine: {'line': b'copying web/stream/webrtc/.venv/lib/python3.12/site-packages/aiohttp/__pycache__/web_fileresponse.cpython-312.pyc -> /home/matthieu/ros2_ws/install/web_control/share/web_control/web/stream/webrtc/.venv/lib/python3.12/site-packages/aiohttp/__pycache__\n'}
[1.041129] (web_control) StdoutLine: {'line': b'copying web/stream/webrtc/.venv/lib/python3.12/site-packages/aiohttp/__pycache__/formdata.cpython-312.pyc -> /home/matthieu/ros2_ws/install/web_control/share/web_control/web/stream/webrtc/.venv/lib/python3.12/site-packages/aiohttp/__pycache__\n'}
[1.041181] (web_control) StdoutLine: {'line': b'copying web/stream/webrtc/.venv/lib/python3.12/site-packages/aiohttp/__pycache__/http_parser.cpython-312.pyc -> /home/matthieu/ros2_ws/install/web_control/share/web_control/web/stream/webrtc/.venv/lib/python3.12/site-packages/aiohttp/__pycache__\n'}
[1.041248] (web_control) StdoutLine: {'line': b'copying web/stream/webrtc/.venv/lib/python3.12/site-packages/aiohttp/__pycache__/web_middlewares.cpython-312.pyc -> /home/matthieu/ros2_ws/install/web_control/share/web_control/web/stream/webrtc/.venv/lib/python3.12/site-packages/aiohttp/__pycache__\n'}
[1.041309] (web_control) StdoutLine: {'line': b'copying web/stream/webrtc/.venv/lib/python3.12/site-packages/aiohttp/__pycache__/web_routedef.cpython-312.pyc -> /home/matthieu/ros2_ws/install/web_control/share/web_control/web/stream/webrtc/.venv/lib/python3.12/site-packages/aiohttp/__pycache__\n'}
[1.041364] (web_control) StdoutLine: {'line': b'copying web/stream/webrtc/.venv/lib/python3.12/site-packages/aiohttp/__pycache__/web_log.cpython-312.pyc -> /home/matthieu/ros2_ws/install/web_control/share/web_control/web/stream/webrtc/.venv/lib/python3.12/site-packages/aiohttp/__pycache__\n'}
[1.041417] (web_control) StdoutLine: {'line': b'copying web/stream/webrtc/.venv/lib/python3.12/site-packages/aiohttp/__pycache__/typedefs.cpython-312.pyc -> /home/matthieu/ros2_ws/install/web_control/share/web_control/web/stream/webrtc/.venv/lib/python3.12/site-packages/aiohttp/__pycache__\n'}
[1.041475] (web_control) StdoutLine: {'line': b'copying web/stream/webrtc/.venv/lib/python3.12/site-packages/aiohttp/__pycache__/web_urldispatcher.cpython-312.pyc -> /home/matthieu/ros2_ws/install/web_control/share/web_control/web/stream/webrtc/.venv/lib/python3.12/site-packages/aiohttp/__pycache__\n'}
[1.041546] (web_control) StdoutLine: {'line': b'copying web/stream/webrtc/.venv/lib/python3.12/site-packages/aiohttp/__pycache__/client_proto.cpython-312.pyc -> /home/matthieu/ros2_ws/install/web_control/share/web_control/web/stream/webrtc/.venv/lib/python3.12/site-packages/aiohttp/__pycache__\n'}
[1.041602] (web_control) StdoutLine: {'line': b'copying web/stream/webrtc/.venv/lib/python3.12/site-packages/aiohttp/__pycache__/web.cpython-312.pyc -> /home/matthieu/ros2_ws/install/web_control/share/web_control/web/stream/webrtc/.venv/lib/python3.12/site-packages/aiohttp/__pycache__\n'}
[1.041660] (web_control) StdoutLine: {'line': b'copying web/stream/webrtc/.venv/lib/python3.12/site-packages/aiohttp/__pycache__/client_reqrep.cpython-312.pyc -> /home/matthieu/ros2_ws/install/web_control/share/web_control/web/stream/webrtc/.venv/lib/python3.12/site-packages/aiohttp/__pycache__\n'}
[1.041734] (web_control) StdoutLine: {'line': b'copying web/stream/webrtc/.venv/lib/python3.12/site-packages/aiohttp/__pycache__/http.cpython-312.pyc -> /home/matthieu/ros2_ws/install/web_control/share/web_control/web/stream/webrtc/.venv/lib/python3.12/site-packages/aiohttp/__pycache__\n'}
[1.041785] (web_control) StdoutLine: {'line': b'copying web/stream/webrtc/.venv/lib/python3.12/site-packages/aiohttp/__pycache__/web_exceptions.cpython-312.pyc -> /home/matthieu/ros2_ws/install/web_control/share/web_control/web/stream/webrtc/.venv/lib/python3.12/site-packages/aiohttp/__pycache__\n'}
[1.041846] (web_control) StdoutLine: {'line': b'copying web/stream/webrtc/.venv/lib/python3.12/site-packages/aiohttp/__pycache__/http_websocket.cpython-312.pyc -> /home/matthieu/ros2_ws/install/web_control/share/web_control/web/stream/webrtc/.venv/lib/python3.12/site-packages/aiohttp/__pycache__\n'}
[1.041907] (web_control) StdoutLine: {'line': b'copying web/stream/webrtc/.venv/lib/python3.12/site-packages/aiohttp/__pycache__/tcp_helpers.cpython-312.pyc -> /home/matthieu/ros2_ws/install/web_control/share/web_control/web/stream/webrtc/.venv/lib/python3.12/site-packages/aiohttp/__pycache__\n'}
[1.041959] (web_control) StdoutLine: {'line': b'copying web/stream/webrtc/.venv/lib/python3.12/site-packages/aiohttp/__pycache__/web_protocol.cpython-312.pyc -> /home/matthieu/ros2_ws/install/web_control/share/web_control/web/stream/webrtc/.venv/lib/python3.12/site-packages/aiohttp/__pycache__\n'}
[1.042024] (web_control) StdoutLine: {'line': b'copying web/stream/webrtc/.venv/lib/python3.12/site-packages/aiohttp/__pycache__/log.cpython-312.pyc -> /home/matthieu/ros2_ws/install/web_control/share/web_control/web/stream/webrtc/.venv/lib/python3.12/site-packages/aiohttp/__pycache__\n'}
[1.042077] (web_control) StdoutLine: {'line': b'copying web/stream/webrtc/.venv/lib/python3.12/site-packages/aiohttp/__pycache__/web_request.cpython-312.pyc -> /home/matthieu/ros2_ws/install/web_control/share/web_control/web/stream/webrtc/.venv/lib/python3.12/site-packages/aiohttp/__pycache__\n'}
[1.042157] (web_control) StdoutLine: {'line': b'copying web/stream/webrtc/.venv/lib/python3.12/site-packages/aiohttp/__pycache__/resolver.cpython-312.pyc -> /home/matthieu/ros2_ws/install/web_control/share/web_control/web/stream/webrtc/.venv/lib/python3.12/site-packages/aiohttp/__pycache__\n'}
[1.042213] (web_control) StdoutLine: {'line': b'copying web/stream/webrtc/.venv/lib/python3.12/site-packages/aiohttp/__pycache__/compression_utils.cpython-312.pyc -> /home/matthieu/ros2_ws/install/web_control/share/web_control/web/stream/webrtc/.venv/lib/python3.12/site-packages/aiohttp/__pycache__\n'}
[1.042269] (web_control) StdoutLine: {'line': b'copying web/stream/webrtc/.venv/lib/python3.12/site-packages/aiohttp/__pycache__/abc.cpython-312.pyc -> /home/matthieu/ros2_ws/install/web_control/share/web_control/web/stream/webrtc/.venv/lib/python3.12/site-packages/aiohttp/__pycache__\n'}
[1.042331] (web_control) StdoutLine: {'line': b'copying web/stream/webrtc/.venv/lib/python3.12/site-packages/aiohttp/__pycache__/client_exceptions.cpython-312.pyc -> /home/matthieu/ros2_ws/install/web_control/share/web_control/web/stream/webrtc/.venv/lib/python3.12/site-packages/aiohttp/__pycache__\n'}
[1.042385] (web_control) StdoutLine: {'line': b'copying web/stream/webrtc/.venv/lib/python3.12/site-packages/aiohttp/__pycache__/test_utils.cpython-312.pyc -> /home/matthieu/ros2_ws/install/web_control/share/web_control/web/stream/webrtc/.venv/lib/python3.12/site-packages/aiohttp/__pycache__\n'}
[1.042446] (web_control) StdoutLine: {'line': b'copying web/stream/webrtc/.venv/lib/python3.12/site-packages/aiohttp/__pycache__/tracing.cpython-312.pyc -> /home/matthieu/ros2_ws/install/web_control/share/web_control/web/stream/webrtc/.venv/lib/python3.12/site-packages/aiohttp/__pycache__\n'}
[1.042513] (web_control) StdoutLine: {'line': b'copying web/stream/webrtc/.venv/lib/python3.12/site-packages/aiohttp/__pycache__/http_writer.cpython-312.pyc -> /home/matthieu/ros2_ws/install/web_control/share/web_control/web/stream/webrtc/.venv/lib/python3.12/site-packages/aiohttp/__pycache__\n'}
[1.042568] (web_control) StdoutLine: {'line': b'copying web/stream/webrtc/.venv/lib/python3.12/site-packages/aiohttp/__pycache__/payload.cpython-312.pyc -> /home/matthieu/ros2_ws/install/web_control/share/web_control/web/stream/webrtc/.venv/lib/python3.12/site-packages/aiohttp/__pycache__\n'}
[1.042629] (web_control) StdoutLine: {'line': b'copying web/stream/webrtc/.venv/lib/python3.12/site-packages/aiohttp/__pycache__/cookiejar.cpython-312.pyc -> /home/matthieu/ros2_ws/install/web_control/share/web_control/web/stream/webrtc/.venv/lib/python3.12/site-packages/aiohttp/__pycache__\n'}
[1.042692] (web_control) StdoutLine: {'line': b'copying web/stream/webrtc/.venv/lib/python3.12/site-packages/aiohttp/__pycache__/web_app.cpython-312.pyc -> /home/matthieu/ros2_ws/install/web_control/share/web_control/web/stream/webrtc/.venv/lib/python3.12/site-packages/aiohttp/__pycache__\n'}
[1.042756] (web_control) StdoutLine: {'line': b'copying web/stream/webrtc/.venv/lib/python3.12/site-packages/aiohttp/__pycache__/web_server.cpython-312.pyc -> /home/matthieu/ros2_ws/install/web_control/share/web_control/web/stream/webrtc/.venv/lib/python3.12/site-packages/aiohttp/__pycache__\n'}
[1.042813] (web_control) StdoutLine: {'line': b'copying web/stream/webrtc/.venv/lib/python3.12/site-packages/aiohttp/__pycache__/web_ws.cpython-312.pyc -> /home/matthieu/ros2_ws/install/web_control/share/web_control/web/stream/webrtc/.venv/lib/python3.12/site-packages/aiohttp/__pycache__\n'}
[1.042878] (web_control) StdoutLine: {'line': b'copying web/stream/webrtc/.venv/lib/python3.12/site-packages/aiohttp/__pycache__/__init__.cpython-312.pyc -> /home/matthieu/ros2_ws/install/web_control/share/web_control/web/stream/webrtc/.venv/lib/python3.12/site-packages/aiohttp/__pycache__\n'}
[1.042932] (web_control) StdoutLine: {'line': b'copying web/stream/webrtc/.venv/lib/python3.12/site-packages/aiohttp/__pycache__/streams.cpython-312.pyc -> /home/matthieu/ros2_ws/install/web_control/share/web_control/web/stream/webrtc/.venv/lib/python3.12/site-packages/aiohttp/__pycache__\n'}
[1.042995] (web_control) StdoutLine: {'line': b'copying web/stream/webrtc/.venv/lib/python3.12/site-packages/aiohttp/__pycache__/web_runner.cpython-312.pyc -> /home/matthieu/ros2_ws/install/web_control/share/web_control/web/stream/webrtc/.venv/lib/python3.12/site-packages/aiohttp/__pycache__\n'}
[1.043054] (web_control) StdoutLine: {'line': b'copying web/stream/webrtc/.venv/lib/python3.12/site-packages/aiohttp/__pycache__/client_ws.cpython-312.pyc -> /home/matthieu/ros2_ws/install/web_control/share/web_control/web/stream/webrtc/.venv/lib/python3.12/site-packages/aiohttp/__pycache__\n'}
[1.043119] (web_control) StdoutLine: {'line': b'copying web/stream/webrtc/.venv/lib/python3.12/site-packages/aiohttp/__pycache__/web_response.cpython-312.pyc -> /home/matthieu/ros2_ws/install/web_control/share/web_control/web/stream/webrtc/.venv/lib/python3.12/site-packages/aiohttp/__pycache__\n'}
[1.043188] (web_control) StdoutLine: {'line': b'copying web/stream/webrtc/.venv/lib/python3.12/site-packages/aiohttp/__pycache__/multipart.cpython-312.pyc -> /home/matthieu/ros2_ws/install/web_control/share/web_control/web/stream/webrtc/.venv/lib/python3.12/site-packages/aiohttp/__pycache__\n'}
[1.043264] (web_control) StdoutLine: {'line': b'copying web/stream/webrtc/.venv/lib/python3.12/site-packages/aiohttp/__pycache__/http_exceptions.cpython-312.pyc -> /home/matthieu/ros2_ws/install/web_control/share/web_control/web/stream/webrtc/.venv/lib/python3.12/site-packages/aiohttp/__pycache__\n'}
[1.043318] (web_control) StdoutLine: {'line': b'copying web/stream/webrtc/.venv/lib/python3.12/site-packages/aiohttp/__pycache__/client.cpython-312.pyc -> /home/matthieu/ros2_ws/install/web_control/share/web_control/web/stream/webrtc/.venv/lib/python3.12/site-packages/aiohttp/__pycache__\n'}
[1.043386] (web_control) StdoutLine: {'line': b'copying web/stream/webrtc/.venv/lib/python3.12/site-packages/aiohttp/__pycache__/connector.cpython-312.pyc -> /home/matthieu/ros2_ws/install/web_control/share/web_control/web/stream/webrtc/.venv/lib/python3.12/site-packages/aiohttp/__pycache__\n'}
[1.043469] (web_control) StdoutLine: {'line': b'copying web/stream/webrtc/.venv/lib/python3.12/site-packages/aiohttp/__pycache__/pytest_plugin.cpython-312.pyc -> /home/matthieu/ros2_ws/install/web_control/share/web_control/web/stream/webrtc/.venv/lib/python3.12/site-packages/aiohttp/__pycache__\n'}
[1.043528] (web_control) StdoutLine: {'line': b'copying web/stream/webrtc/.venv/lib/python3.12/site-packages/aiohttp/__pycache__/payload_streamer.cpython-312.pyc -> /home/matthieu/ros2_ws/install/web_control/share/web_control/web/stream/webrtc/.venv/lib/python3.12/site-packages/aiohttp/__pycache__\n'}
[1.043585] (web_control) StdoutLine: {'line': b'creating /home/matthieu/ros2_ws/install/web_control/share/web_control/web/stream/webrtc/.venv/lib/python3.12/site-packages/aiohttp/.hash\n'}
[1.043639] (web_control) StdoutLine: {'line': b'copying web/stream/webrtc/.venv/lib/python3.12/site-packages/aiohttp/.hash/_http_writer.pyx.hash -> /home/matthieu/ros2_ws/install/web_control/share/web_control/web/stream/webrtc/.venv/lib/python3.12/site-packages/aiohttp/.hash\n'}
[1.043693] (web_control) StdoutLine: {'line': b'copying web/stream/webrtc/.venv/lib/python3.12/site-packages/aiohttp/.hash/_websocket.pyx.hash -> /home/matthieu/ros2_ws/install/web_control/share/web_control/web/stream/webrtc/.venv/lib/python3.12/site-packages/aiohttp/.hash\n'}
[1.043747] (web_control) StdoutLine: {'line': b'copying web/stream/webrtc/.venv/lib/python3.12/site-packages/aiohttp/.hash/_http_parser.pyx.hash -> /home/matthieu/ros2_ws/install/web_control/share/web_control/web/stream/webrtc/.venv/lib/python3.12/site-packages/aiohttp/.hash\n'}
[1.043801] (web_control) StdoutLine: {'line': b'copying web/stream/webrtc/.venv/lib/python3.12/site-packages/aiohttp/.hash/_helpers.pyx.hash -> /home/matthieu/ros2_ws/install/web_control/share/web_control/web/stream/webrtc/.venv/lib/python3.12/site-packages/aiohttp/.hash\n'}
[1.043855] (web_control) StdoutLine: {'line': b'copying web/stream/webrtc/.venv/lib/python3.12/site-packages/aiohttp/.hash/_cparser.pxd.hash -> /home/matthieu/ros2_ws/install/web_control/share/web_control/web/stream/webrtc/.venv/lib/python3.12/site-packages/aiohttp/.hash\n'}
[1.043906] (web_control) StdoutLine: {'line': b'copying web/stream/webrtc/.venv/lib/python3.12/site-packages/aiohttp/.hash/_helpers.pyi.hash -> /home/matthieu/ros2_ws/install/web_control/share/web_control/web/stream/webrtc/.venv/lib/python3.12/site-packages/aiohttp/.hash\n'}
[1.043961] (web_control) StdoutLine: {'line': b'copying web/stream/webrtc/.venv/lib/python3.12/site-packages/aiohttp/.hash/hdrs.py.hash -> /home/matthieu/ros2_ws/install/web_control/share/web_control/web/stream/webrtc/.venv/lib/python3.12/site-packages/aiohttp/.hash\n'}
[1.044019] (web_control) StdoutLine: {'line': b'copying web/stream/webrtc/.venv/lib/python3.12/site-packages/aiohttp/.hash/_find_header.pxd.hash -> /home/matthieu/ros2_ws/install/web_control/share/web_control/web/stream/webrtc/.venv/lib/python3.12/site-packages/aiohttp/.hash\n'}
[1.044074] (web_control) StdoutLine: {'line': b'creating /home/matthieu/ros2_ws/install/web_control/share/web_control/web/stream/webrtc/.venv/lib/python3.12/site-packages/av-11.0.0.dist-info\n'}
[1.044135] (web_control) StdoutLine: {'line': b'copying web/stream/webrtc/.venv/lib/python3.12/site-packages/av-11.0.0.dist-info/WHEEL -> /home/matthieu/ros2_ws/install/web_control/share/web_control/web/stream/webrtc/.venv/lib/python3.12/site-packages/av-11.0.0.dist-info\n'}
[1.044193] (web_control) StdoutLine: {'line': b'copying web/stream/webrtc/.venv/lib/python3.12/site-packages/av-11.0.0.dist-info/RECORD -> /home/matthieu/ros2_ws/install/web_control/share/web_control/web/stream/webrtc/.venv/lib/python3.12/site-packages/av-11.0.0.dist-info\n'}
[1.044246] (web_control) StdoutLine: {'line': b'copying web/stream/webrtc/.venv/lib/python3.12/site-packages/av-11.0.0.dist-info/INSTALLER -> /home/matthieu/ros2_ws/install/web_control/share/web_control/web/stream/webrtc/.venv/lib/python3.12/site-packages/av-11.0.0.dist-info\n'}
[1.044302] (web_control) StdoutLine: {'line': b'copying web/stream/webrtc/.venv/lib/python3.12/site-packages/av-11.0.0.dist-info/entry_points.txt -> /home/matthieu/ros2_ws/install/web_control/share/web_control/web/stream/webrtc/.venv/lib/python3.12/site-packages/av-11.0.0.dist-info\n'}
[1.044352] (web_control) StdoutLine: {'line': b'copying web/stream/webrtc/.venv/lib/python3.12/site-packages/av-11.0.0.dist-info/top_level.txt -> /home/matthieu/ros2_ws/install/web_control/share/web_control/web/stream/webrtc/.venv/lib/python3.12/site-packages/av-11.0.0.dist-info\n'}
[1.044406] (web_control) StdoutLine: {'line': b'copying web/stream/webrtc/.venv/lib/python3.12/site-packages/av-11.0.0.dist-info/METADATA -> /home/matthieu/ros2_ws/install/web_control/share/web_control/web/stream/webrtc/.venv/lib/python3.12/site-packages/av-11.0.0.dist-info\n'}
[1.044466] (web_control) StdoutLine: {'line': b'creating /home/matthieu/ros2_ws/install/web_control/share/web_control/web/stream/webrtc/.venv/lib/python3.12/site-packages/av-11.0.0.dist-info/licenses\n'}
[1.044509] (web_control) StdoutLine: {'line': b'copying web/stream/webrtc/.venv/lib/python3.12/site-packages/av-11.0.0.dist-info/licenses/AUTHORS.py -> /home/matthieu/ros2_ws/install/web_control/share/web_control/web/stream/webrtc/.venv/lib/python3.12/site-packages/av-11.0.0.dist-info/licenses\n'}
[1.044568] (web_control) StdoutLine: {'line': b'copying web/stream/webrtc/.venv/lib/python3.12/site-packages/av-11.0.0.dist-info/licenses/LICENSE.txt -> /home/matthieu/ros2_ws/install/web_control/share/web_control/web/stream/webrtc/.venv/lib/python3.12/site-packages/av-11.0.0.dist-info/licenses\n'}
[1.044612] (web_control) StdoutLine: {'line': b'copying web/stream/webrtc/.venv/lib/python3.12/site-packages/av-11.0.0.dist-info/licenses/AUTHORS.rst -> /home/matthieu/ros2_ws/install/web_control/share/web_control/web/stream/webrtc/.venv/lib/python3.12/site-packages/av-11.0.0.dist-info/licenses\n'}
[1.044671] (web_control) StdoutLine: {'line': b'creating /home/matthieu/ros2_ws/install/web_control/share/web_control/web/stream/webrtc/.venv/lib/python3.12/site-packages/av-11.0.0.dist-info/licenses/__pycache__\n'}
[1.044714] (web_control) StdoutLine: {'line': b'copying web/stream/webrtc/.venv/lib/python3.12/site-packages/av-11.0.0.dist-info/licenses/__pycache__/AUTHORS.cpython-312.pyc -> /home/matthieu/ros2_ws/install/web_control/share/web_control/web/stream/webrtc/.venv/lib/python3.12/site-packages/av-11.0.0.dist-info/licenses/__pycache__\n'}
[1.044773] (web_control) StdoutLine: {'line': b'creating /home/matthieu/ros2_ws/install/web_control/share/web_control/web/stream/webrtc/.venv/lib/python3.12/site-packages/frozenlist\n'}
[1.044819] (web_control) StdoutLine: {'line': b'copying web/stream/webrtc/.venv/lib/python3.12/site-packages/frozenlist/_frozenlist.cpython-312-x86_64-linux-gnu.so -> /home/matthieu/ros2_ws/install/web_control/share/web_control/web/stream/webrtc/.venv/lib/python3.12/site-packages/frozenlist\n'}
[1.045214] (web_control) StdoutLine: {'line': b'copying web/stream/webrtc/.venv/lib/python3.12/site-packages/frozenlist/_frozenlist.pyx -> /home/matthieu/ros2_ws/install/web_control/share/web_control/web/stream/webrtc/.venv/lib/python3.12/site-packages/frozenlist\n'}
[1.045281] (web_control) StdoutLine: {'line': b'copying web/stream/webrtc/.venv/lib/python3.12/site-packages/frozenlist/__init__.pyi -> /home/matthieu/ros2_ws/install/web_control/share/web_control/web/stream/webrtc/.venv/lib/python3.12/site-packages/frozenlist\n'}
[1.045343] (web_control) StdoutLine: {'line': b'copying web/stream/webrtc/.venv/lib/python3.12/site-packages/frozenlist/py.typed -> /home/matthieu/ros2_ws/install/web_control/share/web_control/web/stream/webrtc/.venv/lib/python3.12/site-packages/frozenlist\n'}
[1.045387] (web_control) StdoutLine: {'line': b'copying web/stream/webrtc/.venv/lib/python3.12/site-packages/frozenlist/__init__.py -> /home/matthieu/ros2_ws/install/web_control/share/web_control/web/stream/webrtc/.venv/lib/python3.12/site-packages/frozenlist\n'}
[1.045447] (web_control) StdoutLine: {'line': b'creating /home/matthieu/ros2_ws/install/web_control/share/web_control/web/stream/webrtc/.venv/lib/python3.12/site-packages/frozenlist/__pycache__\n'}
[1.045495] (web_control) StdoutLine: {'line': b'copying web/stream/webrtc/.venv/lib/python3.12/site-packages/frozenlist/__pycache__/__init__.cpython-312.pyc -> /home/matthieu/ros2_ws/install/web_control/share/web_control/web/stream/webrtc/.venv/lib/python3.12/site-packages/frozenlist/__pycache__\n'}
[1.045553] (web_control) StdoutLine: {'line': b'creating /home/matthieu/ros2_ws/install/web_control/share/web_control/web/stream/webrtc/.venv/lib/python3.12/site-packages/aioice\n'}
[1.045600] (web_control) StdoutLine: {'line': b'copying web/stream/webrtc/.venv/lib/python3.12/site-packages/aioice/mdns.py -> /home/matthieu/ros2_ws/install/web_control/share/web_control/web/stream/webrtc/.venv/lib/python3.12/site-packages/aioice\n'}
[1.045654] (web_control) StdoutLine: {'line': b'copying web/stream/webrtc/.venv/lib/python3.12/site-packages/aioice/stun.py -> /home/matthieu/ros2_ws/install/web_control/share/web_control/web/stream/webrtc/.venv/lib/python3.12/site-packages/aioice\n'}
[1.045710] (web_control) StdoutLine: {'line': b'copying web/stream/webrtc/.venv/lib/python3.12/site-packages/aioice/ice.py -> /home/matthieu/ros2_ws/install/web_control/share/web_control/web/stream/webrtc/.venv/lib/python3.12/site-packages/aioice\n'}
[1.045765] (web_control) StdoutLine: {'line': b'copying web/stream/webrtc/.venv/lib/python3.12/site-packages/aioice/candidate.py -> /home/matthieu/ros2_ws/install/web_control/share/web_control/web/stream/webrtc/.venv/lib/python3.12/site-packages/aioice\n'}
[1.045821] (web_control) StdoutLine: {'line': b'copying web/stream/webrtc/.venv/lib/python3.12/site-packages/aioice/turn.py -> /home/matthieu/ros2_ws/install/web_control/share/web_control/web/stream/webrtc/.venv/lib/python3.12/site-packages/aioice\n'}
[1.045875] (web_control) StdoutLine: {'line': b'copying web/stream/webrtc/.venv/lib/python3.12/site-packages/aioice/py.typed -> /home/matthieu/ros2_ws/install/web_control/share/web_control/web/stream/webrtc/.venv/lib/python3.12/site-packages/aioice\n'}
[1.045930] (web_control) StdoutLine: {'line': b'copying web/stream/webrtc/.venv/lib/python3.12/site-packages/aioice/utils.py -> /home/matthieu/ros2_ws/install/web_control/share/web_control/web/stream/webrtc/.venv/lib/python3.12/site-packages/aioice\n'}
[1.045986] (web_control) StdoutLine: {'line': b'copying web/stream/webrtc/.venv/lib/python3.12/site-packages/aioice/__init__.py -> /home/matthieu/ros2_ws/install/web_control/share/web_control/web/stream/webrtc/.venv/lib/python3.12/site-packages/aioice\n'}
[1.046042] (web_control) StdoutLine: {'line': b'creating /home/matthieu/ros2_ws/install/web_control/share/web_control/web/stream/webrtc/.venv/lib/python3.12/site-packages/aioice/__pycache__\n'}
[1.046098] (web_control) StdoutLine: {'line': b'copying web/stream/webrtc/.venv/lib/python3.12/site-packages/aioice/__pycache__/turn.cpython-312.pyc -> /home/matthieu/ros2_ws/install/web_control/share/web_control/web/stream/webrtc/.venv/lib/python3.12/site-packages/aioice/__pycache__\n'}
[1.046155] (web_control) StdoutLine: {'line': b'copying web/stream/webrtc/.venv/lib/python3.12/site-packages/aioice/__pycache__/stun.cpython-312.pyc -> /home/matthieu/ros2_ws/install/web_control/share/web_control/web/stream/webrtc/.venv/lib/python3.12/site-packages/aioice/__pycache__\n'}
[1.046211] (web_control) StdoutLine: {'line': b'copying web/stream/webrtc/.venv/lib/python3.12/site-packages/aioice/__pycache__/candidate.cpython-312.pyc -> /home/matthieu/ros2_ws/install/web_control/share/web_control/web/stream/webrtc/.venv/lib/python3.12/site-packages/aioice/__pycache__\n'}
[1.046267] (web_control) StdoutLine: {'line': b'copying web/stream/webrtc/.venv/lib/python3.12/site-packages/aioice/__pycache__/ice.cpython-312.pyc -> /home/matthieu/ros2_ws/install/web_control/share/web_control/web/stream/webrtc/.venv/lib/python3.12/site-packages/aioice/__pycache__\n'}
[1.046323] (web_control) StdoutLine: {'line': b'copying web/stream/webrtc/.venv/lib/python3.12/site-packages/aioice/__pycache__/__init__.cpython-312.pyc -> /home/matthieu/ros2_ws/install/web_control/share/web_control/web/stream/webrtc/.venv/lib/python3.12/site-packages/aioice/__pycache__\n'}
[1.046374] (web_control) StdoutLine: {'line': b'copying web/stream/webrtc/.venv/lib/python3.12/site-packages/aioice/__pycache__/mdns.cpython-312.pyc -> /home/matthieu/ros2_ws/install/web_control/share/web_control/web/stream/webrtc/.venv/lib/python3.12/site-packages/aioice/__pycache__\n'}
[1.046428] (web_control) StdoutLine: {'line': b'copying web/stream/webrtc/.venv/lib/python3.12/site-packages/aioice/__pycache__/utils.cpython-312.pyc -> /home/matthieu/ros2_ws/install/web_control/share/web_control/web/stream/webrtc/.venv/lib/python3.12/site-packages/aioice/__pycache__\n'}
[1.046483] (web_control) StdoutLine: {'line': b'creating /home/matthieu/ros2_ws/install/web_control/share/web_control/web/stream/webrtc/.venv/lib/python3.12/site-packages/av\n'}
[1.046538] (web_control) StdoutLine: {'line': b'copying web/stream/webrtc/.venv/lib/python3.12/site-packages/av/frame.cpython-312-x86_64-linux-gnu.so -> /home/matthieu/ros2_ws/install/web_control/share/web_control/web/stream/webrtc/.venv/lib/python3.12/site-packages/av\n'}
[1.046734] (web_control) StdoutLine: {'line': b'copying web/stream/webrtc/.venv/lib/python3.12/site-packages/av/buffer.cpython-312-x86_64-linux-gnu.so -> /home/matthieu/ros2_ws/install/web_control/share/web_control/web/stream/webrtc/.venv/lib/python3.12/site-packages/av\n'}
[1.046950] (web_control) StdoutLine: {'line': b'copying web/stream/webrtc/.venv/lib/python3.12/site-packages/av/packet.cpython-312-x86_64-linux-gnu.so -> /home/matthieu/ros2_ws/install/web_control/share/web_control/web/stream/webrtc/.venv/lib/python3.12/site-packages/av\n'}
[1.047177] (web_control) StdoutLine: {'line': b'copying web/stream/webrtc/.venv/lib/python3.12/site-packages/av/frame.pxd -> /home/matthieu/ros2_ws/install/web_control/share/web_control/web/stream/webrtc/.venv/lib/python3.12/site-packages/av\n'}
[1.047237] (web_control) StdoutLine: {'line': b'copying web/stream/webrtc/.venv/lib/python3.12/site-packages/av/format.pxd -> /home/matthieu/ros2_ws/install/web_control/share/web_control/web/stream/webrtc/.venv/lib/python3.12/site-packages/av\n'}
[1.047293] (web_control) StdoutLine: {'line': b'copying web/stream/webrtc/.venv/lib/python3.12/site-packages/av/utils.pxd -> /home/matthieu/ros2_ws/install/web_control/share/web_control/web/stream/webrtc/.venv/lib/python3.12/site-packages/av\n'}
[1.047352] (web_control) StdoutLine: {'line': b'copying web/stream/webrtc/.venv/lib/python3.12/site-packages/av/option.pxd -> /home/matthieu/ros2_ws/install/web_control/share/web_control/web/stream/webrtc/.venv/lib/python3.12/site-packages/av\n'}
[1.047410] (web_control) StdoutLine: {'line': b'copying web/stream/webrtc/.venv/lib/python3.12/site-packages/av/utils.cpython-312-x86_64-linux-gnu.so -> /home/matthieu/ros2_ws/install/web_control/share/web_control/web/stream/webrtc/.venv/lib/python3.12/site-packages/av\n'}
[1.047549] (web_control) StdoutLine: {'line': b'copying web/stream/webrtc/.venv/lib/python3.12/site-packages/av/_core.cpython-312-x86_64-linux-gnu.so -> /home/matthieu/ros2_ws/install/web_control/share/web_control/web/stream/webrtc/.venv/lib/python3.12/site-packages/av\n'}
[1.047664] (web_control) StdoutLine: {'line': b'copying web/stream/webrtc/.venv/lib/python3.12/site-packages/av/stream.cpython-312-x86_64-linux-gnu.so -> /home/matthieu/ros2_ws/install/web_control/share/web_control/web/stream/webrtc/.venv/lib/python3.12/site-packages/av\n'}
[1.047947] (web_control) StdoutLine: {'line': b'copying web/stream/webrtc/.venv/lib/python3.12/site-packages/av/logging.pxd -> /home/matthieu/ros2_ws/install/web_control/share/web_control/web/stream/webrtc/.venv/lib/python3.12/site-packages/av\n'}
[1.048044] (web_control) StdoutLine: {'line': b'copying web/stream/webrtc/.venv/lib/python3.12/site-packages/av/descriptor.pxd -> /home/matthieu/ros2_ws/install/web_control/share/web_control/web/stream/webrtc/.venv/lib/python3.12/site-packages/av\n'}
[1.048097] (web_control) StdoutLine: {'line': b'copying web/stream/webrtc/.venv/lib/python3.12/site-packages/av/descriptor.cpython-312-x86_64-linux-gnu.so -> /home/matthieu/ros2_ws/install/web_control/share/web_control/web/stream/webrtc/.venv/lib/python3.12/site-packages/av\n'}
[1.048240] (web_control) StdoutLine: {'line': b'copying web/stream/webrtc/.venv/lib/python3.12/site-packages/av/plane.pxd -> /home/matthieu/ros2_ws/install/web_control/share/web_control/web/stream/webrtc/.venv/lib/python3.12/site-packages/av\n'}
[1.048295] (web_control) StdoutLine: {'line': b'copying web/stream/webrtc/.venv/lib/python3.12/site-packages/av/dictionary.pxd -> /home/matthieu/ros2_ws/install/web_control/share/web_control/web/stream/webrtc/.venv/lib/python3.12/site-packages/av\n'}
[1.048356] (web_control) StdoutLine: {'line': b'copying web/stream/webrtc/.venv/lib/python3.12/site-packages/av/option.cpython-312-x86_64-linux-gnu.so -> /home/matthieu/ros2_ws/install/web_control/share/web_control/web/stream/webrtc/.venv/lib/python3.12/site-packages/av\n'}
[1.048625] (web_control) StdoutLine: {'line': b'copying web/stream/webrtc/.venv/lib/python3.12/site-packages/av/packet.pxd -> /home/matthieu/ros2_ws/install/web_control/share/web_control/web/stream/webrtc/.venv/lib/python3.12/site-packages/av\n'}
[1.048703] (web_control) StdoutLine: {'line': b'copying web/stream/webrtc/.venv/lib/python3.12/site-packages/av/bytesource.pxd -> /home/matthieu/ros2_ws/install/web_control/share/web_control/web/stream/webrtc/.venv/lib/python3.12/site-packages/av\n'}
[1.048761] (web_control) StdoutLine: {'line': b'copying web/stream/webrtc/.venv/lib/python3.12/site-packages/av/bytesource.cpython-312-x86_64-linux-gnu.so -> /home/matthieu/ros2_ws/install/web_control/share/web_control/web/stream/webrtc/.venv/lib/python3.12/site-packages/av\n'}
[1.048899] (web_control) StdoutLine: {'line': b'copying web/stream/webrtc/.venv/lib/python3.12/site-packages/av/__main__.py -> /home/matthieu/ros2_ws/install/web_control/share/web_control/web/stream/webrtc/.venv/lib/python3.12/site-packages/av\n'}
[1.048960] (web_control) StdoutLine: {'line': b'copying web/stream/webrtc/.venv/lib/python3.12/site-packages/av/dictionary.cpython-312-x86_64-linux-gnu.so -> /home/matthieu/ros2_ws/install/web_control/share/web_control/web/stream/webrtc/.venv/lib/python3.12/site-packages/av\n'}
[1.049264] (web_control) StdoutLine: {'line': b'copying web/stream/webrtc/.venv/lib/python3.12/site-packages/av/buffer.pxd -> /home/matthieu/ros2_ws/install/web_control/share/web_control/web/stream/webrtc/.venv/lib/python3.12/site-packages/av\n'}
[1.049328] (web_control) StdoutLine: {'line': b'copying web/stream/webrtc/.venv/lib/python3.12/site-packages/av/datasets.py -> /home/matthieu/ros2_ws/install/web_control/share/web_control/web/stream/webrtc/.venv/lib/python3.12/site-packages/av\n'}
[1.049388] (web_control) StdoutLine: {'line': b'copying web/stream/webrtc/.venv/lib/python3.12/site-packages/av/__init__.pxd -> /home/matthieu/ros2_ws/install/web_control/share/web_control/web/stream/webrtc/.venv/lib/python3.12/site-packages/av\n'}
[1.049449] (web_control) StdoutLine: {'line': b'copying web/stream/webrtc/.venv/lib/python3.12/site-packages/av/error.pxd -> /home/matthieu/ros2_ws/install/web_control/share/web_control/web/stream/webrtc/.venv/lib/python3.12/site-packages/av\n'}
[1.049492] (web_control) StdoutLine: {'line': b'copying web/stream/webrtc/.venv/lib/python3.12/site-packages/av/plane.cpython-312-x86_64-linux-gnu.so -> /home/matthieu/ros2_ws/install/web_control/share/web_control/web/stream/webrtc/.venv/lib/python3.12/site-packages/av\n'}
[1.049648] (web_control) StdoutLine: {'line': b'copying web/stream/webrtc/.venv/lib/python3.12/site-packages/av/about.py -> /home/matthieu/ros2_ws/install/web_control/share/web_control/web/stream/webrtc/.venv/lib/python3.12/site-packages/av\n'}
[1.049706] (web_control) StdoutLine: {'line': b'copying web/stream/webrtc/.venv/lib/python3.12/site-packages/av/enum.pxd -> /home/matthieu/ros2_ws/install/web_control/share/web_control/web/stream/webrtc/.venv/lib/python3.12/site-packages/av\n'}
[1.049758] (web_control) StdoutLine: {'line': b'copying web/stream/webrtc/.venv/lib/python3.12/site-packages/av/deprecation.py -> /home/matthieu/ros2_ws/install/web_control/share/web_control/web/stream/webrtc/.venv/lib/python3.12/site-packages/av\n'}
[1.049810] (web_control) StdoutLine: {'line': b'copying web/stream/webrtc/.venv/lib/python3.12/site-packages/av/enum.cpython-312-x86_64-linux-gnu.so -> /home/matthieu/ros2_ws/install/web_control/share/web_control/web/stream/webrtc/.venv/lib/python3.12/site-packages/av\n'}
[1.050456] (web_control) StdoutLine: {'line': b'copying web/stream/webrtc/.venv/lib/python3.12/site-packages/av/logging.cpython-312-x86_64-linux-gnu.so -> /home/matthieu/ros2_ws/install/web_control/share/web_control/web/stream/webrtc/.venv/lib/python3.12/site-packages/av\n'}
[1.050789] (web_control) StdoutLine: {'line': b'copying web/stream/webrtc/.venv/lib/python3.12/site-packages/av/error.cpython-312-x86_64-linux-gnu.so -> /home/matthieu/ros2_ws/install/web_control/share/web_control/web/stream/webrtc/.venv/lib/python3.12/site-packages/av\n'}
[1.051158] (web_control) StdoutLine: {'line': b'copying web/stream/webrtc/.venv/lib/python3.12/site-packages/av/stream.pxd -> /home/matthieu/ros2_ws/install/web_control/share/web_control/web/stream/webrtc/.venv/lib/python3.12/site-packages/av\n'}
[1.051219] (web_control) StdoutLine: {'line': b'copying web/stream/webrtc/.venv/lib/python3.12/site-packages/av/format.cpython-312-x86_64-linux-gnu.so -> /home/matthieu/ros2_ws/install/web_control/share/web_control/web/stream/webrtc/.venv/lib/python3.12/site-packages/av\n'}
[1.051463] (web_control) StdoutLine: {'line': b'copying web/stream/webrtc/.venv/lib/python3.12/site-packages/av/__init__.py -> /home/matthieu/ros2_ws/install/web_control/share/web_control/web/stream/webrtc/.venv/lib/python3.12/site-packages/av\n'}
[1.051523] (web_control) StdoutLine: {'line': b'creating /home/matthieu/ros2_ws/install/web_control/share/web_control/web/stream/webrtc/.venv/lib/python3.12/site-packages/av/sidedata\n'}
[1.051578] (web_control) StdoutLine: {'line': b'copying web/stream/webrtc/.venv/lib/python3.12/site-packages/av/sidedata/motionvectors.pxd -> /home/matthieu/ros2_ws/install/web_control/share/web_control/web/stream/webrtc/.venv/lib/python3.12/site-packages/av/sidedata\n'}
[1.051633] (web_control) StdoutLine: {'line': b'copying web/stream/webrtc/.venv/lib/python3.12/site-packages/av/sidedata/motionvectors.cpython-312-x86_64-linux-gnu.so -> /home/matthieu/ros2_ws/install/web_control/share/web_control/web/stream/webrtc/.venv/lib/python3.12/site-packages/av/sidedata\n'}
[1.051886] (web_control) StdoutLine: {'line': b'copying web/stream/webrtc/.venv/lib/python3.12/site-packages/av/sidedata/sidedata.cpython-312-x86_64-linux-gnu.so -> /home/matthieu/ros2_ws/install/web_control/share/web_control/web/stream/webrtc/.venv/lib/python3.12/site-packages/av/sidedata\n'}
[1.052185] (web_control) StdoutLine: {'line': b'copying web/stream/webrtc/.venv/lib/python3.12/site-packages/av/sidedata/__init__.pxd -> /home/matthieu/ros2_ws/install/web_control/share/web_control/web/stream/webrtc/.venv/lib/python3.12/site-packages/av/sidedata\n'}
[1.052241] (web_control) StdoutLine: {'line': b'copying web/stream/webrtc/.venv/lib/python3.12/site-packages/av/sidedata/sidedata.pxd -> /home/matthieu/ros2_ws/install/web_control/share/web_control/web/stream/webrtc/.venv/lib/python3.12/site-packages/av/sidedata\n'}
[1.052295] (web_control) StdoutLine: {'line': b'copying web/stream/webrtc/.venv/lib/python3.12/site-packages/av/sidedata/__init__.py -> /home/matthieu/ros2_ws/install/web_control/share/web_control/web/stream/webrtc/.venv/lib/python3.12/site-packages/av/sidedata\n'}
[1.052351] (web_control) StdoutLine: {'line': b'creating /home/matthieu/ros2_ws/install/web_control/share/web_control/web/stream/webrtc/.venv/lib/python3.12/site-packages/av/sidedata/__pycache__\n'}
[1.052407] (web_control) StdoutLine: {'line': b'copying web/stream/webrtc/.venv/lib/python3.12/site-packages/av/sidedata/__pycache__/__init__.cpython-312.pyc -> /home/matthieu/ros2_ws/install/web_control/share/web_control/web/stream/webrtc/.venv/lib/python3.12/site-packages/av/sidedata/__pycache__\n'}
[1.052467] (web_control) StdoutLine: {'line': b'creating /home/matthieu/ros2_ws/install/web_control/share/web_control/web/stream/webrtc/.venv/lib/python3.12/site-packages/av/container\n'}
[1.052510] (web_control) StdoutLine: {'line': b'copying web/stream/webrtc/.venv/lib/python3.12/site-packages/av/container/input.cpython-312-x86_64-linux-gnu.so -> /home/matthieu/ros2_ws/install/web_control/share/web_control/web/stream/webrtc/.venv/lib/python3.12/site-packages/av/container\n'}
[1.052815] (web_control) StdoutLine: {'line': b'copying web/stream/webrtc/.venv/lib/python3.12/site-packages/av/container/pyio.cpython-312-x86_64-linux-gnu.so -> /home/matthieu/ros2_ws/install/web_control/share/web_control/web/stream/webrtc/.venv/lib/python3.12/site-packages/av/container\n'}
[1.053056] (web_control) StdoutLine: {'line': b'copying web/stream/webrtc/.venv/lib/python3.12/site-packages/av/container/streams.pxd -> /home/matthieu/ros2_ws/install/web_control/share/web_control/web/stream/webrtc/.venv/lib/python3.12/site-packages/av/container\n'}
[1.053121] (web_control) StdoutLine: {'line': b'copying web/stream/webrtc/.venv/lib/python3.12/site-packages/av/container/core.cpython-312-x86_64-linux-gnu.so -> /home/matthieu/ros2_ws/install/web_control/share/web_control/web/stream/webrtc/.venv/lib/python3.12/site-packages/av/container\n'}
[1.053570] (web_control) StdoutLine: {'line': b'copying web/stream/webrtc/.venv/lib/python3.12/site-packages/av/container/__init__.pxd -> /home/matthieu/ros2_ws/install/web_control/share/web_control/web/stream/webrtc/.venv/lib/python3.12/site-packages/av/container\n'}
[1.053630] (web_control) StdoutLine: {'line': b'copying web/stream/webrtc/.venv/lib/python3.12/site-packages/av/container/streams.cpython-312-x86_64-linux-gnu.so -> /home/matthieu/ros2_ws/install/web_control/share/web_control/web/stream/webrtc/.venv/lib/python3.12/site-packages/av/container\n'}
[1.053932] (web_control) StdoutLine: {'line': b'copying web/stream/webrtc/.venv/lib/python3.12/site-packages/av/container/output.cpython-312-x86_64-linux-gnu.so -> /home/matthieu/ros2_ws/install/web_control/share/web_control/web/stream/webrtc/.venv/lib/python3.12/site-packages/av/container\n'}
[1.054288] (web_control) StdoutLine: {'line': b'copying web/stream/webrtc/.venv/lib/python3.12/site-packages/av/container/input.pxd -> /home/matthieu/ros2_ws/install/web_control/share/web_control/web/stream/webrtc/.venv/lib/python3.12/site-packages/av/container\n'}
[1.054349] (web_control) StdoutLine: {'line': b'copying web/stream/webrtc/.venv/lib/python3.12/site-packages/av/container/pyio.pxd -> /home/matthieu/ros2_ws/install/web_control/share/web_control/web/stream/webrtc/.venv/lib/python3.12/site-packages/av/container\n'}
[1.054410] (web_control) StdoutLine: {'line': b'copying web/stream/webrtc/.venv/lib/python3.12/site-packages/av/container/output.pxd -> /home/matthieu/ros2_ws/install/web_control/share/web_control/web/stream/webrtc/.venv/lib/python3.12/site-packages/av/container\n'}
[1.054460] (web_control) StdoutLine: {'line': b'copying web/stream/webrtc/.venv/lib/python3.12/site-packages/av/container/core.pxd -> /home/matthieu/ros2_ws/install/web_control/share/web_control/web/stream/webrtc/.venv/lib/python3.12/site-packages/av/container\n'}
[1.054515] (web_control) StdoutLine: {'line': b'copying web/stream/webrtc/.venv/lib/python3.12/site-packages/av/container/__init__.py -> /home/matthieu/ros2_ws/install/web_control/share/web_control/web/stream/webrtc/.venv/lib/python3.12/site-packages/av/container\n'}
[1.054574] (web_control) StdoutLine: {'line': b'creating /home/matthieu/ros2_ws/install/web_control/share/web_control/web/stream/webrtc/.venv/lib/python3.12/site-packages/av/container/__pycache__\n'}
[1.054619] (web_control) StdoutLine: {'line': b'copying web/stream/webrtc/.venv/lib/python3.12/site-packages/av/container/__pycache__/__init__.cpython-312.pyc -> /home/matthieu/ros2_ws/install/web_control/share/web_control/web/stream/webrtc/.venv/lib/python3.12/site-packages/av/container/__pycache__\n'}
[1.054679] (web_control) StdoutLine: {'line': b'creating /home/matthieu/ros2_ws/install/web_control/share/web_control/web/stream/webrtc/.venv/lib/python3.12/site-packages/av/video\n'}
[1.054722] (web_control) StdoutLine: {'line': b'copying web/stream/webrtc/.venv/lib/python3.12/site-packages/av/video/frame.cpython-312-x86_64-linux-gnu.so -> /home/matthieu/ros2_ws/install/web_control/share/web_control/web/stream/webrtc/.venv/lib/python3.12/site-packages/av/video\n'}
[1.055680] (web_control) StdoutLine: {'line': b'copying web/stream/webrtc/.venv/lib/python3.12/site-packages/av/video/frame.pxd -> /home/matthieu/ros2_ws/install/web_control/share/web_control/web/stream/webrtc/.venv/lib/python3.12/site-packages/av/video\n'}
[1.055739] (web_control) StdoutLine: {'line': b'copying web/stream/webrtc/.venv/lib/python3.12/site-packages/av/video/format.pxd -> /home/matthieu/ros2_ws/install/web_control/share/web_control/web/stream/webrtc/.venv/lib/python3.12/site-packages/av/video\n'}
[1.055795] (web_control) StdoutLine: {'line': b'copying web/stream/webrtc/.venv/lib/python3.12/site-packages/av/video/reformatter.cpython-312-x86_64-linux-gnu.so -> /home/matthieu/ros2_ws/install/web_control/share/web_control/web/stream/webrtc/.venv/lib/python3.12/site-packages/av/video\n'}
[1.055986] (web_control) StdoutLine: {'line': b'copying web/stream/webrtc/.venv/lib/python3.12/site-packages/av/video/stream.cpython-312-x86_64-linux-gnu.so -> /home/matthieu/ros2_ws/install/web_control/share/web_control/web/stream/webrtc/.venv/lib/python3.12/site-packages/av/video\n'}
[1.056208] (web_control) StdoutLine: {'line': b'copying web/stream/webrtc/.venv/lib/python3.12/site-packages/av/video/plane.pxd -> /home/matthieu/ros2_ws/install/web_control/share/web_control/web/stream/webrtc/.venv/lib/python3.12/site-packages/av/video\n'}
[1.056272] (web_control) StdoutLine: {'line': b'copying web/stream/webrtc/.venv/lib/python3.12/site-packages/av/video/reformatter.pxd -> /home/matthieu/ros2_ws/install/web_control/share/web_control/web/stream/webrtc/.venv/lib/python3.12/site-packages/av/video\n'}
[1.056327] (web_control) StdoutLine: {'line': b'copying web/stream/webrtc/.venv/lib/python3.12/site-packages/av/video/__init__.pxd -> /home/matthieu/ros2_ws/install/web_control/share/web_control/web/stream/webrtc/.venv/lib/python3.12/site-packages/av/video\n'}
[1.056380] (web_control) StdoutLine: {'line': b'copying web/stream/webrtc/.venv/lib/python3.12/site-packages/av/video/plane.cpython-312-x86_64-linux-gnu.so -> /home/matthieu/ros2_ws/install/web_control/share/web_control/web/stream/webrtc/.venv/lib/python3.12/site-packages/av/video\n'}
[1.056586] (web_control) StdoutLine: {'line': b'copying web/stream/webrtc/.venv/lib/python3.12/site-packages/av/video/codeccontext.cpython-312-x86_64-linux-gnu.so -> /home/matthieu/ros2_ws/install/web_control/share/web_control/web/stream/webrtc/.venv/lib/python3.12/site-packages/av/video\n'}
[1.056827] (web_control) StdoutLine: {'line': b'copying web/stream/webrtc/.venv/lib/python3.12/site-packages/av/video/stream.pxd -> /home/matthieu/ros2_ws/install/web_control/share/web_control/web/stream/webrtc/.venv/lib/python3.12/site-packages/av/video\n'}
[1.056882] (web_control) StdoutLine: {'line': b'copying web/stream/webrtc/.venv/lib/python3.12/site-packages/av/video/codeccontext.pxd -> /home/matthieu/ros2_ws/install/web_control/share/web_control/web/stream/webrtc/.venv/lib/python3.12/site-packages/av/video\n'}
[1.056936] (web_control) StdoutLine: {'line': b'copying web/stream/webrtc/.venv/lib/python3.12/site-packages/av/video/format.cpython-312-x86_64-linux-gnu.so -> /home/matthieu/ros2_ws/install/web_control/share/web_control/web/stream/webrtc/.venv/lib/python3.12/site-packages/av/video\n'}
[1.057254] (web_control) StdoutLine: {'line': b'copying web/stream/webrtc/.venv/lib/python3.12/site-packages/av/video/__init__.py -> /home/matthieu/ros2_ws/install/web_control/share/web_control/web/stream/webrtc/.venv/lib/python3.12/site-packages/av/video\n'}
[1.057311] (web_control) StdoutLine: {'line': b'creating /home/matthieu/ros2_ws/install/web_control/share/web_control/web/stream/webrtc/.venv/lib/python3.12/site-packages/av/video/__pycache__\n'}
[1.057367] (web_control) StdoutLine: {'line': b'copying web/stream/webrtc/.venv/lib/python3.12/site-packages/av/video/__pycache__/__init__.cpython-312.pyc -> /home/matthieu/ros2_ws/install/web_control/share/web_control/web/stream/webrtc/.venv/lib/python3.12/site-packages/av/video/__pycache__\n'}
[1.057419] (web_control) StdoutLine: {'line': b'creating /home/matthieu/ros2_ws/install/web_control/share/web_control/web/stream/webrtc/.venv/lib/python3.12/site-packages/av/codec\n'}
[1.057476] (web_control) StdoutLine: {'line': b'copying web/stream/webrtc/.venv/lib/python3.12/site-packages/av/codec/codec.cpython-312-x86_64-linux-gnu.so -> /home/matthieu/ros2_ws/install/web_control/share/web_control/web/stream/webrtc/.venv/lib/python3.12/site-packages/av/codec\n'}
[1.057825] (web_control) StdoutLine: {'line': b'copying web/stream/webrtc/.venv/lib/python3.12/site-packages/av/codec/context.cpython-312-x86_64-linux-gnu.so -> /home/matthieu/ros2_ws/install/web_control/share/web_control/web/stream/webrtc/.venv/lib/python3.12/site-packages/av/codec\n'}
[1.058297] (web_control) StdoutLine: {'line': b'copying web/stream/webrtc/.venv/lib/python3.12/site-packages/av/codec/codec.pxd -> /home/matthieu/ros2_ws/install/web_control/share/web_control/web/stream/webrtc/.venv/lib/python3.12/site-packages/av/codec\n'}
[1.058356] (web_control) StdoutLine: {'line': b'copying web/stream/webrtc/.venv/lib/python3.12/site-packages/av/codec/__init__.pxd -> /home/matthieu/ros2_ws/install/web_control/share/web_control/web/stream/webrtc/.venv/lib/python3.12/site-packages/av/codec\n'}
[1.058412] (web_control) StdoutLine: {'line': b'copying web/stream/webrtc/.venv/lib/python3.12/site-packages/av/codec/context.pxd -> /home/matthieu/ros2_ws/install/web_control/share/web_control/web/stream/webrtc/.venv/lib/python3.12/site-packages/av/codec\n'}
[1.058468] (web_control) StdoutLine: {'line': b'copying web/stream/webrtc/.venv/lib/python3.12/site-packages/av/codec/__init__.py -> /home/matthieu/ros2_ws/install/web_control/share/web_control/web/stream/webrtc/.venv/lib/python3.12/site-packages/av/codec\n'}
[1.058523] (web_control) StdoutLine: {'line': b'creating /home/matthieu/ros2_ws/install/web_control/share/web_control/web/stream/webrtc/.venv/lib/python3.12/site-packages/av/codec/__pycache__\n'}
[1.058584] (web_control) StdoutLine: {'line': b'copying web/stream/webrtc/.venv/lib/python3.12/site-packages/av/codec/__pycache__/__init__.cpython-312.pyc -> /home/matthieu/ros2_ws/install/web_control/share/web_control/web/stream/webrtc/.venv/lib/python3.12/site-packages/av/codec/__pycache__\n'}
[1.058644] (web_control) StdoutLine: {'line': b'creating /home/matthieu/ros2_ws/install/web_control/share/web_control/web/stream/webrtc/.venv/lib/python3.12/site-packages/av/__pycache__\n'}
[1.058686] (web_control) StdoutLine: {'line': b'copying web/stream/webrtc/.venv/lib/python3.12/site-packages/av/__pycache__/deprecation.cpython-312.pyc -> /home/matthieu/ros2_ws/install/web_control/share/web_control/web/stream/webrtc/.venv/lib/python3.12/site-packages/av/__pycache__\n'}
[1.058746] (web_control) StdoutLine: {'line': b'copying web/stream/webrtc/.venv/lib/python3.12/site-packages/av/__pycache__/about.cpython-312.pyc -> /home/matthieu/ros2_ws/install/web_control/share/web_control/web/stream/webrtc/.venv/lib/python3.12/site-packages/av/__pycache__\n'}
[1.058789] (web_control) StdoutLine: {'line': b'copying web/stream/webrtc/.venv/lib/python3.12/site-packages/av/__pycache__/__main__.cpython-312.pyc -> /home/matthieu/ros2_ws/install/web_control/share/web_control/web/stream/webrtc/.venv/lib/python3.12/site-packages/av/__pycache__\n'}
[1.058847] (web_control) StdoutLine: {'line': b'copying web/stream/webrtc/.venv/lib/python3.12/site-packages/av/__pycache__/__init__.cpython-312.pyc -> /home/matthieu/ros2_ws/install/web_control/share/web_control/web/stream/webrtc/.venv/lib/python3.12/site-packages/av/__pycache__\n'}
[1.058889] (web_control) StdoutLine: {'line': b'copying web/stream/webrtc/.venv/lib/python3.12/site-packages/av/__pycache__/datasets.cpython-312.pyc -> /home/matthieu/ros2_ws/install/web_control/share/web_control/web/stream/webrtc/.venv/lib/python3.12/site-packages/av/__pycache__\n'}
[1.058948] (web_control) StdoutLine: {'line': b'creating /home/matthieu/ros2_ws/install/web_control/share/web_control/web/stream/webrtc/.venv/lib/python3.12/site-packages/av/subtitles\n'}
[1.058996] (web_control) StdoutLine: {'line': b'copying web/stream/webrtc/.venv/lib/python3.12/site-packages/av/subtitles/subtitle.pxd -> /home/matthieu/ros2_ws/install/web_control/share/web_control/web/stream/webrtc/.venv/lib/python3.12/site-packages/av/subtitles\n'}
[1.059067] (web_control) StdoutLine: {'line': b'copying web/stream/webrtc/.venv/lib/python3.12/site-packages/av/subtitles/stream.cpython-312-x86_64-linux-gnu.so -> /home/matthieu/ros2_ws/install/web_control/share/web_control/web/stream/webrtc/.venv/lib/python3.12/site-packages/av/subtitles\n'}
[1.059274] (web_control) StdoutLine: {'line': b'copying web/stream/webrtc/.venv/lib/python3.12/site-packages/av/subtitles/__init__.pxd -> /home/matthieu/ros2_ws/install/web_control/share/web_control/web/stream/webrtc/.venv/lib/python3.12/site-packages/av/subtitles\n'}
[1.059346] (web_control) StdoutLine: {'line': b'copying web/stream/webrtc/.venv/lib/python3.12/site-packages/av/subtitles/subtitle.cpython-312-x86_64-linux-gnu.so -> /home/matthieu/ros2_ws/install/web_control/share/web_control/web/stream/webrtc/.venv/lib/python3.12/site-packages/av/subtitles\n'}
[1.059790] (web_control) StdoutLine: {'line': b'copying web/stream/webrtc/.venv/lib/python3.12/site-packages/av/subtitles/codeccontext.cpython-312-x86_64-linux-gnu.so -> /home/matthieu/ros2_ws/install/web_control/share/web_control/web/stream/webrtc/.venv/lib/python3.12/site-packages/av/subtitles\n'}
[1.059946] (web_control) StdoutLine: {'line': b'copying web/stream/webrtc/.venv/lib/python3.12/site-packages/av/subtitles/stream.pxd -> /home/matthieu/ros2_ws/install/web_control/share/web_control/web/stream/webrtc/.venv/lib/python3.12/site-packages/av/subtitles\n'}
[1.060010] (web_control) StdoutLine: {'line': b'copying web/stream/webrtc/.venv/lib/python3.12/site-packages/av/subtitles/codeccontext.pxd -> /home/matthieu/ros2_ws/install/web_control/share/web_control/web/stream/webrtc/.venv/lib/python3.12/site-packages/av/subtitles\n'}
[1.060068] (web_control) StdoutLine: {'line': b'copying web/stream/webrtc/.venv/lib/python3.12/site-packages/av/subtitles/__init__.py -> /home/matthieu/ros2_ws/install/web_control/share/web_control/web/stream/webrtc/.venv/lib/python3.12/site-packages/av/subtitles\n'}
[1.060146] (web_control) StdoutLine: {'line': b'creating /home/matthieu/ros2_ws/install/web_control/share/web_control/web/stream/webrtc/.venv/lib/python3.12/site-packages/av/subtitles/__pycache__\n'}
[1.060205] (web_control) StdoutLine: {'line': b'copying web/stream/webrtc/.venv/lib/python3.12/site-packages/av/subtitles/__pycache__/__init__.cpython-312.pyc -> /home/matthieu/ros2_ws/install/web_control/share/web_control/web/stream/webrtc/.venv/lib/python3.12/site-packages/av/subtitles/__pycache__\n'}
[1.060262] (web_control) StdoutLine: {'line': b'creating /home/matthieu/ros2_ws/install/web_control/share/web_control/web/stream/webrtc/.venv/lib/python3.12/site-packages/av/filter\n'}
[1.060319] (web_control) StdoutLine: {'line': b'copying web/stream/webrtc/.venv/lib/python3.12/site-packages/av/filter/context.cpython-312-x86_64-linux-gnu.so -> /home/matthieu/ros2_ws/install/web_control/share/web_control/web/stream/webrtc/.venv/lib/python3.12/site-packages/av/filter\n'}
[1.060623] (web_control) StdoutLine: {'line': b'copying web/stream/webrtc/.venv/lib/python3.12/site-packages/av/filter/pad.cpython-312-x86_64-linux-gnu.so -> /home/matthieu/ros2_ws/install/web_control/share/web_control/web/stream/webrtc/.venv/lib/python3.12/site-packages/av/filter\n'}
[1.060862] (web_control) StdoutLine: {'line': b'copying web/stream/webrtc/.venv/lib/python3.12/site-packages/av/filter/graph.pxd -> /home/matthieu/ros2_ws/install/web_control/share/web_control/web/stream/webrtc/.venv/lib/python3.12/site-packages/av/filter\n'}
[1.060969] (web_control) StdoutLine: {'line': b'copying web/stream/webrtc/.venv/lib/python3.12/site-packages/av/filter/link.pxd -> /home/matthieu/ros2_ws/install/web_control/share/web_control/web/stream/webrtc/.venv/lib/python3.12/site-packages/av/filter\n'}
[1.061038] (web_control) StdoutLine: {'line': b'copying web/stream/webrtc/.venv/lib/python3.12/site-packages/av/filter/__init__.pxd -> /home/matthieu/ros2_ws/install/web_control/share/web_control/web/stream/webrtc/.venv/lib/python3.12/site-packages/av/filter\n'}
[1.061123] (web_control) StdoutLine: {'line': b'copying web/stream/webrtc/.venv/lib/python3.12/site-packages/av/filter/pad.pxd -> /home/matthieu/ros2_ws/install/web_control/share/web_control/web/stream/webrtc/.venv/lib/python3.12/site-packages/av/filter\n'}
[1.061192] (web_control) StdoutLine: {'line': b'copying web/stream/webrtc/.venv/lib/python3.12/site-packages/av/filter/graph.cpython-312-x86_64-linux-gnu.so -> /home/matthieu/ros2_ws/install/web_control/share/web_control/web/stream/webrtc/.venv/lib/python3.12/site-packages/av/filter\n'}
[1.061704] (web_control) StdoutLine: {'line': b'copying web/stream/webrtc/.venv/lib/python3.12/site-packages/av/filter/link.cpython-312-x86_64-linux-gnu.so -> /home/matthieu/ros2_ws/install/web_control/share/web_control/web/stream/webrtc/.venv/lib/python3.12/site-packages/av/filter\n'}
[1.062018] (web_control) StdoutLine: {'line': b'copying web/stream/webrtc/.venv/lib/python3.12/site-packages/av/filter/context.pxd -> /home/matthieu/ros2_ws/install/web_control/share/web_control/web/stream/webrtc/.venv/lib/python3.12/site-packages/av/filter\n'}
[1.062121] (web_control) StdoutLine: {'line': b'copying web/stream/webrtc/.venv/lib/python3.12/site-packages/av/filter/filter.cpython-312-x86_64-linux-gnu.so -> /home/matthieu/ros2_ws/install/web_control/share/web_control/web/stream/webrtc/.venv/lib/python3.12/site-packages/av/filter\n'}
[1.062492] (web_control) StdoutLine: {'line': b'copying web/stream/webrtc/.venv/lib/python3.12/site-packages/av/filter/filter.pxd -> /home/matthieu/ros2_ws/install/web_control/share/web_control/web/stream/webrtc/.venv/lib/python3.12/site-packages/av/filter\n'}
[1.062566] (web_control) StdoutLine: {'line': b'copying web/stream/webrtc/.venv/lib/python3.12/site-packages/av/filter/__init__.py -> /home/matthieu/ros2_ws/install/web_control/share/web_control/web/stream/webrtc/.venv/lib/python3.12/site-packages/av/filter\n'}
[1.062660] (web_control) StdoutLine: {'line': b'creating /home/matthieu/ros2_ws/install/web_control/share/web_control/web/stream/webrtc/.venv/lib/python3.12/site-packages/av/filter/__pycache__\n'}
[1.062737] (web_control) StdoutLine: {'line': b'copying web/stream/webrtc/.venv/lib/python3.12/site-packages/av/filter/__pycache__/__init__.cpython-312.pyc -> /home/matthieu/ros2_ws/install/web_control/share/web_control/web/stream/webrtc/.venv/lib/python3.12/site-packages/av/filter/__pycache__\n'}
[1.062833] (web_control) StdoutLine: {'line': b'creating /home/matthieu/ros2_ws/install/web_control/share/web_control/web/stream/webrtc/.venv/lib/python3.12/site-packages/av/data\n'}
[1.062900] (web_control) StdoutLine: {'line': b'copying web/stream/webrtc/.venv/lib/python3.12/site-packages/av/data/stream.cpython-312-x86_64-linux-gnu.so -> /home/matthieu/ros2_ws/install/web_control/share/web_control/web/stream/webrtc/.venv/lib/python3.12/site-packages/av/data\n'}
[1.063277] (web_control) StdoutLine: {'line': b'copying web/stream/webrtc/.venv/lib/python3.12/site-packages/av/data/__init__.pxd -> /home/matthieu/ros2_ws/install/web_control/share/web_control/web/stream/webrtc/.venv/lib/python3.12/site-packages/av/data\n'}
[1.063358] (web_control) StdoutLine: {'line': b'copying web/stream/webrtc/.venv/lib/python3.12/site-packages/av/data/stream.pxd -> /home/matthieu/ros2_ws/install/web_control/share/web_control/web/stream/webrtc/.venv/lib/python3.12/site-packages/av/data\n'}
[1.063448] (web_control) StdoutLine: {'line': b'copying web/stream/webrtc/.venv/lib/python3.12/site-packages/av/data/__init__.py -> /home/matthieu/ros2_ws/install/web_control/share/web_control/web/stream/webrtc/.venv/lib/python3.12/site-packages/av/data\n'}
[1.063530] (web_control) StdoutLine: {'line': b'creating /home/matthieu/ros2_ws/install/web_control/share/web_control/web/stream/webrtc/.venv/lib/python3.12/site-packages/av/data/__pycache__\n'}
[1.063597] (web_control) StdoutLine: {'line': b'copying web/stream/webrtc/.venv/lib/python3.12/site-packages/av/data/__pycache__/__init__.cpython-312.pyc -> /home/matthieu/ros2_ws/install/web_control/share/web_control/web/stream/webrtc/.venv/lib/python3.12/site-packages/av/data/__pycache__\n'}
[1.063698] (web_control) StdoutLine: {'line': b'creating /home/matthieu/ros2_ws/install/web_control/share/web_control/web/stream/webrtc/.venv/lib/python3.12/site-packages/av/audio\n'}
[1.063764] (web_control) StdoutLine: {'line': b'copying web/stream/webrtc/.venv/lib/python3.12/site-packages/av/audio/frame.cpython-312-x86_64-linux-gnu.so -> /home/matthieu/ros2_ws/install/web_control/share/web_control/web/stream/webrtc/.venv/lib/python3.12/site-packages/av/audio\n'}
[1.064508] (web_control) StdoutLine: {'line': b'copying web/stream/webrtc/.venv/lib/python3.12/site-packages/av/audio/frame.pxd -> /home/matthieu/ros2_ws/install/web_control/share/web_control/web/stream/webrtc/.venv/lib/python3.12/site-packages/av/audio\n'}
[1.064591] (web_control) StdoutLine: {'line': b'copying web/stream/webrtc/.venv/lib/python3.12/site-packages/av/audio/resampler.cpython-312-x86_64-linux-gnu.so -> /home/matthieu/ros2_ws/install/web_control/share/web_control/web/stream/webrtc/.venv/lib/python3.12/site-packages/av/audio\n'}
[1.065019] (web_control) StdoutLine: {'line': b'copying web/stream/webrtc/.venv/lib/python3.12/site-packages/av/audio/format.pxd -> /home/matthieu/ros2_ws/install/web_control/share/web_control/web/stream/webrtc/.venv/lib/python3.12/site-packages/av/audio\n'}
[1.065088] (web_control) StdoutLine: {'line': b'copying web/stream/webrtc/.venv/lib/python3.12/site-packages/av/audio/stream.cpython-312-x86_64-linux-gnu.so -> /home/matthieu/ros2_ws/install/web_control/share/web_control/web/stream/webrtc/.venv/lib/python3.12/site-packages/av/audio\n'}
[1.065268] (web_control) StdoutLine: {'line': b'copying web/stream/webrtc/.venv/lib/python3.12/site-packages/av/audio/fifo.cpython-312-x86_64-linux-gnu.so -> /home/matthieu/ros2_ws/install/web_control/share/web_control/web/stream/webrtc/.venv/lib/python3.12/site-packages/av/audio\n'}
[1.065529] (web_control) StdoutLine: {'line': b'copying web/stream/webrtc/.venv/lib/python3.12/site-packages/av/audio/layout.pxd -> /home/matthieu/ros2_ws/install/web_control/share/web_control/web/stream/webrtc/.venv/lib/python3.12/site-packages/av/audio\n'}
[1.065593] (web_control) StdoutLine: {'line': b'copying web/stream/webrtc/.venv/lib/python3.12/site-packages/av/audio/resampler.pxd -> /home/matthieu/ros2_ws/install/web_control/share/web_control/web/stream/webrtc/.venv/lib/python3.12/site-packages/av/audio\n'}
[1.065655] (web_control) StdoutLine: {'line': b'copying web/stream/webrtc/.venv/lib/python3.12/site-packages/av/audio/plane.pxd -> /home/matthieu/ros2_ws/install/web_control/share/web_control/web/stream/webrtc/.venv/lib/python3.12/site-packages/av/audio\n'}
[1.065717] (web_control) StdoutLine: {'line': b'copying web/stream/webrtc/.venv/lib/python3.12/site-packages/av/audio/__init__.pxd -> /home/matthieu/ros2_ws/install/web_control/share/web_control/web/stream/webrtc/.venv/lib/python3.12/site-packages/av/audio\n'}
[1.065779] (web_control) StdoutLine: {'line': b'copying web/stream/webrtc/.venv/lib/python3.12/site-packages/av/audio/plane.cpython-312-x86_64-linux-gnu.so -> /home/matthieu/ros2_ws/install/web_control/share/web_control/web/stream/webrtc/.venv/lib/python3.12/site-packages/av/audio\n'}
[1.065981] (web_control) StdoutLine: {'line': b'copying web/stream/webrtc/.venv/lib/python3.12/site-packages/av/audio/codeccontext.cpython-312-x86_64-linux-gnu.so -> /home/matthieu/ros2_ws/install/web_control/share/web_control/web/stream/webrtc/.venv/lib/python3.12/site-packages/av/audio\n'}
[1.066263] (web_control) StdoutLine: {'line': b'copying web/stream/webrtc/.venv/lib/python3.12/site-packages/av/audio/fifo.pxd -> /home/matthieu/ros2_ws/install/web_control/share/web_control/web/stream/webrtc/.venv/lib/python3.12/site-packages/av/audio\n'}
[1.066341] (web_control) StdoutLine: {'line': b'copying web/stream/webrtc/.venv/lib/python3.12/site-packages/av/audio/stream.pxd -> /home/matthieu/ros2_ws/install/web_control/share/web_control/web/stream/webrtc/.venv/lib/python3.12/site-packages/av/audio\n'}
[1.066405] (web_control) StdoutLine: {'line': b'copying web/stream/webrtc/.venv/lib/python3.12/site-packages/av/audio/layout.cpython-312-x86_64-linux-gnu.so -> /home/matthieu/ros2_ws/install/web_control/share/web_control/web/stream/webrtc/.venv/lib/python3.12/site-packages/av/audio\n'}
[1.066761] (web_control) StdoutLine: {'line': b'copying web/stream/webrtc/.venv/lib/python3.12/site-packages/av/audio/codeccontext.pxd -> /home/matthieu/ros2_ws/install/web_control/share/web_control/web/stream/webrtc/.venv/lib/python3.12/site-packages/av/audio\n'}
[1.066831] (web_control) StdoutLine: {'line': b'copying web/stream/webrtc/.venv/lib/python3.12/site-packages/av/audio/format.cpython-312-x86_64-linux-gnu.so -> /home/matthieu/ros2_ws/install/web_control/share/web_control/web/stream/webrtc/.venv/lib/python3.12/site-packages/av/audio\n'}
[1.066986] (web_control) StdoutLine: {'line': b'copying web/stream/webrtc/.venv/lib/python3.12/site-packages/av/audio/__init__.py -> /home/matthieu/ros2_ws/install/web_control/share/web_control/web/stream/webrtc/.venv/lib/python3.12/site-packages/av/audio\n'}
[1.067047] (web_control) StdoutLine: {'line': b'creating /home/matthieu/ros2_ws/install/web_control/share/web_control/web/stream/webrtc/.venv/lib/python3.12/site-packages/av/audio/__pycache__\n'}
[1.067111] (web_control) StdoutLine: {'line': b'copying web/stream/webrtc/.venv/lib/python3.12/site-packages/av/audio/__pycache__/__init__.cpython-312.pyc -> /home/matthieu/ros2_ws/install/web_control/share/web_control/web/stream/webrtc/.venv/lib/python3.12/site-packages/av/audio/__pycache__\n'}
[1.067172] (web_control) StdoutLine: {'line': b'creating /home/matthieu/ros2_ws/install/web_control/share/web_control/web/stream/webrtc/.venv/lib/python3.12/site-packages/attr\n'}
[1.067233] (web_control) StdoutLine: {'line': b'copying web/stream/webrtc/.venv/lib/python3.12/site-packages/attr/_cmp.pyi -> /home/matthieu/ros2_ws/install/web_control/share/web_control/web/stream/webrtc/.venv/lib/python3.12/site-packages/attr\n'}
[1.067293] (web_control) StdoutLine: {'line': b'copying web/stream/webrtc/.venv/lib/python3.12/site-packages/attr/validators.pyi -> /home/matthieu/ros2_ws/install/web_control/share/web_control/web/stream/webrtc/.venv/lib/python3.12/site-packages/attr\n'}
[1.067359] (web_control) StdoutLine: {'line': b'copying web/stream/webrtc/.venv/lib/python3.12/site-packages/attr/setters.py -> /home/matthieu/ros2_ws/install/web_control/share/web_control/web/stream/webrtc/.venv/lib/python3.12/site-packages/attr\n'}
[1.067424] (web_control) StdoutLine: {'line': b'copying web/stream/webrtc/.venv/lib/python3.12/site-packages/attr/filters.py -> /home/matthieu/ros2_ws/install/web_control/share/web_control/web/stream/webrtc/.venv/lib/python3.12/site-packages/attr\n'}
[1.067472] (web_control) StdoutLine: {'line': b'copying web/stream/webrtc/.venv/lib/python3.12/site-packages/attr/__init__.pyi -> /home/matthieu/ros2_ws/install/web_control/share/web_control/web/stream/webrtc/.venv/lib/python3.12/site-packages/attr\n'}
[1.067534] (web_control) StdoutLine: {'line': b'copying web/stream/webrtc/.venv/lib/python3.12/site-packages/attr/_config.py -> /home/matthieu/ros2_ws/install/web_control/share/web_control/web/stream/webrtc/.venv/lib/python3.12/site-packages/attr\n'}
[1.067581] (web_control) StdoutLine: {'line': b'copying web/stream/webrtc/.venv/lib/python3.12/site-packages/attr/_make.py -> /home/matthieu/ros2_ws/install/web_control/share/web_control/web/stream/webrtc/.venv/lib/python3.12/site-packages/attr\n'}
[1.067636] (web_control) StdoutLine: {'line': b'copying web/stream/webrtc/.venv/lib/python3.12/site-packages/attr/converters.pyi -> /home/matthieu/ros2_ws/install/web_control/share/web_control/web/stream/webrtc/.venv/lib/python3.12/site-packages/attr\n'}
[1.067693] (web_control) StdoutLine: {'line': b'copying web/stream/webrtc/.venv/lib/python3.12/site-packages/attr/_next_gen.py -> /home/matthieu/ros2_ws/install/web_control/share/web_control/web/stream/webrtc/.venv/lib/python3.12/site-packages/attr\n'}
[1.067752] (web_control) StdoutLine: {'line': b'copying web/stream/webrtc/.venv/lib/python3.12/site-packages/attr/_version_info.pyi -> /home/matthieu/ros2_ws/install/web_control/share/web_control/web/stream/webrtc/.venv/lib/python3.12/site-packages/attr\n'}
[1.067810] (web_control) StdoutLine: {'line': b'copying web/stream/webrtc/.venv/lib/python3.12/site-packages/attr/_cmp.py -> /home/matthieu/ros2_ws/install/web_control/share/web_control/web/stream/webrtc/.venv/lib/python3.12/site-packages/attr\n'}
[1.067868] (web_control) StdoutLine: {'line': b'copying web/stream/webrtc/.venv/lib/python3.12/site-packages/attr/_compat.py -> /home/matthieu/ros2_ws/install/web_control/share/web_control/web/stream/webrtc/.venv/lib/python3.12/site-packages/attr\n'}
[1.067927] (web_control) StdoutLine: {'line': b'copying web/stream/webrtc/.venv/lib/python3.12/site-packages/attr/filters.pyi -> /home/matthieu/ros2_ws/install/web_control/share/web_control/web/stream/webrtc/.venv/lib/python3.12/site-packages/attr\n'}
[1.067982] (web_control) StdoutLine: {'line': b'copying web/stream/webrtc/.venv/lib/python3.12/site-packages/attr/_funcs.py -> /home/matthieu/ros2_ws/install/web_control/share/web_control/web/stream/webrtc/.venv/lib/python3.12/site-packages/attr\n'}
[1.068040] (web_control) StdoutLine: {'line': b'copying web/stream/webrtc/.venv/lib/python3.12/site-packages/attr/py.typed -> /home/matthieu/ros2_ws/install/web_control/share/web_control/web/stream/webrtc/.venv/lib/python3.12/site-packages/attr\n'}
[1.068105] (web_control) StdoutLine: {'line': b'copying web/stream/webrtc/.venv/lib/python3.12/site-packages/attr/converters.py -> /home/matthieu/ros2_ws/install/web_control/share/web_control/web/stream/webrtc/.venv/lib/python3.12/site-packages/attr\n'}
[1.068181] (web_control) StdoutLine: {'line': b'copying web/stream/webrtc/.venv/lib/python3.12/site-packages/attr/_version_info.py -> /home/matthieu/ros2_ws/install/web_control/share/web_control/web/stream/webrtc/.venv/lib/python3.12/site-packages/attr\n'}
[1.068241] (web_control) StdoutLine: {'line': b'copying web/stream/webrtc/.venv/lib/python3.12/site-packages/attr/exceptions.pyi -> /home/matthieu/ros2_ws/install/web_control/share/web_control/web/stream/webrtc/.venv/lib/python3.12/site-packages/attr\n'}
[1.068294] (web_control) StdoutLine: {'line': b'copying web/stream/webrtc/.venv/lib/python3.12/site-packages/attr/validators.py -> /home/matthieu/ros2_ws/install/web_control/share/web_control/web/stream/webrtc/.venv/lib/python3.12/site-packages/attr\n'}
[1.068353] (web_control) StdoutLine: {'line': b'copying web/stream/webrtc/.venv/lib/python3.12/site-packages/attr/exceptions.py -> /home/matthieu/ros2_ws/install/web_control/share/web_control/web/stream/webrtc/.venv/lib/python3.12/site-packages/attr\n'}
[1.068414] (web_control) StdoutLine: {'line': b'copying web/stream/webrtc/.venv/lib/python3.12/site-packages/attr/_typing_compat.pyi -> /home/matthieu/ros2_ws/install/web_control/share/web_control/web/stream/webrtc/.venv/lib/python3.12/site-packages/attr\n'}
[1.068460] (web_control) StdoutLine: {'line': b'copying web/stream/webrtc/.venv/lib/python3.12/site-packages/attr/__init__.py -> /home/matthieu/ros2_ws/install/web_control/share/web_control/web/stream/webrtc/.venv/lib/python3.12/site-packages/attr\n'}
[1.068534] (web_control) StdoutLine: {'line': b'copying web/stream/webrtc/.venv/lib/python3.12/site-packages/attr/setters.pyi -> /home/matthieu/ros2_ws/install/web_control/share/web_control/web/stream/webrtc/.venv/lib/python3.12/site-packages/attr\n'}
[1.068604] (web_control) StdoutLine: {'line': b'creating /home/matthieu/ros2_ws/install/web_control/share/web_control/web/stream/webrtc/.venv/lib/python3.12/site-packages/attr/__pycache__\n'}
[1.068656] (web_control) StdoutLine: {'line': b'copying web/stream/webrtc/.venv/lib/python3.12/site-packages/attr/__pycache__/validators.cpython-312.pyc -> /home/matthieu/ros2_ws/install/web_control/share/web_control/web/stream/webrtc/.venv/lib/python3.12/site-packages/attr/__pycache__\n'}
[1.068820] (web_control) StdoutLine: {'line': b'copying web/stream/webrtc/.venv/lib/python3.12/site-packages/attr/__pycache__/_next_gen.cpython-312.pyc -> /home/matthieu/ros2_ws/install/web_control/share/web_control/web/stream/webrtc/.venv/lib/python3.12/site-packages/attr/__pycache__\n'}
[1.068937] (web_control) StdoutLine: {'line': b'copying web/stream/webrtc/.venv/lib/python3.12/site-packages/attr/__pycache__/_funcs.cpython-312.pyc -> /home/matthieu/ros2_ws/install/web_control/share/web_control/web/stream/webrtc/.venv/lib/python3.12/site-packages/attr/__pycache__\n'}
[1.068999] (web_control) StdoutLine: {'line': b'copying web/stream/webrtc/.venv/lib/python3.12/site-packages/attr/__pycache__/setters.cpython-312.pyc -> /home/matthieu/ros2_ws/install/web_control/share/web_control/web/stream/webrtc/.venv/lib/python3.12/site-packages/attr/__pycache__\n'}
[1.069061] (web_control) StdoutLine: {'line': b'copying web/stream/webrtc/.venv/lib/python3.12/site-packages/attr/__pycache__/filters.cpython-312.pyc -> /home/matthieu/ros2_ws/install/web_control/share/web_control/web/stream/webrtc/.venv/lib/python3.12/site-packages/attr/__pycache__\n'}
[1.069132] (web_control) StdoutLine: {'line': b'copying web/stream/webrtc/.venv/lib/python3.12/site-packages/attr/__pycache__/_compat.cpython-312.pyc -> /home/matthieu/ros2_ws/install/web_control/share/web_control/web/stream/webrtc/.venv/lib/python3.12/site-packages/attr/__pycache__\n'}
[1.069183] (web_control) StdoutLine: {'line': b'copying web/stream/webrtc/.venv/lib/python3.12/site-packages/attr/__pycache__/_cmp.cpython-312.pyc -> /home/matthieu/ros2_ws/install/web_control/share/web_control/web/stream/webrtc/.venv/lib/python3.12/site-packages/attr/__pycache__\n'}
[1.069251] (web_control) StdoutLine: {'line': b'copying web/stream/webrtc/.venv/lib/python3.12/site-packages/attr/__pycache__/_version_info.cpython-312.pyc -> /home/matthieu/ros2_ws/install/web_control/share/web_control/web/stream/webrtc/.venv/lib/python3.12/site-packages/attr/__pycache__\n'}
[1.069300] (web_control) StdoutLine: {'line': b'copying web/stream/webrtc/.venv/lib/python3.12/site-packages/attr/__pycache__/exceptions.cpython-312.pyc -> /home/matthieu/ros2_ws/install/web_control/share/web_control/web/stream/webrtc/.venv/lib/python3.12/site-packages/attr/__pycache__\n'}
[1.069356] (web_control) StdoutLine: {'line': b'copying web/stream/webrtc/.venv/lib/python3.12/site-packages/attr/__pycache__/_config.cpython-312.pyc -> /home/matthieu/ros2_ws/install/web_control/share/web_control/web/stream/webrtc/.venv/lib/python3.12/site-packages/attr/__pycache__\n'}
[1.069403] (web_control) StdoutLine: {'line': b'copying web/stream/webrtc/.venv/lib/python3.12/site-packages/attr/__pycache__/converters.cpython-312.pyc -> /home/matthieu/ros2_ws/install/web_control/share/web_control/web/stream/webrtc/.venv/lib/python3.12/site-packages/attr/__pycache__\n'}
[1.069465] (web_control) StdoutLine: {'line': b'copying web/stream/webrtc/.venv/lib/python3.12/site-packages/attr/__pycache__/_make.cpython-312.pyc -> /home/matthieu/ros2_ws/install/web_control/share/web_control/web/stream/webrtc/.venv/lib/python3.12/site-packages/attr/__pycache__\n'}
[1.069522] (web_control) StdoutLine: {'line': b'copying web/stream/webrtc/.venv/lib/python3.12/site-packages/attr/__pycache__/__init__.cpython-312.pyc -> /home/matthieu/ros2_ws/install/web_control/share/web_control/web/stream/webrtc/.venv/lib/python3.12/site-packages/attr/__pycache__\n'}
[1.069587] (web_control) StdoutLine: {'line': b'creating /home/matthieu/ros2_ws/install/web_control/share/web_control/web/stream/webrtc/.venv/lib/python3.12/site-packages/aiortc-1.6.0.dist-info\n'}
[1.069649] (web_control) StdoutLine: {'line': b'copying web/stream/webrtc/.venv/lib/python3.12/site-packages/aiortc-1.6.0.dist-info/LICENSE -> /home/matthieu/ros2_ws/install/web_control/share/web_control/web/stream/webrtc/.venv/lib/python3.12/site-packages/aiortc-1.6.0.dist-info\n'}
[1.069720] (web_control) StdoutLine: {'line': b'copying web/stream/webrtc/.venv/lib/python3.12/site-packages/aiortc-1.6.0.dist-info/WHEEL -> /home/matthieu/ros2_ws/install/web_control/share/web_control/web/stream/webrtc/.venv/lib/python3.12/site-packages/aiortc-1.6.0.dist-info\n'}
[1.069770] (web_control) StdoutLine: {'line': b'copying web/stream/webrtc/.venv/lib/python3.12/site-packages/aiortc-1.6.0.dist-info/RECORD -> /home/matthieu/ros2_ws/install/web_control/share/web_control/web/stream/webrtc/.venv/lib/python3.12/site-packages/aiortc-1.6.0.dist-info\n'}
[1.069836] (web_control) StdoutLine: {'line': b'copying web/stream/webrtc/.venv/lib/python3.12/site-packages/aiortc-1.6.0.dist-info/REQUESTED -> /home/matthieu/ros2_ws/install/web_control/share/web_control/web/stream/webrtc/.venv/lib/python3.12/site-packages/aiortc-1.6.0.dist-info\n'}
[1.069887] (web_control) StdoutLine: {'line': b'copying web/stream/webrtc/.venv/lib/python3.12/site-packages/aiortc-1.6.0.dist-info/INSTALLER -> /home/matthieu/ros2_ws/install/web_control/share/web_control/web/stream/webrtc/.venv/lib/python3.12/site-packages/aiortc-1.6.0.dist-info\n'}
[1.069935] (web_control) StdoutLine: {'line': b'copying web/stream/webrtc/.venv/lib/python3.12/site-packages/aiortc-1.6.0.dist-info/top_level.txt -> /home/matthieu/ros2_ws/install/web_control/share/web_control/web/stream/webrtc/.venv/lib/python3.12/site-packages/aiortc-1.6.0.dist-info\n'}
[1.070002] (web_control) StdoutLine: {'line': b'copying web/stream/webrtc/.venv/lib/python3.12/site-packages/aiortc-1.6.0.dist-info/METADATA -> /home/matthieu/ros2_ws/install/web_control/share/web_control/web/stream/webrtc/.venv/lib/python3.12/site-packages/aiortc-1.6.0.dist-info\n'}
[1.070052] (web_control) StdoutLine: {'line': b'creating /home/matthieu/ros2_ws/install/web_control/share/web_control/web/stream/webrtc/.venv/lib/python3.12/site-packages/attrs-25.4.0.dist-info\n'}
[1.070117] (web_control) StdoutLine: {'line': b'copying web/stream/webrtc/.venv/lib/python3.12/site-packages/attrs-25.4.0.dist-info/WHEEL -> /home/matthieu/ros2_ws/install/web_control/share/web_control/web/stream/webrtc/.venv/lib/python3.12/site-packages/attrs-25.4.0.dist-info\n'}
[1.070175] (web_control) StdoutLine: {'line': b'copying web/stream/webrtc/.venv/lib/python3.12/site-packages/attrs-25.4.0.dist-info/RECORD -> /home/matthieu/ros2_ws/install/web_control/share/web_control/web/stream/webrtc/.venv/lib/python3.12/site-packages/attrs-25.4.0.dist-info\n'}
[1.070224] (web_control) StdoutLine: {'line': b'copying web/stream/webrtc/.venv/lib/python3.12/site-packages/attrs-25.4.0.dist-info/INSTALLER -> /home/matthieu/ros2_ws/install/web_control/share/web_control/web/stream/webrtc/.venv/lib/python3.12/site-packages/attrs-25.4.0.dist-info\n'}
[1.070272] (web_control) StdoutLine: {'line': b'copying web/stream/webrtc/.venv/lib/python3.12/site-packages/attrs-25.4.0.dist-info/METADATA -> /home/matthieu/ros2_ws/install/web_control/share/web_control/web/stream/webrtc/.venv/lib/python3.12/site-packages/attrs-25.4.0.dist-info\n'}
[1.070336] (web_control) StdoutLine: {'line': b'creating /home/matthieu/ros2_ws/install/web_control/share/web_control/web/stream/webrtc/.venv/lib/python3.12/site-packages/attrs-25.4.0.dist-info/licenses\n'}
[1.070385] (web_control) StdoutLine: {'line': b'copying web/stream/webrtc/.venv/lib/python3.12/site-packages/attrs-25.4.0.dist-info/licenses/LICENSE -> /home/matthieu/ros2_ws/install/web_control/share/web_control/web/stream/webrtc/.venv/lib/python3.12/site-packages/attrs-25.4.0.dist-info/licenses\n'}
[1.070433] (web_control) StdoutLine: {'line': b'creating /home/matthieu/ros2_ws/install/web_control/share/web_control/web/stream/webrtc/.venv/lib/python3.12/site-packages/dnspython-2.8.0.dist-info\n'}
[1.070496] (web_control) StdoutLine: {'line': b'copying web/stream/webrtc/.venv/lib/python3.12/site-packages/dnspython-2.8.0.dist-info/WHEEL -> /home/matthieu/ros2_ws/install/web_control/share/web_control/web/stream/webrtc/.venv/lib/python3.12/site-packages/dnspython-2.8.0.dist-info\n'}
[1.070551] (web_control) StdoutLine: {'line': b'copying web/stream/webrtc/.venv/lib/python3.12/site-packages/dnspython-2.8.0.dist-info/RECORD -> /home/matthieu/ros2_ws/install/web_control/share/web_control/web/stream/webrtc/.venv/lib/python3.12/site-packages/dnspython-2.8.0.dist-info\n'}
[1.070611] (web_control) StdoutLine: {'line': b'copying web/stream/webrtc/.venv/lib/python3.12/site-packages/dnspython-2.8.0.dist-info/INSTALLER -> /home/matthieu/ros2_ws/install/web_control/share/web_control/web/stream/webrtc/.venv/lib/python3.12/site-packages/dnspython-2.8.0.dist-info\n'}
[1.070659] (web_control) StdoutLine: {'line': b'copying web/stream/webrtc/.venv/lib/python3.12/site-packages/dnspython-2.8.0.dist-info/METADATA -> /home/matthieu/ros2_ws/install/web_control/share/web_control/web/stream/webrtc/.venv/lib/python3.12/site-packages/dnspython-2.8.0.dist-info\n'}
[1.070707] (web_control) StdoutLine: {'line': b'creating /home/matthieu/ros2_ws/install/web_control/share/web_control/web/stream/webrtc/.venv/lib/python3.12/site-packages/dnspython-2.8.0.dist-info/licenses\n'}
[1.070778] (web_control) StdoutLine: {'line': b'copying web/stream/webrtc/.venv/lib/python3.12/site-packages/dnspython-2.8.0.dist-info/licenses/LICENSE -> /home/matthieu/ros2_ws/install/web_control/share/web_control/web/stream/webrtc/.venv/lib/python3.12/site-packages/dnspython-2.8.0.dist-info/licenses\n'}
[1.070827] (web_control) StdoutLine: {'line': b'creating /home/matthieu/ros2_ws/install/web_control/share/web_control/web/stream/webrtc/.venv/lib/python3.12/site-packages/idna-3.11.dist-info\n'}
[1.070874] (web_control) StdoutLine: {'line': b'copying web/stream/webrtc/.venv/lib/python3.12/site-packages/idna-3.11.dist-info/WHEEL -> /home/matthieu/ros2_ws/install/web_control/share/web_control/web/stream/webrtc/.venv/lib/python3.12/site-packages/idna-3.11.dist-info\n'}
[1.070936] (web_control) StdoutLine: {'line': b'copying web/stream/webrtc/.venv/lib/python3.12/site-packages/idna-3.11.dist-info/RECORD -> /home/matthieu/ros2_ws/install/web_control/share/web_control/web/stream/webrtc/.venv/lib/python3.12/site-packages/idna-3.11.dist-info\n'}
[1.070986] (web_control) StdoutLine: {'line': b'copying web/stream/webrtc/.venv/lib/python3.12/site-packages/idna-3.11.dist-info/INSTALLER -> /home/matthieu/ros2_ws/install/web_control/share/web_control/web/stream/webrtc/.venv/lib/python3.12/site-packages/idna-3.11.dist-info\n'}
[1.071032] (web_control) StdoutLine: {'line': b'copying web/stream/webrtc/.venv/lib/python3.12/site-packages/idna-3.11.dist-info/METADATA -> /home/matthieu/ros2_ws/install/web_control/share/web_control/web/stream/webrtc/.venv/lib/python3.12/site-packages/idna-3.11.dist-info\n'}
[1.071104] (web_control) StdoutLine: {'line': b'creating /home/matthieu/ros2_ws/install/web_control/share/web_control/web/stream/webrtc/.venv/lib/python3.12/site-packages/idna-3.11.dist-info/licenses\n'}
[1.071154] (web_control) StdoutLine: {'line': b'copying web/stream/webrtc/.venv/lib/python3.12/site-packages/idna-3.11.dist-info/licenses/LICENSE.md -> /home/matthieu/ros2_ws/install/web_control/share/web_control/web/stream/webrtc/.venv/lib/python3.12/site-packages/idna-3.11.dist-info/licenses\n'}
[1.071201] (web_control) StdoutLine: {'line': b'creating /home/matthieu/ros2_ws/install/web_control/share/web_control/web/stream/webrtc/.venv/lib/python3.12/site-packages/google_crc32c-1.8.0.dist-info\n'}
[1.071246] (web_control) StdoutLine: {'line': b'copying web/stream/webrtc/.venv/lib/python3.12/site-packages/google_crc32c-1.8.0.dist-info/WHEEL -> /home/matthieu/ros2_ws/install/web_control/share/web_control/web/stream/webrtc/.venv/lib/python3.12/site-packages/google_crc32c-1.8.0.dist-info\n'}
[1.071313] (web_control) StdoutLine: {'line': b'copying web/stream/webrtc/.venv/lib/python3.12/site-packages/google_crc32c-1.8.0.dist-info/RECORD -> /home/matthieu/ros2_ws/install/web_control/share/web_control/web/stream/webrtc/.venv/lib/python3.12/site-packages/google_crc32c-1.8.0.dist-info\n'}
[1.071359] (web_control) StdoutLine: {'line': b'copying web/stream/webrtc/.venv/lib/python3.12/site-packages/google_crc32c-1.8.0.dist-info/zip-safe -> /home/matthieu/ros2_ws/install/web_control/share/web_control/web/stream/webrtc/.venv/lib/python3.12/site-packages/google_crc32c-1.8.0.dist-info\n'}
[1.071406] (web_control) StdoutLine: {'line': b'copying web/stream/webrtc/.venv/lib/python3.12/site-packages/google_crc32c-1.8.0.dist-info/INSTALLER -> /home/matthieu/ros2_ws/install/web_control/share/web_control/web/stream/webrtc/.venv/lib/python3.12/site-packages/google_crc32c-1.8.0.dist-info\n'}
[1.071454] (web_control) StdoutLine: {'line': b'copying web/stream/webrtc/.venv/lib/python3.12/site-packages/google_crc32c-1.8.0.dist-info/top_level.txt -> /home/matthieu/ros2_ws/install/web_control/share/web_control/web/stream/webrtc/.venv/lib/python3.12/site-packages/google_crc32c-1.8.0.dist-info\n'}
[1.071519] (web_control) StdoutLine: {'line': b'copying web/stream/webrtc/.venv/lib/python3.12/site-packages/google_crc32c-1.8.0.dist-info/METADATA -> /home/matthieu/ros2_ws/install/web_control/share/web_control/web/stream/webrtc/.venv/lib/python3.12/site-packages/google_crc32c-1.8.0.dist-info\n'}
[1.071579] (web_control) StdoutLine: {'line': b'creating /home/matthieu/ros2_ws/install/web_control/share/web_control/web/stream/webrtc/.venv/lib/python3.12/site-packages/google_crc32c-1.8.0.dist-info/licenses\n'}
[1.071622] (web_control) StdoutLine: {'line': b'copying web/stream/webrtc/.venv/lib/python3.12/site-packages/google_crc32c-1.8.0.dist-info/licenses/LICENSE -> /home/matthieu/ros2_ws/install/web_control/share/web_control/web/stream/webrtc/.venv/lib/python3.12/site-packages/google_crc32c-1.8.0.dist-info/licenses\n'}
[1.071670] (web_control) StdoutLine: {'line': b'creating /home/matthieu/ros2_ws/install/web_control/share/web_control/web/stream/webrtc/.venv/lib/python3.12/site-packages/idna\n'}
[1.071717] (web_control) StdoutLine: {'line': b'copying web/stream/webrtc/.venv/lib/python3.12/site-packages/idna/idnadata.py -> /home/matthieu/ros2_ws/install/web_control/share/web_control/web/stream/webrtc/.venv/lib/python3.12/site-packages/idna\n'}
[1.071781] (web_control) StdoutLine: {'line': b'copying web/stream/webrtc/.venv/lib/python3.12/site-packages/idna/codec.py -> /home/matthieu/ros2_ws/install/web_control/share/web_control/web/stream/webrtc/.venv/lib/python3.12/site-packages/idna\n'}
[1.071825] (web_control) StdoutLine: {'line': b'copying web/stream/webrtc/.venv/lib/python3.12/site-packages/idna/core.py -> /home/matthieu/ros2_ws/install/web_control/share/web_control/web/stream/webrtc/.venv/lib/python3.12/site-packages/idna\n'}
[1.071872] (web_control) StdoutLine: {'line': b'copying web/stream/webrtc/.venv/lib/python3.12/site-packages/idna/uts46data.py -> /home/matthieu/ros2_ws/install/web_control/share/web_control/web/stream/webrtc/.venv/lib/python3.12/site-packages/idna\n'}
[1.071927] (web_control) StdoutLine: {'line': b'copying web/stream/webrtc/.venv/lib/python3.12/site-packages/idna/compat.py -> /home/matthieu/ros2_ws/install/web_control/share/web_control/web/stream/webrtc/.venv/lib/python3.12/site-packages/idna\n'}
[1.071980] (web_control) StdoutLine: {'line': b'copying web/stream/webrtc/.venv/lib/python3.12/site-packages/idna/package_data.py -> /home/matthieu/ros2_ws/install/web_control/share/web_control/web/stream/webrtc/.venv/lib/python3.12/site-packages/idna\n'}
[1.072037] (web_control) StdoutLine: {'line': b'copying web/stream/webrtc/.venv/lib/python3.12/site-packages/idna/intranges.py -> /home/matthieu/ros2_ws/install/web_control/share/web_control/web/stream/webrtc/.venv/lib/python3.12/site-packages/idna\n'}
[1.072099] (web_control) StdoutLine: {'line': b'copying web/stream/webrtc/.venv/lib/python3.12/site-packages/idna/py.typed -> /home/matthieu/ros2_ws/install/web_control/share/web_control/web/stream/webrtc/.venv/lib/python3.12/site-packages/idna\n'}
[1.072161] (web_control) StdoutLine: {'line': b'copying web/stream/webrtc/.venv/lib/python3.12/site-packages/idna/__init__.py -> /home/matthieu/ros2_ws/install/web_control/share/web_control/web/stream/webrtc/.venv/lib/python3.12/site-packages/idna\n'}
[1.072222] (web_control) StdoutLine: {'line': b'creating /home/matthieu/ros2_ws/install/web_control/share/web_control/web/stream/webrtc/.venv/lib/python3.12/site-packages/idna/__pycache__\n'}
[1.072288] (web_control) StdoutLine: {'line': b'copying web/stream/webrtc/.venv/lib/python3.12/site-packages/idna/__pycache__/package_data.cpython-312.pyc -> /home/matthieu/ros2_ws/install/web_control/share/web_control/web/stream/webrtc/.venv/lib/python3.12/site-packages/idna/__pycache__\n'}
[1.072343] (web_control) StdoutLine: {'line': b'copying web/stream/webrtc/.venv/lib/python3.12/site-packages/idna/__pycache__/codec.cpython-312.pyc -> /home/matthieu/ros2_ws/install/web_control/share/web_control/web/stream/webrtc/.venv/lib/python3.12/site-packages/idna/__pycache__\n'}
[1.072400] (web_control) StdoutLine: {'line': b'copying web/stream/webrtc/.venv/lib/python3.12/site-packages/idna/__pycache__/idnadata.cpython-312.pyc -> /home/matthieu/ros2_ws/install/web_control/share/web_control/web/stream/webrtc/.venv/lib/python3.12/site-packages/idna/__pycache__\n'}
[1.072459] (web_control) StdoutLine: {'line': b'copying web/stream/webrtc/.venv/lib/python3.12/site-packages/idna/__pycache__/intranges.cpython-312.pyc -> /home/matthieu/ros2_ws/install/web_control/share/web_control/web/stream/webrtc/.venv/lib/python3.12/site-packages/idna/__pycache__\n'}
[1.072516] (web_control) StdoutLine: {'line': b'copying web/stream/webrtc/.venv/lib/python3.12/site-packages/idna/__pycache__/core.cpython-312.pyc -> /home/matthieu/ros2_ws/install/web_control/share/web_control/web/stream/webrtc/.venv/lib/python3.12/site-packages/idna/__pycache__\n'}
[1.072573] (web_control) StdoutLine: {'line': b'copying web/stream/webrtc/.venv/lib/python3.12/site-packages/idna/__pycache__/uts46data.cpython-312.pyc -> /home/matthieu/ros2_ws/install/web_control/share/web_control/web/stream/webrtc/.venv/lib/python3.12/site-packages/idna/__pycache__\n'}
[1.072698] (web_control) StdoutLine: {'line': b'copying web/stream/webrtc/.venv/lib/python3.12/site-packages/idna/__pycache__/__init__.cpython-312.pyc -> /home/matthieu/ros2_ws/install/web_control/share/web_control/web/stream/webrtc/.venv/lib/python3.12/site-packages/idna/__pycache__\n'}
[1.072762] (web_control) StdoutLine: {'line': b'copying web/stream/webrtc/.venv/lib/python3.12/site-packages/idna/__pycache__/compat.cpython-312.pyc -> /home/matthieu/ros2_ws/install/web_control/share/web_control/web/stream/webrtc/.venv/lib/python3.12/site-packages/idna/__pycache__\n'}
[1.072824] (web_control) StdoutLine: {'line': b'creating /home/matthieu/ros2_ws/install/web_control/share/web_control/web/stream/webrtc/.venv/lib/python3.12/site-packages/frozenlist-1.8.0.dist-info\n'}
[1.072883] (web_control) StdoutLine: {'line': b'copying web/stream/webrtc/.venv/lib/python3.12/site-packages/frozenlist-1.8.0.dist-info/WHEEL -> /home/matthieu/ros2_ws/install/web_control/share/web_control/web/stream/webrtc/.venv/lib/python3.12/site-packages/frozenlist-1.8.0.dist-info\n'}
[1.072943] (web_control) StdoutLine: {'line': b'copying web/stream/webrtc/.venv/lib/python3.12/site-packages/frozenlist-1.8.0.dist-info/RECORD -> /home/matthieu/ros2_ws/install/web_control/share/web_control/web/stream/webrtc/.venv/lib/python3.12/site-packages/frozenlist-1.8.0.dist-info\n'}
[1.073002] (web_control) StdoutLine: {'line': b'copying web/stream/webrtc/.venv/lib/python3.12/site-packages/frozenlist-1.8.0.dist-info/INSTALLER -> /home/matthieu/ros2_ws/install/web_control/share/web_control/web/stream/webrtc/.venv/lib/python3.12/site-packages/frozenlist-1.8.0.dist-info\n'}
[1.073057] (web_control) StdoutLine: {'line': b'copying web/stream/webrtc/.venv/lib/python3.12/site-packages/frozenlist-1.8.0.dist-info/top_level.txt -> /home/matthieu/ros2_ws/install/web_control/share/web_control/web/stream/webrtc/.venv/lib/python3.12/site-packages/frozenlist-1.8.0.dist-info\n'}
[1.073122] (web_control) StdoutLine: {'line': b'copying web/stream/webrtc/.venv/lib/python3.12/site-packages/frozenlist-1.8.0.dist-info/METADATA -> /home/matthieu/ros2_ws/install/web_control/share/web_control/web/stream/webrtc/.venv/lib/python3.12/site-packages/frozenlist-1.8.0.dist-info\n'}
[1.073188] (web_control) StdoutLine: {'line': b'creating /home/matthieu/ros2_ws/install/web_control/share/web_control/web/stream/webrtc/.venv/lib/python3.12/site-packages/frozenlist-1.8.0.dist-info/licenses\n'}
[1.073235] (web_control) StdoutLine: {'line': b'copying web/stream/webrtc/.venv/lib/python3.12/site-packages/frozenlist-1.8.0.dist-info/licenses/LICENSE -> /home/matthieu/ros2_ws/install/web_control/share/web_control/web/stream/webrtc/.venv/lib/python3.12/site-packages/frozenlist-1.8.0.dist-info/licenses\n'}
[1.073299] (web_control) StdoutLine: {'line': b'creating /home/matthieu/ros2_ws/install/web_control/share/web_control/web/stream/webrtc/.venv/lib/python3.12/site-packages/pip-24.0.dist-info\n'}
[1.073347] (web_control) StdoutLine: {'line': b'copying web/stream/webrtc/.venv/lib/python3.12/site-packages/pip-24.0.dist-info/WHEEL -> /home/matthieu/ros2_ws/install/web_control/share/web_control/web/stream/webrtc/.venv/lib/python3.12/site-packages/pip-24.0.dist-info\n'}
[1.073403] (web_control) StdoutLine: {'line': b'copying web/stream/webrtc/.venv/lib/python3.12/site-packages/pip-24.0.dist-info/RECORD -> /home/matthieu/ros2_ws/install/web_control/share/web_control/web/stream/webrtc/.venv/lib/python3.12/site-packages/pip-24.0.dist-info\n'}
[1.073464] (web_control) StdoutLine: {'line': b'copying web/stream/webrtc/.venv/lib/python3.12/site-packages/pip-24.0.dist-info/REQUESTED -> /home/matthieu/ros2_ws/install/web_control/share/web_control/web/stream/webrtc/.venv/lib/python3.12/site-packages/pip-24.0.dist-info\n'}
[1.073527] (web_control) StdoutLine: {'line': b'copying web/stream/webrtc/.venv/lib/python3.12/site-packages/pip-24.0.dist-info/INSTALLER -> /home/matthieu/ros2_ws/install/web_control/share/web_control/web/stream/webrtc/.venv/lib/python3.12/site-packages/pip-24.0.dist-info\n'}
[1.073574] (web_control) StdoutLine: {'line': b'copying web/stream/webrtc/.venv/lib/python3.12/site-packages/pip-24.0.dist-info/LICENSE.txt -> /home/matthieu/ros2_ws/install/web_control/share/web_control/web/stream/webrtc/.venv/lib/python3.12/site-packages/pip-24.0.dist-info\n'}
[1.073635] (web_control) StdoutLine: {'line': b'copying web/stream/webrtc/.venv/lib/python3.12/site-packages/pip-24.0.dist-info/AUTHORS.txt -> /home/matthieu/ros2_ws/install/web_control/share/web_control/web/stream/webrtc/.venv/lib/python3.12/site-packages/pip-24.0.dist-info\n'}
[1.073681] (web_control) StdoutLine: {'line': b'copying web/stream/webrtc/.venv/lib/python3.12/site-packages/pip-24.0.dist-info/entry_points.txt -> /home/matthieu/ros2_ws/install/web_control/share/web_control/web/stream/webrtc/.venv/lib/python3.12/site-packages/pip-24.0.dist-info\n'}
[1.073737] (web_control) StdoutLine: {'line': b'copying web/stream/webrtc/.venv/lib/python3.12/site-packages/pip-24.0.dist-info/top_level.txt -> /home/matthieu/ros2_ws/install/web_control/share/web_control/web/stream/webrtc/.venv/lib/python3.12/site-packages/pip-24.0.dist-info\n'}
[1.073799] (web_control) StdoutLine: {'line': b'copying web/stream/webrtc/.venv/lib/python3.12/site-packages/pip-24.0.dist-info/METADATA -> /home/matthieu/ros2_ws/install/web_control/share/web_control/web/stream/webrtc/.venv/lib/python3.12/site-packages/pip-24.0.dist-info\n'}
[1.073860] (web_control) StdoutLine: {'line': b'creating /home/matthieu/ros2_ws/install/web_control/share/web_control/web/stream/webrtc/.venv/lib/python3.12/site-packages/pylibsrtp-1.0.0.dist-info\n'}
[1.073906] (web_control) StdoutLine: {'line': b'copying web/stream/webrtc/.venv/lib/python3.12/site-packages/pylibsrtp-1.0.0.dist-info/WHEEL -> /home/matthieu/ros2_ws/install/web_control/share/web_control/web/stream/webrtc/.venv/lib/python3.12/site-packages/pylibsrtp-1.0.0.dist-info\n'}
[1.073969] (web_control) StdoutLine: {'line': b'copying web/stream/webrtc/.venv/lib/python3.12/site-packages/pylibsrtp-1.0.0.dist-info/RECORD -> /home/matthieu/ros2_ws/install/web_control/share/web_control/web/stream/webrtc/.venv/lib/python3.12/site-packages/pylibsrtp-1.0.0.dist-info\n'}
[1.074025] (web_control) StdoutLine: {'line': b'copying web/stream/webrtc/.venv/lib/python3.12/site-packages/pylibsrtp-1.0.0.dist-info/INSTALLER -> /home/matthieu/ros2_ws/install/web_control/share/web_control/web/stream/webrtc/.venv/lib/python3.12/site-packages/pylibsrtp-1.0.0.dist-info\n'}
[1.074073] (web_control) StdoutLine: {'line': b'copying web/stream/webrtc/.venv/lib/python3.12/site-packages/pylibsrtp-1.0.0.dist-info/top_level.txt -> /home/matthieu/ros2_ws/install/web_control/share/web_control/web/stream/webrtc/.venv/lib/python3.12/site-packages/pylibsrtp-1.0.0.dist-info\n'}
[1.074144] (web_control) StdoutLine: {'line': b'copying web/stream/webrtc/.venv/lib/python3.12/site-packages/pylibsrtp-1.0.0.dist-info/METADATA -> /home/matthieu/ros2_ws/install/web_control/share/web_control/web/stream/webrtc/.venv/lib/python3.12/site-packages/pylibsrtp-1.0.0.dist-info\n'}
[1.074193] (web_control) StdoutLine: {'line': b'creating /home/matthieu/ros2_ws/install/web_control/share/web_control/web/stream/webrtc/.venv/lib/python3.12/site-packages/pylibsrtp-1.0.0.dist-info/licenses\n'}
[1.074259] (web_control) StdoutLine: {'line': b'copying web/stream/webrtc/.venv/lib/python3.12/site-packages/pylibsrtp-1.0.0.dist-info/licenses/LICENSE -> /home/matthieu/ros2_ws/install/web_control/share/web_control/web/stream/webrtc/.venv/lib/python3.12/site-packages/pylibsrtp-1.0.0.dist-info/licenses\n'}
[1.074307] (web_control) StdoutLine: {'line': b'creating /home/matthieu/ros2_ws/install/web_control/share/web_control/web/stream/webrtc/.venv/lib/python3.12/site-packages/OpenSSL\n'}
[1.074352] (web_control) StdoutLine: {'line': b'copying web/stream/webrtc/.venv/lib/python3.12/site-packages/OpenSSL/debug.py -> /home/matthieu/ros2_ws/install/web_control/share/web_control/web/stream/webrtc/.venv/lib/python3.12/site-packages/OpenSSL\n'}
[1.074413] (web_control) StdoutLine: {'line': b'copying web/stream/webrtc/.venv/lib/python3.12/site-packages/OpenSSL/SSL.py -> /home/matthieu/ros2_ws/install/web_control/share/web_control/web/stream/webrtc/.venv/lib/python3.12/site-packages/OpenSSL\n'}
[1.074459] (web_control) StdoutLine: {'line': b'copying web/stream/webrtc/.venv/lib/python3.12/site-packages/OpenSSL/rand.py -> /home/matthieu/ros2_ws/install/web_control/share/web_control/web/stream/webrtc/.venv/lib/python3.12/site-packages/OpenSSL\n'}
[1.074523] (web_control) StdoutLine: {'line': b'copying web/stream/webrtc/.venv/lib/python3.12/site-packages/OpenSSL/_util.py -> /home/matthieu/ros2_ws/install/web_control/share/web_control/web/stream/webrtc/.venv/lib/python3.12/site-packages/OpenSSL\n'}
[1.074574] (web_control) StdoutLine: {'line': b'copying web/stream/webrtc/.venv/lib/python3.12/site-packages/OpenSSL/py.typed -> /home/matthieu/ros2_ws/install/web_control/share/web_control/web/stream/webrtc/.venv/lib/python3.12/site-packages/OpenSSL\n'}
[1.074630] (web_control) StdoutLine: {'line': b'copying web/stream/webrtc/.venv/lib/python3.12/site-packages/OpenSSL/crypto.py -> /home/matthieu/ros2_ws/install/web_control/share/web_control/web/stream/webrtc/.venv/lib/python3.12/site-packages/OpenSSL\n'}
[1.074690] (web_control) StdoutLine: {'line': b'copying web/stream/webrtc/.venv/lib/python3.12/site-packages/OpenSSL/version.py -> /home/matthieu/ros2_ws/install/web_control/share/web_control/web/stream/webrtc/.venv/lib/python3.12/site-packages/OpenSSL\n'}
[1.074754] (web_control) StdoutLine: {'line': b'copying web/stream/webrtc/.venv/lib/python3.12/site-packages/OpenSSL/__init__.py -> /home/matthieu/ros2_ws/install/web_control/share/web_control/web/stream/webrtc/.venv/lib/python3.12/site-packages/OpenSSL\n'}
[1.074801] (web_control) StdoutLine: {'line': b'creating /home/matthieu/ros2_ws/install/web_control/share/web_control/web/stream/webrtc/.venv/lib/python3.12/site-packages/OpenSSL/__pycache__\n'}
[1.074862] (web_control) StdoutLine: {'line': b'copying web/stream/webrtc/.venv/lib/python3.12/site-packages/OpenSSL/__pycache__/rand.cpython-312.pyc -> /home/matthieu/ros2_ws/install/web_control/share/web_control/web/stream/webrtc/.venv/lib/python3.12/site-packages/OpenSSL/__pycache__\n'}
[1.074912] (web_control) StdoutLine: {'line': b'copying web/stream/webrtc/.venv/lib/python3.12/site-packages/OpenSSL/__pycache__/crypto.cpython-312.pyc -> /home/matthieu/ros2_ws/install/web_control/share/web_control/web/stream/webrtc/.venv/lib/python3.12/site-packages/OpenSSL/__pycache__\n'}
[1.074967] (web_control) StdoutLine: {'line': b'copying web/stream/webrtc/.venv/lib/python3.12/site-packages/OpenSSL/__pycache__/version.cpython-312.pyc -> /home/matthieu/ros2_ws/install/web_control/share/web_control/web/stream/webrtc/.venv/lib/python3.12/site-packages/OpenSSL/__pycache__\n'}
[1.075025] (web_control) StdoutLine: {'line': b'copying web/stream/webrtc/.venv/lib/python3.12/site-packages/OpenSSL/__pycache__/debug.cpython-312.pyc -> /home/matthieu/ros2_ws/install/web_control/share/web_control/web/stream/webrtc/.venv/lib/python3.12/site-packages/OpenSSL/__pycache__\n'}
[1.075084] (web_control) StdoutLine: {'line': b'copying web/stream/webrtc/.venv/lib/python3.12/site-packages/OpenSSL/__pycache__/__init__.cpython-312.pyc -> /home/matthieu/ros2_ws/install/web_control/share/web_control/web/stream/webrtc/.venv/lib/python3.12/site-packages/OpenSSL/__pycache__\n'}
[1.075150] (web_control) StdoutLine: {'line': b'copying web/stream/webrtc/.venv/lib/python3.12/site-packages/OpenSSL/__pycache__/_util.cpython-312.pyc -> /home/matthieu/ros2_ws/install/web_control/share/web_control/web/stream/webrtc/.venv/lib/python3.12/site-packages/OpenSSL/__pycache__\n'}
[1.075211] (web_control) StdoutLine: {'line': b'copying web/stream/webrtc/.venv/lib/python3.12/site-packages/OpenSSL/__pycache__/SSL.cpython-312.pyc -> /home/matthieu/ros2_ws/install/web_control/share/web_control/web/stream/webrtc/.venv/lib/python3.12/site-packages/OpenSSL/__pycache__\n'}
[1.075287] (web_control) StdoutLine: {'line': b'creating /home/matthieu/ros2_ws/install/web_control/share/web_control/web/stream/webrtc/.venv/lib/python3.12/site-packages/google_crc32c\n'}
[1.075346] (web_control) StdoutLine: {'line': b'copying web/stream/webrtc/.venv/lib/python3.12/site-packages/google_crc32c/_checksum.py -> /home/matthieu/ros2_ws/install/web_control/share/web_control/web/stream/webrtc/.venv/lib/python3.12/site-packages/google_crc32c\n'}
[1.075405] (web_control) StdoutLine: {'line': b'copying web/stream/webrtc/.venv/lib/python3.12/site-packages/google_crc32c/python.py -> /home/matthieu/ros2_ws/install/web_control/share/web_control/web/stream/webrtc/.venv/lib/python3.12/site-packages/google_crc32c\n'}
[1.075467] (web_control) StdoutLine: {'line': b'copying web/stream/webrtc/.venv/lib/python3.12/site-packages/google_crc32c/_crc32c.cpython-312-x86_64-linux-gnu.so -> /home/matthieu/ros2_ws/install/web_control/share/web_control/web/stream/webrtc/.venv/lib/python3.12/site-packages/google_crc32c\n'}
[1.075526] (web_control) StdoutLine: {'line': b'copying web/stream/webrtc/.venv/lib/python3.12/site-packages/google_crc32c/_crc32c.c -> /home/matthieu/ros2_ws/install/web_control/share/web_control/web/stream/webrtc/.venv/lib/python3.12/site-packages/google_crc32c\n'}
[1.075584] (web_control) StdoutLine: {'line': b'copying web/stream/webrtc/.venv/lib/python3.12/site-packages/google_crc32c/cext.py -> /home/matthieu/ros2_ws/install/web_control/share/web_control/web/stream/webrtc/.venv/lib/python3.12/site-packages/google_crc32c\n'}
[1.075643] (web_control) StdoutLine: {'line': b'copying web/stream/webrtc/.venv/lib/python3.12/site-packages/google_crc32c/py.typed -> /home/matthieu/ros2_ws/install/web_control/share/web_control/web/stream/webrtc/.venv/lib/python3.12/site-packages/google_crc32c\n'}
[1.075702] (web_control) StdoutLine: {'line': b'copying web/stream/webrtc/.venv/lib/python3.12/site-packages/google_crc32c/__config__.py -> /home/matthieu/ros2_ws/install/web_control/share/web_control/web/stream/webrtc/.venv/lib/python3.12/site-packages/google_crc32c\n'}
[1.075761] (web_control) StdoutLine: {'line': b'copying web/stream/webrtc/.venv/lib/python3.12/site-packages/google_crc32c/__init__.py -> /home/matthieu/ros2_ws/install/web_control/share/web_control/web/stream/webrtc/.venv/lib/python3.12/site-packages/google_crc32c\n'}
[1.075828] (web_control) StdoutLine: {'line': b'creating /home/matthieu/ros2_ws/install/web_control/share/web_control/web/stream/webrtc/.venv/lib/python3.12/site-packages/google_crc32c/__pycache__\n'}
[1.075875] (web_control) StdoutLine: {'line': b'copying web/stream/webrtc/.venv/lib/python3.12/site-packages/google_crc32c/__pycache__/__config__.cpython-312.pyc -> /home/matthieu/ros2_ws/install/web_control/share/web_control/web/stream/webrtc/.venv/lib/python3.12/site-packages/google_crc32c/__pycache__\n'}
[1.075938] (web_control) StdoutLine: {'line': b'copying web/stream/webrtc/.venv/lib/python3.12/site-packages/google_crc32c/__pycache__/python.cpython-312.pyc -> /home/matthieu/ros2_ws/install/web_control/share/web_control/web/stream/webrtc/.venv/lib/python3.12/site-packages/google_crc32c/__pycache__\n'}
[1.075986] (web_control) StdoutLine: {'line': b'copying web/stream/webrtc/.venv/lib/python3.12/site-packages/google_crc32c/__pycache__/cext.cpython-312.pyc -> /home/matthieu/ros2_ws/install/web_control/share/web_control/web/stream/webrtc/.venv/lib/python3.12/site-packages/google_crc32c/__pycache__\n'}
[1.076050] (web_control) StdoutLine: {'line': b'copying web/stream/webrtc/.venv/lib/python3.12/site-packages/google_crc32c/__pycache__/_checksum.cpython-312.pyc -> /home/matthieu/ros2_ws/install/web_control/share/web_control/web/stream/webrtc/.venv/lib/python3.12/site-packages/google_crc32c/__pycache__\n'}
[1.076103] (web_control) StdoutLine: {'line': b'copying web/stream/webrtc/.venv/lib/python3.12/site-packages/google_crc32c/__pycache__/__init__.cpython-312.pyc -> /home/matthieu/ros2_ws/install/web_control/share/web_control/web/stream/webrtc/.venv/lib/python3.12/site-packages/google_crc32c/__pycache__\n'}
[1.076166] (web_control) StdoutLine: {'line': b'creating /home/matthieu/ros2_ws/install/web_control/share/web_control/web/stream/webrtc/.venv/lib/python3.12/site-packages/attrs\n'}
[1.076214] (web_control) StdoutLine: {'line': b'copying web/stream/webrtc/.venv/lib/python3.12/site-packages/attrs/setters.py -> /home/matthieu/ros2_ws/install/web_control/share/web_control/web/stream/webrtc/.venv/lib/python3.12/site-packages/attrs\n'}
[1.076275] (web_control) StdoutLine: {'line': b'copying web/stream/webrtc/.venv/lib/python3.12/site-packages/attrs/filters.py -> /home/matthieu/ros2_ws/install/web_control/share/web_control/web/stream/webrtc/.venv/lib/python3.12/site-packages/attrs\n'}
[1.076323] (web_control) StdoutLine: {'line': b'copying web/stream/webrtc/.venv/lib/python3.12/site-packages/attrs/__init__.pyi -> /home/matthieu/ros2_ws/install/web_control/share/web_control/web/stream/webrtc/.venv/lib/python3.12/site-packages/attrs\n'}
[1.076379] (web_control) StdoutLine: {'line': b'copying web/stream/webrtc/.venv/lib/python3.12/site-packages/attrs/py.typed -> /home/matthieu/ros2_ws/install/web_control/share/web_control/web/stream/webrtc/.venv/lib/python3.12/site-packages/attrs\n'}
[1.076442] (web_control) StdoutLine: {'line': b'copying web/stream/webrtc/.venv/lib/python3.12/site-packages/attrs/converters.py -> /home/matthieu/ros2_ws/install/web_control/share/web_control/web/stream/webrtc/.venv/lib/python3.12/site-packages/attrs\n'}
[1.076488] (web_control) StdoutLine: {'line': b'copying web/stream/webrtc/.venv/lib/python3.12/site-packages/attrs/validators.py -> /home/matthieu/ros2_ws/install/web_control/share/web_control/web/stream/webrtc/.venv/lib/python3.12/site-packages/attrs\n'}
[1.076551] (web_control) StdoutLine: {'line': b'copying web/stream/webrtc/.venv/lib/python3.12/site-packages/attrs/exceptions.py -> /home/matthieu/ros2_ws/install/web_control/share/web_control/web/stream/webrtc/.venv/lib/python3.12/site-packages/attrs\n'}
[1.076600] (web_control) StdoutLine: {'line': b'copying web/stream/webrtc/.venv/lib/python3.12/site-packages/attrs/__init__.py -> /home/matthieu/ros2_ws/install/web_control/share/web_control/web/stream/webrtc/.venv/lib/python3.12/site-packages/attrs\n'}
[1.076664] (web_control) StdoutLine: {'line': b'creating /home/matthieu/ros2_ws/install/web_control/share/web_control/web/stream/webrtc/.venv/lib/python3.12/site-packages/attrs/__pycache__\n'}
[1.076711] (web_control) StdoutLine: {'line': b'copying web/stream/webrtc/.venv/lib/python3.12/site-packages/attrs/__pycache__/validators.cpython-312.pyc -> /home/matthieu/ros2_ws/install/web_control/share/web_control/web/stream/webrtc/.venv/lib/python3.12/site-packages/attrs/__pycache__\n'}
[1.076759] (web_control) StdoutLine: {'line': b'copying web/stream/webrtc/.venv/lib/python3.12/site-packages/attrs/__pycache__/setters.cpython-312.pyc -> /home/matthieu/ros2_ws/install/web_control/share/web_control/web/stream/webrtc/.venv/lib/python3.12/site-packages/attrs/__pycache__\n'}
[1.076822] (web_control) StdoutLine: {'line': b'copying web/stream/webrtc/.venv/lib/python3.12/site-packages/attrs/__pycache__/filters.cpython-312.pyc -> /home/matthieu/ros2_ws/install/web_control/share/web_control/web/stream/webrtc/.venv/lib/python3.12/site-packages/attrs/__pycache__\n'}
[1.076870] (web_control) StdoutLine: {'line': b'copying web/stream/webrtc/.venv/lib/python3.12/site-packages/attrs/__pycache__/exceptions.cpython-312.pyc -> /home/matthieu/ros2_ws/install/web_control/share/web_control/web/stream/webrtc/.venv/lib/python3.12/site-packages/attrs/__pycache__\n'}
[1.076916] (web_control) StdoutLine: {'line': b'copying web/stream/webrtc/.venv/lib/python3.12/site-packages/attrs/__pycache__/converters.cpython-312.pyc -> /home/matthieu/ros2_ws/install/web_control/share/web_control/web/stream/webrtc/.venv/lib/python3.12/site-packages/attrs/__pycache__\n'}
[1.076979] (web_control) StdoutLine: {'line': b'copying web/stream/webrtc/.venv/lib/python3.12/site-packages/attrs/__pycache__/__init__.cpython-312.pyc -> /home/matthieu/ros2_ws/install/web_control/share/web_control/web/stream/webrtc/.venv/lib/python3.12/site-packages/attrs/__pycache__\n'}
[1.077021] (web_control) StdoutLine: {'line': b'creating /home/matthieu/ros2_ws/install/web_control/share/web_control/web/stream/webrtc/.venv/lib/python3.12/site-packages/__pycache__\n'}
[1.077070] (web_control) StdoutLine: {'line': b'copying web/stream/webrtc/.venv/lib/python3.12/site-packages/__pycache__/typing_extensions.cpython-312.pyc -> /home/matthieu/ros2_ws/install/web_control/share/web_control/web/stream/webrtc/.venv/lib/python3.12/site-packages/__pycache__\n'}
[1.077141] (web_control) StdoutLine: {'line': b'creating /home/matthieu/ros2_ws/install/web_control/share/web_control/web/stream/webrtc/.venv/lib/python3.12/site-packages/cffi\n'}
[1.077202] (web_control) StdoutLine: {'line': b'copying web/stream/webrtc/.venv/lib/python3.12/site-packages/cffi/ffiplatform.py -> /home/matthieu/ros2_ws/install/web_control/share/web_control/web/stream/webrtc/.venv/lib/python3.12/site-packages/cffi\n'}
[1.077249] (web_control) StdoutLine: {'line': b'copying web/stream/webrtc/.venv/lib/python3.12/site-packages/cffi/_cffi_include.h -> /home/matthieu/ros2_ws/install/web_control/share/web_control/web/stream/webrtc/.venv/lib/python3.12/site-packages/cffi\n'}
[1.077311] (web_control) StdoutLine: {'line': b'copying web/stream/webrtc/.venv/lib/python3.12/site-packages/cffi/_embedding.h -> /home/matthieu/ros2_ws/install/web_control/share/web_control/web/stream/webrtc/.venv/lib/python3.12/site-packages/cffi\n'}
[1.077355] (web_control) StdoutLine: {'line': b'copying web/stream/webrtc/.venv/lib/python3.12/site-packages/cffi/model.py -> /home/matthieu/ros2_ws/install/web_control/share/web_control/web/stream/webrtc/.venv/lib/python3.12/site-packages/cffi\n'}
[1.077414] (web_control) StdoutLine: {'line': b'copying web/stream/webrtc/.venv/lib/python3.12/site-packages/cffi/backend_ctypes.py -> /home/matthieu/ros2_ws/install/web_control/share/web_control/web/stream/webrtc/.venv/lib/python3.12/site-packages/cffi\n'}
[1.077474] (web_control) StdoutLine: {'line': b'copying web/stream/webrtc/.venv/lib/python3.12/site-packages/cffi/vengine_gen.py -> /home/matthieu/ros2_ws/install/web_control/share/web_control/web/stream/webrtc/.venv/lib/python3.12/site-packages/cffi\n'}
[1.077528] (web_control) StdoutLine: {'line': b'copying web/stream/webrtc/.venv/lib/python3.12/site-packages/cffi/_shimmed_dist_utils.py -> /home/matthieu/ros2_ws/install/web_control/share/web_control/web/stream/webrtc/.venv/lib/python3.12/site-packages/cffi\n'}
[1.077585] (web_control) StdoutLine: {'line': b'copying web/stream/webrtc/.venv/lib/python3.12/site-packages/cffi/vengine_cpy.py -> /home/matthieu/ros2_ws/install/web_control/share/web_control/web/stream/webrtc/.venv/lib/python3.12/site-packages/cffi\n'}
[1.077643] (web_control) StdoutLine: {'line': b'copying web/stream/webrtc/.venv/lib/python3.12/site-packages/cffi/cffi_opcode.py -> /home/matthieu/ros2_ws/install/web_control/share/web_control/web/stream/webrtc/.venv/lib/python3.12/site-packages/cffi\n'}
[1.077701] (web_control) StdoutLine: {'line': b'copying web/stream/webrtc/.venv/lib/python3.12/site-packages/cffi/lock.py -> /home/matthieu/ros2_ws/install/web_control/share/web_control/web/stream/webrtc/.venv/lib/python3.12/site-packages/cffi\n'}
[1.077760] (web_control) StdoutLine: {'line': b'copying web/stream/webrtc/.venv/lib/python3.12/site-packages/cffi/_cffi_errors.h -> /home/matthieu/ros2_ws/install/web_control/share/web_control/web/stream/webrtc/.venv/lib/python3.12/site-packages/cffi\n'}
[1.077819] (web_control) StdoutLine: {'line': b'copying web/stream/webrtc/.venv/lib/python3.12/site-packages/cffi/_imp_emulation.py -> /home/matthieu/ros2_ws/install/web_control/share/web_control/web/stream/webrtc/.venv/lib/python3.12/site-packages/cffi\n'}
[1.077876] (web_control) StdoutLine: {'line': b'copying web/stream/webrtc/.venv/lib/python3.12/site-packages/cffi/verifier.py -> /home/matthieu/ros2_ws/install/web_control/share/web_control/web/stream/webrtc/.venv/lib/python3.12/site-packages/cffi\n'}
[1.077937] (web_control) StdoutLine: {'line': b'copying web/stream/webrtc/.venv/lib/python3.12/site-packages/cffi/commontypes.py -> /home/matthieu/ros2_ws/install/web_control/share/web_control/web/stream/webrtc/.venv/lib/python3.12/site-packages/cffi\n'}
[1.077996] (web_control) StdoutLine: {'line': b'copying web/stream/webrtc/.venv/lib/python3.12/site-packages/cffi/parse_c_type.h -> /home/matthieu/ros2_ws/install/web_control/share/web_control/web/stream/webrtc/.venv/lib/python3.12/site-packages/cffi\n'}
[1.078054] (web_control) StdoutLine: {'line': b'copying web/stream/webrtc/.venv/lib/python3.12/site-packages/cffi/recompiler.py -> /home/matthieu/ros2_ws/install/web_control/share/web_control/web/stream/webrtc/.venv/lib/python3.12/site-packages/cffi\n'}
[1.078119] (web_control) StdoutLine: {'line': b'copying web/stream/webrtc/.venv/lib/python3.12/site-packages/cffi/cparser.py -> /home/matthieu/ros2_ws/install/web_control/share/web_control/web/stream/webrtc/.venv/lib/python3.12/site-packages/cffi\n'}
[1.078182] (web_control) StdoutLine: {'line': b'copying web/stream/webrtc/.venv/lib/python3.12/site-packages/cffi/setuptools_ext.py -> /home/matthieu/ros2_ws/install/web_control/share/web_control/web/stream/webrtc/.venv/lib/python3.12/site-packages/cffi\n'}
[1.078239] (web_control) StdoutLine: {'line': b'copying web/stream/webrtc/.venv/lib/python3.12/site-packages/cffi/error.py -> /home/matthieu/ros2_ws/install/web_control/share/web_control/web/stream/webrtc/.venv/lib/python3.12/site-packages/cffi\n'}
[1.078301] (web_control) StdoutLine: {'line': b'copying web/stream/webrtc/.venv/lib/python3.12/site-packages/cffi/api.py -> /home/matthieu/ros2_ws/install/web_control/share/web_control/web/stream/webrtc/.venv/lib/python3.12/site-packages/cffi\n'}
[1.078354] (web_control) StdoutLine: {'line': b'copying web/stream/webrtc/.venv/lib/python3.12/site-packages/cffi/__init__.py -> /home/matthieu/ros2_ws/install/web_control/share/web_control/web/stream/webrtc/.venv/lib/python3.12/site-packages/cffi\n'}
[1.078411] (web_control) StdoutLine: {'line': b'copying web/stream/webrtc/.venv/lib/python3.12/site-packages/cffi/pkgconfig.py -> /home/matthieu/ros2_ws/install/web_control/share/web_control/web/stream/webrtc/.venv/lib/python3.12/site-packages/cffi\n'}
[1.078468] (web_control) StdoutLine: {'line': b'creating /home/matthieu/ros2_ws/install/web_control/share/web_control/web/stream/webrtc/.venv/lib/python3.12/site-packages/cffi/__pycache__\n'}
[1.078527] (web_control) StdoutLine: {'line': b'copying web/stream/webrtc/.venv/lib/python3.12/site-packages/cffi/__pycache__/model.cpython-312.pyc -> /home/matthieu/ros2_ws/install/web_control/share/web_control/web/stream/webrtc/.venv/lib/python3.12/site-packages/cffi/__pycache__\n'}
[1.078585] (web_control) StdoutLine: {'line': b'copying web/stream/webrtc/.venv/lib/python3.12/site-packages/cffi/__pycache__/_imp_emulation.cpython-312.pyc -> /home/matthieu/ros2_ws/install/web_control/share/web_control/web/stream/webrtc/.venv/lib/python3.12/site-packages/cffi/__pycache__\n'}
[1.078644] (web_control) StdoutLine: {'line': b'copying web/stream/webrtc/.venv/lib/python3.12/site-packages/cffi/__pycache__/ffiplatform.cpython-312.pyc -> /home/matthieu/ros2_ws/install/web_control/share/web_control/web/stream/webrtc/.venv/lib/python3.12/site-packages/cffi/__pycache__\n'}
[1.078703] (web_control) StdoutLine: {'line': b'copying web/stream/webrtc/.venv/lib/python3.12/site-packages/cffi/__pycache__/backend_ctypes.cpython-312.pyc -> /home/matthieu/ros2_ws/install/web_control/share/web_control/web/stream/webrtc/.venv/lib/python3.12/site-packages/cffi/__pycache__\n'}
[1.078764] (web_control) StdoutLine: {'line': b'copying web/stream/webrtc/.venv/lib/python3.12/site-packages/cffi/__pycache__/setuptools_ext.cpython-312.pyc -> /home/matthieu/ros2_ws/install/web_control/share/web_control/web/stream/webrtc/.venv/lib/python3.12/site-packages/cffi/__pycache__\n'}
[1.078821] (web_control) StdoutLine: {'line': b'copying web/stream/webrtc/.venv/lib/python3.12/site-packages/cffi/__pycache__/pkgconfig.cpython-312.pyc -> /home/matthieu/ros2_ws/install/web_control/share/web_control/web/stream/webrtc/.venv/lib/python3.12/site-packages/cffi/__pycache__\n'}
[1.078879] (web_control) StdoutLine: {'line': b'copying web/stream/webrtc/.venv/lib/python3.12/site-packages/cffi/__pycache__/api.cpython-312.pyc -> /home/matthieu/ros2_ws/install/web_control/share/web_control/web/stream/webrtc/.venv/lib/python3.12/site-packages/cffi/__pycache__\n'}
[1.078950] (web_control) StdoutLine: {'line': b'copying web/stream/webrtc/.venv/lib/python3.12/site-packages/cffi/__pycache__/lock.cpython-312.pyc -> /home/matthieu/ros2_ws/install/web_control/share/web_control/web/stream/webrtc/.venv/lib/python3.12/site-packages/cffi/__pycache__\n'}
[1.079008] (web_control) StdoutLine: {'line': b'copying web/stream/webrtc/.venv/lib/python3.12/site-packages/cffi/__pycache__/verifier.cpython-312.pyc -> /home/matthieu/ros2_ws/install/web_control/share/web_control/web/stream/webrtc/.venv/lib/python3.12/site-packages/cffi/__pycache__\n'}
[1.079069] (web_control) StdoutLine: {'line': b'copying web/stream/webrtc/.venv/lib/python3.12/site-packages/cffi/__pycache__/cparser.cpython-312.pyc -> /home/matthieu/ros2_ws/install/web_control/share/web_control/web/stream/webrtc/.venv/lib/python3.12/site-packages/cffi/__pycache__\n'}
[1.079145] (web_control) StdoutLine: {'line': b'copying web/stream/webrtc/.venv/lib/python3.12/site-packages/cffi/__pycache__/vengine_cpy.cpython-312.pyc -> /home/matthieu/ros2_ws/install/web_control/share/web_control/web/stream/webrtc/.venv/lib/python3.12/site-packages/cffi/__pycache__\n'}
[1.079223] (web_control) StdoutLine: {'line': b'copying web/stream/webrtc/.venv/lib/python3.12/site-packages/cffi/__pycache__/error.cpython-312.pyc -> /home/matthieu/ros2_ws/install/web_control/share/web_control/web/stream/webrtc/.venv/lib/python3.12/site-packages/cffi/__pycache__\n'}
[1.079278] (web_control) StdoutLine: {'line': b'copying web/stream/webrtc/.venv/lib/python3.12/site-packages/cffi/__pycache__/commontypes.cpython-312.pyc -> /home/matthieu/ros2_ws/install/web_control/share/web_control/web/stream/webrtc/.venv/lib/python3.12/site-packages/cffi/__pycache__\n'}
[1.079333] (web_control) StdoutLine: {'line': b'copying web/stream/webrtc/.venv/lib/python3.12/site-packages/cffi/__pycache__/__init__.cpython-312.pyc -> /home/matthieu/ros2_ws/install/web_control/share/web_control/web/stream/webrtc/.venv/lib/python3.12/site-packages/cffi/__pycache__\n'}
[1.079392] (web_control) StdoutLine: {'line': b'copying web/stream/webrtc/.venv/lib/python3.12/site-packages/cffi/__pycache__/vengine_gen.cpython-312.pyc -> /home/matthieu/ros2_ws/install/web_control/share/web_control/web/stream/webrtc/.venv/lib/python3.12/site-packages/cffi/__pycache__\n'}
[1.079455] (web_control) StdoutLine: {'line': b'copying web/stream/webrtc/.venv/lib/python3.12/site-packages/cffi/__pycache__/recompiler.cpython-312.pyc -> /home/matthieu/ros2_ws/install/web_control/share/web_control/web/stream/webrtc/.venv/lib/python3.12/site-packages/cffi/__pycache__\n'}
[1.079543] (web_control) StdoutLine: {'line': b'copying web/stream/webrtc/.venv/lib/python3.12/site-packages/cffi/__pycache__/cffi_opcode.cpython-312.pyc -> /home/matthieu/ros2_ws/install/web_control/share/web_control/web/stream/webrtc/.venv/lib/python3.12/site-packages/cffi/__pycache__\n'}
[1.079601] (web_control) StdoutLine: {'line': b'copying web/stream/webrtc/.venv/lib/python3.12/site-packages/cffi/__pycache__/_shimmed_dist_utils.cpython-312.pyc -> /home/matthieu/ros2_ws/install/web_control/share/web_control/web/stream/webrtc/.venv/lib/python3.12/site-packages/cffi/__pycache__\n'}
[1.079659] (web_control) StdoutLine: {'line': b'creating /home/matthieu/ros2_ws/install/web_control/share/web_control/web/stream/webrtc/.venv/lib/python3.12/site-packages/propcache\n'}
[1.079717] (web_control) StdoutLine: {'line': b'copying web/stream/webrtc/.venv/lib/python3.12/site-packages/propcache/_helpers.py -> /home/matthieu/ros2_ws/install/web_control/share/web_control/web/stream/webrtc/.venv/lib/python3.12/site-packages/propcache\n'}
[1.079776] (web_control) StdoutLine: {'line': b'copying web/stream/webrtc/.venv/lib/python3.12/site-packages/propcache/_helpers_py.py -> /home/matthieu/ros2_ws/install/web_control/share/web_control/web/stream/webrtc/.venv/lib/python3.12/site-packages/propcache\n'}
[1.079834] (web_control) StdoutLine: {'line': b'copying web/stream/webrtc/.venv/lib/python3.12/site-packages/propcache/_helpers_c.cpython-312-x86_64-linux-gnu.so -> /home/matthieu/ros2_ws/install/web_control/share/web_control/web/stream/webrtc/.venv/lib/python3.12/site-packages/propcache\n'}
[1.080227] (web_control) StdoutLine: {'line': b'copying web/stream/webrtc/.venv/lib/python3.12/site-packages/propcache/py.typed -> /home/matthieu/ros2_ws/install/web_control/share/web_control/web/stream/webrtc/.venv/lib/python3.12/site-packages/propcache\n'}
[1.080296] (web_control) StdoutLine: {'line': b'copying web/stream/webrtc/.venv/lib/python3.12/site-packages/propcache/_helpers_c.pyx -> /home/matthieu/ros2_ws/install/web_control/share/web_control/web/stream/webrtc/.venv/lib/python3.12/site-packages/propcache\n'}
[1.080363] (web_control) StdoutLine: {'line': b'copying web/stream/webrtc/.venv/lib/python3.12/site-packages/propcache/api.py -> /home/matthieu/ros2_ws/install/web_control/share/web_control/web/stream/webrtc/.venv/lib/python3.12/site-packages/propcache\n'}
[1.080416] (web_control) StdoutLine: {'line': b'copying web/stream/webrtc/.venv/lib/python3.12/site-packages/propcache/__init__.py -> /home/matthieu/ros2_ws/install/web_control/share/web_control/web/stream/webrtc/.venv/lib/python3.12/site-packages/propcache\n'}
[1.080481] (web_control) StdoutLine: {'line': b'creating /home/matthieu/ros2_ws/install/web_control/share/web_control/web/stream/webrtc/.venv/lib/python3.12/site-packages/propcache/__pycache__\n'}
[1.080526] (web_control) StdoutLine: {'line': b'copying web/stream/webrtc/.venv/lib/python3.12/site-packages/propcache/__pycache__/api.cpython-312.pyc -> /home/matthieu/ros2_ws/install/web_control/share/web_control/web/stream/webrtc/.venv/lib/python3.12/site-packages/propcache/__pycache__\n'}
[1.080588] (web_control) StdoutLine: {'line': b'copying web/stream/webrtc/.venv/lib/python3.12/site-packages/propcache/__pycache__/_helpers_py.cpython-312.pyc -> /home/matthieu/ros2_ws/install/web_control/share/web_control/web/stream/webrtc/.venv/lib/python3.12/site-packages/propcache/__pycache__\n'}
[1.080635] (web_control) StdoutLine: {'line': b'copying web/stream/webrtc/.venv/lib/python3.12/site-packages/propcache/__pycache__/_helpers.cpython-312.pyc -> /home/matthieu/ros2_ws/install/web_control/share/web_control/web/stream/webrtc/.venv/lib/python3.12/site-packages/propcache/__pycache__\n'}
[1.080696] (web_control) StdoutLine: {'line': b'copying web/stream/webrtc/.venv/lib/python3.12/site-packages/propcache/__pycache__/__init__.cpython-312.pyc -> /home/matthieu/ros2_ws/install/web_control/share/web_control/web/stream/webrtc/.venv/lib/python3.12/site-packages/propcache/__pycache__\n'}
[1.080744] (web_control) StdoutLine: {'line': b'creating /home/matthieu/ros2_ws/install/web_control/share/web_control/web/stream/webrtc/.venv/lib/python3.12/site-packages/multidict\n'}
[1.080797] (web_control) StdoutLine: {'line': b'copying web/stream/webrtc/.venv/lib/python3.12/site-packages/multidict/_multidict.cpython-312-x86_64-linux-gnu.so -> /home/matthieu/ros2_ws/install/web_control/share/web_control/web/stream/webrtc/.venv/lib/python3.12/site-packages/multidict\n'}
[1.081177] (web_control) StdoutLine: {'line': b'copying web/stream/webrtc/.venv/lib/python3.12/site-packages/multidict/_abc.py -> /home/matthieu/ros2_ws/install/web_control/share/web_control/web/stream/webrtc/.venv/lib/python3.12/site-packages/multidict\n'}
[1.081239] (web_control) StdoutLine: {'line': b'copying web/stream/webrtc/.venv/lib/python3.12/site-packages/multidict/_compat.py -> /home/matthieu/ros2_ws/install/web_control/share/web_control/web/stream/webrtc/.venv/lib/python3.12/site-packages/multidict\n'}
[1.081297] (web_control) StdoutLine: {'line': b'copying web/stream/webrtc/.venv/lib/python3.12/site-packages/multidict/py.typed -> /home/matthieu/ros2_ws/install/web_control/share/web_control/web/stream/webrtc/.venv/lib/python3.12/site-packages/multidict\n'}
[1.081355] (web_control) StdoutLine: {'line': b'copying web/stream/webrtc/.venv/lib/python3.12/site-packages/multidict/_multidict_py.py -> /home/matthieu/ros2_ws/install/web_control/share/web_control/web/stream/webrtc/.venv/lib/python3.12/site-packages/multidict\n'}
[1.081412] (web_control) StdoutLine: {'line': b'copying web/stream/webrtc/.venv/lib/python3.12/site-packages/multidict/__init__.py -> /home/matthieu/ros2_ws/install/web_control/share/web_control/web/stream/webrtc/.venv/lib/python3.12/site-packages/multidict\n'}
[1.081466] (web_control) StdoutLine: {'line': b'creating /home/matthieu/ros2_ws/install/web_control/share/web_control/web/stream/webrtc/.venv/lib/python3.12/site-packages/multidict/__pycache__\n'}
[1.081529] (web_control) StdoutLine: {'line': b'copying web/stream/webrtc/.venv/lib/python3.12/site-packages/multidict/__pycache__/_abc.cpython-312.pyc -> /home/matthieu/ros2_ws/install/web_control/share/web_control/web/stream/webrtc/.venv/lib/python3.12/site-packages/multidict/__pycache__\n'}
[1.081589] (web_control) StdoutLine: {'line': b'copying web/stream/webrtc/.venv/lib/python3.12/site-packages/multidict/__pycache__/_compat.cpython-312.pyc -> /home/matthieu/ros2_ws/install/web_control/share/web_control/web/stream/webrtc/.venv/lib/python3.12/site-packages/multidict/__pycache__\n'}
[1.081648] (web_control) StdoutLine: {'line': b'copying web/stream/webrtc/.venv/lib/python3.12/site-packages/multidict/__pycache__/__init__.cpython-312.pyc -> /home/matthieu/ros2_ws/install/web_control/share/web_control/web/stream/webrtc/.venv/lib/python3.12/site-packages/multidict/__pycache__\n'}
[1.081708] (web_control) StdoutLine: {'line': b'copying web/stream/webrtc/.venv/lib/python3.12/site-packages/multidict/__pycache__/_multidict_py.cpython-312.pyc -> /home/matthieu/ros2_ws/install/web_control/share/web_control/web/stream/webrtc/.venv/lib/python3.12/site-packages/multidict/__pycache__\n'}
[1.081767] (web_control) StdoutLine: {'line': b'creating /home/matthieu/ros2_ws/install/web_control/share/web_control/web/stream/webrtc/.venv/lib/python3.12/site-packages/pyee\n'}
[1.081827] (web_control) StdoutLine: {'line': b'copying web/stream/webrtc/.venv/lib/python3.12/site-packages/pyee/asyncio.py -> /home/matthieu/ros2_ws/install/web_control/share/web_control/web/stream/webrtc/.venv/lib/python3.12/site-packages/pyee\n'}
[1.081886] (web_control) StdoutLine: {'line': b'copying web/stream/webrtc/.venv/lib/python3.12/site-packages/pyee/executor.py -> /home/matthieu/ros2_ws/install/web_control/share/web_control/web/stream/webrtc/.venv/lib/python3.12/site-packages/pyee\n'}
[1.081945] (web_control) StdoutLine: {'line': b'copying web/stream/webrtc/.venv/lib/python3.12/site-packages/pyee/base.py -> /home/matthieu/ros2_ws/install/web_control/share/web_control/web/stream/webrtc/.venv/lib/python3.12/site-packages/pyee\n'}
[1.081997] (web_control) StdoutLine: {'line': b'copying web/stream/webrtc/.venv/lib/python3.12/site-packages/pyee/twisted.py -> /home/matthieu/ros2_ws/install/web_control/share/web_control/web/stream/webrtc/.venv/lib/python3.12/site-packages/pyee\n'}
[1.082055] (web_control) StdoutLine: {'line': b'copying web/stream/webrtc/.venv/lib/python3.12/site-packages/pyee/trio.py -> /home/matthieu/ros2_ws/install/web_control/share/web_control/web/stream/webrtc/.venv/lib/python3.12/site-packages/pyee\n'}
[1.082125] (web_control) StdoutLine: {'line': b'copying web/stream/webrtc/.venv/lib/python3.12/site-packages/pyee/py.typed -> /home/matthieu/ros2_ws/install/web_control/share/web_control/web/stream/webrtc/.venv/lib/python3.12/site-packages/pyee\n'}
[1.082174] (web_control) StdoutLine: {'line': b'copying web/stream/webrtc/.venv/lib/python3.12/site-packages/pyee/__init__.py -> /home/matthieu/ros2_ws/install/web_control/share/web_control/web/stream/webrtc/.venv/lib/python3.12/site-packages/pyee\n'}
[1.082230] (web_control) StdoutLine: {'line': b'copying web/stream/webrtc/.venv/lib/python3.12/site-packages/pyee/cls.py -> /home/matthieu/ros2_ws/install/web_control/share/web_control/web/stream/webrtc/.venv/lib/python3.12/site-packages/pyee\n'}
[1.082294] (web_control) StdoutLine: {'line': b'copying web/stream/webrtc/.venv/lib/python3.12/site-packages/pyee/uplift.py -> /home/matthieu/ros2_ws/install/web_control/share/web_control/web/stream/webrtc/.venv/lib/python3.12/site-packages/pyee\n'}
[1.082354] (web_control) StdoutLine: {'line': b'creating /home/matthieu/ros2_ws/install/web_control/share/web_control/web/stream/webrtc/.venv/lib/python3.12/site-packages/pyee/__pycache__\n'}
[1.082400] (web_control) StdoutLine: {'line': b'copying web/stream/webrtc/.venv/lib/python3.12/site-packages/pyee/__pycache__/executor.cpython-312.pyc -> /home/matthieu/ros2_ws/install/web_control/share/web_control/web/stream/webrtc/.venv/lib/python3.12/site-packages/pyee/__pycache__\n'}
[1.082457] (web_control) StdoutLine: {'line': b'copying web/stream/webrtc/.venv/lib/python3.12/site-packages/pyee/__pycache__/asyncio.cpython-312.pyc -> /home/matthieu/ros2_ws/install/web_control/share/web_control/web/stream/webrtc/.venv/lib/python3.12/site-packages/pyee/__pycache__\n'}
[1.082520] (web_control) StdoutLine: {'line': b'copying web/stream/webrtc/.venv/lib/python3.12/site-packages/pyee/__pycache__/base.cpython-312.pyc -> /home/matthieu/ros2_ws/install/web_control/share/web_control/web/stream/webrtc/.venv/lib/python3.12/site-packages/pyee/__pycache__\n'}
[1.082568] (web_control) StdoutLine: {'line': b'copying web/stream/webrtc/.venv/lib/python3.12/site-packages/pyee/__pycache__/cls.cpython-312.pyc -> /home/matthieu/ros2_ws/install/web_control/share/web_control/web/stream/webrtc/.venv/lib/python3.12/site-packages/pyee/__pycache__\n'}
[1.082631] (web_control) StdoutLine: {'line': b'copying web/stream/webrtc/.venv/lib/python3.12/site-packages/pyee/__pycache__/uplift.cpython-312.pyc -> /home/matthieu/ros2_ws/install/web_control/share/web_control/web/stream/webrtc/.venv/lib/python3.12/site-packages/pyee/__pycache__\n'}
[1.082679] (web_control) StdoutLine: {'line': b'copying web/stream/webrtc/.venv/lib/python3.12/site-packages/pyee/__pycache__/twisted.cpython-312.pyc -> /home/matthieu/ros2_ws/install/web_control/share/web_control/web/stream/webrtc/.venv/lib/python3.12/site-packages/pyee/__pycache__\n'}
[1.082742] (web_control) StdoutLine: {'line': b'copying web/stream/webrtc/.venv/lib/python3.12/site-packages/pyee/__pycache__/__init__.cpython-312.pyc -> /home/matthieu/ros2_ws/install/web_control/share/web_control/web/stream/webrtc/.venv/lib/python3.12/site-packages/pyee/__pycache__\n'}
[1.082790] (web_control) StdoutLine: {'line': b'copying web/stream/webrtc/.venv/lib/python3.12/site-packages/pyee/__pycache__/trio.cpython-312.pyc -> /home/matthieu/ros2_ws/install/web_control/share/web_control/web/stream/webrtc/.venv/lib/python3.12/site-packages/pyee/__pycache__\n'}
[1.082852] (web_control) StdoutLine: {'line': b'creating /home/matthieu/ros2_ws/install/web_control/share/web_control/web/stream/webrtc/.venv/lib/python3.12/site-packages/pyee-13.0.0.dist-info\n'}
[1.082897] (web_control) StdoutLine: {'line': b'copying web/stream/webrtc/.venv/lib/python3.12/site-packages/pyee-13.0.0.dist-info/LICENSE -> /home/matthieu/ros2_ws/install/web_control/share/web_control/web/stream/webrtc/.venv/lib/python3.12/site-packages/pyee-13.0.0.dist-info\n'}
[1.082954] (web_control) StdoutLine: {'line': b'copying web/stream/webrtc/.venv/lib/python3.12/site-packages/pyee-13.0.0.dist-info/WHEEL -> /home/matthieu/ros2_ws/install/web_control/share/web_control/web/stream/webrtc/.venv/lib/python3.12/site-packages/pyee-13.0.0.dist-info\n'}
[1.083013] (web_control) StdoutLine: {'line': b'copying web/stream/webrtc/.venv/lib/python3.12/site-packages/pyee-13.0.0.dist-info/RECORD -> /home/matthieu/ros2_ws/install/web_control/share/web_control/web/stream/webrtc/.venv/lib/python3.12/site-packages/pyee-13.0.0.dist-info\n'}
[1.083071] (web_control) StdoutLine: {'line': b'copying web/stream/webrtc/.venv/lib/python3.12/site-packages/pyee-13.0.0.dist-info/INSTALLER -> /home/matthieu/ros2_ws/install/web_control/share/web_control/web/stream/webrtc/.venv/lib/python3.12/site-packages/pyee-13.0.0.dist-info\n'}
[1.083134] (web_control) StdoutLine: {'line': b'copying web/stream/webrtc/.venv/lib/python3.12/site-packages/pyee-13.0.0.dist-info/top_level.txt -> /home/matthieu/ros2_ws/install/web_control/share/web_control/web/stream/webrtc/.venv/lib/python3.12/site-packages/pyee-13.0.0.dist-info\n'}
[1.083295] (web_control) StdoutLine: {'line': b'copying web/stream/webrtc/.venv/lib/python3.12/site-packages/pyee-13.0.0.dist-info/METADATA -> /home/matthieu/ros2_ws/install/web_control/share/web_control/web/stream/webrtc/.venv/lib/python3.12/site-packages/pyee-13.0.0.dist-info\n'}
[1.083357] (web_control) StdoutLine: {'line': b'creating /home/matthieu/ros2_ws/install/web_control/share/web_control/web/stream/webrtc/.venv/lib/python3.12/site-packages/pyopenssl-25.3.0.dist-info\n'}
[1.083437] (web_control) StdoutLine: {'line': b'copying web/stream/webrtc/.venv/lib/python3.12/site-packages/pyopenssl-25.3.0.dist-info/WHEEL -> /home/matthieu/ros2_ws/install/web_control/share/web_control/web/stream/webrtc/.venv/lib/python3.12/site-packages/pyopenssl-25.3.0.dist-info\n'}
[1.083499] (web_control) StdoutLine: {'line': b'copying web/stream/webrtc/.venv/lib/python3.12/site-packages/pyopenssl-25.3.0.dist-info/RECORD -> /home/matthieu/ros2_ws/install/web_control/share/web_control/web/stream/webrtc/.venv/lib/python3.12/site-packages/pyopenssl-25.3.0.dist-info\n'}
[1.083565] (web_control) StdoutLine: {'line': b'copying web/stream/webrtc/.venv/lib/python3.12/site-packages/pyopenssl-25.3.0.dist-info/INSTALLER -> /home/matthieu/ros2_ws/install/web_control/share/web_control/web/stream/webrtc/.venv/lib/python3.12/site-packages/pyopenssl-25.3.0.dist-info\n'}
[1.083628] (web_control) StdoutLine: {'line': b'copying web/stream/webrtc/.venv/lib/python3.12/site-packages/pyopenssl-25.3.0.dist-info/top_level.txt -> /home/matthieu/ros2_ws/install/web_control/share/web_control/web/stream/webrtc/.venv/lib/python3.12/site-packages/pyopenssl-25.3.0.dist-info\n'}
[1.083673] (web_control) StdoutLine: {'line': b'copying web/stream/webrtc/.venv/lib/python3.12/site-packages/pyopenssl-25.3.0.dist-info/METADATA -> /home/matthieu/ros2_ws/install/web_control/share/web_control/web/stream/webrtc/.venv/lib/python3.12/site-packages/pyopenssl-25.3.0.dist-info\n'}
[1.083736] (web_control) StdoutLine: {'line': b'creating /home/matthieu/ros2_ws/install/web_control/share/web_control/web/stream/webrtc/.venv/lib/python3.12/site-packages/pyopenssl-25.3.0.dist-info/licenses\n'}
[1.083780] (web_control) StdoutLine: {'line': b'copying web/stream/webrtc/.venv/lib/python3.12/site-packages/pyopenssl-25.3.0.dist-info/licenses/LICENSE -> /home/matthieu/ros2_ws/install/web_control/share/web_control/web/stream/webrtc/.venv/lib/python3.12/site-packages/pyopenssl-25.3.0.dist-info/licenses\n'}
[1.083835] (web_control) StdoutLine: {'line': b'creating /home/matthieu/ros2_ws/install/web_control/share/web_control/web/stream/webrtc/.venv/lib/python3.12/site-packages/aioice-0.10.2.dist-info\n'}
[1.083898] (web_control) StdoutLine: {'line': b'copying web/stream/webrtc/.venv/lib/python3.12/site-packages/aioice-0.10.2.dist-info/WHEEL -> /home/matthieu/ros2_ws/install/web_control/share/web_control/web/stream/webrtc/.venv/lib/python3.12/site-packages/aioice-0.10.2.dist-info\n'}
[1.083943] (web_control) StdoutLine: {'line': b'copying web/stream/webrtc/.venv/lib/python3.12/site-packages/aioice-0.10.2.dist-info/RECORD -> /home/matthieu/ros2_ws/install/web_control/share/web_control/web/stream/webrtc/.venv/lib/python3.12/site-packages/aioice-0.10.2.dist-info\n'}
[1.084152] (web_control) StdoutLine: {'line': b'copying web/stream/webrtc/.venv/lib/python3.12/site-packages/aioice-0.10.2.dist-info/INSTALLER -> /home/matthieu/ros2_ws/install/web_control/share/web_control/web/stream/webrtc/.venv/lib/python3.12/site-packages/aioice-0.10.2.dist-info\n'}
[1.084216] (web_control) StdoutLine: {'line': b'copying web/stream/webrtc/.venv/lib/python3.12/site-packages/aioice-0.10.2.dist-info/top_level.txt -> /home/matthieu/ros2_ws/install/web_control/share/web_control/web/stream/webrtc/.venv/lib/python3.12/site-packages/aioice-0.10.2.dist-info\n'}
[1.084277] (web_control) StdoutLine: {'line': b'copying web/stream/webrtc/.venv/lib/python3.12/site-packages/aioice-0.10.2.dist-info/METADATA -> /home/matthieu/ros2_ws/install/web_control/share/web_control/web/stream/webrtc/.venv/lib/python3.12/site-packages/aioice-0.10.2.dist-info\n'}
[1.084342] (web_control) StdoutLine: {'line': b'creating /home/matthieu/ros2_ws/install/web_control/share/web_control/web/stream/webrtc/.venv/lib/python3.12/site-packages/aioice-0.10.2.dist-info/licenses\n'}
[1.084388] (web_control) StdoutLine: {'line': b'copying web/stream/webrtc/.venv/lib/python3.12/site-packages/aioice-0.10.2.dist-info/licenses/LICENSE -> /home/matthieu/ros2_ws/install/web_control/share/web_control/web/stream/webrtc/.venv/lib/python3.12/site-packages/aioice-0.10.2.dist-info/licenses\n'}
[1.084447] (web_control) StdoutLine: {'line': b'creating /home/matthieu/ros2_ws/install/web_control/share/web_control/web/stream/webrtc/.venv/lib/python3.12/site-packages/pylibsrtp\n'}
[1.084510] (web_control) StdoutLine: {'line': b'copying web/stream/webrtc/.venv/lib/python3.12/site-packages/pylibsrtp/py.typed -> /home/matthieu/ros2_ws/install/web_control/share/web_control/web/stream/webrtc/.venv/lib/python3.12/site-packages/pylibsrtp\n'}
[1.084571] (web_control) StdoutLine: {'line': b'copying web/stream/webrtc/.venv/lib/python3.12/site-packages/pylibsrtp/_binding.abi3.so -> /home/matthieu/ros2_ws/install/web_control/share/web_control/web/stream/webrtc/.venv/lib/python3.12/site-packages/pylibsrtp\n'}
[1.087864] (web_control) StdoutLine: {'line': b'copying web/stream/webrtc/.venv/lib/python3.12/site-packages/pylibsrtp/__init__.py -> /home/matthieu/ros2_ws/install/web_control/share/web_control/web/stream/webrtc/.venv/lib/python3.12/site-packages/pylibsrtp\n'}
[1.087996] (web_control) StdoutLine: {'line': b'creating /home/matthieu/ros2_ws/install/web_control/share/web_control/web/stream/webrtc/.venv/lib/python3.12/site-packages/pylibsrtp/__pycache__\n'}
[1.088047] (web_control) StdoutLine: {'line': b'copying web/stream/webrtc/.venv/lib/python3.12/site-packages/pylibsrtp/__pycache__/__init__.cpython-312.pyc -> /home/matthieu/ros2_ws/install/web_control/share/web_control/web/stream/webrtc/.venv/lib/python3.12/site-packages/pylibsrtp/__pycache__\n'}
[1.088116] (web_control) StdoutLine: {'line': b'creating /home/matthieu/ros2_ws/install/web_control/share/web_control/web/stream/webrtc/.venv/lib/python3.12/site-packages/pycparser\n'}
[1.088163] (web_control) StdoutLine: {'line': b'copying web/stream/webrtc/.venv/lib/python3.12/site-packages/pycparser/ast_transforms.py -> /home/matthieu/ros2_ws/install/web_control/share/web_control/web/stream/webrtc/.venv/lib/python3.12/site-packages/pycparser\n'}
[1.088207] (web_control) StdoutLine: {'line': b'copying web/stream/webrtc/.venv/lib/python3.12/site-packages/pycparser/c_generator.py -> /home/matthieu/ros2_ws/install/web_control/share/web_control/web/stream/webrtc/.venv/lib/python3.12/site-packages/pycparser\n'}
[1.088276] (web_control) StdoutLine: {'line': b'copying web/stream/webrtc/.venv/lib/python3.12/site-packages/pycparser/_ast_gen.py -> /home/matthieu/ros2_ws/install/web_control/share/web_control/web/stream/webrtc/.venv/lib/python3.12/site-packages/pycparser\n'}
[1.088324] (web_control) StdoutLine: {'line': b'copying web/stream/webrtc/.venv/lib/python3.12/site-packages/pycparser/c_lexer.py -> /home/matthieu/ros2_ws/install/web_control/share/web_control/web/stream/webrtc/.venv/lib/python3.12/site-packages/pycparser\n'}
[1.088369] (web_control) StdoutLine: {'line': b'copying web/stream/webrtc/.venv/lib/python3.12/site-packages/pycparser/_c_ast.cfg -> /home/matthieu/ros2_ws/install/web_control/share/web_control/web/stream/webrtc/.venv/lib/python3.12/site-packages/pycparser\n'}
[1.088430] (web_control) StdoutLine: {'line': b'copying web/stream/webrtc/.venv/lib/python3.12/site-packages/pycparser/c_ast.py -> /home/matthieu/ros2_ws/install/web_control/share/web_control/web/stream/webrtc/.venv/lib/python3.12/site-packages/pycparser\n'}
[1.088475] (web_control) StdoutLine: {'line': b'copying web/stream/webrtc/.venv/lib/python3.12/site-packages/pycparser/c_parser.py -> /home/matthieu/ros2_ws/install/web_control/share/web_control/web/stream/webrtc/.venv/lib/python3.12/site-packages/pycparser\n'}
[1.088536] (web_control) StdoutLine: {'line': b'copying web/stream/webrtc/.venv/lib/python3.12/site-packages/pycparser/__init__.py -> /home/matthieu/ros2_ws/install/web_control/share/web_control/web/stream/webrtc/.venv/lib/python3.12/site-packages/pycparser\n'}
[1.088582] (web_control) StdoutLine: {'line': b'creating /home/matthieu/ros2_ws/install/web_control/share/web_control/web/stream/webrtc/.venv/lib/python3.12/site-packages/pycparser/__pycache__\n'}
[1.088642] (web_control) StdoutLine: {'line': b'copying web/stream/webrtc/.venv/lib/python3.12/site-packages/pycparser/__pycache__/c_parser.cpython-312.pyc -> /home/matthieu/ros2_ws/install/web_control/share/web_control/web/stream/webrtc/.venv/lib/python3.12/site-packages/pycparser/__pycache__\n'}
[1.088691] (web_control) StdoutLine: {'line': b'copying web/stream/webrtc/.venv/lib/python3.12/site-packages/pycparser/__pycache__/c_ast.cpython-312.pyc -> /home/matthieu/ros2_ws/install/web_control/share/web_control/web/stream/webrtc/.venv/lib/python3.12/site-packages/pycparser/__pycache__\n'}
[1.088747] (web_control) StdoutLine: {'line': b'copying web/stream/webrtc/.venv/lib/python3.12/site-packages/pycparser/__pycache__/c_generator.cpython-312.pyc -> /home/matthieu/ros2_ws/install/web_control/share/web_control/web/stream/webrtc/.venv/lib/python3.12/site-packages/pycparser/__pycache__\n'}
[1.088804] (web_control) StdoutLine: {'line': b'copying web/stream/webrtc/.venv/lib/python3.12/site-packages/pycparser/__pycache__/ast_transforms.cpython-312.pyc -> /home/matthieu/ros2_ws/install/web_control/share/web_control/web/stream/webrtc/.venv/lib/python3.12/site-packages/pycparser/__pycache__\n'}
[1.088861] (web_control) StdoutLine: {'line': b'copying web/stream/webrtc/.venv/lib/python3.12/site-packages/pycparser/__pycache__/c_lexer.cpython-312.pyc -> /home/matthieu/ros2_ws/install/web_control/share/web_control/web/stream/webrtc/.venv/lib/python3.12/site-packages/pycparser/__pycache__\n'}
[1.088920] (web_control) StdoutLine: {'line': b'copying web/stream/webrtc/.venv/lib/python3.12/site-packages/pycparser/__pycache__/__init__.cpython-312.pyc -> /home/matthieu/ros2_ws/install/web_control/share/web_control/web/stream/webrtc/.venv/lib/python3.12/site-packages/pycparser/__pycache__\n'}
[1.088973] (web_control) StdoutLine: {'line': b'copying web/stream/webrtc/.venv/lib/python3.12/site-packages/pycparser/__pycache__/_ast_gen.cpython-312.pyc -> /home/matthieu/ros2_ws/install/web_control/share/web_control/web/stream/webrtc/.venv/lib/python3.12/site-packages/pycparser/__pycache__\n'}
[1.089034] (web_control) StdoutLine: {'line': b'creating /home/matthieu/ros2_ws/install/web_control/share/web_control/web/stream/webrtc/.venv/lib/python3.12/site-packages/pycparser-3.0.dist-info\n'}
[1.089094] (web_control) StdoutLine: {'line': b'copying web/stream/webrtc/.venv/lib/python3.12/site-packages/pycparser-3.0.dist-info/WHEEL -> /home/matthieu/ros2_ws/install/web_control/share/web_control/web/stream/webrtc/.venv/lib/python3.12/site-packages/pycparser-3.0.dist-info\n'}
[1.089168] (web_control) StdoutLine: {'line': b'copying web/stream/webrtc/.venv/lib/python3.12/site-packages/pycparser-3.0.dist-info/RECORD -> /home/matthieu/ros2_ws/install/web_control/share/web_control/web/stream/webrtc/.venv/lib/python3.12/site-packages/pycparser-3.0.dist-info\n'}
[1.089231] (web_control) StdoutLine: {'line': b'copying web/stream/webrtc/.venv/lib/python3.12/site-packages/pycparser-3.0.dist-info/INSTALLER -> /home/matthieu/ros2_ws/install/web_control/share/web_control/web/stream/webrtc/.venv/lib/python3.12/site-packages/pycparser-3.0.dist-info\n'}
[1.089290] (web_control) StdoutLine: {'line': b'copying web/stream/webrtc/.venv/lib/python3.12/site-packages/pycparser-3.0.dist-info/top_level.txt -> /home/matthieu/ros2_ws/install/web_control/share/web_control/web/stream/webrtc/.venv/lib/python3.12/site-packages/pycparser-3.0.dist-info\n'}
[1.089347] (web_control) StdoutLine: {'line': b'copying web/stream/webrtc/.venv/lib/python3.12/site-packages/pycparser-3.0.dist-info/METADATA -> /home/matthieu/ros2_ws/install/web_control/share/web_control/web/stream/webrtc/.venv/lib/python3.12/site-packages/pycparser-3.0.dist-info\n'}
[1.089410] (web_control) StdoutLine: {'line': b'creating /home/matthieu/ros2_ws/install/web_control/share/web_control/web/stream/webrtc/.venv/lib/python3.12/site-packages/pycparser-3.0.dist-info/licenses\n'}
[1.089453] (web_control) StdoutLine: {'line': b'copying web/stream/webrtc/.venv/lib/python3.12/site-packages/pycparser-3.0.dist-info/licenses/LICENSE -> /home/matthieu/ros2_ws/install/web_control/share/web_control/web/stream/webrtc/.venv/lib/python3.12/site-packages/pycparser-3.0.dist-info/licenses\n'}
[1.089508] (web_control) StdoutLine: {'line': b'creating /home/matthieu/ros2_ws/install/web_control/share/web_control/web/stream/webrtc/.venv/lib/python3.12/site-packages/aiohttp-3.9.5.dist-info\n'}
[1.089568] (web_control) StdoutLine: {'line': b'copying web/stream/webrtc/.venv/lib/python3.12/site-packages/aiohttp-3.9.5.dist-info/WHEEL -> /home/matthieu/ros2_ws/install/web_control/share/web_control/web/stream/webrtc/.venv/lib/python3.12/site-packages/aiohttp-3.9.5.dist-info\n'}
[1.089613] (web_control) StdoutLine: {'line': b'copying web/stream/webrtc/.venv/lib/python3.12/site-packages/aiohttp-3.9.5.dist-info/RECORD -> /home/matthieu/ros2_ws/install/web_control/share/web_control/web/stream/webrtc/.venv/lib/python3.12/site-packages/aiohttp-3.9.5.dist-info\n'}
[1.089674] (web_control) StdoutLine: {'line': b'copying web/stream/webrtc/.venv/lib/python3.12/site-packages/aiohttp-3.9.5.dist-info/REQUESTED -> /home/matthieu/ros2_ws/install/web_control/share/web_control/web/stream/webrtc/.venv/lib/python3.12/site-packages/aiohttp-3.9.5.dist-info\n'}
[1.089718] (web_control) StdoutLine: {'line': b'copying web/stream/webrtc/.venv/lib/python3.12/site-packages/aiohttp-3.9.5.dist-info/INSTALLER -> /home/matthieu/ros2_ws/install/web_control/share/web_control/web/stream/webrtc/.venv/lib/python3.12/site-packages/aiohttp-3.9.5.dist-info\n'}
[1.089778] (web_control) StdoutLine: {'line': b'copying web/stream/webrtc/.venv/lib/python3.12/site-packages/aiohttp-3.9.5.dist-info/LICENSE.txt -> /home/matthieu/ros2_ws/install/web_control/share/web_control/web/stream/webrtc/.venv/lib/python3.12/site-packages/aiohttp-3.9.5.dist-info\n'}
[1.089829] (web_control) StdoutLine: {'line': b'copying web/stream/webrtc/.venv/lib/python3.12/site-packages/aiohttp-3.9.5.dist-info/top_level.txt -> /home/matthieu/ros2_ws/install/web_control/share/web_control/web/stream/webrtc/.venv/lib/python3.12/site-packages/aiohttp-3.9.5.dist-info\n'}
[1.089872] (web_control) StdoutLine: {'line': b'copying web/stream/webrtc/.venv/lib/python3.12/site-packages/aiohttp-3.9.5.dist-info/METADATA -> /home/matthieu/ros2_ws/install/web_control/share/web_control/web/stream/webrtc/.venv/lib/python3.12/site-packages/aiohttp-3.9.5.dist-info\n'}
[1.089931] (web_control) StdoutLine: {'line': b'creating /home/matthieu/ros2_ws/install/web_control/share/web_control/web/stream/webrtc/.venv/lib/python3.12/site-packages/multidict-6.7.1.dist-info\n'}
[1.089977] (web_control) StdoutLine: {'line': b'copying web/stream/webrtc/.venv/lib/python3.12/site-packages/multidict-6.7.1.dist-info/WHEEL -> /home/matthieu/ros2_ws/install/web_control/share/web_control/web/stream/webrtc/.venv/lib/python3.12/site-packages/multidict-6.7.1.dist-info\n'}
[1.090038] (web_control) StdoutLine: {'line': b'copying web/stream/webrtc/.venv/lib/python3.12/site-packages/multidict-6.7.1.dist-info/RECORD -> /home/matthieu/ros2_ws/install/web_control/share/web_control/web/stream/webrtc/.venv/lib/python3.12/site-packages/multidict-6.7.1.dist-info\n'}
[1.090086] (web_control) StdoutLine: {'line': b'copying web/stream/webrtc/.venv/lib/python3.12/site-packages/multidict-6.7.1.dist-info/INSTALLER -> /home/matthieu/ros2_ws/install/web_control/share/web_control/web/stream/webrtc/.venv/lib/python3.12/site-packages/multidict-6.7.1.dist-info\n'}
[1.090168] (web_control) StdoutLine: {'line': b'copying web/stream/webrtc/.venv/lib/python3.12/site-packages/multidict-6.7.1.dist-info/top_level.txt -> /home/matthieu/ros2_ws/install/web_control/share/web_control/web/stream/webrtc/.venv/lib/python3.12/site-packages/multidict-6.7.1.dist-info\n'}
[1.090216] (web_control) StdoutLine: {'line': b'copying web/stream/webrtc/.venv/lib/python3.12/site-packages/multidict-6.7.1.dist-info/METADATA -> /home/matthieu/ros2_ws/install/web_control/share/web_control/web/stream/webrtc/.venv/lib/python3.12/site-packages/multidict-6.7.1.dist-info\n'}
[1.090278] (web_control) StdoutLine: {'line': b'creating /home/matthieu/ros2_ws/install/web_control/share/web_control/web/stream/webrtc/.venv/lib/python3.12/site-packages/multidict-6.7.1.dist-info/licenses\n'}
[1.090327] (web_control) StdoutLine: {'line': b'copying web/stream/webrtc/.venv/lib/python3.12/site-packages/multidict-6.7.1.dist-info/licenses/LICENSE -> /home/matthieu/ros2_ws/install/web_control/share/web_control/web/stream/webrtc/.venv/lib/python3.12/site-packages/multidict-6.7.1.dist-info/licenses\n'}
[1.090387] (web_control) StdoutLine: {'line': b'creating /home/matthieu/ros2_ws/install/web_control/share/web_control/web/stream/webrtc/.venv/lib/python3.12/site-packages/ifaddr\n'}
[1.090433] (web_control) StdoutLine: {'line': b'copying web/stream/webrtc/.venv/lib/python3.12/site-packages/ifaddr/netifaces.py -> /home/matthieu/ros2_ws/install/web_control/share/web_control/web/stream/webrtc/.venv/lib/python3.12/site-packages/ifaddr\n'}
[1.090493] (web_control) StdoutLine: {'line': b'copying web/stream/webrtc/.venv/lib/python3.12/site-packages/ifaddr/_shared.py -> /home/matthieu/ros2_ws/install/web_control/share/web_control/web/stream/webrtc/.venv/lib/python3.12/site-packages/ifaddr\n'}
[1.090540] (web_control) StdoutLine: {'line': b'copying web/stream/webrtc/.venv/lib/python3.12/site-packages/ifaddr/test_ifaddr.py -> /home/matthieu/ros2_ws/install/web_control/share/web_control/web/stream/webrtc/.venv/lib/python3.12/site-packages/ifaddr\n'}
[1.090601] (web_control) StdoutLine: {'line': b'copying web/stream/webrtc/.venv/lib/python3.12/site-packages/ifaddr/py.typed -> /home/matthieu/ros2_ws/install/web_control/share/web_control/web/stream/webrtc/.venv/lib/python3.12/site-packages/ifaddr\n'}
[1.090647] (web_control) StdoutLine: {'line': b'copying web/stream/webrtc/.venv/lib/python3.12/site-packages/ifaddr/_win32.py -> /home/matthieu/ros2_ws/install/web_control/share/web_control/web/stream/webrtc/.venv/lib/python3.12/site-packages/ifaddr\n'}
[1.090707] (web_control) StdoutLine: {'line': b'copying web/stream/webrtc/.venv/lib/python3.12/site-packages/ifaddr/_posix.py -> /home/matthieu/ros2_ws/install/web_control/share/web_control/web/stream/webrtc/.venv/lib/python3.12/site-packages/ifaddr\n'}
[1.090753] (web_control) StdoutLine: {'line': b'copying web/stream/webrtc/.venv/lib/python3.12/site-packages/ifaddr/__init__.py -> /home/matthieu/ros2_ws/install/web_control/share/web_control/web/stream/webrtc/.venv/lib/python3.12/site-packages/ifaddr\n'}
[1.090812] (web_control) StdoutLine: {'line': b'creating /home/matthieu/ros2_ws/install/web_control/share/web_control/web/stream/webrtc/.venv/lib/python3.12/site-packages/ifaddr/__pycache__\n'}
[1.090858] (web_control) StdoutLine: {'line': b'copying web/stream/webrtc/.venv/lib/python3.12/site-packages/ifaddr/__pycache__/test_ifaddr.cpython-312.pyc -> /home/matthieu/ros2_ws/install/web_control/share/web_control/web/stream/webrtc/.venv/lib/python3.12/site-packages/ifaddr/__pycache__\n'}
[1.090918] (web_control) StdoutLine: {'line': b'copying web/stream/webrtc/.venv/lib/python3.12/site-packages/ifaddr/__pycache__/netifaces.cpython-312.pyc -> /home/matthieu/ros2_ws/install/web_control/share/web_control/web/stream/webrtc/.venv/lib/python3.12/site-packages/ifaddr/__pycache__\n'}
[1.090975] (web_control) StdoutLine: {'line': b'copying web/stream/webrtc/.venv/lib/python3.12/site-packages/ifaddr/__pycache__/_shared.cpython-312.pyc -> /home/matthieu/ros2_ws/install/web_control/share/web_control/web/stream/webrtc/.venv/lib/python3.12/site-packages/ifaddr/__pycache__\n'}
[1.091021] (web_control) StdoutLine: {'line': b'copying web/stream/webrtc/.venv/lib/python3.12/site-packages/ifaddr/__pycache__/_win32.cpython-312.pyc -> /home/matthieu/ros2_ws/install/web_control/share/web_control/web/stream/webrtc/.venv/lib/python3.12/site-packages/ifaddr/__pycache__\n'}
[1.091085] (web_control) StdoutLine: {'line': b'copying web/stream/webrtc/.venv/lib/python3.12/site-packages/ifaddr/__pycache__/__init__.cpython-312.pyc -> /home/matthieu/ros2_ws/install/web_control/share/web_control/web/stream/webrtc/.venv/lib/python3.12/site-packages/ifaddr/__pycache__\n'}
[1.091141] (web_control) StdoutLine: {'line': b'copying web/stream/webrtc/.venv/lib/python3.12/site-packages/ifaddr/__pycache__/_posix.cpython-312.pyc -> /home/matthieu/ros2_ws/install/web_control/share/web_control/web/stream/webrtc/.venv/lib/python3.12/site-packages/ifaddr/__pycache__\n'}
[1.091200] (web_control) StdoutLine: {'line': b'creating /home/matthieu/ros2_ws/install/web_control/share/web_control/web/stream/webrtc/.venv/lib/python3.12/site-packages/yarl\n'}
[1.091250] (web_control) StdoutLine: {'line': b'copying web/stream/webrtc/.venv/lib/python3.12/site-packages/yarl/_url.py -> /home/matthieu/ros2_ws/install/web_control/share/web_control/web/stream/webrtc/.venv/lib/python3.12/site-packages/yarl\n'}
[1.091306] (web_control) StdoutLine: {'line': b'copying web/stream/webrtc/.venv/lib/python3.12/site-packages/yarl/_quoting_c.cpython-312-x86_64-linux-gnu.so -> /home/matthieu/ros2_ws/install/web_control/share/web_control/web/stream/webrtc/.venv/lib/python3.12/site-packages/yarl\n'}
[1.092024] (web_control) StdoutLine: {'line': b'copying web/stream/webrtc/.venv/lib/python3.12/site-packages/yarl/_parse.py -> /home/matthieu/ros2_ws/install/web_control/share/web_control/web/stream/webrtc/.venv/lib/python3.12/site-packages/yarl\n'}
[1.092094] (web_control) StdoutLine: {'line': b'copying web/stream/webrtc/.venv/lib/python3.12/site-packages/yarl/_quoting_py.py -> /home/matthieu/ros2_ws/install/web_control/share/web_control/web/stream/webrtc/.venv/lib/python3.12/site-packages/yarl\n'}
[1.092143] (web_control) StdoutLine: {'line': b'copying web/stream/webrtc/.venv/lib/python3.12/site-packages/yarl/py.typed -> /home/matthieu/ros2_ws/install/web_control/share/web_control/web/stream/webrtc/.venv/lib/python3.12/site-packages/yarl\n'}
[1.092202] (web_control) StdoutLine: {'line': b'copying web/stream/webrtc/.venv/lib/python3.12/site-packages/yarl/_quoting_c.pyx -> /home/matthieu/ros2_ws/install/web_control/share/web_control/web/stream/webrtc/.venv/lib/python3.12/site-packages/yarl\n'}
[1.092260] (web_control) StdoutLine: {'line': b'copying web/stream/webrtc/.venv/lib/python3.12/site-packages/yarl/_path.py -> /home/matthieu/ros2_ws/install/web_control/share/web_control/web/stream/webrtc/.venv/lib/python3.12/site-packages/yarl\n'}
[1.092322] (web_control) StdoutLine: {'line': b'copying web/stream/webrtc/.venv/lib/python3.12/site-packages/yarl/_quoting.py -> /home/matthieu/ros2_ws/install/web_control/share/web_control/web/stream/webrtc/.venv/lib/python3.12/site-packages/yarl\n'}
[1.092366] (web_control) StdoutLine: {'line': b'copying web/stream/webrtc/.venv/lib/python3.12/site-packages/yarl/_query.py -> /home/matthieu/ros2_ws/install/web_control/share/web_control/web/stream/webrtc/.venv/lib/python3.12/site-packages/yarl\n'}
[1.092426] (web_control) StdoutLine: {'line': b'copying web/stream/webrtc/.venv/lib/python3.12/site-packages/yarl/__init__.py -> /home/matthieu/ros2_ws/install/web_control/share/web_control/web/stream/webrtc/.venv/lib/python3.12/site-packages/yarl\n'}
[1.092472] (web_control) StdoutLine: {'line': b'copying web/stream/webrtc/.venv/lib/python3.12/site-packages/yarl/_quoters.py -> /home/matthieu/ros2_ws/install/web_control/share/web_control/web/stream/webrtc/.venv/lib/python3.12/site-packages/yarl\n'}
[1.092532] (web_control) StdoutLine: {'line': b'creating /home/matthieu/ros2_ws/install/web_control/share/web_control/web/stream/webrtc/.venv/lib/python3.12/site-packages/yarl/__pycache__\n'}
[1.092575] (web_control) StdoutLine: {'line': b'copying web/stream/webrtc/.venv/lib/python3.12/site-packages/yarl/__pycache__/_quoting_py.cpython-312.pyc -> /home/matthieu/ros2_ws/install/web_control/share/web_control/web/stream/webrtc/.venv/lib/python3.12/site-packages/yarl/__pycache__\n'}
[1.092632] (web_control) StdoutLine: {'line': b'copying web/stream/webrtc/.venv/lib/python3.12/site-packages/yarl/__pycache__/_quoters.cpython-312.pyc -> /home/matthieu/ros2_ws/install/web_control/share/web_control/web/stream/webrtc/.venv/lib/python3.12/site-packages/yarl/__pycache__\n'}
[1.092688] (web_control) StdoutLine: {'line': b'copying web/stream/webrtc/.venv/lib/python3.12/site-packages/yarl/__pycache__/_quoting.cpython-312.pyc -> /home/matthieu/ros2_ws/install/web_control/share/web_control/web/stream/webrtc/.venv/lib/python3.12/site-packages/yarl/__pycache__\n'}
[1.092742] (web_control) StdoutLine: {'line': b'copying web/stream/webrtc/.venv/lib/python3.12/site-packages/yarl/__pycache__/_url.cpython-312.pyc -> /home/matthieu/ros2_ws/install/web_control/share/web_control/web/stream/webrtc/.venv/lib/python3.12/site-packages/yarl/__pycache__\n'}
[1.092798] (web_control) StdoutLine: {'line': b'copying web/stream/webrtc/.venv/lib/python3.12/site-packages/yarl/__pycache__/_query.cpython-312.pyc -> /home/matthieu/ros2_ws/install/web_control/share/web_control/web/stream/webrtc/.venv/lib/python3.12/site-packages/yarl/__pycache__\n'}
[1.092850] (web_control) StdoutLine: {'line': b'copying web/stream/webrtc/.venv/lib/python3.12/site-packages/yarl/__pycache__/_path.cpython-312.pyc -> /home/matthieu/ros2_ws/install/web_control/share/web_control/web/stream/webrtc/.venv/lib/python3.12/site-packages/yarl/__pycache__\n'}
[1.092906] (web_control) StdoutLine: {'line': b'copying web/stream/webrtc/.venv/lib/python3.12/site-packages/yarl/__pycache__/_parse.cpython-312.pyc -> /home/matthieu/ros2_ws/install/web_control/share/web_control/web/stream/webrtc/.venv/lib/python3.12/site-packages/yarl/__pycache__\n'}
[1.092964] (web_control) StdoutLine: {'line': b'copying web/stream/webrtc/.venv/lib/python3.12/site-packages/yarl/__pycache__/__init__.cpython-312.pyc -> /home/matthieu/ros2_ws/install/web_control/share/web_control/web/stream/webrtc/.venv/lib/python3.12/site-packages/yarl/__pycache__\n'}
[1.093022] (web_control) StdoutLine: {'line': b'creating /home/matthieu/ros2_ws/install/web_control/share/web_control/web/stream/webrtc/.venv/lib/python3.12/site-packages/google_crc32c.libs\n'}
[1.093084] (web_control) StdoutLine: {'line': b'copying web/stream/webrtc/.venv/lib/python3.12/site-packages/google_crc32c.libs/libcrc32c-7ebc40c5.so.1.1.0 -> /home/matthieu/ros2_ws/install/web_control/share/web_control/web/stream/webrtc/.venv/lib/python3.12/site-packages/google_crc32c.libs\n'}
[1.093149] (web_control) StdoutLine: {'line': b'creating /home/matthieu/ros2_ws/install/web_control/share/web_control/web/stream/webrtc/.venv/lib/python3.12/site-packages/propcache-0.4.1.dist-info\n'}
[1.093208] (web_control) StdoutLine: {'line': b'copying web/stream/webrtc/.venv/lib/python3.12/site-packages/propcache-0.4.1.dist-info/WHEEL -> /home/matthieu/ros2_ws/install/web_control/share/web_control/web/stream/webrtc/.venv/lib/python3.12/site-packages/propcache-0.4.1.dist-info\n'}
[1.093268] (web_control) StdoutLine: {'line': b'copying web/stream/webrtc/.venv/lib/python3.12/site-packages/propcache-0.4.1.dist-info/RECORD -> /home/matthieu/ros2_ws/install/web_control/share/web_control/web/stream/webrtc/.venv/lib/python3.12/site-packages/propcache-0.4.1.dist-info\n'}
[1.093331] (web_control) StdoutLine: {'line': b'copying web/stream/webrtc/.venv/lib/python3.12/site-packages/propcache-0.4.1.dist-info/INSTALLER -> /home/matthieu/ros2_ws/install/web_control/share/web_control/web/stream/webrtc/.venv/lib/python3.12/site-packages/propcache-0.4.1.dist-info\n'}
[1.093379] (web_control) StdoutLine: {'line': b'copying web/stream/webrtc/.venv/lib/python3.12/site-packages/propcache-0.4.1.dist-info/top_level.txt -> /home/matthieu/ros2_ws/install/web_control/share/web_control/web/stream/webrtc/.venv/lib/python3.12/site-packages/propcache-0.4.1.dist-info\n'}
[1.093436] (web_control) StdoutLine: {'line': b'copying web/stream/webrtc/.venv/lib/python3.12/site-packages/propcache-0.4.1.dist-info/METADATA -> /home/matthieu/ros2_ws/install/web_control/share/web_control/web/stream/webrtc/.venv/lib/python3.12/site-packages/propcache-0.4.1.dist-info\n'}
[1.093499] (web_control) StdoutLine: {'line': b'creating /home/matthieu/ros2_ws/install/web_control/share/web_control/web/stream/webrtc/.venv/lib/python3.12/site-packages/propcache-0.4.1.dist-info/licenses\n'}
[1.093545] (web_control) StdoutLine: {'line': b'copying web/stream/webrtc/.venv/lib/python3.12/site-packages/propcache-0.4.1.dist-info/licenses/LICENSE -> /home/matthieu/ros2_ws/install/web_control/share/web_control/web/stream/webrtc/.venv/lib/python3.12/site-packages/propcache-0.4.1.dist-info/licenses\n'}
[1.093602] (web_control) StdoutLine: {'line': b'copying web/stream/webrtc/.venv/lib/python3.12/site-packages/propcache-0.4.1.dist-info/licenses/NOTICE -> /home/matthieu/ros2_ws/install/web_control/share/web_control/web/stream/webrtc/.venv/lib/python3.12/site-packages/propcache-0.4.1.dist-info/licenses\n'}
[1.093661] (web_control) StdoutLine: {'line': b'creating /home/matthieu/ros2_ws/install/web_control/share/web_control/web/stream/webrtc/.venv/lib/python3.12/site-packages/cffi-2.0.0.dist-info\n'}
[1.093707] (web_control) StdoutLine: {'line': b'copying web/stream/webrtc/.venv/lib/python3.12/site-packages/cffi-2.0.0.dist-info/WHEEL -> /home/matthieu/ros2_ws/install/web_control/share/web_control/web/stream/webrtc/.venv/lib/python3.12/site-packages/cffi-2.0.0.dist-info\n'}
[1.093769] (web_control) StdoutLine: {'line': b'copying web/stream/webrtc/.venv/lib/python3.12/site-packages/cffi-2.0.0.dist-info/RECORD -> /home/matthieu/ros2_ws/install/web_control/share/web_control/web/stream/webrtc/.venv/lib/python3.12/site-packages/cffi-2.0.0.dist-info\n'}
[1.093815] (web_control) StdoutLine: {'line': b'copying web/stream/webrtc/.venv/lib/python3.12/site-packages/cffi-2.0.0.dist-info/INSTALLER -> /home/matthieu/ros2_ws/install/web_control/share/web_control/web/stream/webrtc/.venv/lib/python3.12/site-packages/cffi-2.0.0.dist-info\n'}
[1.093877] (web_control) StdoutLine: {'line': b'copying web/stream/webrtc/.venv/lib/python3.12/site-packages/cffi-2.0.0.dist-info/entry_points.txt -> /home/matthieu/ros2_ws/install/web_control/share/web_control/web/stream/webrtc/.venv/lib/python3.12/site-packages/cffi-2.0.0.dist-info\n'}
[1.093923] (web_control) StdoutLine: {'line': b'copying web/stream/webrtc/.venv/lib/python3.12/site-packages/cffi-2.0.0.dist-info/top_level.txt -> /home/matthieu/ros2_ws/install/web_control/share/web_control/web/stream/webrtc/.venv/lib/python3.12/site-packages/cffi-2.0.0.dist-info\n'}
[1.093985] (web_control) StdoutLine: {'line': b'copying web/stream/webrtc/.venv/lib/python3.12/site-packages/cffi-2.0.0.dist-info/METADATA -> /home/matthieu/ros2_ws/install/web_control/share/web_control/web/stream/webrtc/.venv/lib/python3.12/site-packages/cffi-2.0.0.dist-info\n'}
[1.094044] (web_control) StdoutLine: {'line': b'creating /home/matthieu/ros2_ws/install/web_control/share/web_control/web/stream/webrtc/.venv/lib/python3.12/site-packages/cffi-2.0.0.dist-info/licenses\n'}
[1.094102] (web_control) StdoutLine: {'line': b'copying web/stream/webrtc/.venv/lib/python3.12/site-packages/cffi-2.0.0.dist-info/licenses/LICENSE -> /home/matthieu/ros2_ws/install/web_control/share/web_control/web/stream/webrtc/.venv/lib/python3.12/site-packages/cffi-2.0.0.dist-info/licenses\n'}
[1.094150] (web_control) StdoutLine: {'line': b'copying web/stream/webrtc/.venv/lib/python3.12/site-packages/cffi-2.0.0.dist-info/licenses/AUTHORS -> /home/matthieu/ros2_ws/install/web_control/share/web_control/web/stream/webrtc/.venv/lib/python3.12/site-packages/cffi-2.0.0.dist-info/licenses\n'}
[1.094213] (web_control) StdoutLine: {'line': b'creating /home/matthieu/ros2_ws/install/web_control/share/web_control/web/stream/webrtc/.venv/lib/python3.12/site-packages/cryptography-46.0.5.dist-info\n'}
[1.094267] (web_control) StdoutLine: {'line': b'copying web/stream/webrtc/.venv/lib/python3.12/site-packages/cryptography-46.0.5.dist-info/WHEEL -> /home/matthieu/ros2_ws/install/web_control/share/web_control/web/stream/webrtc/.venv/lib/python3.12/site-packages/cryptography-46.0.5.dist-info\n'}
[1.094310] (web_control) StdoutLine: {'line': b'copying web/stream/webrtc/.venv/lib/python3.12/site-packages/cryptography-46.0.5.dist-info/RECORD -> /home/matthieu/ros2_ws/install/web_control/share/web_control/web/stream/webrtc/.venv/lib/python3.12/site-packages/cryptography-46.0.5.dist-info\n'}
[1.094371] (web_control) StdoutLine: {'line': b'copying web/stream/webrtc/.venv/lib/python3.12/site-packages/cryptography-46.0.5.dist-info/INSTALLER -> /home/matthieu/ros2_ws/install/web_control/share/web_control/web/stream/webrtc/.venv/lib/python3.12/site-packages/cryptography-46.0.5.dist-info\n'}
[1.094419] (web_control) StdoutLine: {'line': b'copying web/stream/webrtc/.venv/lib/python3.12/site-packages/cryptography-46.0.5.dist-info/METADATA -> /home/matthieu/ros2_ws/install/web_control/share/web_control/web/stream/webrtc/.venv/lib/python3.12/site-packages/cryptography-46.0.5.dist-info\n'}
[1.094480] (web_control) StdoutLine: {'line': b'creating /home/matthieu/ros2_ws/install/web_control/share/web_control/web/stream/webrtc/.venv/lib/python3.12/site-packages/cryptography-46.0.5.dist-info/licenses\n'}
[1.094525] (web_control) StdoutLine: {'line': b'copying web/stream/webrtc/.venv/lib/python3.12/site-packages/cryptography-46.0.5.dist-info/licenses/LICENSE -> /home/matthieu/ros2_ws/install/web_control/share/web_control/web/stream/webrtc/.venv/lib/python3.12/site-packages/cryptography-46.0.5.dist-info/licenses\n'}
[1.094586] (web_control) StdoutLine: {'line': b'copying web/stream/webrtc/.venv/lib/python3.12/site-packages/cryptography-46.0.5.dist-info/licenses/LICENSE.BSD -> /home/matthieu/ros2_ws/install/web_control/share/web_control/web/stream/webrtc/.venv/lib/python3.12/site-packages/cryptography-46.0.5.dist-info/licenses\n'}
[1.094642] (web_control) StdoutLine: {'line': b'copying web/stream/webrtc/.venv/lib/python3.12/site-packages/cryptography-46.0.5.dist-info/licenses/LICENSE.APACHE -> /home/matthieu/ros2_ws/install/web_control/share/web_control/web/stream/webrtc/.venv/lib/python3.12/site-packages/cryptography-46.0.5.dist-info/licenses\n'}
[1.094688] (web_control) StdoutLine: {'line': b'creating /home/matthieu/ros2_ws/install/web_control/share/web_control/web/stream/webrtc/.venv/lib/python3.12/site-packages/dns\n'}
[1.094749] (web_control) StdoutLine: {'line': b'copying web/stream/webrtc/.venv/lib/python3.12/site-packages/dns/dnssec.py -> /home/matthieu/ros2_ws/install/web_control/share/web_control/web/stream/webrtc/.venv/lib/python3.12/site-packages/dns\n'}
[1.094800] (web_control) StdoutLine: {'line': b'copying web/stream/webrtc/.venv/lib/python3.12/site-packages/dns/nameserver.py -> /home/matthieu/ros2_ws/install/web_control/share/web_control/web/stream/webrtc/.venv/lib/python3.12/site-packages/dns\n'}
[1.094843] (web_control) StdoutLine: {'line': b'copying web/stream/webrtc/.venv/lib/python3.12/site-packages/dns/rrset.py -> /home/matthieu/ros2_ws/install/web_control/share/web_control/web/stream/webrtc/.venv/lib/python3.12/site-packages/dns\n'}
[1.094900] (web_control) StdoutLine: {'line': b'copying web/stream/webrtc/.venv/lib/python3.12/site-packages/dns/node.py -> /home/matthieu/ros2_ws/install/web_control/share/web_control/web/stream/webrtc/.venv/lib/python3.12/site-packages/dns\n'}
[1.094957] (web_control) StdoutLine: {'line': b'copying web/stream/webrtc/.venv/lib/python3.12/site-packages/dns/entropy.py -> /home/matthieu/ros2_ws/install/web_control/share/web_control/web/stream/webrtc/.venv/lib/python3.12/site-packages/dns\n'}
[1.095019] (web_control) StdoutLine: {'line': b'copying web/stream/webrtc/.venv/lib/python3.12/site-packages/dns/wire.py -> /home/matthieu/ros2_ws/install/web_control/share/web_control/web/stream/webrtc/.venv/lib/python3.12/site-packages/dns\n'}
[1.095067] (web_control) StdoutLine: {'line': b'copying web/stream/webrtc/.venv/lib/python3.12/site-packages/dns/_tls_util.py -> /home/matthieu/ros2_ws/install/web_control/share/web_control/web/stream/webrtc/.venv/lib/python3.12/site-packages/dns\n'}
[1.095132] (web_control) StdoutLine: {'line': b'copying web/stream/webrtc/.venv/lib/python3.12/site-packages/dns/win32util.py -> /home/matthieu/ros2_ws/install/web_control/share/web_control/web/stream/webrtc/.venv/lib/python3.12/site-packages/dns\n'}
[1.095191] (web_control) StdoutLine: {'line': b'copying web/stream/webrtc/.venv/lib/python3.12/site-packages/dns/asyncquery.py -> /home/matthieu/ros2_ws/install/web_control/share/web_control/web/stream/webrtc/.venv/lib/python3.12/site-packages/dns\n'}
[1.095255] (web_control) StdoutLine: {'line': b'copying web/stream/webrtc/.venv/lib/python3.12/site-packages/dns/opcode.py -> /home/matthieu/ros2_ws/install/web_control/share/web_control/web/stream/webrtc/.venv/lib/python3.12/site-packages/dns\n'}
[1.095315] (web_control) StdoutLine: {'line': b'copying web/stream/webrtc/.venv/lib/python3.12/site-packages/dns/e164.py -> /home/matthieu/ros2_ws/install/web_control/share/web_control/web/stream/webrtc/.venv/lib/python3.12/site-packages/dns\n'}
[1.095372] (web_control) StdoutLine: {'line': b'copying web/stream/webrtc/.venv/lib/python3.12/site-packages/dns/zonetypes.py -> /home/matthieu/ros2_ws/install/web_control/share/web_control/web/stream/webrtc/.venv/lib/python3.12/site-packages/dns\n'}
[1.095429] (web_control) StdoutLine: {'line': b'copying web/stream/webrtc/.venv/lib/python3.12/site-packages/dns/ttl.py -> /home/matthieu/ros2_ws/install/web_control/share/web_control/web/stream/webrtc/.venv/lib/python3.12/site-packages/dns\n'}
[1.095486] (web_control) StdoutLine: {'line': b'copying web/stream/webrtc/.venv/lib/python3.12/site-packages/dns/_asyncbackend.py -> /home/matthieu/ros2_ws/install/web_control/share/web_control/web/stream/webrtc/.venv/lib/python3.12/site-packages/dns\n'}
[1.095543] (web_control) StdoutLine: {'line': b'copying web/stream/webrtc/.venv/lib/python3.12/site-packages/dns/btreezone.py -> /home/matthieu/ros2_ws/install/web_control/share/web_control/web/stream/webrtc/.venv/lib/python3.12/site-packages/dns\n'}
[1.095600] (web_control) StdoutLine: {'line': b'copying web/stream/webrtc/.venv/lib/python3.12/site-packages/dns/flags.py -> /home/matthieu/ros2_ws/install/web_control/share/web_control/web/stream/webrtc/.venv/lib/python3.12/site-packages/dns\n'}
[1.095658] (web_control) StdoutLine: {'line': b'copying web/stream/webrtc/.venv/lib/python3.12/site-packages/dns/renderer.py -> /home/matthieu/ros2_ws/install/web_control/share/web_control/web/stream/webrtc/.venv/lib/python3.12/site-packages/dns\n'}
[1.095708] (web_control) StdoutLine: {'line': b'copying web/stream/webrtc/.venv/lib/python3.12/site-packages/dns/message.py -> /home/matthieu/ros2_ws/install/web_control/share/web_control/web/stream/webrtc/.venv/lib/python3.12/site-packages/dns\n'}
[1.095759] (web_control) StdoutLine: {'line': b'copying web/stream/webrtc/.venv/lib/python3.12/site-packages/dns/edns.py -> /home/matthieu/ros2_ws/install/web_control/share/web_control/web/stream/webrtc/.venv/lib/python3.12/site-packages/dns\n'}
[1.095815] (web_control) StdoutLine: {'line': b'copying web/stream/webrtc/.venv/lib/python3.12/site-packages/dns/rdatatype.py -> /home/matthieu/ros2_ws/install/web_control/share/web_control/web/stream/webrtc/.venv/lib/python3.12/site-packages/dns\n'}
[1.095870] (web_control) StdoutLine: {'line': b'copying web/stream/webrtc/.venv/lib/python3.12/site-packages/dns/_immutable_ctx.py -> /home/matthieu/ros2_ws/install/web_control/share/web_control/web/stream/webrtc/.venv/lib/python3.12/site-packages/dns\n'}
[1.095923] (web_control) StdoutLine: {'line': b'copying web/stream/webrtc/.venv/lib/python3.12/site-packages/dns/transaction.py -> /home/matthieu/ros2_ws/install/web_control/share/web_control/web/stream/webrtc/.venv/lib/python3.12/site-packages/dns\n'}
[1.095985] (web_control) StdoutLine: {'line': b'copying web/stream/webrtc/.venv/lib/python3.12/site-packages/dns/inet.py -> /home/matthieu/ros2_ws/install/web_control/share/web_control/web/stream/webrtc/.venv/lib/python3.12/site-packages/dns\n'}
[1.096039] (web_control) StdoutLine: {'line': b'copying web/stream/webrtc/.venv/lib/python3.12/site-packages/dns/name.py -> /home/matthieu/ros2_ws/install/web_control/share/web_control/web/stream/webrtc/.venv/lib/python3.12/site-packages/dns\n'}
[1.096120] (web_control) StdoutLine: {'line': b'copying web/stream/webrtc/.venv/lib/python3.12/site-packages/dns/ipv6.py -> /home/matthieu/ros2_ws/install/web_control/share/web_control/web/stream/webrtc/.venv/lib/python3.12/site-packages/dns\n'}
[1.096189] (web_control) StdoutLine: {'line': b'copying web/stream/webrtc/.venv/lib/python3.12/site-packages/dns/xfr.py -> /home/matthieu/ros2_ws/install/web_control/share/web_control/web/stream/webrtc/.venv/lib/python3.12/site-packages/dns\n'}
[1.096250] (web_control) StdoutLine: {'line': b'copying web/stream/webrtc/.venv/lib/python3.12/site-packages/dns/zone.py -> /home/matthieu/ros2_ws/install/web_control/share/web_control/web/stream/webrtc/.venv/lib/python3.12/site-packages/dns\n'}
[1.096326] (web_control) StdoutLine: {'line': b'copying web/stream/webrtc/.venv/lib/python3.12/site-packages/dns/set.py -> /home/matthieu/ros2_ws/install/web_control/share/web_control/web/stream/webrtc/.venv/lib/python3.12/site-packages/dns\n'}
[1.096391] (web_control) StdoutLine: {'line': b'copying web/stream/webrtc/.venv/lib/python3.12/site-packages/dns/asyncbackend.py -> /home/matthieu/ros2_ws/install/web_control/share/web_control/web/stream/webrtc/.venv/lib/python3.12/site-packages/dns\n'}
[1.096447] (web_control) StdoutLine: {'line': b'copying web/stream/webrtc/.venv/lib/python3.12/site-packages/dns/_asyncio_backend.py -> /home/matthieu/ros2_ws/install/web_control/share/web_control/web/stream/webrtc/.venv/lib/python3.12/site-packages/dns\n'}
[1.096505] (web_control) StdoutLine: {'line': b'copying web/stream/webrtc/.venv/lib/python3.12/site-packages/dns/asyncresolver.py -> /home/matthieu/ros2_ws/install/web_control/share/web_control/web/stream/webrtc/.venv/lib/python3.12/site-packages/dns\n'}
[1.096562] (web_control) StdoutLine: {'line': b'copying web/stream/webrtc/.venv/lib/python3.12/site-packages/dns/namedict.py -> /home/matthieu/ros2_ws/install/web_control/share/web_control/web/stream/webrtc/.venv/lib/python3.12/site-packages/dns\n'}
[1.096616] (web_control) StdoutLine: {'line': b'copying web/stream/webrtc/.venv/lib/python3.12/site-packages/dns/_no_ssl.py -> /home/matthieu/ros2_ws/install/web_control/share/web_control/web/stream/webrtc/.venv/lib/python3.12/site-packages/dns\n'}
[1.096671] (web_control) StdoutLine: {'line': b'copying web/stream/webrtc/.venv/lib/python3.12/site-packages/dns/tsigkeyring.py -> /home/matthieu/ros2_ws/install/web_control/share/web_control/web/stream/webrtc/.venv/lib/python3.12/site-packages/dns\n'}
[1.096728] (web_control) StdoutLine: {'line': b'copying web/stream/webrtc/.venv/lib/python3.12/site-packages/dns/rcode.py -> /home/matthieu/ros2_ws/install/web_control/share/web_control/web/stream/webrtc/.venv/lib/python3.12/site-packages/dns\n'}
[1.096786] (web_control) StdoutLine: {'line': b'copying web/stream/webrtc/.venv/lib/python3.12/site-packages/dns/tokenizer.py -> /home/matthieu/ros2_ws/install/web_control/share/web_control/web/stream/webrtc/.venv/lib/python3.12/site-packages/dns\n'}
[1.096844] (web_control) StdoutLine: {'line': b'copying web/stream/webrtc/.venv/lib/python3.12/site-packages/dns/exception.py -> /home/matthieu/ros2_ws/install/web_control/share/web_control/web/stream/webrtc/.venv/lib/python3.12/site-packages/dns\n'}
[1.096901] (web_control) StdoutLine: {'line': b'copying web/stream/webrtc/.venv/lib/python3.12/site-packages/dns/immutable.py -> /home/matthieu/ros2_ws/install/web_control/share/web_control/web/stream/webrtc/.venv/lib/python3.12/site-packages/dns\n'}
[1.096959] (web_control) StdoutLine: {'line': b'copying web/stream/webrtc/.venv/lib/python3.12/site-packages/dns/_features.py -> /home/matthieu/ros2_ws/install/web_control/share/web_control/web/stream/webrtc/.venv/lib/python3.12/site-packages/dns\n'}
[1.097016] (web_control) StdoutLine: {'line': b'copying web/stream/webrtc/.venv/lib/python3.12/site-packages/dns/dnssectypes.py -> /home/matthieu/ros2_ws/install/web_control/share/web_control/web/stream/webrtc/.venv/lib/python3.12/site-packages/dns\n'}
[1.097073] (web_control) StdoutLine: {'line': b'copying web/stream/webrtc/.venv/lib/python3.12/site-packages/dns/_ddr.py -> /home/matthieu/ros2_ws/install/web_control/share/web_control/web/stream/webrtc/.venv/lib/python3.12/site-packages/dns\n'}
[1.097135] (web_control) StdoutLine: {'line': b'copying web/stream/webrtc/.venv/lib/python3.12/site-packages/dns/serial.py -> /home/matthieu/ros2_ws/install/web_control/share/web_control/web/stream/webrtc/.venv/lib/python3.12/site-packages/dns\n'}
[1.097194] (web_control) StdoutLine: {'line': b'copying web/stream/webrtc/.venv/lib/python3.12/site-packages/dns/query.py -> /home/matthieu/ros2_ws/install/web_control/share/web_control/web/stream/webrtc/.venv/lib/python3.12/site-packages/dns\n'}
[1.097269] (web_control) StdoutLine: {'line': b'copying web/stream/webrtc/.venv/lib/python3.12/site-packages/dns/tsig.py -> /home/matthieu/ros2_ws/install/web_control/share/web_control/web/stream/webrtc/.venv/lib/python3.12/site-packages/dns\n'}
[1.097333] (web_control) StdoutLine: {'line': b'copying web/stream/webrtc/.venv/lib/python3.12/site-packages/dns/zonefile.py -> /home/matthieu/ros2_ws/install/web_control/share/web_control/web/stream/webrtc/.venv/lib/python3.12/site-packages/dns\n'}
[1.097396] (web_control) StdoutLine: {'line': b'copying web/stream/webrtc/.venv/lib/python3.12/site-packages/dns/ipv4.py -> /home/matthieu/ros2_ws/install/web_control/share/web_control/web/stream/webrtc/.venv/lib/python3.12/site-packages/dns\n'}
[1.097452] (web_control) StdoutLine: {'line': b'copying web/stream/webrtc/.venv/lib/python3.12/site-packages/dns/resolver.py -> /home/matthieu/ros2_ws/install/web_control/share/web_control/web/stream/webrtc/.venv/lib/python3.12/site-packages/dns\n'}
[1.097537] (web_control) StdoutLine: {'line': b'copying web/stream/webrtc/.venv/lib/python3.12/site-packages/dns/rdataclass.py -> /home/matthieu/ros2_ws/install/web_control/share/web_control/web/stream/webrtc/.venv/lib/python3.12/site-packages/dns\n'}
[1.097599] (web_control) StdoutLine: {'line': b'copying web/stream/webrtc/.venv/lib/python3.12/site-packages/dns/py.typed -> /home/matthieu/ros2_ws/install/web_control/share/web_control/web/stream/webrtc/.venv/lib/python3.12/site-packages/dns\n'}
[1.097651] (web_control) StdoutLine: {'line': b'copying web/stream/webrtc/.venv/lib/python3.12/site-packages/dns/grange.py -> /home/matthieu/ros2_ws/install/web_control/share/web_control/web/stream/webrtc/.venv/lib/python3.12/site-packages/dns\n'}
[1.097706] (web_control) StdoutLine: {'line': b'copying web/stream/webrtc/.venv/lib/python3.12/site-packages/dns/versioned.py -> /home/matthieu/ros2_ws/install/web_control/share/web_control/web/stream/webrtc/.venv/lib/python3.12/site-packages/dns\n'}
[1.097762] (web_control) StdoutLine: {'line': b'copying web/stream/webrtc/.venv/lib/python3.12/site-packages/dns/rdataset.py -> /home/matthieu/ros2_ws/install/web_control/share/web_control/web/stream/webrtc/.venv/lib/python3.12/site-packages/dns\n'}
[1.097812] (web_control) StdoutLine: {'line': b'copying web/stream/webrtc/.venv/lib/python3.12/site-packages/dns/enum.py -> /home/matthieu/ros2_ws/install/web_control/share/web_control/web/stream/webrtc/.venv/lib/python3.12/site-packages/dns\n'}
[1.097868] (web_control) StdoutLine: {'line': b'copying web/stream/webrtc/.venv/lib/python3.12/site-packages/dns/btree.py -> /home/matthieu/ros2_ws/install/web_control/share/web_control/web/stream/webrtc/.venv/lib/python3.12/site-packages/dns\n'}
[1.097929] (web_control) StdoutLine: {'line': b'copying web/stream/webrtc/.venv/lib/python3.12/site-packages/dns/rdata.py -> /home/matthieu/ros2_ws/install/web_control/share/web_control/web/stream/webrtc/.venv/lib/python3.12/site-packages/dns\n'}
[1.097994] (web_control) StdoutLine: {'line': b'copying web/stream/webrtc/.venv/lib/python3.12/site-packages/dns/_trio_backend.py -> /home/matthieu/ros2_ws/install/web_control/share/web_control/web/stream/webrtc/.venv/lib/python3.12/site-packages/dns\n'}
[1.098051] (web_control) StdoutLine: {'line': b'copying web/stream/webrtc/.venv/lib/python3.12/site-packages/dns/reversename.py -> /home/matthieu/ros2_ws/install/web_control/share/web_control/web/stream/webrtc/.venv/lib/python3.12/site-packages/dns\n'}
[1.098122] (web_control) StdoutLine: {'line': b'copying web/stream/webrtc/.venv/lib/python3.12/site-packages/dns/version.py -> /home/matthieu/ros2_ws/install/web_control/share/web_control/web/stream/webrtc/.venv/lib/python3.12/site-packages/dns\n'}
[1.098188] (web_control) StdoutLine: {'line': b'copying web/stream/webrtc/.venv/lib/python3.12/site-packages/dns/update.py -> /home/matthieu/ros2_ws/install/web_control/share/web_control/web/stream/webrtc/.venv/lib/python3.12/site-packages/dns\n'}
[1.098248] (web_control) StdoutLine: {'line': b'copying web/stream/webrtc/.venv/lib/python3.12/site-packages/dns/__init__.py -> /home/matthieu/ros2_ws/install/web_control/share/web_control/web/stream/webrtc/.venv/lib/python3.12/site-packages/dns\n'}
[1.098305] (web_control) StdoutLine: {'line': b'creating /home/matthieu/ros2_ws/install/web_control/share/web_control/web/stream/webrtc/.venv/lib/python3.12/site-packages/dns/dnssecalgs\n'}
[1.098362] (web_control) StdoutLine: {'line': b'copying web/stream/webrtc/.venv/lib/python3.12/site-packages/dns/dnssecalgs/base.py -> /home/matthieu/ros2_ws/install/web_control/share/web_control/web/stream/webrtc/.venv/lib/python3.12/site-packages/dns/dnssecalgs\n'}
[1.098421] (web_control) StdoutLine: {'line': b'copying web/stream/webrtc/.venv/lib/python3.12/site-packages/dns/dnssecalgs/cryptography.py -> /home/matthieu/ros2_ws/install/web_control/share/web_control/web/stream/webrtc/.venv/lib/python3.12/site-packages/dns/dnssecalgs\n'}
[1.098479] (web_control) StdoutLine: {'line': b'copying web/stream/webrtc/.venv/lib/python3.12/site-packages/dns/dnssecalgs/ecdsa.py -> /home/matthieu/ros2_ws/install/web_control/share/web_control/web/stream/webrtc/.venv/lib/python3.12/site-packages/dns/dnssecalgs\n'}
[1.098538] (web_control) StdoutLine: {'line': b'copying web/stream/webrtc/.venv/lib/python3.12/site-packages/dns/dnssecalgs/eddsa.py -> /home/matthieu/ros2_ws/install/web_control/share/web_control/web/stream/webrtc/.venv/lib/python3.12/site-packages/dns/dnssecalgs\n'}
[1.098598] (web_control) StdoutLine: {'line': b'copying web/stream/webrtc/.venv/lib/python3.12/site-packages/dns/dnssecalgs/dsa.py -> /home/matthieu/ros2_ws/install/web_control/share/web_control/web/stream/webrtc/.venv/lib/python3.12/site-packages/dns/dnssecalgs\n'}
[1.098657] (web_control) StdoutLine: {'line': b'copying web/stream/webrtc/.venv/lib/python3.12/site-packages/dns/dnssecalgs/rsa.py -> /home/matthieu/ros2_ws/install/web_control/share/web_control/web/stream/webrtc/.venv/lib/python3.12/site-packages/dns/dnssecalgs\n'}
[1.098716] (web_control) StdoutLine: {'line': b'copying web/stream/webrtc/.venv/lib/python3.12/site-packages/dns/dnssecalgs/__init__.py -> /home/matthieu/ros2_ws/install/web_control/share/web_control/web/stream/webrtc/.venv/lib/python3.12/site-packages/dns/dnssecalgs\n'}
[1.098775] (web_control) StdoutLine: {'line': b'creating /home/matthieu/ros2_ws/install/web_control/share/web_control/web/stream/webrtc/.venv/lib/python3.12/site-packages/dns/dnssecalgs/__pycache__\n'}
[1.098839] (web_control) StdoutLine: {'line': b'copying web/stream/webrtc/.venv/lib/python3.12/site-packages/dns/dnssecalgs/__pycache__/cryptography.cpython-312.pyc -> /home/matthieu/ros2_ws/install/web_control/share/web_control/web/stream/webrtc/.venv/lib/python3.12/site-packages/dns/dnssecalgs/__pycache__\n'}
[1.098885] (web_control) StdoutLine: {'line': b'copying web/stream/webrtc/.venv/lib/python3.12/site-packages/dns/dnssecalgs/__pycache__/base.cpython-312.pyc -> /home/matthieu/ros2_ws/install/web_control/share/web_control/web/stream/webrtc/.venv/lib/python3.12/site-packages/dns/dnssecalgs/__pycache__\n'}
[1.098941] (web_control) StdoutLine: {'line': b'copying web/stream/webrtc/.venv/lib/python3.12/site-packages/dns/dnssecalgs/__pycache__/ecdsa.cpython-312.pyc -> /home/matthieu/ros2_ws/install/web_control/share/web_control/web/stream/webrtc/.venv/lib/python3.12/site-packages/dns/dnssecalgs/__pycache__\n'}
[1.099001] (web_control) StdoutLine: {'line': b'copying web/stream/webrtc/.venv/lib/python3.12/site-packages/dns/dnssecalgs/__pycache__/rsa.cpython-312.pyc -> /home/matthieu/ros2_ws/install/web_control/share/web_control/web/stream/webrtc/.venv/lib/python3.12/site-packages/dns/dnssecalgs/__pycache__\n'}
[1.099065] (web_control) StdoutLine: {'line': b'copying web/stream/webrtc/.venv/lib/python3.12/site-packages/dns/dnssecalgs/__pycache__/eddsa.cpython-312.pyc -> /home/matthieu/ros2_ws/install/web_control/share/web_control/web/stream/webrtc/.venv/lib/python3.12/site-packages/dns/dnssecalgs/__pycache__\n'}
[1.099121] (web_control) StdoutLine: {'line': b'copying web/stream/webrtc/.venv/lib/python3.12/site-packages/dns/dnssecalgs/__pycache__/dsa.cpython-312.pyc -> /home/matthieu/ros2_ws/install/web_control/share/web_control/web/stream/webrtc/.venv/lib/python3.12/site-packages/dns/dnssecalgs/__pycache__\n'}
[1.099180] (web_control) StdoutLine: {'line': b'copying web/stream/webrtc/.venv/lib/python3.12/site-packages/dns/dnssecalgs/__pycache__/__init__.cpython-312.pyc -> /home/matthieu/ros2_ws/install/web_control/share/web_control/web/stream/webrtc/.venv/lib/python3.12/site-packages/dns/dnssecalgs/__pycache__\n'}
[1.099243] (web_control) StdoutLine: {'line': b'creating /home/matthieu/ros2_ws/install/web_control/share/web_control/web/stream/webrtc/.venv/lib/python3.12/site-packages/dns/__pycache__\n'}
[1.099289] (web_control) StdoutLine: {'line': b'copying web/stream/webrtc/.venv/lib/python3.12/site-packages/dns/__pycache__/_ddr.cpython-312.pyc -> /home/matthieu/ros2_ws/install/web_control/share/web_control/web/stream/webrtc/.venv/lib/python3.12/site-packages/dns/__pycache__\n'}
[1.099346] (web_control) StdoutLine: {'line': b'copying web/stream/webrtc/.venv/lib/python3.12/site-packages/dns/__pycache__/asyncquery.cpython-312.pyc -> /home/matthieu/ros2_ws/install/web_control/share/web_control/web/stream/webrtc/.venv/lib/python3.12/site-packages/dns/__pycache__\n'}
[1.099403] (web_control) StdoutLine: {'line': b'copying web/stream/webrtc/.venv/lib/python3.12/site-packages/dns/__pycache__/rcode.cpython-312.pyc -> /home/matthieu/ros2_ws/install/web_control/share/web_control/web/stream/webrtc/.venv/lib/python3.12/site-packages/dns/__pycache__\n'}
[1.099462] (web_control) StdoutLine: {'line': b'copying web/stream/webrtc/.venv/lib/python3.12/site-packages/dns/__pycache__/rdataclass.cpython-312.pyc -> /home/matthieu/ros2_ws/install/web_control/share/web_control/web/stream/webrtc/.venv/lib/python3.12/site-packages/dns/__pycache__\n'}
[1.099519] (web_control) StdoutLine: {'line': b'copying web/stream/webrtc/.venv/lib/python3.12/site-packages/dns/__pycache__/xfr.cpython-312.pyc -> /home/matthieu/ros2_ws/install/web_control/share/web_control/web/stream/webrtc/.venv/lib/python3.12/site-packages/dns/__pycache__\n'}
[1.099577] (web_control) StdoutLine: {'line': b'copying web/stream/webrtc/.venv/lib/python3.12/site-packages/dns/__pycache__/entropy.cpython-312.pyc -> /home/matthieu/ros2_ws/install/web_control/share/web_control/web/stream/webrtc/.venv/lib/python3.12/site-packages/dns/__pycache__\n'}
[1.099634] (web_control) StdoutLine: {'line': b'copying web/stream/webrtc/.venv/lib/python3.12/site-packages/dns/__pycache__/rrset.cpython-312.pyc -> /home/matthieu/ros2_ws/install/web_control/share/web_control/web/stream/webrtc/.venv/lib/python3.12/site-packages/dns/__pycache__\n'}
[1.099692] (web_control) StdoutLine: {'line': b'copying web/stream/webrtc/.venv/lib/python3.12/site-packages/dns/__pycache__/transaction.cpython-312.pyc -> /home/matthieu/ros2_ws/install/web_control/share/web_control/web/stream/webrtc/.venv/lib/python3.12/site-packages/dns/__pycache__\n'}
[1.099749] (web_control) StdoutLine: {'line': b'copying web/stream/webrtc/.venv/lib/python3.12/site-packages/dns/__pycache__/btree.cpython-312.pyc -> /home/matthieu/ros2_ws/install/web_control/share/web_control/web/stream/webrtc/.venv/lib/python3.12/site-packages/dns/__pycache__\n'}
[1.099808] (web_control) StdoutLine: {'line': b'copying web/stream/webrtc/.venv/lib/python3.12/site-packages/dns/__pycache__/grange.cpython-312.pyc -> /home/matthieu/ros2_ws/install/web_control/share/web_control/web/stream/webrtc/.venv/lib/python3.12/site-packages/dns/__pycache__\n'}
[1.099882] (web_control) StdoutLine: {'line': b'copying web/stream/webrtc/.venv/lib/python3.12/site-packages/dns/__pycache__/_trio_backend.cpython-312.pyc -> /home/matthieu/ros2_ws/install/web_control/share/web_control/web/stream/webrtc/.venv/lib/python3.12/site-packages/dns/__pycache__\n'}
[1.099958] (web_control) StdoutLine: {'line': b'copying web/stream/webrtc/.venv/lib/python3.12/site-packages/dns/__pycache__/serial.cpython-312.pyc -> /home/matthieu/ros2_ws/install/web_control/share/web_control/web/stream/webrtc/.venv/lib/python3.12/site-packages/dns/__pycache__\n'}
[1.100014] (web_control) StdoutLine: {'line': b'copying web/stream/webrtc/.venv/lib/python3.12/site-packages/dns/__pycache__/dnssectypes.cpython-312.pyc -> /home/matthieu/ros2_ws/install/web_control/share/web_control/web/stream/webrtc/.venv/lib/python3.12/site-packages/dns/__pycache__\n'}
[1.100080] (web_control) StdoutLine: {'line': b'copying web/stream/webrtc/.venv/lib/python3.12/site-packages/dns/__pycache__/win32util.cpython-312.pyc -> /home/matthieu/ros2_ws/install/web_control/share/web_control/web/stream/webrtc/.venv/lib/python3.12/site-packages/dns/__pycache__\n'}
[1.100155] (web_control) StdoutLine: {'line': b'copying web/stream/webrtc/.venv/lib/python3.12/site-packages/dns/__pycache__/asyncresolver.cpython-312.pyc -> /home/matthieu/ros2_ws/install/web_control/share/web_control/web/stream/webrtc/.venv/lib/python3.12/site-packages/dns/__pycache__\n'}
[1.100227] (web_control) StdoutLine: {'line': b'copying web/stream/webrtc/.venv/lib/python3.12/site-packages/dns/__pycache__/tsig.cpython-312.pyc -> /home/matthieu/ros2_ws/install/web_control/share/web_control/web/stream/webrtc/.venv/lib/python3.12/site-packages/dns/__pycache__\n'}
[1.100285] (web_control) StdoutLine: {'line': b'copying web/stream/webrtc/.venv/lib/python3.12/site-packages/dns/__pycache__/name.cpython-312.pyc -> /home/matthieu/ros2_ws/install/web_control/share/web_control/web/stream/webrtc/.venv/lib/python3.12/site-packages/dns/__pycache__\n'}
[1.100361] (web_control) StdoutLine: {'line': b'copying web/stream/webrtc/.venv/lib/python3.12/site-packages/dns/__pycache__/query.cpython-312.pyc -> /home/matthieu/ros2_ws/install/web_control/share/web_control/web/stream/webrtc/.venv/lib/python3.12/site-packages/dns/__pycache__\n'}
[1.100450] (web_control) StdoutLine: {'line': b'copying web/stream/webrtc/.venv/lib/python3.12/site-packages/dns/__pycache__/message.cpython-312.pyc -> /home/matthieu/ros2_ws/install/web_control/share/web_control/web/stream/webrtc/.venv/lib/python3.12/site-packages/dns/__pycache__\n'}
[1.100543] (web_control) StdoutLine: {'line': b'copying web/stream/webrtc/.venv/lib/python3.12/site-packages/dns/__pycache__/dnssec.cpython-312.pyc -> /home/matthieu/ros2_ws/install/web_control/share/web_control/web/stream/webrtc/.venv/lib/python3.12/site-packages/dns/__pycache__\n'}
[1.100622] (web_control) StdoutLine: {'line': b'copying web/stream/webrtc/.venv/lib/python3.12/site-packages/dns/__pycache__/ttl.cpython-312.pyc -> /home/matthieu/ros2_ws/install/web_control/share/web_control/web/stream/webrtc/.venv/lib/python3.12/site-packages/dns/__pycache__\n'}
[1.100680] (web_control) StdoutLine: {'line': b'copying web/stream/webrtc/.venv/lib/python3.12/site-packages/dns/__pycache__/resolver.cpython-312.pyc -> /home/matthieu/ros2_ws/install/web_control/share/web_control/web/stream/webrtc/.venv/lib/python3.12/site-packages/dns/__pycache__\n'}
[1.100774] (web_control) StdoutLine: {'line': b'copying web/stream/webrtc/.venv/lib/python3.12/site-packages/dns/__pycache__/edns.cpython-312.pyc -> /home/matthieu/ros2_ws/install/web_control/share/web_control/web/stream/webrtc/.venv/lib/python3.12/site-packages/dns/__pycache__\n'}
[1.100840] (web_control) StdoutLine: {'line': b'copying web/stream/webrtc/.venv/lib/python3.12/site-packages/dns/__pycache__/namedict.cpython-312.pyc -> /home/matthieu/ros2_ws/install/web_control/share/web_control/web/stream/webrtc/.venv/lib/python3.12/site-packages/dns/__pycache__\n'}
[1.100898] (web_control) StdoutLine: {'line': b'copying web/stream/webrtc/.venv/lib/python3.12/site-packages/dns/__pycache__/rdatatype.cpython-312.pyc -> /home/matthieu/ros2_ws/install/web_control/share/web_control/web/stream/webrtc/.venv/lib/python3.12/site-packages/dns/__pycache__\n'}
[1.100957] (web_control) StdoutLine: {'line': b'copying web/stream/webrtc/.venv/lib/python3.12/site-packages/dns/__pycache__/set.cpython-312.pyc -> /home/matthieu/ros2_ws/install/web_control/share/web_control/web/stream/webrtc/.venv/lib/python3.12/site-packages/dns/__pycache__\n'}
[1.101023] (web_control) StdoutLine: {'line': b'copying web/stream/webrtc/.venv/lib/python3.12/site-packages/dns/__pycache__/version.cpython-312.pyc -> /home/matthieu/ros2_ws/install/web_control/share/web_control/web/stream/webrtc/.venv/lib/python3.12/site-packages/dns/__pycache__\n'}
[1.101084] (web_control) StdoutLine: {'line': b'copying web/stream/webrtc/.venv/lib/python3.12/site-packages/dns/__pycache__/_asyncio_backend.cpython-312.pyc -> /home/matthieu/ros2_ws/install/web_control/share/web_control/web/stream/webrtc/.venv/lib/python3.12/site-packages/dns/__pycache__\n'}
[1.101149] (web_control) StdoutLine: {'line': b'copying web/stream/webrtc/.venv/lib/python3.12/site-packages/dns/__pycache__/e164.cpython-312.pyc -> /home/matthieu/ros2_ws/install/web_control/share/web_control/web/stream/webrtc/.venv/lib/python3.12/site-packages/dns/__pycache__\n'}
[1.101208] (web_control) StdoutLine: {'line': b'copying web/stream/webrtc/.venv/lib/python3.12/site-packages/dns/__pycache__/tsigkeyring.cpython-312.pyc -> /home/matthieu/ros2_ws/install/web_control/share/web_control/web/stream/webrtc/.venv/lib/python3.12/site-packages/dns/__pycache__\n'}
[1.101263] (web_control) StdoutLine: {'line': b'copying web/stream/webrtc/.venv/lib/python3.12/site-packages/dns/__pycache__/tokenizer.cpython-312.pyc -> /home/matthieu/ros2_ws/install/web_control/share/web_control/web/stream/webrtc/.venv/lib/python3.12/site-packages/dns/__pycache__\n'}
[1.101330] (web_control) StdoutLine: {'line': b'copying web/stream/webrtc/.venv/lib/python3.12/site-packages/dns/__pycache__/_tls_util.cpython-312.pyc -> /home/matthieu/ros2_ws/install/web_control/share/web_control/web/stream/webrtc/.venv/lib/python3.12/site-packages/dns/__pycache__\n'}
[1.101391] (web_control) StdoutLine: {'line': b'copying web/stream/webrtc/.venv/lib/python3.12/site-packages/dns/__pycache__/ipv4.cpython-312.pyc -> /home/matthieu/ros2_ws/install/web_control/share/web_control/web/stream/webrtc/.venv/lib/python3.12/site-packages/dns/__pycache__\n'}
[1.101450] (web_control) StdoutLine: {'line': b'copying web/stream/webrtc/.venv/lib/python3.12/site-packages/dns/__pycache__/_no_ssl.cpython-312.pyc -> /home/matthieu/ros2_ws/install/web_control/share/web_control/web/stream/webrtc/.venv/lib/python3.12/site-packages/dns/__pycache__\n'}
[1.101508] (web_control) StdoutLine: {'line': b'copying web/stream/webrtc/.venv/lib/python3.12/site-packages/dns/__pycache__/exception.cpython-312.pyc -> /home/matthieu/ros2_ws/install/web_control/share/web_control/web/stream/webrtc/.venv/lib/python3.12/site-packages/dns/__pycache__\n'}
[1.101565] (web_control) StdoutLine: {'line': b'copying web/stream/webrtc/.venv/lib/python3.12/site-packages/dns/__pycache__/_immutable_ctx.cpython-312.pyc -> /home/matthieu/ros2_ws/install/web_control/share/web_control/web/stream/webrtc/.venv/lib/python3.12/site-packages/dns/__pycache__\n'}
[1.101621] (-) TimerEvent: {}
[1.101687] (web_control) StdoutLine: {'line': b'copying web/stream/webrtc/.venv/lib/python3.12/site-packages/dns/__pycache__/inet.cpython-312.pyc -> /home/matthieu/ros2_ws/install/web_control/share/web_control/web/stream/webrtc/.venv/lib/python3.12/site-packages/dns/__pycache__\n'}
[1.101746] (web_control) StdoutLine: {'line': b'copying web/stream/webrtc/.venv/lib/python3.12/site-packages/dns/__pycache__/reversename.cpython-312.pyc -> /home/matthieu/ros2_ws/install/web_control/share/web_control/web/stream/webrtc/.venv/lib/python3.12/site-packages/dns/__pycache__\n'}
[1.101793] (web_control) StdoutLine: {'line': b'copying web/stream/webrtc/.venv/lib/python3.12/site-packages/dns/__pycache__/_asyncbackend.cpython-312.pyc -> /home/matthieu/ros2_ws/install/web_control/share/web_control/web/stream/webrtc/.venv/lib/python3.12/site-packages/dns/__pycache__\n'}
[1.101856] (web_control) StdoutLine: {'line': b'copying web/stream/webrtc/.venv/lib/python3.12/site-packages/dns/__pycache__/renderer.cpython-312.pyc -> /home/matthieu/ros2_ws/install/web_control/share/web_control/web/stream/webrtc/.venv/lib/python3.12/site-packages/dns/__pycache__\n'}
[1.101906] (web_control) StdoutLine: {'line': b'copying web/stream/webrtc/.venv/lib/python3.12/site-packages/dns/__pycache__/nameserver.cpython-312.pyc -> /home/matthieu/ros2_ws/install/web_control/share/web_control/web/stream/webrtc/.venv/lib/python3.12/site-packages/dns/__pycache__\n'}
[1.101969] (web_control) StdoutLine: {'line': b'copying web/stream/webrtc/.venv/lib/python3.12/site-packages/dns/__pycache__/immutable.cpython-312.pyc -> /home/matthieu/ros2_ws/install/web_control/share/web_control/web/stream/webrtc/.venv/lib/python3.12/site-packages/dns/__pycache__\n'}
[1.102016] (web_control) StdoutLine: {'line': b'copying web/stream/webrtc/.venv/lib/python3.12/site-packages/dns/__pycache__/opcode.cpython-312.pyc -> /home/matthieu/ros2_ws/install/web_control/share/web_control/web/stream/webrtc/.venv/lib/python3.12/site-packages/dns/__pycache__\n'}
[1.102078] (web_control) StdoutLine: {'line': b'copying web/stream/webrtc/.venv/lib/python3.12/site-packages/dns/__pycache__/update.cpython-312.pyc -> /home/matthieu/ros2_ws/install/web_control/share/web_control/web/stream/webrtc/.venv/lib/python3.12/site-packages/dns/__pycache__\n'}
[1.102136] (web_control) StdoutLine: {'line': b'copying web/stream/webrtc/.venv/lib/python3.12/site-packages/dns/__pycache__/wire.cpython-312.pyc -> /home/matthieu/ros2_ws/install/web_control/share/web_control/web/stream/webrtc/.venv/lib/python3.12/site-packages/dns/__pycache__\n'}
[1.102195] (web_control) StdoutLine: {'line': b'copying web/stream/webrtc/.venv/lib/python3.12/site-packages/dns/__pycache__/zone.cpython-312.pyc -> /home/matthieu/ros2_ws/install/web_control/share/web_control/web/stream/webrtc/.venv/lib/python3.12/site-packages/dns/__pycache__\n'}
[1.102253] (web_control) StdoutLine: {'line': b'copying web/stream/webrtc/.venv/lib/python3.12/site-packages/dns/__pycache__/_features.cpython-312.pyc -> /home/matthieu/ros2_ws/install/web_control/share/web_control/web/stream/webrtc/.venv/lib/python3.12/site-packages/dns/__pycache__\n'}
[1.102311] (web_control) StdoutLine: {'line': b'copying web/stream/webrtc/.venv/lib/python3.12/site-packages/dns/__pycache__/zonetypes.cpython-312.pyc -> /home/matthieu/ros2_ws/install/web_control/share/web_control/web/stream/webrtc/.venv/lib/python3.12/site-packages/dns/__pycache__\n'}
[1.102369] (web_control) StdoutLine: {'line': b'copying web/stream/webrtc/.venv/lib/python3.12/site-packages/dns/__pycache__/asyncbackend.cpython-312.pyc -> /home/matthieu/ros2_ws/install/web_control/share/web_control/web/stream/webrtc/.venv/lib/python3.12/site-packages/dns/__pycache__\n'}
[1.102425] (web_control) StdoutLine: {'line': b'copying web/stream/webrtc/.venv/lib/python3.12/site-packages/dns/__pycache__/flags.cpython-312.pyc -> /home/matthieu/ros2_ws/install/web_control/share/web_control/web/stream/webrtc/.venv/lib/python3.12/site-packages/dns/__pycache__\n'}
[1.102480] (web_control) StdoutLine: {'line': b'copying web/stream/webrtc/.venv/lib/python3.12/site-packages/dns/__pycache__/__init__.cpython-312.pyc -> /home/matthieu/ros2_ws/install/web_control/share/web_control/web/stream/webrtc/.venv/lib/python3.12/site-packages/dns/__pycache__\n'}
[1.102537] (web_control) StdoutLine: {'line': b'copying web/stream/webrtc/.venv/lib/python3.12/site-packages/dns/__pycache__/ipv6.cpython-312.pyc -> /home/matthieu/ros2_ws/install/web_control/share/web_control/web/stream/webrtc/.venv/lib/python3.12/site-packages/dns/__pycache__\n'}
[1.102595] (web_control) StdoutLine: {'line': b'copying web/stream/webrtc/.venv/lib/python3.12/site-packages/dns/__pycache__/btreezone.cpython-312.pyc -> /home/matthieu/ros2_ws/install/web_control/share/web_control/web/stream/webrtc/.venv/lib/python3.12/site-packages/dns/__pycache__\n'}
[1.102653] (web_control) StdoutLine: {'line': b'copying web/stream/webrtc/.venv/lib/python3.12/site-packages/dns/__pycache__/node.cpython-312.pyc -> /home/matthieu/ros2_ws/install/web_control/share/web_control/web/stream/webrtc/.venv/lib/python3.12/site-packages/dns/__pycache__\n'}
[1.102713] (web_control) StdoutLine: {'line': b'copying web/stream/webrtc/.venv/lib/python3.12/site-packages/dns/__pycache__/rdataset.cpython-312.pyc -> /home/matthieu/ros2_ws/install/web_control/share/web_control/web/stream/webrtc/.venv/lib/python3.12/site-packages/dns/__pycache__\n'}
[1.102771] (web_control) StdoutLine: {'line': b'copying web/stream/webrtc/.venv/lib/python3.12/site-packages/dns/__pycache__/zonefile.cpython-312.pyc -> /home/matthieu/ros2_ws/install/web_control/share/web_control/web/stream/webrtc/.venv/lib/python3.12/site-packages/dns/__pycache__\n'}
[1.102836] (web_control) StdoutLine: {'line': b'copying web/stream/webrtc/.venv/lib/python3.12/site-packages/dns/__pycache__/versioned.cpython-312.pyc -> /home/matthieu/ros2_ws/install/web_control/share/web_control/web/stream/webrtc/.venv/lib/python3.12/site-packages/dns/__pycache__\n'}
[1.102899] (web_control) StdoutLine: {'line': b'copying web/stream/webrtc/.venv/lib/python3.12/site-packages/dns/__pycache__/rdata.cpython-312.pyc -> /home/matthieu/ros2_ws/install/web_control/share/web_control/web/stream/webrtc/.venv/lib/python3.12/site-packages/dns/__pycache__\n'}
[1.102977] (web_control) StdoutLine: {'line': b'copying web/stream/webrtc/.venv/lib/python3.12/site-packages/dns/__pycache__/enum.cpython-312.pyc -> /home/matthieu/ros2_ws/install/web_control/share/web_control/web/stream/webrtc/.venv/lib/python3.12/site-packages/dns/__pycache__\n'}
[1.103038] (web_control) StdoutLine: {'line': b'creating /home/matthieu/ros2_ws/install/web_control/share/web_control/web/stream/webrtc/.venv/lib/python3.12/site-packages/dns/quic\n'}
[1.103098] (web_control) StdoutLine: {'line': b'copying web/stream/webrtc/.venv/lib/python3.12/site-packages/dns/quic/_asyncio.py -> /home/matthieu/ros2_ws/install/web_control/share/web_control/web/stream/webrtc/.venv/lib/python3.12/site-packages/dns/quic\n'}
[1.103159] (web_control) StdoutLine: {'line': b'copying web/stream/webrtc/.venv/lib/python3.12/site-packages/dns/quic/_trio.py -> /home/matthieu/ros2_ws/install/web_control/share/web_control/web/stream/webrtc/.venv/lib/python3.12/site-packages/dns/quic\n'}
[1.103222] (web_control) StdoutLine: {'line': b'copying web/stream/webrtc/.venv/lib/python3.12/site-packages/dns/quic/_common.py -> /home/matthieu/ros2_ws/install/web_control/share/web_control/web/stream/webrtc/.venv/lib/python3.12/site-packages/dns/quic\n'}
[1.103280] (web_control) StdoutLine: {'line': b'copying web/stream/webrtc/.venv/lib/python3.12/site-packages/dns/quic/_sync.py -> /home/matthieu/ros2_ws/install/web_control/share/web_control/web/stream/webrtc/.venv/lib/python3.12/site-packages/dns/quic\n'}
[1.103338] (web_control) StdoutLine: {'line': b'copying web/stream/webrtc/.venv/lib/python3.12/site-packages/dns/quic/__init__.py -> /home/matthieu/ros2_ws/install/web_control/share/web_control/web/stream/webrtc/.venv/lib/python3.12/site-packages/dns/quic\n'}
[1.103395] (web_control) StdoutLine: {'line': b'creating /home/matthieu/ros2_ws/install/web_control/share/web_control/web/stream/webrtc/.venv/lib/python3.12/site-packages/dns/quic/__pycache__\n'}
[1.103454] (web_control) StdoutLine: {'line': b'copying web/stream/webrtc/.venv/lib/python3.12/site-packages/dns/quic/__pycache__/_sync.cpython-312.pyc -> /home/matthieu/ros2_ws/install/web_control/share/web_control/web/stream/webrtc/.venv/lib/python3.12/site-packages/dns/quic/__pycache__\n'}
[1.103512] (web_control) StdoutLine: {'line': b'copying web/stream/webrtc/.venv/lib/python3.12/site-packages/dns/quic/__pycache__/_trio.cpython-312.pyc -> /home/matthieu/ros2_ws/install/web_control/share/web_control/web/stream/webrtc/.venv/lib/python3.12/site-packages/dns/quic/__pycache__\n'}
[1.103571] (web_control) StdoutLine: {'line': b'copying web/stream/webrtc/.venv/lib/python3.12/site-packages/dns/quic/__pycache__/_common.cpython-312.pyc -> /home/matthieu/ros2_ws/install/web_control/share/web_control/web/stream/webrtc/.venv/lib/python3.12/site-packages/dns/quic/__pycache__\n'}
[1.103630] (web_control) StdoutLine: {'line': b'copying web/stream/webrtc/.venv/lib/python3.12/site-packages/dns/quic/__pycache__/__init__.cpython-312.pyc -> /home/matthieu/ros2_ws/install/web_control/share/web_control/web/stream/webrtc/.venv/lib/python3.12/site-packages/dns/quic/__pycache__\n'}
[1.103691] (web_control) StdoutLine: {'line': b'copying web/stream/webrtc/.venv/lib/python3.12/site-packages/dns/quic/__pycache__/_asyncio.cpython-312.pyc -> /home/matthieu/ros2_ws/install/web_control/share/web_control/web/stream/webrtc/.venv/lib/python3.12/site-packages/dns/quic/__pycache__\n'}
[1.103779] (web_control) StdoutLine: {'line': b'creating /home/matthieu/ros2_ws/install/web_control/share/web_control/web/stream/webrtc/.venv/lib/python3.12/site-packages/dns/rdtypes\n'}
[1.103837] (web_control) StdoutLine: {'line': b'copying web/stream/webrtc/.venv/lib/python3.12/site-packages/dns/rdtypes/nsbase.py -> /home/matthieu/ros2_ws/install/web_control/share/web_control/web/stream/webrtc/.venv/lib/python3.12/site-packages/dns/rdtypes\n'}
[1.103895] (web_control) StdoutLine: {'line': b'copying web/stream/webrtc/.venv/lib/python3.12/site-packages/dns/rdtypes/util.py -> /home/matthieu/ros2_ws/install/web_control/share/web_control/web/stream/webrtc/.venv/lib/python3.12/site-packages/dns/rdtypes\n'}
[1.103953] (web_control) StdoutLine: {'line': b'copying web/stream/webrtc/.venv/lib/python3.12/site-packages/dns/rdtypes/svcbbase.py -> /home/matthieu/ros2_ws/install/web_control/share/web_control/web/stream/webrtc/.venv/lib/python3.12/site-packages/dns/rdtypes\n'}
[1.104010] (web_control) StdoutLine: {'line': b'copying web/stream/webrtc/.venv/lib/python3.12/site-packages/dns/rdtypes/euibase.py -> /home/matthieu/ros2_ws/install/web_control/share/web_control/web/stream/webrtc/.venv/lib/python3.12/site-packages/dns/rdtypes\n'}
[1.104067] (web_control) StdoutLine: {'line': b'copying web/stream/webrtc/.venv/lib/python3.12/site-packages/dns/rdtypes/mxbase.py -> /home/matthieu/ros2_ws/install/web_control/share/web_control/web/stream/webrtc/.venv/lib/python3.12/site-packages/dns/rdtypes\n'}
[1.104131] (web_control) StdoutLine: {'line': b'copying web/stream/webrtc/.venv/lib/python3.12/site-packages/dns/rdtypes/dnskeybase.py -> /home/matthieu/ros2_ws/install/web_control/share/web_control/web/stream/webrtc/.venv/lib/python3.12/site-packages/dns/rdtypes\n'}
[1.104188] (web_control) StdoutLine: {'line': b'copying web/stream/webrtc/.venv/lib/python3.12/site-packages/dns/rdtypes/dsbase.py -> /home/matthieu/ros2_ws/install/web_control/share/web_control/web/stream/webrtc/.venv/lib/python3.12/site-packages/dns/rdtypes\n'}
[1.104244] (web_control) StdoutLine: {'line': b'copying web/stream/webrtc/.venv/lib/python3.12/site-packages/dns/rdtypes/tlsabase.py -> /home/matthieu/ros2_ws/install/web_control/share/web_control/web/stream/webrtc/.venv/lib/python3.12/site-packages/dns/rdtypes\n'}
[1.104304] (web_control) StdoutLine: {'line': b'copying web/stream/webrtc/.venv/lib/python3.12/site-packages/dns/rdtypes/__init__.py -> /home/matthieu/ros2_ws/install/web_control/share/web_control/web/stream/webrtc/.venv/lib/python3.12/site-packages/dns/rdtypes\n'}
[1.104380] (web_control) StdoutLine: {'line': b'copying web/stream/webrtc/.venv/lib/python3.12/site-packages/dns/rdtypes/txtbase.py -> /home/matthieu/ros2_ws/install/web_control/share/web_control/web/stream/webrtc/.venv/lib/python3.12/site-packages/dns/rdtypes\n'}
[1.104438] (web_control) StdoutLine: {'line': b'creating /home/matthieu/ros2_ws/install/web_control/share/web_control/web/stream/webrtc/.venv/lib/python3.12/site-packages/dns/rdtypes/IN\n'}
[1.104502] (web_control) StdoutLine: {'line': b'copying web/stream/webrtc/.venv/lib/python3.12/site-packages/dns/rdtypes/IN/AAAA.py -> /home/matthieu/ros2_ws/install/web_control/share/web_control/web/stream/webrtc/.venv/lib/python3.12/site-packages/dns/rdtypes/IN\n'}
[1.104549] (web_control) StdoutLine: {'line': b'copying web/stream/webrtc/.venv/lib/python3.12/site-packages/dns/rdtypes/IN/WKS.py -> /home/matthieu/ros2_ws/install/web_control/share/web_control/web/stream/webrtc/.venv/lib/python3.12/site-packages/dns/rdtypes/IN\n'}
[1.104612] (web_control) StdoutLine: {'line': b'copying web/stream/webrtc/.venv/lib/python3.12/site-packages/dns/rdtypes/IN/SVCB.py -> /home/matthieu/ros2_ws/install/web_control/share/web_control/web/stream/webrtc/.venv/lib/python3.12/site-packages/dns/rdtypes/IN\n'}
[1.104663] (web_control) StdoutLine: {'line': b'copying web/stream/webrtc/.venv/lib/python3.12/site-packages/dns/rdtypes/IN/NSAP_PTR.py -> /home/matthieu/ros2_ws/install/web_control/share/web_control/web/stream/webrtc/.venv/lib/python3.12/site-packages/dns/rdtypes/IN\n'}
[1.104730] (web_control) StdoutLine: {'line': b'copying web/stream/webrtc/.venv/lib/python3.12/site-packages/dns/rdtypes/IN/NSAP.py -> /home/matthieu/ros2_ws/install/web_control/share/web_control/web/stream/webrtc/.venv/lib/python3.12/site-packages/dns/rdtypes/IN\n'}
[1.104774] (web_control) StdoutLine: {'line': b'copying web/stream/webrtc/.venv/lib/python3.12/site-packages/dns/rdtypes/IN/A.py -> /home/matthieu/ros2_ws/install/web_control/share/web_control/web/stream/webrtc/.venv/lib/python3.12/site-packages/dns/rdtypes/IN\n'}
[1.104836] (web_control) StdoutLine: {'line': b'copying web/stream/webrtc/.venv/lib/python3.12/site-packages/dns/rdtypes/IN/KX.py -> /home/matthieu/ros2_ws/install/web_control/share/web_control/web/stream/webrtc/.venv/lib/python3.12/site-packages/dns/rdtypes/IN\n'}
[1.104893] (web_control) StdoutLine: {'line': b'copying web/stream/webrtc/.venv/lib/python3.12/site-packages/dns/rdtypes/IN/DHCID.py -> /home/matthieu/ros2_ws/install/web_control/share/web_control/web/stream/webrtc/.venv/lib/python3.12/site-packages/dns/rdtypes/IN\n'}
[1.104993] (web_control) StdoutLine: {'line': b'copying web/stream/webrtc/.venv/lib/python3.12/site-packages/dns/rdtypes/IN/PX.py -> /home/matthieu/ros2_ws/install/web_control/share/web_control/web/stream/webrtc/.venv/lib/python3.12/site-packages/dns/rdtypes/IN\n'}
[1.105051] (web_control) StdoutLine: {'line': b'copying web/stream/webrtc/.venv/lib/python3.12/site-packages/dns/rdtypes/IN/NAPTR.py -> /home/matthieu/ros2_ws/install/web_control/share/web_control/web/stream/webrtc/.venv/lib/python3.12/site-packages/dns/rdtypes/IN\n'}
[1.105104] (web_control) StdoutLine: {'line': b'copying web/stream/webrtc/.venv/lib/python3.12/site-packages/dns/rdtypes/IN/HTTPS.py -> /home/matthieu/ros2_ws/install/web_control/share/web_control/web/stream/webrtc/.venv/lib/python3.12/site-packages/dns/rdtypes/IN\n'}
[1.105153] (web_control) StdoutLine: {'line': b'copying web/stream/webrtc/.venv/lib/python3.12/site-packages/dns/rdtypes/IN/APL.py -> /home/matthieu/ros2_ws/install/web_control/share/web_control/web/stream/webrtc/.venv/lib/python3.12/site-packages/dns/rdtypes/IN\n'}
[1.105219] (web_control) StdoutLine: {'line': b'copying web/stream/webrtc/.venv/lib/python3.12/site-packages/dns/rdtypes/IN/IPSECKEY.py -> /home/matthieu/ros2_ws/install/web_control/share/web_control/web/stream/webrtc/.venv/lib/python3.12/site-packages/dns/rdtypes/IN\n'}
[1.105265] (web_control) StdoutLine: {'line': b'copying web/stream/webrtc/.venv/lib/python3.12/site-packages/dns/rdtypes/IN/SRV.py -> /home/matthieu/ros2_ws/install/web_control/share/web_control/web/stream/webrtc/.venv/lib/python3.12/site-packages/dns/rdtypes/IN\n'}
[1.105311] (web_control) StdoutLine: {'line': b'copying web/stream/webrtc/.venv/lib/python3.12/site-packages/dns/rdtypes/IN/__init__.py -> /home/matthieu/ros2_ws/install/web_control/share/web_control/web/stream/webrtc/.venv/lib/python3.12/site-packages/dns/rdtypes/IN\n'}
[1.105378] (web_control) StdoutLine: {'line': b'creating /home/matthieu/ros2_ws/install/web_control/share/web_control/web/stream/webrtc/.venv/lib/python3.12/site-packages/dns/rdtypes/IN/__pycache__\n'}
[1.105424] (web_control) StdoutLine: {'line': b'copying web/stream/webrtc/.venv/lib/python3.12/site-packages/dns/rdtypes/IN/__pycache__/A.cpython-312.pyc -> /home/matthieu/ros2_ws/install/web_control/share/web_control/web/stream/webrtc/.venv/lib/python3.12/site-packages/dns/rdtypes/IN/__pycache__\n'}
[1.105470] (web_control) StdoutLine: {'line': b'copying web/stream/webrtc/.venv/lib/python3.12/site-packages/dns/rdtypes/IN/__pycache__/IPSECKEY.cpython-312.pyc -> /home/matthieu/ros2_ws/install/web_control/share/web_control/web/stream/webrtc/.venv/lib/python3.12/site-packages/dns/rdtypes/IN/__pycache__\n'}
[1.105538] (web_control) StdoutLine: {'line': b'copying web/stream/webrtc/.venv/lib/python3.12/site-packages/dns/rdtypes/IN/__pycache__/NSAP.cpython-312.pyc -> /home/matthieu/ros2_ws/install/web_control/share/web_control/web/stream/webrtc/.venv/lib/python3.12/site-packages/dns/rdtypes/IN/__pycache__\n'}
[1.105583] (web_control) StdoutLine: {'line': b'copying web/stream/webrtc/.venv/lib/python3.12/site-packages/dns/rdtypes/IN/__pycache__/NSAP_PTR.cpython-312.pyc -> /home/matthieu/ros2_ws/install/web_control/share/web_control/web/stream/webrtc/.venv/lib/python3.12/site-packages/dns/rdtypes/IN/__pycache__\n'}
[1.105646] (web_control) StdoutLine: {'line': b'copying web/stream/webrtc/.venv/lib/python3.12/site-packages/dns/rdtypes/IN/__pycache__/KX.cpython-312.pyc -> /home/matthieu/ros2_ws/install/web_control/share/web_control/web/stream/webrtc/.venv/lib/python3.12/site-packages/dns/rdtypes/IN/__pycache__\n'}
[1.105703] (web_control) StdoutLine: {'line': b'copying web/stream/webrtc/.venv/lib/python3.12/site-packages/dns/rdtypes/IN/__pycache__/AAAA.cpython-312.pyc -> /home/matthieu/ros2_ws/install/web_control/share/web_control/web/stream/webrtc/.venv/lib/python3.12/site-packages/dns/rdtypes/IN/__pycache__\n'}
[1.105750] (web_control) StdoutLine: {'line': b'copying web/stream/webrtc/.venv/lib/python3.12/site-packages/dns/rdtypes/IN/__pycache__/WKS.cpython-312.pyc -> /home/matthieu/ros2_ws/install/web_control/share/web_control/web/stream/webrtc/.venv/lib/python3.12/site-packages/dns/rdtypes/IN/__pycache__\n'}
[1.105813] (web_control) StdoutLine: {'line': b'copying web/stream/webrtc/.venv/lib/python3.12/site-packages/dns/rdtypes/IN/__pycache__/NAPTR.cpython-312.pyc -> /home/matthieu/ros2_ws/install/web_control/share/web_control/web/stream/webrtc/.venv/lib/python3.12/site-packages/dns/rdtypes/IN/__pycache__\n'}
[1.105860] (web_control) StdoutLine: {'line': b'copying web/stream/webrtc/.venv/lib/python3.12/site-packages/dns/rdtypes/IN/__pycache__/PX.cpython-312.pyc -> /home/matthieu/ros2_ws/install/web_control/share/web_control/web/stream/webrtc/.venv/lib/python3.12/site-packages/dns/rdtypes/IN/__pycache__\n'}
[1.105921] (web_control) StdoutLine: {'line': b'copying web/stream/webrtc/.venv/lib/python3.12/site-packages/dns/rdtypes/IN/__pycache__/HTTPS.cpython-312.pyc -> /home/matthieu/ros2_ws/install/web_control/share/web_control/web/stream/webrtc/.venv/lib/python3.12/site-packages/dns/rdtypes/IN/__pycache__\n'}
[1.105968] (web_control) StdoutLine: {'line': b'copying web/stream/webrtc/.venv/lib/python3.12/site-packages/dns/rdtypes/IN/__pycache__/DHCID.cpython-312.pyc -> /home/matthieu/ros2_ws/install/web_control/share/web_control/web/stream/webrtc/.venv/lib/python3.12/site-packages/dns/rdtypes/IN/__pycache__\n'}
[1.106029] (web_control) StdoutLine: {'line': b'copying web/stream/webrtc/.venv/lib/python3.12/site-packages/dns/rdtypes/IN/__pycache__/__init__.cpython-312.pyc -> /home/matthieu/ros2_ws/install/web_control/share/web_control/web/stream/webrtc/.venv/lib/python3.12/site-packages/dns/rdtypes/IN/__pycache__\n'}
[1.106076] (web_control) StdoutLine: {'line': b'copying web/stream/webrtc/.venv/lib/python3.12/site-packages/dns/rdtypes/IN/__pycache__/SRV.cpython-312.pyc -> /home/matthieu/ros2_ws/install/web_control/share/web_control/web/stream/webrtc/.venv/lib/python3.12/site-packages/dns/rdtypes/IN/__pycache__\n'}
[1.106144] (web_control) StdoutLine: {'line': b'copying web/stream/webrtc/.venv/lib/python3.12/site-packages/dns/rdtypes/IN/__pycache__/APL.cpython-312.pyc -> /home/matthieu/ros2_ws/install/web_control/share/web_control/web/stream/webrtc/.venv/lib/python3.12/site-packages/dns/rdtypes/IN/__pycache__\n'}
[1.106200] (web_control) StdoutLine: {'line': b'copying web/stream/webrtc/.venv/lib/python3.12/site-packages/dns/rdtypes/IN/__pycache__/SVCB.cpython-312.pyc -> /home/matthieu/ros2_ws/install/web_control/share/web_control/web/stream/webrtc/.venv/lib/python3.12/site-packages/dns/rdtypes/IN/__pycache__\n'}
[1.106248] (web_control) StdoutLine: {'line': b'creating /home/matthieu/ros2_ws/install/web_control/share/web_control/web/stream/webrtc/.venv/lib/python3.12/site-packages/dns/rdtypes/__pycache__\n'}
[1.106310] (web_control) StdoutLine: {'line': b'copying web/stream/webrtc/.venv/lib/python3.12/site-packages/dns/rdtypes/__pycache__/euibase.cpython-312.pyc -> /home/matthieu/ros2_ws/install/web_control/share/web_control/web/stream/webrtc/.venv/lib/python3.12/site-packages/dns/rdtypes/__pycache__\n'}
[1.106358] (web_control) StdoutLine: {'line': b'copying web/stream/webrtc/.venv/lib/python3.12/site-packages/dns/rdtypes/__pycache__/txtbase.cpython-312.pyc -> /home/matthieu/ros2_ws/install/web_control/share/web_control/web/stream/webrtc/.venv/lib/python3.12/site-packages/dns/rdtypes/__pycache__\n'}
[1.106419] (web_control) StdoutLine: {'line': b'copying web/stream/webrtc/.venv/lib/python3.12/site-packages/dns/rdtypes/__pycache__/dnskeybase.cpython-312.pyc -> /home/matthieu/ros2_ws/install/web_control/share/web_control/web/stream/webrtc/.venv/lib/python3.12/site-packages/dns/rdtypes/__pycache__\n'}
[1.106464] (web_control) StdoutLine: {'line': b'copying web/stream/webrtc/.venv/lib/python3.12/site-packages/dns/rdtypes/__pycache__/svcbbase.cpython-312.pyc -> /home/matthieu/ros2_ws/install/web_control/share/web_control/web/stream/webrtc/.venv/lib/python3.12/site-packages/dns/rdtypes/__pycache__\n'}
[1.106526] (web_control) StdoutLine: {'line': b'copying web/stream/webrtc/.venv/lib/python3.12/site-packages/dns/rdtypes/__pycache__/mxbase.cpython-312.pyc -> /home/matthieu/ros2_ws/install/web_control/share/web_control/web/stream/webrtc/.venv/lib/python3.12/site-packages/dns/rdtypes/__pycache__\n'}
[1.106582] (web_control) StdoutLine: {'line': b'copying web/stream/webrtc/.venv/lib/python3.12/site-packages/dns/rdtypes/__pycache__/tlsabase.cpython-312.pyc -> /home/matthieu/ros2_ws/install/web_control/share/web_control/web/stream/webrtc/.venv/lib/python3.12/site-packages/dns/rdtypes/__pycache__\n'}
[1.106627] (web_control) StdoutLine: {'line': b'copying web/stream/webrtc/.venv/lib/python3.12/site-packages/dns/rdtypes/__pycache__/dsbase.cpython-312.pyc -> /home/matthieu/ros2_ws/install/web_control/share/web_control/web/stream/webrtc/.venv/lib/python3.12/site-packages/dns/rdtypes/__pycache__\n'}
[1.106690] (web_control) StdoutLine: {'line': b'copying web/stream/webrtc/.venv/lib/python3.12/site-packages/dns/rdtypes/__pycache__/nsbase.cpython-312.pyc -> /home/matthieu/ros2_ws/install/web_control/share/web_control/web/stream/webrtc/.venv/lib/python3.12/site-packages/dns/rdtypes/__pycache__\n'}
[1.106737] (web_control) StdoutLine: {'line': b'copying web/stream/webrtc/.venv/lib/python3.12/site-packages/dns/rdtypes/__pycache__/util.cpython-312.pyc -> /home/matthieu/ros2_ws/install/web_control/share/web_control/web/stream/webrtc/.venv/lib/python3.12/site-packages/dns/rdtypes/__pycache__\n'}
[1.106800] (web_control) StdoutLine: {'line': b'copying web/stream/webrtc/.venv/lib/python3.12/site-packages/dns/rdtypes/__pycache__/__init__.cpython-312.pyc -> /home/matthieu/ros2_ws/install/web_control/share/web_control/web/stream/webrtc/.venv/lib/python3.12/site-packages/dns/rdtypes/__pycache__\n'}
[1.106846] (web_control) StdoutLine: {'line': b'creating /home/matthieu/ros2_ws/install/web_control/share/web_control/web/stream/webrtc/.venv/lib/python3.12/site-packages/dns/rdtypes/ANY\n'}
[1.106907] (web_control) StdoutLine: {'line': b'copying web/stream/webrtc/.venv/lib/python3.12/site-packages/dns/rdtypes/ANY/L64.py -> /home/matthieu/ros2_ws/install/web_control/share/web_control/web/stream/webrtc/.venv/lib/python3.12/site-packages/dns/rdtypes/ANY\n'}
[1.106952] (web_control) StdoutLine: {'line': b'copying web/stream/webrtc/.venv/lib/python3.12/site-packages/dns/rdtypes/ANY/CSYNC.py -> /home/matthieu/ros2_ws/install/web_control/share/web_control/web/stream/webrtc/.venv/lib/python3.12/site-packages/dns/rdtypes/ANY\n'}
[1.107015] (web_control) StdoutLine: {'line': b'copying web/stream/webrtc/.venv/lib/python3.12/site-packages/dns/rdtypes/ANY/WALLET.py -> /home/matthieu/ros2_ws/install/web_control/share/web_control/web/stream/webrtc/.venv/lib/python3.12/site-packages/dns/rdtypes/ANY\n'}
[1.107063] (web_control) StdoutLine: {'line': b'copying web/stream/webrtc/.venv/lib/python3.12/site-packages/dns/rdtypes/ANY/CNAME.py -> /home/matthieu/ros2_ws/install/web_control/share/web_control/web/stream/webrtc/.venv/lib/python3.12/site-packages/dns/rdtypes/ANY\n'}
[1.107132] (web_control) StdoutLine: {'line': b'copying web/stream/webrtc/.venv/lib/python3.12/site-packages/dns/rdtypes/ANY/SOA.py -> /home/matthieu/ros2_ws/install/web_control/share/web_control/web/stream/webrtc/.venv/lib/python3.12/site-packages/dns/rdtypes/ANY\n'}
[1.107181] (web_control) StdoutLine: {'line': b'copying web/stream/webrtc/.venv/lib/python3.12/site-packages/dns/rdtypes/ANY/DS.py -> /home/matthieu/ros2_ws/install/web_control/share/web_control/web/stream/webrtc/.venv/lib/python3.12/site-packages/dns/rdtypes/ANY\n'}
[1.107242] (web_control) StdoutLine: {'line': b'copying web/stream/webrtc/.venv/lib/python3.12/site-packages/dns/rdtypes/ANY/SSHFP.py -> /home/matthieu/ros2_ws/install/web_control/share/web_control/web/stream/webrtc/.venv/lib/python3.12/site-packages/dns/rdtypes/ANY\n'}
[1.107288] (web_control) StdoutLine: {'line': b'copying web/stream/webrtc/.venv/lib/python3.12/site-packages/dns/rdtypes/ANY/CDNSKEY.py -> /home/matthieu/ros2_ws/install/web_control/share/web_control/web/stream/webrtc/.venv/lib/python3.12/site-packages/dns/rdtypes/ANY\n'}
[1.107348] (web_control) StdoutLine: {'line': b'copying web/stream/webrtc/.venv/lib/python3.12/site-packages/dns/rdtypes/ANY/TLSA.py -> /home/matthieu/ros2_ws/install/web_control/share/web_control/web/stream/webrtc/.venv/lib/python3.12/site-packages/dns/rdtypes/ANY\n'}
[1.107398] (web_control) StdoutLine: {'line': b'copying web/stream/webrtc/.venv/lib/python3.12/site-packages/dns/rdtypes/ANY/OPENPGPKEY.py -> /home/matthieu/ros2_ws/install/web_control/share/web_control/web/stream/webrtc/.venv/lib/python3.12/site-packages/dns/rdtypes/ANY\n'}
[1.107458] (web_control) StdoutLine: {'line': b'copying web/stream/webrtc/.venv/lib/python3.12/site-packages/dns/rdtypes/ANY/URI.py -> /home/matthieu/ros2_ws/install/web_control/share/web_control/web/stream/webrtc/.venv/lib/python3.12/site-packages/dns/rdtypes/ANY\n'}
[1.107512] (web_control) StdoutLine: {'line': b'copying web/stream/webrtc/.venv/lib/python3.12/site-packages/dns/rdtypes/ANY/X25.py -> /home/matthieu/ros2_ws/install/web_control/share/web_control/web/stream/webrtc/.venv/lib/python3.12/site-packages/dns/rdtypes/ANY\n'}
[1.107556] (web_control) StdoutLine: {'line': b'copying web/stream/webrtc/.venv/lib/python3.12/site-packages/dns/rdtypes/ANY/RP.py -> /home/matthieu/ros2_ws/install/web_control/share/web_control/web/stream/webrtc/.venv/lib/python3.12/site-packages/dns/rdtypes/ANY\n'}
[1.107617] (web_control) StdoutLine: {'line': b'copying web/stream/webrtc/.venv/lib/python3.12/site-packages/dns/rdtypes/ANY/CAA.py -> /home/matthieu/ros2_ws/install/web_control/share/web_control/web/stream/webrtc/.venv/lib/python3.12/site-packages/dns/rdtypes/ANY\n'}
[1.107661] (web_control) StdoutLine: {'line': b'copying web/stream/webrtc/.venv/lib/python3.12/site-packages/dns/rdtypes/ANY/EUI48.py -> /home/matthieu/ros2_ws/install/web_control/share/web_control/web/stream/webrtc/.venv/lib/python3.12/site-packages/dns/rdtypes/ANY\n'}
[1.107721] (web_control) StdoutLine: {'line': b'copying web/stream/webrtc/.venv/lib/python3.12/site-packages/dns/rdtypes/ANY/CERT.py -> /home/matthieu/ros2_ws/install/web_control/share/web_control/web/stream/webrtc/.venv/lib/python3.12/site-packages/dns/rdtypes/ANY\n'}
[1.107765] (web_control) StdoutLine: {'line': b'copying web/stream/webrtc/.venv/lib/python3.12/site-packages/dns/rdtypes/ANY/TKEY.py -> /home/matthieu/ros2_ws/install/web_control/share/web_control/web/stream/webrtc/.venv/lib/python3.12/site-packages/dns/rdtypes/ANY\n'}
[1.107825] (web_control) StdoutLine: {'line': b'copying web/stream/webrtc/.venv/lib/python3.12/site-packages/dns/rdtypes/ANY/ISDN.py -> /home/matthieu/ros2_ws/install/web_control/share/web_control/web/stream/webrtc/.venv/lib/python3.12/site-packages/dns/rdtypes/ANY\n'}
[1.107873] (web_control) StdoutLine: {'line': b'copying web/stream/webrtc/.venv/lib/python3.12/site-packages/dns/rdtypes/ANY/PTR.py -> /home/matthieu/ros2_ws/install/web_control/share/web_control/web/stream/webrtc/.venv/lib/python3.12/site-packages/dns/rdtypes/ANY\n'}
[1.107933] (web_control) StdoutLine: {'line': b'copying web/stream/webrtc/.venv/lib/python3.12/site-packages/dns/rdtypes/ANY/CDS.py -> /home/matthieu/ros2_ws/install/web_control/share/web_control/web/stream/webrtc/.venv/lib/python3.12/site-packages/dns/rdtypes/ANY\n'}
[1.107978] (web_control) StdoutLine: {'line': b'copying web/stream/webrtc/.venv/lib/python3.12/site-packages/dns/rdtypes/ANY/DNAME.py -> /home/matthieu/ros2_ws/install/web_control/share/web_control/web/stream/webrtc/.venv/lib/python3.12/site-packages/dns/rdtypes/ANY\n'}
[1.108038] (web_control) StdoutLine: {'line': b'copying web/stream/webrtc/.venv/lib/python3.12/site-packages/dns/rdtypes/ANY/OPT.py -> /home/matthieu/ros2_ws/install/web_control/share/web_control/web/stream/webrtc/.venv/lib/python3.12/site-packages/dns/rdtypes/ANY\n'}
[1.108085] (web_control) StdoutLine: {'line': b'copying web/stream/webrtc/.venv/lib/python3.12/site-packages/dns/rdtypes/ANY/NID.py -> /home/matthieu/ros2_ws/install/web_control/share/web_control/web/stream/webrtc/.venv/lib/python3.12/site-packages/dns/rdtypes/ANY\n'}
[1.108147] (web_control) StdoutLine: {'line': b'copying web/stream/webrtc/.venv/lib/python3.12/site-packages/dns/rdtypes/ANY/L32.py -> /home/matthieu/ros2_ws/install/web_control/share/web_control/web/stream/webrtc/.venv/lib/python3.12/site-packages/dns/rdtypes/ANY\n'}
[1.108210] (web_control) StdoutLine: {'line': b'copying web/stream/webrtc/.venv/lib/python3.12/site-packages/dns/rdtypes/ANY/DSYNC.py -> /home/matthieu/ros2_ws/install/web_control/share/web_control/web/stream/webrtc/.venv/lib/python3.12/site-packages/dns/rdtypes/ANY\n'}
[1.108256] (web_control) StdoutLine: {'line': b'copying web/stream/webrtc/.venv/lib/python3.12/site-packages/dns/rdtypes/ANY/AFSDB.py -> /home/matthieu/ros2_ws/install/web_control/share/web_control/web/stream/webrtc/.venv/lib/python3.12/site-packages/dns/rdtypes/ANY\n'}
[1.108318] (web_control) StdoutLine: {'line': b'copying web/stream/webrtc/.venv/lib/python3.12/site-packages/dns/rdtypes/ANY/TXT.py -> /home/matthieu/ros2_ws/install/web_control/share/web_control/web/stream/webrtc/.venv/lib/python3.12/site-packages/dns/rdtypes/ANY\n'}
[1.108363] (web_control) StdoutLine: {'line': b'copying web/stream/webrtc/.venv/lib/python3.12/site-packages/dns/rdtypes/ANY/AVC.py -> /home/matthieu/ros2_ws/install/web_control/share/web_control/web/stream/webrtc/.venv/lib/python3.12/site-packages/dns/rdtypes/ANY\n'}
[1.108419] (web_control) StdoutLine: {'line': b'copying web/stream/webrtc/.venv/lib/python3.12/site-packages/dns/rdtypes/ANY/EUI64.py -> /home/matthieu/ros2_ws/install/web_control/share/web_control/web/stream/webrtc/.venv/lib/python3.12/site-packages/dns/rdtypes/ANY\n'}
[1.108477] (web_control) StdoutLine: {'line': b'copying web/stream/webrtc/.venv/lib/python3.12/site-packages/dns/rdtypes/ANY/TSIG.py -> /home/matthieu/ros2_ws/install/web_control/share/web_control/web/stream/webrtc/.venv/lib/python3.12/site-packages/dns/rdtypes/ANY\n'}
[1.108535] (web_control) StdoutLine: {'line': b'copying web/stream/webrtc/.venv/lib/python3.12/site-packages/dns/rdtypes/ANY/GPOS.py -> /home/matthieu/ros2_ws/install/web_control/share/web_control/web/stream/webrtc/.venv/lib/python3.12/site-packages/dns/rdtypes/ANY\n'}
[1.108588] (web_control) StdoutLine: {'line': b'copying web/stream/webrtc/.venv/lib/python3.12/site-packages/dns/rdtypes/ANY/HIP.py -> /home/matthieu/ros2_ws/install/web_control/share/web_control/web/stream/webrtc/.venv/lib/python3.12/site-packages/dns/rdtypes/ANY\n'}
[1.108646] (web_control) StdoutLine: {'line': b'copying web/stream/webrtc/.venv/lib/python3.12/site-packages/dns/rdtypes/ANY/MX.py -> /home/matthieu/ros2_ws/install/web_control/share/web_control/web/stream/webrtc/.venv/lib/python3.12/site-packages/dns/rdtypes/ANY\n'}
[1.108702] (web_control) StdoutLine: {'line': b'copying web/stream/webrtc/.venv/lib/python3.12/site-packages/dns/rdtypes/ANY/NINFO.py -> /home/matthieu/ros2_ws/install/web_control/share/web_control/web/stream/webrtc/.venv/lib/python3.12/site-packages/dns/rdtypes/ANY\n'}
[1.108764] (web_control) StdoutLine: {'line': b'copying web/stream/webrtc/.venv/lib/python3.12/site-packages/dns/rdtypes/ANY/SPF.py -> /home/matthieu/ros2_ws/install/web_control/share/web_control/web/stream/webrtc/.venv/lib/python3.12/site-packages/dns/rdtypes/ANY\n'}
[1.108809] (web_control) StdoutLine: {'line': b'copying web/stream/webrtc/.venv/lib/python3.12/site-packages/dns/rdtypes/ANY/LP.py -> /home/matthieu/ros2_ws/install/web_control/share/web_control/web/stream/webrtc/.venv/lib/python3.12/site-packages/dns/rdtypes/ANY\n'}
[1.108871] (web_control) StdoutLine: {'line': b'copying web/stream/webrtc/.venv/lib/python3.12/site-packages/dns/rdtypes/ANY/NSEC.py -> /home/matthieu/ros2_ws/install/web_control/share/web_control/web/stream/webrtc/.venv/lib/python3.12/site-packages/dns/rdtypes/ANY\n'}
[1.108916] (web_control) StdoutLine: {'line': b'copying web/stream/webrtc/.venv/lib/python3.12/site-packages/dns/rdtypes/ANY/SMIMEA.py -> /home/matthieu/ros2_ws/install/web_control/share/web_control/web/stream/webrtc/.venv/lib/python3.12/site-packages/dns/rdtypes/ANY\n'}
[1.108968] (web_control) StdoutLine: {'line': b'copying web/stream/webrtc/.venv/lib/python3.12/site-packages/dns/rdtypes/ANY/RRSIG.py -> /home/matthieu/ros2_ws/install/web_control/share/web_control/web/stream/webrtc/.venv/lib/python3.12/site-packages/dns/rdtypes/ANY\n'}
[1.109026] (web_control) StdoutLine: {'line': b'copying web/stream/webrtc/.venv/lib/python3.12/site-packages/dns/rdtypes/ANY/ZONEMD.py -> /home/matthieu/ros2_ws/install/web_control/share/web_control/web/stream/webrtc/.venv/lib/python3.12/site-packages/dns/rdtypes/ANY\n'}
[1.109087] (web_control) StdoutLine: {'line': b'copying web/stream/webrtc/.venv/lib/python3.12/site-packages/dns/rdtypes/ANY/NSEC3PARAM.py -> /home/matthieu/ros2_ws/install/web_control/share/web_control/web/stream/webrtc/.venv/lib/python3.12/site-packages/dns/rdtypes/ANY\n'}
[1.109150] (web_control) StdoutLine: {'line': b'copying web/stream/webrtc/.venv/lib/python3.12/site-packages/dns/rdtypes/ANY/NSEC3.py -> /home/matthieu/ros2_ws/install/web_control/share/web_control/web/stream/webrtc/.venv/lib/python3.12/site-packages/dns/rdtypes/ANY\n'}
[1.109214] (web_control) StdoutLine: {'line': b'copying web/stream/webrtc/.venv/lib/python3.12/site-packages/dns/rdtypes/ANY/RESINFO.py -> /home/matthieu/ros2_ws/install/web_control/share/web_control/web/stream/webrtc/.venv/lib/python3.12/site-packages/dns/rdtypes/ANY\n'}
[1.109260] (web_control) StdoutLine: {'line': b'copying web/stream/webrtc/.venv/lib/python3.12/site-packages/dns/rdtypes/ANY/HINFO.py -> /home/matthieu/ros2_ws/install/web_control/share/web_control/web/stream/webrtc/.venv/lib/python3.12/site-packages/dns/rdtypes/ANY\n'}
[1.109322] (web_control) StdoutLine: {'line': b'copying web/stream/webrtc/.venv/lib/python3.12/site-packages/dns/rdtypes/ANY/AMTRELAY.py -> /home/matthieu/ros2_ws/install/web_control/share/web_control/web/stream/webrtc/.venv/lib/python3.12/site-packages/dns/rdtypes/ANY\n'}
[1.109367] (web_control) StdoutLine: {'line': b'copying web/stream/webrtc/.venv/lib/python3.12/site-packages/dns/rdtypes/ANY/RT.py -> /home/matthieu/ros2_ws/install/web_control/share/web_control/web/stream/webrtc/.venv/lib/python3.12/site-packages/dns/rdtypes/ANY\n'}
[1.109418] (web_control) StdoutLine: {'line': b'copying web/stream/webrtc/.venv/lib/python3.12/site-packages/dns/rdtypes/ANY/NS.py -> /home/matthieu/ros2_ws/install/web_control/share/web_control/web/stream/webrtc/.venv/lib/python3.12/site-packages/dns/rdtypes/ANY\n'}
[1.109479] (web_control) StdoutLine: {'line': b'copying web/stream/webrtc/.venv/lib/python3.12/site-packages/dns/rdtypes/ANY/DNSKEY.py -> /home/matthieu/ros2_ws/install/web_control/share/web_control/web/stream/webrtc/.venv/lib/python3.12/site-packages/dns/rdtypes/ANY\n'}
[1.109535] (web_control) StdoutLine: {'line': b'copying web/stream/webrtc/.venv/lib/python3.12/site-packages/dns/rdtypes/ANY/DLV.py -> /home/matthieu/ros2_ws/install/web_control/share/web_control/web/stream/webrtc/.venv/lib/python3.12/site-packages/dns/rdtypes/ANY\n'}
[1.109592] (web_control) StdoutLine: {'line': b'copying web/stream/webrtc/.venv/lib/python3.12/site-packages/dns/rdtypes/ANY/LOC.py -> /home/matthieu/ros2_ws/install/web_control/share/web_control/web/stream/webrtc/.venv/lib/python3.12/site-packages/dns/rdtypes/ANY\n'}
[1.109652] (web_control) StdoutLine: {'line': b'copying web/stream/webrtc/.venv/lib/python3.12/site-packages/dns/rdtypes/ANY/__init__.py -> /home/matthieu/ros2_ws/install/web_control/share/web_control/web/stream/webrtc/.venv/lib/python3.12/site-packages/dns/rdtypes/ANY\n'}
[1.109717] (web_control) StdoutLine: {'line': b'creating /home/matthieu/ros2_ws/install/web_control/share/web_control/web/stream/webrtc/.venv/lib/python3.12/site-packages/dns/rdtypes/ANY/__pycache__\n'}
[1.109762] (web_control) StdoutLine: {'line': b'copying web/stream/webrtc/.venv/lib/python3.12/site-packages/dns/rdtypes/ANY/__pycache__/TLSA.cpython-312.pyc -> /home/matthieu/ros2_ws/install/web_control/share/web_control/web/stream/webrtc/.venv/lib/python3.12/site-packages/dns/rdtypes/ANY/__pycache__\n'}
[1.109822] (web_control) StdoutLine: {'line': b'copying web/stream/webrtc/.venv/lib/python3.12/site-packages/dns/rdtypes/ANY/__pycache__/NID.cpython-312.pyc -> /home/matthieu/ros2_ws/install/web_control/share/web_control/web/stream/webrtc/.venv/lib/python3.12/site-packages/dns/rdtypes/ANY/__pycache__\n'}
[1.109867] (web_control) StdoutLine: {'line': b'copying web/stream/webrtc/.venv/lib/python3.12/site-packages/dns/rdtypes/ANY/__pycache__/SSHFP.cpython-312.pyc -> /home/matthieu/ros2_ws/install/web_control/share/web_control/web/stream/webrtc/.venv/lib/python3.12/site-packages/dns/rdtypes/ANY/__pycache__\n'}
[1.109929] (web_control) StdoutLine: {'line': b'copying web/stream/webrtc/.venv/lib/python3.12/site-packages/dns/rdtypes/ANY/__pycache__/SPF.cpython-312.pyc -> /home/matthieu/ros2_ws/install/web_control/share/web_control/web/stream/webrtc/.venv/lib/python3.12/site-packages/dns/rdtypes/ANY/__pycache__\n'}
[1.109975] (web_control) StdoutLine: {'line': b'copying web/stream/webrtc/.venv/lib/python3.12/site-packages/dns/rdtypes/ANY/__pycache__/RT.cpython-312.pyc -> /home/matthieu/ros2_ws/install/web_control/share/web_control/web/stream/webrtc/.venv/lib/python3.12/site-packages/dns/rdtypes/ANY/__pycache__\n'}
[1.110032] (web_control) StdoutLine: {'line': b'copying web/stream/webrtc/.venv/lib/python3.12/site-packages/dns/rdtypes/ANY/__pycache__/HIP.cpython-312.pyc -> /home/matthieu/ros2_ws/install/web_control/share/web_control/web/stream/webrtc/.venv/lib/python3.12/site-packages/dns/rdtypes/ANY/__pycache__\n'}
[1.110093] (web_control) StdoutLine: {'line': b'copying web/stream/webrtc/.venv/lib/python3.12/site-packages/dns/rdtypes/ANY/__pycache__/GPOS.cpython-312.pyc -> /home/matthieu/ros2_ws/install/web_control/share/web_control/web/stream/webrtc/.venv/lib/python3.12/site-packages/dns/rdtypes/ANY/__pycache__\n'}
[1.110154] (web_control) StdoutLine: {'line': b'copying web/stream/webrtc/.venv/lib/python3.12/site-packages/dns/rdtypes/ANY/__pycache__/ZONEMD.cpython-312.pyc -> /home/matthieu/ros2_ws/install/web_control/share/web_control/web/stream/webrtc/.venv/lib/python3.12/site-packages/dns/rdtypes/ANY/__pycache__\n'}
[1.110221] (web_control) StdoutLine: {'line': b'copying web/stream/webrtc/.venv/lib/python3.12/site-packages/dns/rdtypes/ANY/__pycache__/CAA.cpython-312.pyc -> /home/matthieu/ros2_ws/install/web_control/share/web_control/web/stream/webrtc/.venv/lib/python3.12/site-packages/dns/rdtypes/ANY/__pycache__\n'}
[1.110279] (web_control) StdoutLine: {'line': b'copying web/stream/webrtc/.venv/lib/python3.12/site-packages/dns/rdtypes/ANY/__pycache__/RP.cpython-312.pyc -> /home/matthieu/ros2_ws/install/web_control/share/web_control/web/stream/webrtc/.venv/lib/python3.12/site-packages/dns/rdtypes/ANY/__pycache__\n'}
[1.110333] (web_control) StdoutLine: {'line': b'copying web/stream/webrtc/.venv/lib/python3.12/site-packages/dns/rdtypes/ANY/__pycache__/RRSIG.cpython-312.pyc -> /home/matthieu/ros2_ws/install/web_control/share/web_control/web/stream/webrtc/.venv/lib/python3.12/site-packages/dns/rdtypes/ANY/__pycache__\n'}
[1.110388] (web_control) StdoutLine: {'line': b'copying web/stream/webrtc/.venv/lib/python3.12/site-packages/dns/rdtypes/ANY/__pycache__/CERT.cpython-312.pyc -> /home/matthieu/ros2_ws/install/web_control/share/web_control/web/stream/webrtc/.venv/lib/python3.12/site-packages/dns/rdtypes/ANY/__pycache__\n'}
[1.110445] (web_control) StdoutLine: {'line': b'copying web/stream/webrtc/.venv/lib/python3.12/site-packages/dns/rdtypes/ANY/__pycache__/OPENPGPKEY.cpython-312.pyc -> /home/matthieu/ros2_ws/install/web_control/share/web_control/web/stream/webrtc/.venv/lib/python3.12/site-packages/dns/rdtypes/ANY/__pycache__\n'}
[1.110506] (web_control) StdoutLine: {'line': b'copying web/stream/webrtc/.venv/lib/python3.12/site-packages/dns/rdtypes/ANY/__pycache__/WALLET.cpython-312.pyc -> /home/matthieu/ros2_ws/install/web_control/share/web_control/web/stream/webrtc/.venv/lib/python3.12/site-packages/dns/rdtypes/ANY/__pycache__\n'}
[1.110550] (web_control) StdoutLine: {'line': b'copying web/stream/webrtc/.venv/lib/python3.12/site-packages/dns/rdtypes/ANY/__pycache__/SMIMEA.cpython-312.pyc -> /home/matthieu/ros2_ws/install/web_control/share/web_control/web/stream/webrtc/.venv/lib/python3.12/site-packages/dns/rdtypes/ANY/__pycache__\n'}
[1.110604] (web_control) StdoutLine: {'line': b'copying web/stream/webrtc/.venv/lib/python3.12/site-packages/dns/rdtypes/ANY/__pycache__/EUI64.cpython-312.pyc -> /home/matthieu/ros2_ws/install/web_control/share/web_control/web/stream/webrtc/.venv/lib/python3.12/site-packages/dns/rdtypes/ANY/__pycache__\n'}
[1.110660] (web_control) StdoutLine: {'line': b'copying web/stream/webrtc/.venv/lib/python3.12/site-packages/dns/rdtypes/ANY/__pycache__/X25.cpython-312.pyc -> /home/matthieu/ros2_ws/install/web_control/share/web_control/web/stream/webrtc/.venv/lib/python3.12/site-packages/dns/rdtypes/ANY/__pycache__\n'}
[1.110721] (web_control) StdoutLine: {'line': b'copying web/stream/webrtc/.venv/lib/python3.12/site-packages/dns/rdtypes/ANY/__pycache__/DNAME.cpython-312.pyc -> /home/matthieu/ros2_ws/install/web_control/share/web_control/web/stream/webrtc/.venv/lib/python3.12/site-packages/dns/rdtypes/ANY/__pycache__\n'}
[1.110764] (web_control) StdoutLine: {'line': b'copying web/stream/webrtc/.venv/lib/python3.12/site-packages/dns/rdtypes/ANY/__pycache__/NS.cpython-312.pyc -> /home/matthieu/ros2_ws/install/web_control/share/web_control/web/stream/webrtc/.venv/lib/python3.12/site-packages/dns/rdtypes/ANY/__pycache__\n'}
[1.110820] (web_control) StdoutLine: {'line': b'copying web/stream/webrtc/.venv/lib/python3.12/site-packages/dns/rdtypes/ANY/__pycache__/CDS.cpython-312.pyc -> /home/matthieu/ros2_ws/install/web_control/share/web_control/web/stream/webrtc/.venv/lib/python3.12/site-packages/dns/rdtypes/ANY/__pycache__\n'}
[1.110880] (web_control) StdoutLine: {'line': b'copying web/stream/webrtc/.venv/lib/python3.12/site-packages/dns/rdtypes/ANY/__pycache__/CNAME.cpython-312.pyc -> /home/matthieu/ros2_ws/install/web_control/share/web_control/web/stream/webrtc/.venv/lib/python3.12/site-packages/dns/rdtypes/ANY/__pycache__\n'}
[1.110923] (web_control) StdoutLine: {'line': b'copying web/stream/webrtc/.venv/lib/python3.12/site-packages/dns/rdtypes/ANY/__pycache__/AVC.cpython-312.pyc -> /home/matthieu/ros2_ws/install/web_control/share/web_control/web/stream/webrtc/.venv/lib/python3.12/site-packages/dns/rdtypes/ANY/__pycache__\n'}
[1.110981] (web_control) StdoutLine: {'line': b'copying web/stream/webrtc/.venv/lib/python3.12/site-packages/dns/rdtypes/ANY/__pycache__/CSYNC.cpython-312.pyc -> /home/matthieu/ros2_ws/install/web_control/share/web_control/web/stream/webrtc/.venv/lib/python3.12/site-packages/dns/rdtypes/ANY/__pycache__\n'}
[1.111024] (web_control) StdoutLine: {'line': b'copying web/stream/webrtc/.venv/lib/python3.12/site-packages/dns/rdtypes/ANY/__pycache__/TXT.cpython-312.pyc -> /home/matthieu/ros2_ws/install/web_control/share/web_control/web/stream/webrtc/.venv/lib/python3.12/site-packages/dns/rdtypes/ANY/__pycache__\n'}
[1.111075] (web_control) StdoutLine: {'line': b'copying web/stream/webrtc/.venv/lib/python3.12/site-packages/dns/rdtypes/ANY/__pycache__/L64.cpython-312.pyc -> /home/matthieu/ros2_ws/install/web_control/share/web_control/web/stream/webrtc/.venv/lib/python3.12/site-packages/dns/rdtypes/ANY/__pycache__\n'}
[1.111138] (web_control) StdoutLine: {'line': b'copying web/stream/webrtc/.venv/lib/python3.12/site-packages/dns/rdtypes/ANY/__pycache__/EUI48.cpython-312.pyc -> /home/matthieu/ros2_ws/install/web_control/share/web_control/web/stream/webrtc/.venv/lib/python3.12/site-packages/dns/rdtypes/ANY/__pycache__\n'}
[1.111192] (web_control) StdoutLine: {'line': b'copying web/stream/webrtc/.venv/lib/python3.12/site-packages/dns/rdtypes/ANY/__pycache__/PTR.cpython-312.pyc -> /home/matthieu/ros2_ws/install/web_control/share/web_control/web/stream/webrtc/.venv/lib/python3.12/site-packages/dns/rdtypes/ANY/__pycache__\n'}
[1.111249] (web_control) StdoutLine: {'line': b'copying web/stream/webrtc/.venv/lib/python3.12/site-packages/dns/rdtypes/ANY/__pycache__/NSEC.cpython-312.pyc -> /home/matthieu/ros2_ws/install/web_control/share/web_control/web/stream/webrtc/.venv/lib/python3.12/site-packages/dns/rdtypes/ANY/__pycache__\n'}
[1.111305] (web_control) StdoutLine: {'line': b'copying web/stream/webrtc/.venv/lib/python3.12/site-packages/dns/rdtypes/ANY/__pycache__/OPT.cpython-312.pyc -> /home/matthieu/ros2_ws/install/web_control/share/web_control/web/stream/webrtc/.venv/lib/python3.12/site-packages/dns/rdtypes/ANY/__pycache__\n'}
[1.111359] (web_control) StdoutLine: {'line': b'copying web/stream/webrtc/.venv/lib/python3.12/site-packages/dns/rdtypes/ANY/__pycache__/DLV.cpython-312.pyc -> /home/matthieu/ros2_ws/install/web_control/share/web_control/web/stream/webrtc/.venv/lib/python3.12/site-packages/dns/rdtypes/ANY/__pycache__\n'}
[1.111415] (web_control) StdoutLine: {'line': b'copying web/stream/webrtc/.venv/lib/python3.12/site-packages/dns/rdtypes/ANY/__pycache__/DS.cpython-312.pyc -> /home/matthieu/ros2_ws/install/web_control/share/web_control/web/stream/webrtc/.venv/lib/python3.12/site-packages/dns/rdtypes/ANY/__pycache__\n'}
[1.111471] (web_control) StdoutLine: {'line': b'copying web/stream/webrtc/.venv/lib/python3.12/site-packages/dns/rdtypes/ANY/__pycache__/LP.cpython-312.pyc -> /home/matthieu/ros2_ws/install/web_control/share/web_control/web/stream/webrtc/.venv/lib/python3.12/site-packages/dns/rdtypes/ANY/__pycache__\n'}
[1.111528] (web_control) StdoutLine: {'line': b'copying web/stream/webrtc/.venv/lib/python3.12/site-packages/dns/rdtypes/ANY/__pycache__/HINFO.cpython-312.pyc -> /home/matthieu/ros2_ws/install/web_control/share/web_control/web/stream/webrtc/.venv/lib/python3.12/site-packages/dns/rdtypes/ANY/__pycache__\n'}
[1.111584] (web_control) StdoutLine: {'line': b'copying web/stream/webrtc/.venv/lib/python3.12/site-packages/dns/rdtypes/ANY/__pycache__/DSYNC.cpython-312.pyc -> /home/matthieu/ros2_ws/install/web_control/share/web_control/web/stream/webrtc/.venv/lib/python3.12/site-packages/dns/rdtypes/ANY/__pycache__\n'}
[1.111640] (web_control) StdoutLine: {'line': b'copying web/stream/webrtc/.venv/lib/python3.12/site-packages/dns/rdtypes/ANY/__pycache__/LOC.cpython-312.pyc -> /home/matthieu/ros2_ws/install/web_control/share/web_control/web/stream/webrtc/.venv/lib/python3.12/site-packages/dns/rdtypes/ANY/__pycache__\n'}
[1.111696] (web_control) StdoutLine: {'line': b'copying web/stream/webrtc/.venv/lib/python3.12/site-packages/dns/rdtypes/ANY/__pycache__/NSEC3.cpython-312.pyc -> /home/matthieu/ros2_ws/install/web_control/share/web_control/web/stream/webrtc/.venv/lib/python3.12/site-packages/dns/rdtypes/ANY/__pycache__\n'}
[1.111751] (web_control) StdoutLine: {'line': b'copying web/stream/webrtc/.venv/lib/python3.12/site-packages/dns/rdtypes/ANY/__pycache__/TKEY.cpython-312.pyc -> /home/matthieu/ros2_ws/install/web_control/share/web_control/web/stream/webrtc/.venv/lib/python3.12/site-packages/dns/rdtypes/ANY/__pycache__\n'}
[1.111810] (web_control) StdoutLine: {'line': b'copying web/stream/webrtc/.venv/lib/python3.12/site-packages/dns/rdtypes/ANY/__pycache__/TSIG.cpython-312.pyc -> /home/matthieu/ros2_ws/install/web_control/share/web_control/web/stream/webrtc/.venv/lib/python3.12/site-packages/dns/rdtypes/ANY/__pycache__\n'}
[1.111866] (web_control) StdoutLine: {'line': b'copying web/stream/webrtc/.venv/lib/python3.12/site-packages/dns/rdtypes/ANY/__pycache__/__init__.cpython-312.pyc -> /home/matthieu/ros2_ws/install/web_control/share/web_control/web/stream/webrtc/.venv/lib/python3.12/site-packages/dns/rdtypes/ANY/__pycache__\n'}
[1.111922] (web_control) StdoutLine: {'line': b'copying web/stream/webrtc/.venv/lib/python3.12/site-packages/dns/rdtypes/ANY/__pycache__/L32.cpython-312.pyc -> /home/matthieu/ros2_ws/install/web_control/share/web_control/web/stream/webrtc/.venv/lib/python3.12/site-packages/dns/rdtypes/ANY/__pycache__\n'}
[1.111978] (web_control) StdoutLine: {'line': b'copying web/stream/webrtc/.venv/lib/python3.12/site-packages/dns/rdtypes/ANY/__pycache__/NINFO.cpython-312.pyc -> /home/matthieu/ros2_ws/install/web_control/share/web_control/web/stream/webrtc/.venv/lib/python3.12/site-packages/dns/rdtypes/ANY/__pycache__\n'}
[1.112034] (web_control) StdoutLine: {'line': b'copying web/stream/webrtc/.venv/lib/python3.12/site-packages/dns/rdtypes/ANY/__pycache__/RESINFO.cpython-312.pyc -> /home/matthieu/ros2_ws/install/web_control/share/web_control/web/stream/webrtc/.venv/lib/python3.12/site-packages/dns/rdtypes/ANY/__pycache__\n'}
[1.112088] (web_control) StdoutLine: {'line': b'copying web/stream/webrtc/.venv/lib/python3.12/site-packages/dns/rdtypes/ANY/__pycache__/SOA.cpython-312.pyc -> /home/matthieu/ros2_ws/install/web_control/share/web_control/web/stream/webrtc/.venv/lib/python3.12/site-packages/dns/rdtypes/ANY/__pycache__\n'}
[1.112147] (web_control) StdoutLine: {'line': b'copying web/stream/webrtc/.venv/lib/python3.12/site-packages/dns/rdtypes/ANY/__pycache__/DNSKEY.cpython-312.pyc -> /home/matthieu/ros2_ws/install/web_control/share/web_control/web/stream/webrtc/.venv/lib/python3.12/site-packages/dns/rdtypes/ANY/__pycache__\n'}
[1.112206] (web_control) StdoutLine: {'line': b'copying web/stream/webrtc/.venv/lib/python3.12/site-packages/dns/rdtypes/ANY/__pycache__/CDNSKEY.cpython-312.pyc -> /home/matthieu/ros2_ws/install/web_control/share/web_control/web/stream/webrtc/.venv/lib/python3.12/site-packages/dns/rdtypes/ANY/__pycache__\n'}
[1.112264] (web_control) StdoutLine: {'line': b'copying web/stream/webrtc/.venv/lib/python3.12/site-packages/dns/rdtypes/ANY/__pycache__/MX.cpython-312.pyc -> /home/matthieu/ros2_ws/install/web_control/share/web_control/web/stream/webrtc/.venv/lib/python3.12/site-packages/dns/rdtypes/ANY/__pycache__\n'}
[1.112332] (web_control) StdoutLine: {'line': b'copying web/stream/webrtc/.venv/lib/python3.12/site-packages/dns/rdtypes/ANY/__pycache__/AFSDB.cpython-312.pyc -> /home/matthieu/ros2_ws/install/web_control/share/web_control/web/stream/webrtc/.venv/lib/python3.12/site-packages/dns/rdtypes/ANY/__pycache__\n'}
[1.112393] (web_control) StdoutLine: {'line': b'copying web/stream/webrtc/.venv/lib/python3.12/site-packages/dns/rdtypes/ANY/__pycache__/NSEC3PARAM.cpython-312.pyc -> /home/matthieu/ros2_ws/install/web_control/share/web_control/web/stream/webrtc/.venv/lib/python3.12/site-packages/dns/rdtypes/ANY/__pycache__\n'}
[1.112457] (web_control) StdoutLine: {'line': b'copying web/stream/webrtc/.venv/lib/python3.12/site-packages/dns/rdtypes/ANY/__pycache__/ISDN.cpython-312.pyc -> /home/matthieu/ros2_ws/install/web_control/share/web_control/web/stream/webrtc/.venv/lib/python3.12/site-packages/dns/rdtypes/ANY/__pycache__\n'}
[1.112515] (web_control) StdoutLine: {'line': b'copying web/stream/webrtc/.venv/lib/python3.12/site-packages/dns/rdtypes/ANY/__pycache__/URI.cpython-312.pyc -> /home/matthieu/ros2_ws/install/web_control/share/web_control/web/stream/webrtc/.venv/lib/python3.12/site-packages/dns/rdtypes/ANY/__pycache__\n'}
[1.112598] (web_control) StdoutLine: {'line': b'copying web/stream/webrtc/.venv/lib/python3.12/site-packages/dns/rdtypes/ANY/__pycache__/AMTRELAY.cpython-312.pyc -> /home/matthieu/ros2_ws/install/web_control/share/web_control/web/stream/webrtc/.venv/lib/python3.12/site-packages/dns/rdtypes/ANY/__pycache__\n'}
[1.112659] (web_control) StdoutLine: {'line': b'creating /home/matthieu/ros2_ws/install/web_control/share/web_control/web/stream/webrtc/.venv/lib/python3.12/site-packages/dns/rdtypes/CH\n'}
[1.112719] (web_control) StdoutLine: {'line': b'copying web/stream/webrtc/.venv/lib/python3.12/site-packages/dns/rdtypes/CH/A.py -> /home/matthieu/ros2_ws/install/web_control/share/web_control/web/stream/webrtc/.venv/lib/python3.12/site-packages/dns/rdtypes/CH\n'}
[1.112783] (web_control) StdoutLine: {'line': b'copying web/stream/webrtc/.venv/lib/python3.12/site-packages/dns/rdtypes/CH/__init__.py -> /home/matthieu/ros2_ws/install/web_control/share/web_control/web/stream/webrtc/.venv/lib/python3.12/site-packages/dns/rdtypes/CH\n'}
[1.112830] (web_control) StdoutLine: {'line': b'creating /home/matthieu/ros2_ws/install/web_control/share/web_control/web/stream/webrtc/.venv/lib/python3.12/site-packages/dns/rdtypes/CH/__pycache__\n'}
[1.112891] (web_control) StdoutLine: {'line': b'copying web/stream/webrtc/.venv/lib/python3.12/site-packages/dns/rdtypes/CH/__pycache__/A.cpython-312.pyc -> /home/matthieu/ros2_ws/install/web_control/share/web_control/web/stream/webrtc/.venv/lib/python3.12/site-packages/dns/rdtypes/CH/__pycache__\n'}
[1.112936] (web_control) StdoutLine: {'line': b'copying web/stream/webrtc/.venv/lib/python3.12/site-packages/dns/rdtypes/CH/__pycache__/__init__.cpython-312.pyc -> /home/matthieu/ros2_ws/install/web_control/share/web_control/web/stream/webrtc/.venv/lib/python3.12/site-packages/dns/rdtypes/CH/__pycache__\n'}
[1.112999] (web_control) StdoutLine: {'line': b'creating /home/matthieu/ros2_ws/install/web_control/share/web_control/web/stream/webrtc/.venv/lib/python3.12/site-packages/cryptography\n'}
[1.113044] (web_control) StdoutLine: {'line': b'copying web/stream/webrtc/.venv/lib/python3.12/site-packages/cryptography/__about__.py -> /home/matthieu/ros2_ws/install/web_control/share/web_control/web/stream/webrtc/.venv/lib/python3.12/site-packages/cryptography\n'}
[1.113103] (web_control) StdoutLine: {'line': b'copying web/stream/webrtc/.venv/lib/python3.12/site-packages/cryptography/fernet.py -> /home/matthieu/ros2_ws/install/web_control/share/web_control/web/stream/webrtc/.venv/lib/python3.12/site-packages/cryptography\n'}
[1.113171] (web_control) StdoutLine: {'line': b'copying web/stream/webrtc/.venv/lib/python3.12/site-packages/cryptography/py.typed -> /home/matthieu/ros2_ws/install/web_control/share/web_control/web/stream/webrtc/.venv/lib/python3.12/site-packages/cryptography\n'}
[1.113214] (web_control) StdoutLine: {'line': b'copying web/stream/webrtc/.venv/lib/python3.12/site-packages/cryptography/exceptions.py -> /home/matthieu/ros2_ws/install/web_control/share/web_control/web/stream/webrtc/.venv/lib/python3.12/site-packages/cryptography\n'}
[1.113276] (web_control) StdoutLine: {'line': b'copying web/stream/webrtc/.venv/lib/python3.12/site-packages/cryptography/utils.py -> /home/matthieu/ros2_ws/install/web_control/share/web_control/web/stream/webrtc/.venv/lib/python3.12/site-packages/cryptography\n'}
[1.113318] (web_control) StdoutLine: {'line': b'copying web/stream/webrtc/.venv/lib/python3.12/site-packages/cryptography/__init__.py -> /home/matthieu/ros2_ws/install/web_control/share/web_control/web/stream/webrtc/.venv/lib/python3.12/site-packages/cryptography\n'}
[1.113377] (web_control) StdoutLine: {'line': b'creating /home/matthieu/ros2_ws/install/web_control/share/web_control/web/stream/webrtc/.venv/lib/python3.12/site-packages/cryptography/hazmat\n'}
[1.113421] (web_control) StdoutLine: {'line': b'copying web/stream/webrtc/.venv/lib/python3.12/site-packages/cryptography/hazmat/_oid.py -> /home/matthieu/ros2_ws/install/web_control/share/web_control/web/stream/webrtc/.venv/lib/python3.12/site-packages/cryptography/hazmat\n'}
[1.113473] (web_control) StdoutLine: {'line': b'copying web/stream/webrtc/.venv/lib/python3.12/site-packages/cryptography/hazmat/__init__.py -> /home/matthieu/ros2_ws/install/web_control/share/web_control/web/stream/webrtc/.venv/lib/python3.12/site-packages/cryptography/hazmat\n'}
[1.113532] (web_control) StdoutLine: {'line': b'creating /home/matthieu/ros2_ws/install/web_control/share/web_control/web/stream/webrtc/.venv/lib/python3.12/site-packages/cryptography/hazmat/primitives\n'}
[1.113582] (web_control) StdoutLine: {'line': b'copying web/stream/webrtc/.venv/lib/python3.12/site-packages/cryptography/hazmat/primitives/poly1305.py -> /home/matthieu/ros2_ws/install/web_control/share/web_control/web/stream/webrtc/.venv/lib/python3.12/site-packages/cryptography/hazmat/primitives\n'}
[1.113625] (web_control) StdoutLine: {'line': b'copying web/stream/webrtc/.venv/lib/python3.12/site-packages/cryptography/hazmat/primitives/padding.py -> /home/matthieu/ros2_ws/install/web_control/share/web_control/web/stream/webrtc/.venv/lib/python3.12/site-packages/cryptography/hazmat/primitives\n'}
[1.113684] (web_control) StdoutLine: {'line': b'copying web/stream/webrtc/.venv/lib/python3.12/site-packages/cryptography/hazmat/primitives/keywrap.py -> /home/matthieu/ros2_ws/install/web_control/share/web_control/web/stream/webrtc/.venv/lib/python3.12/site-packages/cryptography/hazmat/primitives\n'}
[1.113727] (web_control) StdoutLine: {'line': b'copying web/stream/webrtc/.venv/lib/python3.12/site-packages/cryptography/hazmat/primitives/hashes.py -> /home/matthieu/ros2_ws/install/web_control/share/web_control/web/stream/webrtc/.venv/lib/python3.12/site-packages/cryptography/hazmat/primitives\n'}
[1.113787] (web_control) StdoutLine: {'line': b'copying web/stream/webrtc/.venv/lib/python3.12/site-packages/cryptography/hazmat/primitives/_serialization.py -> /home/matthieu/ros2_ws/install/web_control/share/web_control/web/stream/webrtc/.venv/lib/python3.12/site-packages/cryptography/hazmat/primitives\n'}
[1.113830] (web_control) StdoutLine: {'line': b'copying web/stream/webrtc/.venv/lib/python3.12/site-packages/cryptography/hazmat/primitives/constant_time.py -> /home/matthieu/ros2_ws/install/web_control/share/web_control/web/stream/webrtc/.venv/lib/python3.12/site-packages/cryptography/hazmat/primitives\n'}
[1.113885] (web_control) StdoutLine: {'line': b'copying web/stream/webrtc/.venv/lib/python3.12/site-packages/cryptography/hazmat/primitives/_asymmetric.py -> /home/matthieu/ros2_ws/install/web_control/share/web_control/web/stream/webrtc/.venv/lib/python3.12/site-packages/cryptography/hazmat/primitives\n'}
[1.113935] (web_control) StdoutLine: {'line': b'copying web/stream/webrtc/.venv/lib/python3.12/site-packages/cryptography/hazmat/primitives/cmac.py -> /home/matthieu/ros2_ws/install/web_control/share/web_control/web/stream/webrtc/.venv/lib/python3.12/site-packages/cryptography/hazmat/primitives\n'}
[1.113990] (web_control) StdoutLine: {'line': b'copying web/stream/webrtc/.venv/lib/python3.12/site-packages/cryptography/hazmat/primitives/hmac.py -> /home/matthieu/ros2_ws/install/web_control/share/web_control/web/stream/webrtc/.venv/lib/python3.12/site-packages/cryptography/hazmat/primitives\n'}
[1.114043] (web_control) StdoutLine: {'line': b'copying web/stream/webrtc/.venv/lib/python3.12/site-packages/cryptography/hazmat/primitives/_cipheralgorithm.py -> /home/matthieu/ros2_ws/install/web_control/share/web_control/web/stream/webrtc/.venv/lib/python3.12/site-packages/cryptography/hazmat/primitives\n'}
[1.114110] (web_control) StdoutLine: {'line': b'copying web/stream/webrtc/.venv/lib/python3.12/site-packages/cryptography/hazmat/primitives/__init__.py -> /home/matthieu/ros2_ws/install/web_control/share/web_control/web/stream/webrtc/.venv/lib/python3.12/site-packages/cryptography/hazmat/primitives\n'}
[1.114171] (web_control) StdoutLine: {'line': b'creating /home/matthieu/ros2_ws/install/web_control/share/web_control/web/stream/webrtc/.venv/lib/python3.12/site-packages/cryptography/hazmat/primitives/serialization\n'}
[1.114236] (web_control) StdoutLine: {'line': b'copying web/stream/webrtc/.venv/lib/python3.12/site-packages/cryptography/hazmat/primitives/serialization/base.py -> /home/matthieu/ros2_ws/install/web_control/share/web_control/web/stream/webrtc/.venv/lib/python3.12/site-packages/cryptography/hazmat/primitives/serialization\n'}
[1.114293] (web_control) StdoutLine: {'line': b'copying web/stream/webrtc/.venv/lib/python3.12/site-packages/cryptography/hazmat/primitives/serialization/ssh.py -> /home/matthieu/ros2_ws/install/web_control/share/web_control/web/stream/webrtc/.venv/lib/python3.12/site-packages/cryptography/hazmat/primitives/serialization\n'}
[1.114350] (web_control) StdoutLine: {'line': b'copying web/stream/webrtc/.venv/lib/python3.12/site-packages/cryptography/hazmat/primitives/serialization/pkcs7.py -> /home/matthieu/ros2_ws/install/web_control/share/web_control/web/stream/webrtc/.venv/lib/python3.12/site-packages/cryptography/hazmat/primitives/serialization\n'}
[1.114409] (web_control) StdoutLine: {'line': b'copying web/stream/webrtc/.venv/lib/python3.12/site-packages/cryptography/hazmat/primitives/serialization/pkcs12.py -> /home/matthieu/ros2_ws/install/web_control/share/web_control/web/stream/webrtc/.venv/lib/python3.12/site-packages/cryptography/hazmat/primitives/serialization\n'}
[1.114465] (web_control) StdoutLine: {'line': b'copying web/stream/webrtc/.venv/lib/python3.12/site-packages/cryptography/hazmat/primitives/serialization/__init__.py -> /home/matthieu/ros2_ws/install/web_control/share/web_control/web/stream/webrtc/.venv/lib/python3.12/site-packages/cryptography/hazmat/primitives/serialization\n'}
[1.114526] (web_control) StdoutLine: {'line': b'creating /home/matthieu/ros2_ws/install/web_control/share/web_control/web/stream/webrtc/.venv/lib/python3.12/site-packages/cryptography/hazmat/primitives/serialization/__pycache__\n'}
[1.114569] (web_control) StdoutLine: {'line': b'copying web/stream/webrtc/.venv/lib/python3.12/site-packages/cryptography/hazmat/primitives/serialization/__pycache__/base.cpython-312.pyc -> /home/matthieu/ros2_ws/install/web_control/share/web_control/web/stream/webrtc/.venv/lib/python3.12/site-packages/cryptography/hazmat/primitives/serialization/__pycache__\n'}
[1.114625] (web_control) StdoutLine: {'line': b'copying web/stream/webrtc/.venv/lib/python3.12/site-packages/cryptography/hazmat/primitives/serialization/__pycache__/pkcs7.cpython-312.pyc -> /home/matthieu/ros2_ws/install/web_control/share/web_control/web/stream/webrtc/.venv/lib/python3.12/site-packages/cryptography/hazmat/primitives/serialization/__pycache__\n'}
[1.114683] (web_control) StdoutLine: {'line': b'copying web/stream/webrtc/.venv/lib/python3.12/site-packages/cryptography/hazmat/primitives/serialization/__pycache__/ssh.cpython-312.pyc -> /home/matthieu/ros2_ws/install/web_control/share/web_control/web/stream/webrtc/.venv/lib/python3.12/site-packages/cryptography/hazmat/primitives/serialization/__pycache__\n'}
[1.114738] (web_control) StdoutLine: {'line': b'copying web/stream/webrtc/.venv/lib/python3.12/site-packages/cryptography/hazmat/primitives/serialization/__pycache__/__init__.cpython-312.pyc -> /home/matthieu/ros2_ws/install/web_control/share/web_control/web/stream/webrtc/.venv/lib/python3.12/site-packages/cryptography/hazmat/primitives/serialization/__pycache__\n'}
[1.114792] (web_control) StdoutLine: {'line': b'copying web/stream/webrtc/.venv/lib/python3.12/site-packages/cryptography/hazmat/primitives/serialization/__pycache__/pkcs12.cpython-312.pyc -> /home/matthieu/ros2_ws/install/web_control/share/web_control/web/stream/webrtc/.venv/lib/python3.12/site-packages/cryptography/hazmat/primitives/serialization/__pycache__\n'}
[1.114845] (web_control) StdoutLine: {'line': b'creating /home/matthieu/ros2_ws/install/web_control/share/web_control/web/stream/webrtc/.venv/lib/python3.12/site-packages/cryptography/hazmat/primitives/asymmetric\n'}
[1.114897] (web_control) StdoutLine: {'line': b'copying web/stream/webrtc/.venv/lib/python3.12/site-packages/cryptography/hazmat/primitives/asymmetric/ed448.py -> /home/matthieu/ros2_ws/install/web_control/share/web_control/web/stream/webrtc/.venv/lib/python3.12/site-packages/cryptography/hazmat/primitives/asymmetric\n'}
[1.114957] (web_control) StdoutLine: {'line': b'copying web/stream/webrtc/.venv/lib/python3.12/site-packages/cryptography/hazmat/primitives/asymmetric/padding.py -> /home/matthieu/ros2_ws/install/web_control/share/web_control/web/stream/webrtc/.venv/lib/python3.12/site-packages/cryptography/hazmat/primitives/asymmetric\n'}
[1.115012] (web_control) StdoutLine: {'line': b'copying web/stream/webrtc/.venv/lib/python3.12/site-packages/cryptography/hazmat/primitives/asymmetric/dh.py -> /home/matthieu/ros2_ws/install/web_control/share/web_control/web/stream/webrtc/.venv/lib/python3.12/site-packages/cryptography/hazmat/primitives/asymmetric\n'}
[1.115069] (web_control) StdoutLine: {'line': b'copying web/stream/webrtc/.venv/lib/python3.12/site-packages/cryptography/hazmat/primitives/asymmetric/types.py -> /home/matthieu/ros2_ws/install/web_control/share/web_control/web/stream/webrtc/.venv/lib/python3.12/site-packages/cryptography/hazmat/primitives/asymmetric\n'}
[1.115135] (web_control) StdoutLine: {'line': b'copying web/stream/webrtc/.venv/lib/python3.12/site-packages/cryptography/hazmat/primitives/asymmetric/ec.py -> /home/matthieu/ros2_ws/install/web_control/share/web_control/web/stream/webrtc/.venv/lib/python3.12/site-packages/cryptography/hazmat/primitives/asymmetric\n'}
[1.115193] (web_control) StdoutLine: {'line': b'copying web/stream/webrtc/.venv/lib/python3.12/site-packages/cryptography/hazmat/primitives/asymmetric/dsa.py -> /home/matthieu/ros2_ws/install/web_control/share/web_control/web/stream/webrtc/.venv/lib/python3.12/site-packages/cryptography/hazmat/primitives/asymmetric\n'}
[1.115248] (web_control) StdoutLine: {'line': b'copying web/stream/webrtc/.venv/lib/python3.12/site-packages/cryptography/hazmat/primitives/asymmetric/rsa.py -> /home/matthieu/ros2_ws/install/web_control/share/web_control/web/stream/webrtc/.venv/lib/python3.12/site-packages/cryptography/hazmat/primitives/asymmetric\n'}
[1.115304] (web_control) StdoutLine: {'line': b'copying web/stream/webrtc/.venv/lib/python3.12/site-packages/cryptography/hazmat/primitives/asymmetric/x448.py -> /home/matthieu/ros2_ws/install/web_control/share/web_control/web/stream/webrtc/.venv/lib/python3.12/site-packages/cryptography/hazmat/primitives/asymmetric\n'}
[1.115366] (web_control) StdoutLine: {'line': b'copying web/stream/webrtc/.venv/lib/python3.12/site-packages/cryptography/hazmat/primitives/asymmetric/ed25519.py -> /home/matthieu/ros2_ws/install/web_control/share/web_control/web/stream/webrtc/.venv/lib/python3.12/site-packages/cryptography/hazmat/primitives/asymmetric\n'}
[1.115422] (web_control) StdoutLine: {'line': b'copying web/stream/webrtc/.venv/lib/python3.12/site-packages/cryptography/hazmat/primitives/asymmetric/x25519.py -> /home/matthieu/ros2_ws/install/web_control/share/web_control/web/stream/webrtc/.venv/lib/python3.12/site-packages/cryptography/hazmat/primitives/asymmetric\n'}
[1.115484] (web_control) StdoutLine: {'line': b'copying web/stream/webrtc/.venv/lib/python3.12/site-packages/cryptography/hazmat/primitives/asymmetric/utils.py -> /home/matthieu/ros2_ws/install/web_control/share/web_control/web/stream/webrtc/.venv/lib/python3.12/site-packages/cryptography/hazmat/primitives/asymmetric\n'}
[1.115540] (web_control) StdoutLine: {'line': b'copying web/stream/webrtc/.venv/lib/python3.12/site-packages/cryptography/hazmat/primitives/asymmetric/__init__.py -> /home/matthieu/ros2_ws/install/web_control/share/web_control/web/stream/webrtc/.venv/lib/python3.12/site-packages/cryptography/hazmat/primitives/asymmetric\n'}
[1.115595] (web_control) StdoutLine: {'line': b'creating /home/matthieu/ros2_ws/install/web_control/share/web_control/web/stream/webrtc/.venv/lib/python3.12/site-packages/cryptography/hazmat/primitives/asymmetric/__pycache__\n'}
[1.115651] (web_control) StdoutLine: {'line': b'copying web/stream/webrtc/.venv/lib/python3.12/site-packages/cryptography/hazmat/primitives/asymmetric/__pycache__/x25519.cpython-312.pyc -> /home/matthieu/ros2_ws/install/web_control/share/web_control/web/stream/webrtc/.venv/lib/python3.12/site-packages/cryptography/hazmat/primitives/asymmetric/__pycache__\n'}
[1.115711] (web_control) StdoutLine: {'line': b'copying web/stream/webrtc/.venv/lib/python3.12/site-packages/cryptography/hazmat/primitives/asymmetric/__pycache__/dh.cpython-312.pyc -> /home/matthieu/ros2_ws/install/web_control/share/web_control/web/stream/webrtc/.venv/lib/python3.12/site-packages/cryptography/hazmat/primitives/asymmetric/__pycache__\n'}
[1.115766] (web_control) StdoutLine: {'line': b'copying web/stream/webrtc/.venv/lib/python3.12/site-packages/cryptography/hazmat/primitives/asymmetric/__pycache__/ed448.cpython-312.pyc -> /home/matthieu/ros2_ws/install/web_control/share/web_control/web/stream/webrtc/.venv/lib/python3.12/site-packages/cryptography/hazmat/primitives/asymmetric/__pycache__\n'}
[1.115823] (web_control) StdoutLine: {'line': b'copying web/stream/webrtc/.venv/lib/python3.12/site-packages/cryptography/hazmat/primitives/asymmetric/__pycache__/ed25519.cpython-312.pyc -> /home/matthieu/ros2_ws/install/web_control/share/web_control/web/stream/webrtc/.venv/lib/python3.12/site-packages/cryptography/hazmat/primitives/asymmetric/__pycache__\n'}
[1.115879] (web_control) StdoutLine: {'line': b'copying web/stream/webrtc/.venv/lib/python3.12/site-packages/cryptography/hazmat/primitives/asymmetric/__pycache__/rsa.cpython-312.pyc -> /home/matthieu/ros2_ws/install/web_control/share/web_control/web/stream/webrtc/.venv/lib/python3.12/site-packages/cryptography/hazmat/primitives/asymmetric/__pycache__\n'}
[1.115937] (web_control) StdoutLine: {'line': b'copying web/stream/webrtc/.venv/lib/python3.12/site-packages/cryptography/hazmat/primitives/asymmetric/__pycache__/ec.cpython-312.pyc -> /home/matthieu/ros2_ws/install/web_control/share/web_control/web/stream/webrtc/.venv/lib/python3.12/site-packages/cryptography/hazmat/primitives/asymmetric/__pycache__\n'}
[1.115995] (web_control) StdoutLine: {'line': b'copying web/stream/webrtc/.venv/lib/python3.12/site-packages/cryptography/hazmat/primitives/asymmetric/__pycache__/dsa.cpython-312.pyc -> /home/matthieu/ros2_ws/install/web_control/share/web_control/web/stream/webrtc/.venv/lib/python3.12/site-packages/cryptography/hazmat/primitives/asymmetric/__pycache__\n'}
[1.116053] (web_control) StdoutLine: {'line': b'copying web/stream/webrtc/.venv/lib/python3.12/site-packages/cryptography/hazmat/primitives/asymmetric/__pycache__/__init__.cpython-312.pyc -> /home/matthieu/ros2_ws/install/web_control/share/web_control/web/stream/webrtc/.venv/lib/python3.12/site-packages/cryptography/hazmat/primitives/asymmetric/__pycache__\n'}
[1.116120] (web_control) StdoutLine: {'line': b'copying web/stream/webrtc/.venv/lib/python3.12/site-packages/cryptography/hazmat/primitives/asymmetric/__pycache__/x448.cpython-312.pyc -> /home/matthieu/ros2_ws/install/web_control/share/web_control/web/stream/webrtc/.venv/lib/python3.12/site-packages/cryptography/hazmat/primitives/asymmetric/__pycache__\n'}
[1.116183] (web_control) StdoutLine: {'line': b'copying web/stream/webrtc/.venv/lib/python3.12/site-packages/cryptography/hazmat/primitives/asymmetric/__pycache__/types.cpython-312.pyc -> /home/matthieu/ros2_ws/install/web_control/share/web_control/web/stream/webrtc/.venv/lib/python3.12/site-packages/cryptography/hazmat/primitives/asymmetric/__pycache__\n'}
[1.116243] (web_control) StdoutLine: {'line': b'copying web/stream/webrtc/.venv/lib/python3.12/site-packages/cryptography/hazmat/primitives/asymmetric/__pycache__/utils.cpython-312.pyc -> /home/matthieu/ros2_ws/install/web_control/share/web_control/web/stream/webrtc/.venv/lib/python3.12/site-packages/cryptography/hazmat/primitives/asymmetric/__pycache__\n'}
[1.116304] (web_control) StdoutLine: {'line': b'copying web/stream/webrtc/.venv/lib/python3.12/site-packages/cryptography/hazmat/primitives/asymmetric/__pycache__/padding.cpython-312.pyc -> /home/matthieu/ros2_ws/install/web_control/share/web_control/web/stream/webrtc/.venv/lib/python3.12/site-packages/cryptography/hazmat/primitives/asymmetric/__pycache__\n'}
[1.116351] (web_control) StdoutLine: {'line': b'creating /home/matthieu/ros2_ws/install/web_control/share/web_control/web/stream/webrtc/.venv/lib/python3.12/site-packages/cryptography/hazmat/primitives/twofactor\n'}
[1.116411] (web_control) StdoutLine: {'line': b'copying web/stream/webrtc/.venv/lib/python3.12/site-packages/cryptography/hazmat/primitives/twofactor/hotp.py -> /home/matthieu/ros2_ws/install/web_control/share/web_control/web/stream/webrtc/.venv/lib/python3.12/site-packages/cryptography/hazmat/primitives/twofactor\n'}
[1.116456] (web_control) StdoutLine: {'line': b'copying web/stream/webrtc/.venv/lib/python3.12/site-packages/cryptography/hazmat/primitives/twofactor/totp.py -> /home/matthieu/ros2_ws/install/web_control/share/web_control/web/stream/webrtc/.venv/lib/python3.12/site-packages/cryptography/hazmat/primitives/twofactor\n'}
[1.116516] (web_control) StdoutLine: {'line': b'copying web/stream/webrtc/.venv/lib/python3.12/site-packages/cryptography/hazmat/primitives/twofactor/__init__.py -> /home/matthieu/ros2_ws/install/web_control/share/web_control/web/stream/webrtc/.venv/lib/python3.12/site-packages/cryptography/hazmat/primitives/twofactor\n'}
[1.116569] (web_control) StdoutLine: {'line': b'creating /home/matthieu/ros2_ws/install/web_control/share/web_control/web/stream/webrtc/.venv/lib/python3.12/site-packages/cryptography/hazmat/primitives/twofactor/__pycache__\n'}
[1.116613] (web_control) StdoutLine: {'line': b'copying web/stream/webrtc/.venv/lib/python3.12/site-packages/cryptography/hazmat/primitives/twofactor/__pycache__/hotp.cpython-312.pyc -> /home/matthieu/ros2_ws/install/web_control/share/web_control/web/stream/webrtc/.venv/lib/python3.12/site-packages/cryptography/hazmat/primitives/twofactor/__pycache__\n'}
[1.116673] (web_control) StdoutLine: {'line': b'copying web/stream/webrtc/.venv/lib/python3.12/site-packages/cryptography/hazmat/primitives/twofactor/__pycache__/totp.cpython-312.pyc -> /home/matthieu/ros2_ws/install/web_control/share/web_control/web/stream/webrtc/.venv/lib/python3.12/site-packages/cryptography/hazmat/primitives/twofactor/__pycache__\n'}
[1.116730] (web_control) StdoutLine: {'line': b'copying web/stream/webrtc/.venv/lib/python3.12/site-packages/cryptography/hazmat/primitives/twofactor/__pycache__/__init__.cpython-312.pyc -> /home/matthieu/ros2_ws/install/web_control/share/web_control/web/stream/webrtc/.venv/lib/python3.12/site-packages/cryptography/hazmat/primitives/twofactor/__pycache__\n'}
[1.116774] (web_control) StdoutLine: {'line': b'creating /home/matthieu/ros2_ws/install/web_control/share/web_control/web/stream/webrtc/.venv/lib/python3.12/site-packages/cryptography/hazmat/primitives/__pycache__\n'}
[1.116834] (web_control) StdoutLine: {'line': b'copying web/stream/webrtc/.venv/lib/python3.12/site-packages/cryptography/hazmat/primitives/__pycache__/_asymmetric.cpython-312.pyc -> /home/matthieu/ros2_ws/install/web_control/share/web_control/web/stream/webrtc/.venv/lib/python3.12/site-packages/cryptography/hazmat/primitives/__pycache__\n'}
[1.116879] (web_control) StdoutLine: {'line': b'copying web/stream/webrtc/.venv/lib/python3.12/site-packages/cryptography/hazmat/primitives/__pycache__/_serialization.cpython-312.pyc -> /home/matthieu/ros2_ws/install/web_control/share/web_control/web/stream/webrtc/.venv/lib/python3.12/site-packages/cryptography/hazmat/primitives/__pycache__\n'}
[1.116939] (web_control) StdoutLine: {'line': b'copying web/stream/webrtc/.venv/lib/python3.12/site-packages/cryptography/hazmat/primitives/__pycache__/poly1305.cpython-312.pyc -> /home/matthieu/ros2_ws/install/web_control/share/web_control/web/stream/webrtc/.venv/lib/python3.12/site-packages/cryptography/hazmat/primitives/__pycache__\n'}
[1.116985] (web_control) StdoutLine: {'line': b'copying web/stream/webrtc/.venv/lib/python3.12/site-packages/cryptography/hazmat/primitives/__pycache__/_cipheralgorithm.cpython-312.pyc -> /home/matthieu/ros2_ws/install/web_control/share/web_control/web/stream/webrtc/.venv/lib/python3.12/site-packages/cryptography/hazmat/primitives/__pycache__\n'}
[1.117040] (web_control) StdoutLine: {'line': b'copying web/stream/webrtc/.venv/lib/python3.12/site-packages/cryptography/hazmat/primitives/__pycache__/constant_time.cpython-312.pyc -> /home/matthieu/ros2_ws/install/web_control/share/web_control/web/stream/webrtc/.venv/lib/python3.12/site-packages/cryptography/hazmat/primitives/__pycache__\n'}
[1.117103] (web_control) StdoutLine: {'line': b'copying web/stream/webrtc/.venv/lib/python3.12/site-packages/cryptography/hazmat/primitives/__pycache__/keywrap.cpython-312.pyc -> /home/matthieu/ros2_ws/install/web_control/share/web_control/web/stream/webrtc/.venv/lib/python3.12/site-packages/cryptography/hazmat/primitives/__pycache__\n'}
[1.117156] (web_control) StdoutLine: {'line': b'copying web/stream/webrtc/.venv/lib/python3.12/site-packages/cryptography/hazmat/primitives/__pycache__/cmac.cpython-312.pyc -> /home/matthieu/ros2_ws/install/web_control/share/web_control/web/stream/webrtc/.venv/lib/python3.12/site-packages/cryptography/hazmat/primitives/__pycache__\n'}
[1.117217] (web_control) StdoutLine: {'line': b'copying web/stream/webrtc/.venv/lib/python3.12/site-packages/cryptography/hazmat/primitives/__pycache__/hmac.cpython-312.pyc -> /home/matthieu/ros2_ws/install/web_control/share/web_control/web/stream/webrtc/.venv/lib/python3.12/site-packages/cryptography/hazmat/primitives/__pycache__\n'}
[1.117268] (web_control) StdoutLine: {'line': b'copying web/stream/webrtc/.venv/lib/python3.12/site-packages/cryptography/hazmat/primitives/__pycache__/hashes.cpython-312.pyc -> /home/matthieu/ros2_ws/install/web_control/share/web_control/web/stream/webrtc/.venv/lib/python3.12/site-packages/cryptography/hazmat/primitives/__pycache__\n'}
[1.117324] (web_control) StdoutLine: {'line': b'copying web/stream/webrtc/.venv/lib/python3.12/site-packages/cryptography/hazmat/primitives/__pycache__/__init__.cpython-312.pyc -> /home/matthieu/ros2_ws/install/web_control/share/web_control/web/stream/webrtc/.venv/lib/python3.12/site-packages/cryptography/hazmat/primitives/__pycache__\n'}
[1.117368] (web_control) StdoutLine: {'line': b'copying web/stream/webrtc/.venv/lib/python3.12/site-packages/cryptography/hazmat/primitives/__pycache__/padding.cpython-312.pyc -> /home/matthieu/ros2_ws/install/web_control/share/web_control/web/stream/webrtc/.venv/lib/python3.12/site-packages/cryptography/hazmat/primitives/__pycache__\n'}
[1.117428] (web_control) StdoutLine: {'line': b'creating /home/matthieu/ros2_ws/install/web_control/share/web_control/web/stream/webrtc/.venv/lib/python3.12/site-packages/cryptography/hazmat/primitives/kdf\n'}
[1.117474] (web_control) StdoutLine: {'line': b'copying web/stream/webrtc/.venv/lib/python3.12/site-packages/cryptography/hazmat/primitives/kdf/pbkdf2.py -> /home/matthieu/ros2_ws/install/web_control/share/web_control/web/stream/webrtc/.venv/lib/python3.12/site-packages/cryptography/hazmat/primitives/kdf\n'}
[1.117533] (web_control) StdoutLine: {'line': b'copying web/stream/webrtc/.venv/lib/python3.12/site-packages/cryptography/hazmat/primitives/kdf/scrypt.py -> /home/matthieu/ros2_ws/install/web_control/share/web_control/web/stream/webrtc/.venv/lib/python3.12/site-packages/cryptography/hazmat/primitives/kdf\n'}
[1.117576] (web_control) StdoutLine: {'line': b'copying web/stream/webrtc/.venv/lib/python3.12/site-packages/cryptography/hazmat/primitives/kdf/concatkdf.py -> /home/matthieu/ros2_ws/install/web_control/share/web_control/web/stream/webrtc/.venv/lib/python3.12/site-packages/cryptography/hazmat/primitives/kdf\n'}
[1.117636] (web_control) StdoutLine: {'line': b'copying web/stream/webrtc/.venv/lib/python3.12/site-packages/cryptography/hazmat/primitives/kdf/x963kdf.py -> /home/matthieu/ros2_ws/install/web_control/share/web_control/web/stream/webrtc/.venv/lib/python3.12/site-packages/cryptography/hazmat/primitives/kdf\n'}
[1.117680] (web_control) StdoutLine: {'line': b'copying web/stream/webrtc/.venv/lib/python3.12/site-packages/cryptography/hazmat/primitives/kdf/kbkdf.py -> /home/matthieu/ros2_ws/install/web_control/share/web_control/web/stream/webrtc/.venv/lib/python3.12/site-packages/cryptography/hazmat/primitives/kdf\n'}
[1.117733] (web_control) StdoutLine: {'line': b'copying web/stream/webrtc/.venv/lib/python3.12/site-packages/cryptography/hazmat/primitives/kdf/argon2.py -> /home/matthieu/ros2_ws/install/web_control/share/web_control/web/stream/webrtc/.venv/lib/python3.12/site-packages/cryptography/hazmat/primitives/kdf\n'}
[1.117792] (web_control) StdoutLine: {'line': b'copying web/stream/webrtc/.venv/lib/python3.12/site-packages/cryptography/hazmat/primitives/kdf/hkdf.py -> /home/matthieu/ros2_ws/install/web_control/share/web_control/web/stream/webrtc/.venv/lib/python3.12/site-packages/cryptography/hazmat/primitives/kdf\n'}
[1.117844] (web_control) StdoutLine: {'line': b'copying web/stream/webrtc/.venv/lib/python3.12/site-packages/cryptography/hazmat/primitives/kdf/__init__.py -> /home/matthieu/ros2_ws/install/web_control/share/web_control/web/stream/webrtc/.venv/lib/python3.12/site-packages/cryptography/hazmat/primitives/kdf\n'}
[1.117887] (web_control) StdoutLine: {'line': b'creating /home/matthieu/ros2_ws/install/web_control/share/web_control/web/stream/webrtc/.venv/lib/python3.12/site-packages/cryptography/hazmat/primitives/kdf/__pycache__\n'}
[1.117946] (web_control) StdoutLine: {'line': b'copying web/stream/webrtc/.venv/lib/python3.12/site-packages/cryptography/hazmat/primitives/kdf/__pycache__/kbkdf.cpython-312.pyc -> /home/matthieu/ros2_ws/install/web_control/share/web_control/web/stream/webrtc/.venv/lib/python3.12/site-packages/cryptography/hazmat/primitives/kdf/__pycache__\n'}
[1.117998] (web_control) StdoutLine: {'line': b'copying web/stream/webrtc/.venv/lib/python3.12/site-packages/cryptography/hazmat/primitives/kdf/__pycache__/x963kdf.cpython-312.pyc -> /home/matthieu/ros2_ws/install/web_control/share/web_control/web/stream/webrtc/.venv/lib/python3.12/site-packages/cryptography/hazmat/primitives/kdf/__pycache__\n'}
[1.118039] (web_control) StdoutLine: {'line': b'copying web/stream/webrtc/.venv/lib/python3.12/site-packages/cryptography/hazmat/primitives/kdf/__pycache__/scrypt.cpython-312.pyc -> /home/matthieu/ros2_ws/install/web_control/share/web_control/web/stream/webrtc/.venv/lib/python3.12/site-packages/cryptography/hazmat/primitives/kdf/__pycache__\n'}
[1.118098] (web_control) StdoutLine: {'line': b'copying web/stream/webrtc/.venv/lib/python3.12/site-packages/cryptography/hazmat/primitives/kdf/__pycache__/pbkdf2.cpython-312.pyc -> /home/matthieu/ros2_ws/install/web_control/share/web_control/web/stream/webrtc/.venv/lib/python3.12/site-packages/cryptography/hazmat/primitives/kdf/__pycache__\n'}
[1.118146] (web_control) StdoutLine: {'line': b'copying web/stream/webrtc/.venv/lib/python3.12/site-packages/cryptography/hazmat/primitives/kdf/__pycache__/hkdf.cpython-312.pyc -> /home/matthieu/ros2_ws/install/web_control/share/web_control/web/stream/webrtc/.venv/lib/python3.12/site-packages/cryptography/hazmat/primitives/kdf/__pycache__\n'}
[1.118203] (web_control) StdoutLine: {'line': b'copying web/stream/webrtc/.venv/lib/python3.12/site-packages/cryptography/hazmat/primitives/kdf/__pycache__/concatkdf.cpython-312.pyc -> /home/matthieu/ros2_ws/install/web_control/share/web_control/web/stream/webrtc/.venv/lib/python3.12/site-packages/cryptography/hazmat/primitives/kdf/__pycache__\n'}
[1.118263] (web_control) StdoutLine: {'line': b'copying web/stream/webrtc/.venv/lib/python3.12/site-packages/cryptography/hazmat/primitives/kdf/__pycache__/argon2.cpython-312.pyc -> /home/matthieu/ros2_ws/install/web_control/share/web_control/web/stream/webrtc/.venv/lib/python3.12/site-packages/cryptography/hazmat/primitives/kdf/__pycache__\n'}
[1.118339] (web_control) StdoutLine: {'line': b'copying web/stream/webrtc/.venv/lib/python3.12/site-packages/cryptography/hazmat/primitives/kdf/__pycache__/__init__.cpython-312.pyc -> /home/matthieu/ros2_ws/install/web_control/share/web_control/web/stream/webrtc/.venv/lib/python3.12/site-packages/cryptography/hazmat/primitives/kdf/__pycache__\n'}
[1.118423] (web_control) StdoutLine: {'line': b'creating /home/matthieu/ros2_ws/install/web_control/share/web_control/web/stream/webrtc/.venv/lib/python3.12/site-packages/cryptography/hazmat/primitives/ciphers\n'}
[1.118519] (web_control) StdoutLine: {'line': b'copying web/stream/webrtc/.venv/lib/python3.12/site-packages/cryptography/hazmat/primitives/ciphers/base.py -> /home/matthieu/ros2_ws/install/web_control/share/web_control/web/stream/webrtc/.venv/lib/python3.12/site-packages/cryptography/hazmat/primitives/ciphers\n'}
[1.118586] (web_control) StdoutLine: {'line': b'copying web/stream/webrtc/.venv/lib/python3.12/site-packages/cryptography/hazmat/primitives/ciphers/modes.py -> /home/matthieu/ros2_ws/install/web_control/share/web_control/web/stream/webrtc/.venv/lib/python3.12/site-packages/cryptography/hazmat/primitives/ciphers\n'}
[1.118685] (web_control) StdoutLine: {'line': b'copying web/stream/webrtc/.venv/lib/python3.12/site-packages/cryptography/hazmat/primitives/ciphers/algorithms.py -> /home/matthieu/ros2_ws/install/web_control/share/web_control/web/stream/webrtc/.venv/lib/python3.12/site-packages/cryptography/hazmat/primitives/ciphers\n'}
[1.118761] (web_control) StdoutLine: {'line': b'copying web/stream/webrtc/.venv/lib/python3.12/site-packages/cryptography/hazmat/primitives/ciphers/aead.py -> /home/matthieu/ros2_ws/install/web_control/share/web_control/web/stream/webrtc/.venv/lib/python3.12/site-packages/cryptography/hazmat/primitives/ciphers\n'}
[1.118830] (web_control) StdoutLine: {'line': b'copying web/stream/webrtc/.venv/lib/python3.12/site-packages/cryptography/hazmat/primitives/ciphers/__init__.py -> /home/matthieu/ros2_ws/install/web_control/share/web_control/web/stream/webrtc/.venv/lib/python3.12/site-packages/cryptography/hazmat/primitives/ciphers\n'}
[1.118914] (web_control) StdoutLine: {'line': b'creating /home/matthieu/ros2_ws/install/web_control/share/web_control/web/stream/webrtc/.venv/lib/python3.12/site-packages/cryptography/hazmat/primitives/ciphers/__pycache__\n'}
[1.119027] (web_control) StdoutLine: {'line': b'copying web/stream/webrtc/.venv/lib/python3.12/site-packages/cryptography/hazmat/primitives/ciphers/__pycache__/aead.cpython-312.pyc -> /home/matthieu/ros2_ws/install/web_control/share/web_control/web/stream/webrtc/.venv/lib/python3.12/site-packages/cryptography/hazmat/primitives/ciphers/__pycache__\n'}
[1.119162] (web_control) StdoutLine: {'line': b'copying web/stream/webrtc/.venv/lib/python3.12/site-packages/cryptography/hazmat/primitives/ciphers/__pycache__/base.cpython-312.pyc -> /home/matthieu/ros2_ws/install/web_control/share/web_control/web/stream/webrtc/.venv/lib/python3.12/site-packages/cryptography/hazmat/primitives/ciphers/__pycache__\n'}
[1.119213] (web_control) StdoutLine: {'line': b'copying web/stream/webrtc/.venv/lib/python3.12/site-packages/cryptography/hazmat/primitives/ciphers/__pycache__/__init__.cpython-312.pyc -> /home/matthieu/ros2_ws/install/web_control/share/web_control/web/stream/webrtc/.venv/lib/python3.12/site-packages/cryptography/hazmat/primitives/ciphers/__pycache__\n'}
[1.119267] (web_control) StdoutLine: {'line': b'copying web/stream/webrtc/.venv/lib/python3.12/site-packages/cryptography/hazmat/primitives/ciphers/__pycache__/modes.cpython-312.pyc -> /home/matthieu/ros2_ws/install/web_control/share/web_control/web/stream/webrtc/.venv/lib/python3.12/site-packages/cryptography/hazmat/primitives/ciphers/__pycache__\n'}
[1.119314] (web_control) StdoutLine: {'line': b'copying web/stream/webrtc/.venv/lib/python3.12/site-packages/cryptography/hazmat/primitives/ciphers/__pycache__/algorithms.cpython-312.pyc -> /home/matthieu/ros2_ws/install/web_control/share/web_control/web/stream/webrtc/.venv/lib/python3.12/site-packages/cryptography/hazmat/primitives/ciphers/__pycache__\n'}
[1.119359] (web_control) StdoutLine: {'line': b'creating /home/matthieu/ros2_ws/install/web_control/share/web_control/web/stream/webrtc/.venv/lib/python3.12/site-packages/cryptography/hazmat/decrepit\n'}
[1.119405] (web_control) StdoutLine: {'line': b'copying web/stream/webrtc/.venv/lib/python3.12/site-packages/cryptography/hazmat/decrepit/__init__.py -> /home/matthieu/ros2_ws/install/web_control/share/web_control/web/stream/webrtc/.venv/lib/python3.12/site-packages/cryptography/hazmat/decrepit\n'}
[1.119471] (web_control) StdoutLine: {'line': b'creating /home/matthieu/ros2_ws/install/web_control/share/web_control/web/stream/webrtc/.venv/lib/python3.12/site-packages/cryptography/hazmat/decrepit/__pycache__\n'}
[1.119515] (web_control) StdoutLine: {'line': b'copying web/stream/webrtc/.venv/lib/python3.12/site-packages/cryptography/hazmat/decrepit/__pycache__/__init__.cpython-312.pyc -> /home/matthieu/ros2_ws/install/web_control/share/web_control/web/stream/webrtc/.venv/lib/python3.12/site-packages/cryptography/hazmat/decrepit/__pycache__\n'}
[1.119575] (web_control) StdoutLine: {'line': b'creating /home/matthieu/ros2_ws/install/web_control/share/web_control/web/stream/webrtc/.venv/lib/python3.12/site-packages/cryptography/hazmat/decrepit/ciphers\n'}
[1.119627] (web_control) StdoutLine: {'line': b'copying web/stream/webrtc/.venv/lib/python3.12/site-packages/cryptography/hazmat/decrepit/ciphers/algorithms.py -> /home/matthieu/ros2_ws/install/web_control/share/web_control/web/stream/webrtc/.venv/lib/python3.12/site-packages/cryptography/hazmat/decrepit/ciphers\n'}
[1.119671] (web_control) StdoutLine: {'line': b'copying web/stream/webrtc/.venv/lib/python3.12/site-packages/cryptography/hazmat/decrepit/ciphers/__init__.py -> /home/matthieu/ros2_ws/install/web_control/share/web_control/web/stream/webrtc/.venv/lib/python3.12/site-packages/cryptography/hazmat/decrepit/ciphers\n'}
[1.119716] (web_control) StdoutLine: {'line': b'creating /home/matthieu/ros2_ws/install/web_control/share/web_control/web/stream/webrtc/.venv/lib/python3.12/site-packages/cryptography/hazmat/decrepit/ciphers/__pycache__\n'}
[1.119761] (web_control) StdoutLine: {'line': b'copying web/stream/webrtc/.venv/lib/python3.12/site-packages/cryptography/hazmat/decrepit/ciphers/__pycache__/__init__.cpython-312.pyc -> /home/matthieu/ros2_ws/install/web_control/share/web_control/web/stream/webrtc/.venv/lib/python3.12/site-packages/cryptography/hazmat/decrepit/ciphers/__pycache__\n'}
[1.119807] (web_control) StdoutLine: {'line': b'copying web/stream/webrtc/.venv/lib/python3.12/site-packages/cryptography/hazmat/decrepit/ciphers/__pycache__/algorithms.cpython-312.pyc -> /home/matthieu/ros2_ws/install/web_control/share/web_control/web/stream/webrtc/.venv/lib/python3.12/site-packages/cryptography/hazmat/decrepit/ciphers/__pycache__\n'}
[1.119851] (web_control) StdoutLine: {'line': b'creating /home/matthieu/ros2_ws/install/web_control/share/web_control/web/stream/webrtc/.venv/lib/python3.12/site-packages/cryptography/hazmat/__pycache__\n'}
[1.119895] (web_control) StdoutLine: {'line': b'copying web/stream/webrtc/.venv/lib/python3.12/site-packages/cryptography/hazmat/__pycache__/_oid.cpython-312.pyc -> /home/matthieu/ros2_ws/install/web_control/share/web_control/web/stream/webrtc/.venv/lib/python3.12/site-packages/cryptography/hazmat/__pycache__\n'}
[1.119958] (web_control) StdoutLine: {'line': b'copying web/stream/webrtc/.venv/lib/python3.12/site-packages/cryptography/hazmat/__pycache__/__init__.cpython-312.pyc -> /home/matthieu/ros2_ws/install/web_control/share/web_control/web/stream/webrtc/.venv/lib/python3.12/site-packages/cryptography/hazmat/__pycache__\n'}
[1.120004] (web_control) StdoutLine: {'line': b'creating /home/matthieu/ros2_ws/install/web_control/share/web_control/web/stream/webrtc/.venv/lib/python3.12/site-packages/cryptography/hazmat/bindings\n'}
[1.120046] (web_control) StdoutLine: {'line': b'copying web/stream/webrtc/.venv/lib/python3.12/site-packages/cryptography/hazmat/bindings/_rust.abi3.so -> /home/matthieu/ros2_ws/install/web_control/share/web_control/web/stream/webrtc/.venv/lib/python3.12/site-packages/cryptography/hazmat/bindings\n'}
[1.125553] (web_control) StdoutLine: {'line': b'copying web/stream/webrtc/.venv/lib/python3.12/site-packages/cryptography/hazmat/bindings/__init__.py -> /home/matthieu/ros2_ws/install/web_control/share/web_control/web/stream/webrtc/.venv/lib/python3.12/site-packages/cryptography/hazmat/bindings\n'}
[1.125627] (web_control) StdoutLine: {'line': b'creating /home/matthieu/ros2_ws/install/web_control/share/web_control/web/stream/webrtc/.venv/lib/python3.12/site-packages/cryptography/hazmat/bindings/_rust\n'}
[1.125687] (web_control) StdoutLine: {'line': b'copying web/stream/webrtc/.venv/lib/python3.12/site-packages/cryptography/hazmat/bindings/_rust/pkcs7.pyi -> /home/matthieu/ros2_ws/install/web_control/share/web_control/web/stream/webrtc/.venv/lib/python3.12/site-packages/cryptography/hazmat/bindings/_rust\n'}
[1.125732] (web_control) StdoutLine: {'line': b'copying web/stream/webrtc/.venv/lib/python3.12/site-packages/cryptography/hazmat/bindings/_rust/__init__.pyi -> /home/matthieu/ros2_ws/install/web_control/share/web_control/web/stream/webrtc/.venv/lib/python3.12/site-packages/cryptography/hazmat/bindings/_rust\n'}
[1.125792] (web_control) StdoutLine: {'line': b'copying web/stream/webrtc/.venv/lib/python3.12/site-packages/cryptography/hazmat/bindings/_rust/x509.pyi -> /home/matthieu/ros2_ws/install/web_control/share/web_control/web/stream/webrtc/.venv/lib/python3.12/site-packages/cryptography/hazmat/bindings/_rust\n'}
[1.125837] (web_control) StdoutLine: {'line': b'copying web/stream/webrtc/.venv/lib/python3.12/site-packages/cryptography/hazmat/bindings/_rust/asn1.pyi -> /home/matthieu/ros2_ws/install/web_control/share/web_control/web/stream/webrtc/.venv/lib/python3.12/site-packages/cryptography/hazmat/bindings/_rust\n'}
[1.125896] (web_control) StdoutLine: {'line': b'copying web/stream/webrtc/.venv/lib/python3.12/site-packages/cryptography/hazmat/bindings/_rust/ocsp.pyi -> /home/matthieu/ros2_ws/install/web_control/share/web_control/web/stream/webrtc/.venv/lib/python3.12/site-packages/cryptography/hazmat/bindings/_rust\n'}
[1.125947] (web_control) StdoutLine: {'line': b'copying web/stream/webrtc/.venv/lib/python3.12/site-packages/cryptography/hazmat/bindings/_rust/declarative_asn1.pyi -> /home/matthieu/ros2_ws/install/web_control/share/web_control/web/stream/webrtc/.venv/lib/python3.12/site-packages/cryptography/hazmat/bindings/_rust\n'}
[1.125990] (web_control) StdoutLine: {'line': b'copying web/stream/webrtc/.venv/lib/python3.12/site-packages/cryptography/hazmat/bindings/_rust/test_support.pyi -> /home/matthieu/ros2_ws/install/web_control/share/web_control/web/stream/webrtc/.venv/lib/python3.12/site-packages/cryptography/hazmat/bindings/_rust\n'}
[1.126049] (web_control) StdoutLine: {'line': b'copying web/stream/webrtc/.venv/lib/python3.12/site-packages/cryptography/hazmat/bindings/_rust/exceptions.pyi -> /home/matthieu/ros2_ws/install/web_control/share/web_control/web/stream/webrtc/.venv/lib/python3.12/site-packages/cryptography/hazmat/bindings/_rust\n'}
[1.126097] (web_control) StdoutLine: {'line': b'copying web/stream/webrtc/.venv/lib/python3.12/site-packages/cryptography/hazmat/bindings/_rust/_openssl.pyi -> /home/matthieu/ros2_ws/install/web_control/share/web_control/web/stream/webrtc/.venv/lib/python3.12/site-packages/cryptography/hazmat/bindings/_rust\n'}
[1.126162] (web_control) StdoutLine: {'line': b'copying web/stream/webrtc/.venv/lib/python3.12/site-packages/cryptography/hazmat/bindings/_rust/pkcs12.pyi -> /home/matthieu/ros2_ws/install/web_control/share/web_control/web/stream/webrtc/.venv/lib/python3.12/site-packages/cryptography/hazmat/bindings/_rust\n'}
[1.126211] (web_control) StdoutLine: {'line': b'creating /home/matthieu/ros2_ws/install/web_control/share/web_control/web/stream/webrtc/.venv/lib/python3.12/site-packages/cryptography/hazmat/bindings/_rust/openssl\n'}
[1.126272] (web_control) StdoutLine: {'line': b'copying web/stream/webrtc/.venv/lib/python3.12/site-packages/cryptography/hazmat/bindings/_rust/openssl/dh.pyi -> /home/matthieu/ros2_ws/install/web_control/share/web_control/web/stream/webrtc/.venv/lib/python3.12/site-packages/cryptography/hazmat/bindings/_rust/openssl\n'}
[1.126316] (web_control) StdoutLine: {'line': b'copying web/stream/webrtc/.venv/lib/python3.12/site-packages/cryptography/hazmat/bindings/_rust/openssl/ed448.pyi -> /home/matthieu/ros2_ws/install/web_control/share/web_control/web/stream/webrtc/.venv/lib/python3.12/site-packages/cryptography/hazmat/bindings/_rust/openssl\n'}
[1.126372] (web_control) StdoutLine: {'line': b'copying web/stream/webrtc/.venv/lib/python3.12/site-packages/cryptography/hazmat/bindings/_rust/openssl/kdf.pyi -> /home/matthieu/ros2_ws/install/web_control/share/web_control/web/stream/webrtc/.venv/lib/python3.12/site-packages/cryptography/hazmat/bindings/_rust/openssl\n'}
[1.126429] (web_control) StdoutLine: {'line': b'copying web/stream/webrtc/.venv/lib/python3.12/site-packages/cryptography/hazmat/bindings/_rust/openssl/hashes.pyi -> /home/matthieu/ros2_ws/install/web_control/share/web_control/web/stream/webrtc/.venv/lib/python3.12/site-packages/cryptography/hazmat/bindings/_rust/openssl\n'}
[1.126473] (web_control) StdoutLine: {'line': b'copying web/stream/webrtc/.venv/lib/python3.12/site-packages/cryptography/hazmat/bindings/_rust/openssl/poly1305.pyi -> /home/matthieu/ros2_ws/install/web_control/share/web_control/web/stream/webrtc/.venv/lib/python3.12/site-packages/cryptography/hazmat/bindings/_rust/openssl\n'}
[1.126534] (web_control) StdoutLine: {'line': b'copying web/stream/webrtc/.venv/lib/python3.12/site-packages/cryptography/hazmat/bindings/_rust/openssl/x448.pyi -> /home/matthieu/ros2_ws/install/web_control/share/web_control/web/stream/webrtc/.venv/lib/python3.12/site-packages/cryptography/hazmat/bindings/_rust/openssl\n'}
[1.126585] (web_control) StdoutLine: {'line': b'copying web/stream/webrtc/.venv/lib/python3.12/site-packages/cryptography/hazmat/bindings/_rust/openssl/__init__.pyi -> /home/matthieu/ros2_ws/install/web_control/share/web_control/web/stream/webrtc/.venv/lib/python3.12/site-packages/cryptography/hazmat/bindings/_rust/openssl\n'}
[1.126628] (web_control) StdoutLine: {'line': b'copying web/stream/webrtc/.venv/lib/python3.12/site-packages/cryptography/hazmat/bindings/_rust/openssl/ed25519.pyi -> /home/matthieu/ros2_ws/install/web_control/share/web_control/web/stream/webrtc/.venv/lib/python3.12/site-packages/cryptography/hazmat/bindings/_rust/openssl\n'}
[1.126688] (web_control) StdoutLine: {'line': b'copying web/stream/webrtc/.venv/lib/python3.12/site-packages/cryptography/hazmat/bindings/_rust/openssl/ciphers.pyi -> /home/matthieu/ros2_ws/install/web_control/share/web_control/web/stream/webrtc/.venv/lib/python3.12/site-packages/cryptography/hazmat/bindings/_rust/openssl\n'}
[1.126737] (web_control) StdoutLine: {'line': b'copying web/stream/webrtc/.venv/lib/python3.12/site-packages/cryptography/hazmat/bindings/_rust/openssl/cmac.pyi -> /home/matthieu/ros2_ws/install/web_control/share/web_control/web/stream/webrtc/.venv/lib/python3.12/site-packages/cryptography/hazmat/bindings/_rust/openssl\n'}
[1.126796] (web_control) StdoutLine: {'line': b'copying web/stream/webrtc/.venv/lib/python3.12/site-packages/cryptography/hazmat/bindings/_rust/openssl/rsa.pyi -> /home/matthieu/ros2_ws/install/web_control/share/web_control/web/stream/webrtc/.venv/lib/python3.12/site-packages/cryptography/hazmat/bindings/_rust/openssl\n'}
[1.126839] (web_control) StdoutLine: {'line': b'copying web/stream/webrtc/.venv/lib/python3.12/site-packages/cryptography/hazmat/bindings/_rust/openssl/x25519.pyi -> /home/matthieu/ros2_ws/install/web_control/share/web_control/web/stream/webrtc/.venv/lib/python3.12/site-packages/cryptography/hazmat/bindings/_rust/openssl\n'}
[1.126899] (web_control) StdoutLine: {'line': b'copying web/stream/webrtc/.venv/lib/python3.12/site-packages/cryptography/hazmat/bindings/_rust/openssl/ec.pyi -> /home/matthieu/ros2_ws/install/web_control/share/web_control/web/stream/webrtc/.venv/lib/python3.12/site-packages/cryptography/hazmat/bindings/_rust/openssl\n'}
[1.126941] (web_control) StdoutLine: {'line': b'copying web/stream/webrtc/.venv/lib/python3.12/site-packages/cryptography/hazmat/bindings/_rust/openssl/dsa.pyi -> /home/matthieu/ros2_ws/install/web_control/share/web_control/web/stream/webrtc/.venv/lib/python3.12/site-packages/cryptography/hazmat/bindings/_rust/openssl\n'}
[1.126993] (web_control) StdoutLine: {'line': b'copying web/stream/webrtc/.venv/lib/python3.12/site-packages/cryptography/hazmat/bindings/_rust/openssl/aead.pyi -> /home/matthieu/ros2_ws/install/web_control/share/web_control/web/stream/webrtc/.venv/lib/python3.12/site-packages/cryptography/hazmat/bindings/_rust/openssl\n'}
[1.127049] (web_control) StdoutLine: {'line': b'copying web/stream/webrtc/.venv/lib/python3.12/site-packages/cryptography/hazmat/bindings/_rust/openssl/hmac.pyi -> /home/matthieu/ros2_ws/install/web_control/share/web_control/web/stream/webrtc/.venv/lib/python3.12/site-packages/cryptography/hazmat/bindings/_rust/openssl\n'}
[1.127127] (web_control) StdoutLine: {'line': b'copying web/stream/webrtc/.venv/lib/python3.12/site-packages/cryptography/hazmat/bindings/_rust/openssl/keys.pyi -> /home/matthieu/ros2_ws/install/web_control/share/web_control/web/stream/webrtc/.venv/lib/python3.12/site-packages/cryptography/hazmat/bindings/_rust/openssl\n'}
[1.127184] (web_control) StdoutLine: {'line': b'creating /home/matthieu/ros2_ws/install/web_control/share/web_control/web/stream/webrtc/.venv/lib/python3.12/site-packages/cryptography/hazmat/bindings/openssl\n'}
[1.127231] (web_control) StdoutLine: {'line': b'copying web/stream/webrtc/.venv/lib/python3.12/site-packages/cryptography/hazmat/bindings/openssl/binding.py -> /home/matthieu/ros2_ws/install/web_control/share/web_control/web/stream/webrtc/.venv/lib/python3.12/site-packages/cryptography/hazmat/bindings/openssl\n'}
[1.127290] (web_control) StdoutLine: {'line': b'copying web/stream/webrtc/.venv/lib/python3.12/site-packages/cryptography/hazmat/bindings/openssl/_conditional.py -> /home/matthieu/ros2_ws/install/web_control/share/web_control/web/stream/webrtc/.venv/lib/python3.12/site-packages/cryptography/hazmat/bindings/openssl\n'}
[1.127341] (web_control) StdoutLine: {'line': b'copying web/stream/webrtc/.venv/lib/python3.12/site-packages/cryptography/hazmat/bindings/openssl/__init__.py -> /home/matthieu/ros2_ws/install/web_control/share/web_control/web/stream/webrtc/.venv/lib/python3.12/site-packages/cryptography/hazmat/bindings/openssl\n'}
[1.127384] (web_control) StdoutLine: {'line': b'creating /home/matthieu/ros2_ws/install/web_control/share/web_control/web/stream/webrtc/.venv/lib/python3.12/site-packages/cryptography/hazmat/bindings/openssl/__pycache__\n'}
[1.127443] (web_control) StdoutLine: {'line': b'copying web/stream/webrtc/.venv/lib/python3.12/site-packages/cryptography/hazmat/bindings/openssl/__pycache__/binding.cpython-312.pyc -> /home/matthieu/ros2_ws/install/web_control/share/web_control/web/stream/webrtc/.venv/lib/python3.12/site-packages/cryptography/hazmat/bindings/openssl/__pycache__\n'}
[1.127487] (web_control) StdoutLine: {'line': b'copying web/stream/webrtc/.venv/lib/python3.12/site-packages/cryptography/hazmat/bindings/openssl/__pycache__/_conditional.cpython-312.pyc -> /home/matthieu/ros2_ws/install/web_control/share/web_control/web/stream/webrtc/.venv/lib/python3.12/site-packages/cryptography/hazmat/bindings/openssl/__pycache__\n'}
[1.127544] (web_control) StdoutLine: {'line': b'copying web/stream/webrtc/.venv/lib/python3.12/site-packages/cryptography/hazmat/bindings/openssl/__pycache__/__init__.cpython-312.pyc -> /home/matthieu/ros2_ws/install/web_control/share/web_control/web/stream/webrtc/.venv/lib/python3.12/site-packages/cryptography/hazmat/bindings/openssl/__pycache__\n'}
[1.127605] (web_control) StdoutLine: {'line': b'creating /home/matthieu/ros2_ws/install/web_control/share/web_control/web/stream/webrtc/.venv/lib/python3.12/site-packages/cryptography/hazmat/bindings/__pycache__\n'}
[1.127649] (web_control) StdoutLine: {'line': b'copying web/stream/webrtc/.venv/lib/python3.12/site-packages/cryptography/hazmat/bindings/__pycache__/__init__.cpython-312.pyc -> /home/matthieu/ros2_ws/install/web_control/share/web_control/web/stream/webrtc/.venv/lib/python3.12/site-packages/cryptography/hazmat/bindings/__pycache__\n'}
[1.127708] (web_control) StdoutLine: {'line': b'creating /home/matthieu/ros2_ws/install/web_control/share/web_control/web/stream/webrtc/.venv/lib/python3.12/site-packages/cryptography/hazmat/backends\n'}
[1.127755] (web_control) StdoutLine: {'line': b'copying web/stream/webrtc/.venv/lib/python3.12/site-packages/cryptography/hazmat/backends/__init__.py -> /home/matthieu/ros2_ws/install/web_control/share/web_control/web/stream/webrtc/.venv/lib/python3.12/site-packages/cryptography/hazmat/backends\n'}
[1.127813] (web_control) StdoutLine: {'line': b'creating /home/matthieu/ros2_ws/install/web_control/share/web_control/web/stream/webrtc/.venv/lib/python3.12/site-packages/cryptography/hazmat/backends/openssl\n'}
[1.127859] (web_control) StdoutLine: {'line': b'copying web/stream/webrtc/.venv/lib/python3.12/site-packages/cryptography/hazmat/backends/openssl/backend.py -> /home/matthieu/ros2_ws/install/web_control/share/web_control/web/stream/webrtc/.venv/lib/python3.12/site-packages/cryptography/hazmat/backends/openssl\n'}
[1.127921] (web_control) StdoutLine: {'line': b'copying web/stream/webrtc/.venv/lib/python3.12/site-packages/cryptography/hazmat/backends/openssl/__init__.py -> /home/matthieu/ros2_ws/install/web_control/share/web_control/web/stream/webrtc/.venv/lib/python3.12/site-packages/cryptography/hazmat/backends/openssl\n'}
[1.127965] (web_control) StdoutLine: {'line': b'creating /home/matthieu/ros2_ws/install/web_control/share/web_control/web/stream/webrtc/.venv/lib/python3.12/site-packages/cryptography/hazmat/backends/openssl/__pycache__\n'}
[1.128014] (web_control) StdoutLine: {'line': b'copying web/stream/webrtc/.venv/lib/python3.12/site-packages/cryptography/hazmat/backends/openssl/__pycache__/backend.cpython-312.pyc -> /home/matthieu/ros2_ws/install/web_control/share/web_control/web/stream/webrtc/.venv/lib/python3.12/site-packages/cryptography/hazmat/backends/openssl/__pycache__\n'}
[1.128071] (web_control) StdoutLine: {'line': b'copying web/stream/webrtc/.venv/lib/python3.12/site-packages/cryptography/hazmat/backends/openssl/__pycache__/__init__.cpython-312.pyc -> /home/matthieu/ros2_ws/install/web_control/share/web_control/web/stream/webrtc/.venv/lib/python3.12/site-packages/cryptography/hazmat/backends/openssl/__pycache__\n'}
[1.128122] (web_control) StdoutLine: {'line': b'creating /home/matthieu/ros2_ws/install/web_control/share/web_control/web/stream/webrtc/.venv/lib/python3.12/site-packages/cryptography/hazmat/backends/__pycache__\n'}
[1.128168] (web_control) StdoutLine: {'line': b'copying web/stream/webrtc/.venv/lib/python3.12/site-packages/cryptography/hazmat/backends/__pycache__/__init__.cpython-312.pyc -> /home/matthieu/ros2_ws/install/web_control/share/web_control/web/stream/webrtc/.venv/lib/python3.12/site-packages/cryptography/hazmat/backends/__pycache__\n'}
[1.128238] (web_control) StdoutLine: {'line': b'creating /home/matthieu/ros2_ws/install/web_control/share/web_control/web/stream/webrtc/.venv/lib/python3.12/site-packages/cryptography/hazmat/asn1\n'}
[1.128282] (web_control) StdoutLine: {'line': b'copying web/stream/webrtc/.venv/lib/python3.12/site-packages/cryptography/hazmat/asn1/asn1.py -> /home/matthieu/ros2_ws/install/web_control/share/web_control/web/stream/webrtc/.venv/lib/python3.12/site-packages/cryptography/hazmat/asn1\n'}
[1.128326] (web_control) StdoutLine: {'line': b'copying web/stream/webrtc/.venv/lib/python3.12/site-packages/cryptography/hazmat/asn1/__init__.py -> /home/matthieu/ros2_ws/install/web_control/share/web_control/web/stream/webrtc/.venv/lib/python3.12/site-packages/cryptography/hazmat/asn1\n'}
[1.128386] (web_control) StdoutLine: {'line': b'creating /home/matthieu/ros2_ws/install/web_control/share/web_control/web/stream/webrtc/.venv/lib/python3.12/site-packages/cryptography/hazmat/asn1/__pycache__\n'}
[1.128430] (web_control) StdoutLine: {'line': b'copying web/stream/webrtc/.venv/lib/python3.12/site-packages/cryptography/hazmat/asn1/__pycache__/asn1.cpython-312.pyc -> /home/matthieu/ros2_ws/install/web_control/share/web_control/web/stream/webrtc/.venv/lib/python3.12/site-packages/cryptography/hazmat/asn1/__pycache__\n'}
[1.128492] (web_control) StdoutLine: {'line': b'copying web/stream/webrtc/.venv/lib/python3.12/site-packages/cryptography/hazmat/asn1/__pycache__/__init__.cpython-312.pyc -> /home/matthieu/ros2_ws/install/web_control/share/web_control/web/stream/webrtc/.venv/lib/python3.12/site-packages/cryptography/hazmat/asn1/__pycache__\n'}
[1.128537] (web_control) StdoutLine: {'line': b'creating /home/matthieu/ros2_ws/install/web_control/share/web_control/web/stream/webrtc/.venv/lib/python3.12/site-packages/cryptography/x509\n'}
[1.128580] (web_control) StdoutLine: {'line': b'copying web/stream/webrtc/.venv/lib/python3.12/site-packages/cryptography/x509/general_name.py -> /home/matthieu/ros2_ws/install/web_control/share/web_control/web/stream/webrtc/.venv/lib/python3.12/site-packages/cryptography/x509\n'}
[1.128639] (web_control) StdoutLine: {'line': b'copying web/stream/webrtc/.venv/lib/python3.12/site-packages/cryptography/x509/base.py -> /home/matthieu/ros2_ws/install/web_control/share/web_control/web/stream/webrtc/.venv/lib/python3.12/site-packages/cryptography/x509\n'}
[1.128685] (web_control) StdoutLine: {'line': b'copying web/stream/webrtc/.venv/lib/python3.12/site-packages/cryptography/x509/certificate_transparency.py -> /home/matthieu/ros2_ws/install/web_control/share/web_control/web/stream/webrtc/.venv/lib/python3.12/site-packages/cryptography/x509\n'}
[1.128744] (web_control) StdoutLine: {'line': b'copying web/stream/webrtc/.venv/lib/python3.12/site-packages/cryptography/x509/name.py -> /home/matthieu/ros2_ws/install/web_control/share/web_control/web/stream/webrtc/.venv/lib/python3.12/site-packages/cryptography/x509\n'}
[1.128786] (web_control) StdoutLine: {'line': b'copying web/stream/webrtc/.venv/lib/python3.12/site-packages/cryptography/x509/extensions.py -> /home/matthieu/ros2_ws/install/web_control/share/web_control/web/stream/webrtc/.venv/lib/python3.12/site-packages/cryptography/x509\n'}
[1.128844] (web_control) StdoutLine: {'line': b'copying web/stream/webrtc/.venv/lib/python3.12/site-packages/cryptography/x509/oid.py -> /home/matthieu/ros2_ws/install/web_control/share/web_control/web/stream/webrtc/.venv/lib/python3.12/site-packages/cryptography/x509\n'}
[1.128886] (web_control) StdoutLine: {'line': b'copying web/stream/webrtc/.venv/lib/python3.12/site-packages/cryptography/x509/verification.py -> /home/matthieu/ros2_ws/install/web_control/share/web_control/web/stream/webrtc/.venv/lib/python3.12/site-packages/cryptography/x509\n'}
[1.128938] (web_control) StdoutLine: {'line': b'copying web/stream/webrtc/.venv/lib/python3.12/site-packages/cryptography/x509/ocsp.py -> /home/matthieu/ros2_ws/install/web_control/share/web_control/web/stream/webrtc/.venv/lib/python3.12/site-packages/cryptography/x509\n'}
[1.128994] (web_control) StdoutLine: {'line': b'copying web/stream/webrtc/.venv/lib/python3.12/site-packages/cryptography/x509/__init__.py -> /home/matthieu/ros2_ws/install/web_control/share/web_control/web/stream/webrtc/.venv/lib/python3.12/site-packages/cryptography/x509\n'}
[1.129054] (web_control) StdoutLine: {'line': b'creating /home/matthieu/ros2_ws/install/web_control/share/web_control/web/stream/webrtc/.venv/lib/python3.12/site-packages/cryptography/x509/__pycache__\n'}
[1.129102] (web_control) StdoutLine: {'line': b'copying web/stream/webrtc/.venv/lib/python3.12/site-packages/cryptography/x509/__pycache__/general_name.cpython-312.pyc -> /home/matthieu/ros2_ws/install/web_control/share/web_control/web/stream/webrtc/.venv/lib/python3.12/site-packages/cryptography/x509/__pycache__\n'}
[1.129164] (web_control) StdoutLine: {'line': b'copying web/stream/webrtc/.venv/lib/python3.12/site-packages/cryptography/x509/__pycache__/name.cpython-312.pyc -> /home/matthieu/ros2_ws/install/web_control/share/web_control/web/stream/webrtc/.venv/lib/python3.12/site-packages/cryptography/x509/__pycache__\n'}
[1.129230] (web_control) StdoutLine: {'line': b'copying web/stream/webrtc/.venv/lib/python3.12/site-packages/cryptography/x509/__pycache__/ocsp.cpython-312.pyc -> /home/matthieu/ros2_ws/install/web_control/share/web_control/web/stream/webrtc/.venv/lib/python3.12/site-packages/cryptography/x509/__pycache__\n'}
[1.129290] (web_control) StdoutLine: {'line': b'copying web/stream/webrtc/.venv/lib/python3.12/site-packages/cryptography/x509/__pycache__/base.cpython-312.pyc -> /home/matthieu/ros2_ws/install/web_control/share/web_control/web/stream/webrtc/.venv/lib/python3.12/site-packages/cryptography/x509/__pycache__\n'}
[1.129345] (web_control) StdoutLine: {'line': b'copying web/stream/webrtc/.venv/lib/python3.12/site-packages/cryptography/x509/__pycache__/oid.cpython-312.pyc -> /home/matthieu/ros2_ws/install/web_control/share/web_control/web/stream/webrtc/.venv/lib/python3.12/site-packages/cryptography/x509/__pycache__\n'}
[1.129396] (web_control) StdoutLine: {'line': b'copying web/stream/webrtc/.venv/lib/python3.12/site-packages/cryptography/x509/__pycache__/verification.cpython-312.pyc -> /home/matthieu/ros2_ws/install/web_control/share/web_control/web/stream/webrtc/.venv/lib/python3.12/site-packages/cryptography/x509/__pycache__\n'}
[1.129452] (web_control) StdoutLine: {'line': b'copying web/stream/webrtc/.venv/lib/python3.12/site-packages/cryptography/x509/__pycache__/__init__.cpython-312.pyc -> /home/matthieu/ros2_ws/install/web_control/share/web_control/web/stream/webrtc/.venv/lib/python3.12/site-packages/cryptography/x509/__pycache__\n'}
[1.129506] (web_control) StdoutLine: {'line': b'copying web/stream/webrtc/.venv/lib/python3.12/site-packages/cryptography/x509/__pycache__/extensions.cpython-312.pyc -> /home/matthieu/ros2_ws/install/web_control/share/web_control/web/stream/webrtc/.venv/lib/python3.12/site-packages/cryptography/x509/__pycache__\n'}
[1.129595] (web_control) StdoutLine: {'line': b'copying web/stream/webrtc/.venv/lib/python3.12/site-packages/cryptography/x509/__pycache__/certificate_transparency.cpython-312.pyc -> /home/matthieu/ros2_ws/install/web_control/share/web_control/web/stream/webrtc/.venv/lib/python3.12/site-packages/cryptography/x509/__pycache__\n'}
[1.129652] (web_control) StdoutLine: {'line': b'creating /home/matthieu/ros2_ws/install/web_control/share/web_control/web/stream/webrtc/.venv/lib/python3.12/site-packages/cryptography/__pycache__\n'}
[1.129708] (web_control) StdoutLine: {'line': b'copying web/stream/webrtc/.venv/lib/python3.12/site-packages/cryptography/__pycache__/fernet.cpython-312.pyc -> /home/matthieu/ros2_ws/install/web_control/share/web_control/web/stream/webrtc/.venv/lib/python3.12/site-packages/cryptography/__pycache__\n'}
[1.129766] (web_control) StdoutLine: {'line': b'copying web/stream/webrtc/.venv/lib/python3.12/site-packages/cryptography/__pycache__/__about__.cpython-312.pyc -> /home/matthieu/ros2_ws/install/web_control/share/web_control/web/stream/webrtc/.venv/lib/python3.12/site-packages/cryptography/__pycache__\n'}
[1.129825] (web_control) StdoutLine: {'line': b'copying web/stream/webrtc/.venv/lib/python3.12/site-packages/cryptography/__pycache__/exceptions.cpython-312.pyc -> /home/matthieu/ros2_ws/install/web_control/share/web_control/web/stream/webrtc/.venv/lib/python3.12/site-packages/cryptography/__pycache__\n'}
[1.129886] (web_control) StdoutLine: {'line': b'copying web/stream/webrtc/.venv/lib/python3.12/site-packages/cryptography/__pycache__/__init__.cpython-312.pyc -> /home/matthieu/ros2_ws/install/web_control/share/web_control/web/stream/webrtc/.venv/lib/python3.12/site-packages/cryptography/__pycache__\n'}
[1.129939] (web_control) StdoutLine: {'line': b'copying web/stream/webrtc/.venv/lib/python3.12/site-packages/cryptography/__pycache__/utils.cpython-312.pyc -> /home/matthieu/ros2_ws/install/web_control/share/web_control/web/stream/webrtc/.venv/lib/python3.12/site-packages/cryptography/__pycache__\n'}
[1.129990] (web_control) StdoutLine: {'line': b'creating /home/matthieu/ros2_ws/install/web_control/share/web_control/web/stream/webrtc/.venv/lib/python3.12/site-packages/aiosignal\n'}
[1.130048] (web_control) StdoutLine: {'line': b'copying web/stream/webrtc/.venv/lib/python3.12/site-packages/aiosignal/py.typed -> /home/matthieu/ros2_ws/install/web_control/share/web_control/web/stream/webrtc/.venv/lib/python3.12/site-packages/aiosignal\n'}
[1.130160] (web_control) StdoutLine: {'line': b'copying web/stream/webrtc/.venv/lib/python3.12/site-packages/aiosignal/__init__.py -> /home/matthieu/ros2_ws/install/web_control/share/web_control/web/stream/webrtc/.venv/lib/python3.12/site-packages/aiosignal\n'}
[1.130213] (web_control) StdoutLine: {'line': b'creating /home/matthieu/ros2_ws/install/web_control/share/web_control/web/stream/webrtc/.venv/lib/python3.12/site-packages/aiosignal/__pycache__\n'}
[1.130280] (web_control) StdoutLine: {'line': b'copying web/stream/webrtc/.venv/lib/python3.12/site-packages/aiosignal/__pycache__/__init__.cpython-312.pyc -> /home/matthieu/ros2_ws/install/web_control/share/web_control/web/stream/webrtc/.venv/lib/python3.12/site-packages/aiosignal/__pycache__\n'}
[1.130331] (web_control) StdoutLine: {'line': b'creating /home/matthieu/ros2_ws/install/web_control/share/web_control/web/stream/webrtc/.venv/lib/python3.12/site-packages/yarl-1.22.0.dist-info\n'}
[1.130390] (web_control) StdoutLine: {'line': b'copying web/stream/webrtc/.venv/lib/python3.12/site-packages/yarl-1.22.0.dist-info/WHEEL -> /home/matthieu/ros2_ws/install/web_control/share/web_control/web/stream/webrtc/.venv/lib/python3.12/site-packages/yarl-1.22.0.dist-info\n'}
[1.130435] (web_control) StdoutLine: {'line': b'copying web/stream/webrtc/.venv/lib/python3.12/site-packages/yarl-1.22.0.dist-info/RECORD -> /home/matthieu/ros2_ws/install/web_control/share/web_control/web/stream/webrtc/.venv/lib/python3.12/site-packages/yarl-1.22.0.dist-info\n'}
[1.130493] (web_control) StdoutLine: {'line': b'copying web/stream/webrtc/.venv/lib/python3.12/site-packages/yarl-1.22.0.dist-info/INSTALLER -> /home/matthieu/ros2_ws/install/web_control/share/web_control/web/stream/webrtc/.venv/lib/python3.12/site-packages/yarl-1.22.0.dist-info\n'}
[1.130549] (web_control) StdoutLine: {'line': b'copying web/stream/webrtc/.venv/lib/python3.12/site-packages/yarl-1.22.0.dist-info/top_level.txt -> /home/matthieu/ros2_ws/install/web_control/share/web_control/web/stream/webrtc/.venv/lib/python3.12/site-packages/yarl-1.22.0.dist-info\n'}
[1.130591] (web_control) StdoutLine: {'line': b'copying web/stream/webrtc/.venv/lib/python3.12/site-packages/yarl-1.22.0.dist-info/METADATA -> /home/matthieu/ros2_ws/install/web_control/share/web_control/web/stream/webrtc/.venv/lib/python3.12/site-packages/yarl-1.22.0.dist-info\n'}
[1.130651] (web_control) StdoutLine: {'line': b'creating /home/matthieu/ros2_ws/install/web_control/share/web_control/web/stream/webrtc/.venv/lib/python3.12/site-packages/yarl-1.22.0.dist-info/licenses\n'}
[1.130694] (web_control) StdoutLine: {'line': b'copying web/stream/webrtc/.venv/lib/python3.12/site-packages/yarl-1.22.0.dist-info/licenses/LICENSE -> /home/matthieu/ros2_ws/install/web_control/share/web_control/web/stream/webrtc/.venv/lib/python3.12/site-packages/yarl-1.22.0.dist-info/licenses\n'}
[1.130753] (web_control) StdoutLine: {'line': b'copying web/stream/webrtc/.venv/lib/python3.12/site-packages/yarl-1.22.0.dist-info/licenses/NOTICE -> /home/matthieu/ros2_ws/install/web_control/share/web_control/web/stream/webrtc/.venv/lib/python3.12/site-packages/yarl-1.22.0.dist-info/licenses\n'}
[1.130798] (web_control) StdoutLine: {'line': b'creating /home/matthieu/ros2_ws/install/web_control/share/web_control/web/stream/webrtc/.venv/lib/python3.12/site-packages/typing_extensions-4.15.0.dist-info\n'}
[1.130856] (web_control) StdoutLine: {'line': b'copying web/stream/webrtc/.venv/lib/python3.12/site-packages/typing_extensions-4.15.0.dist-info/WHEEL -> /home/matthieu/ros2_ws/install/web_control/share/web_control/web/stream/webrtc/.venv/lib/python3.12/site-packages/typing_extensions-4.15.0.dist-info\n'}
[1.130900] (web_control) StdoutLine: {'line': b'copying web/stream/webrtc/.venv/lib/python3.12/site-packages/typing_extensions-4.15.0.dist-info/RECORD -> /home/matthieu/ros2_ws/install/web_control/share/web_control/web/stream/webrtc/.venv/lib/python3.12/site-packages/typing_extensions-4.15.0.dist-info\n'}
[1.130956] (web_control) StdoutLine: {'line': b'copying web/stream/webrtc/.venv/lib/python3.12/site-packages/typing_extensions-4.15.0.dist-info/INSTALLER -> /home/matthieu/ros2_ws/install/web_control/share/web_control/web/stream/webrtc/.venv/lib/python3.12/site-packages/typing_extensions-4.15.0.dist-info\n'}
[1.131002] (web_control) StdoutLine: {'line': b'copying web/stream/webrtc/.venv/lib/python3.12/site-packages/typing_extensions-4.15.0.dist-info/METADATA -> /home/matthieu/ros2_ws/install/web_control/share/web_control/web/stream/webrtc/.venv/lib/python3.12/site-packages/typing_extensions-4.15.0.dist-info\n'}
[1.131065] (web_control) StdoutLine: {'line': b'creating /home/matthieu/ros2_ws/install/web_control/share/web_control/web/stream/webrtc/.venv/lib/python3.12/site-packages/typing_extensions-4.15.0.dist-info/licenses\n'}
[1.131136] (web_control) StdoutLine: {'line': b'copying web/stream/webrtc/.venv/lib/python3.12/site-packages/typing_extensions-4.15.0.dist-info/licenses/LICENSE -> /home/matthieu/ros2_ws/install/web_control/share/web_control/web/stream/webrtc/.venv/lib/python3.12/site-packages/typing_extensions-4.15.0.dist-info/licenses\n'}
[1.131189] (web_control) StdoutLine: {'line': b'creating /home/matthieu/ros2_ws/install/web_control/share/web_control/web/stream/webrtc/__pycache__\n'}
[1.131247] (web_control) StdoutLine: {'line': b'copying web/stream/webrtc/__pycache__/webrtc_server.cpython-312.pyc -> /home/matthieu/ros2_ws/install/web_control/share/web_control/web/stream/webrtc/__pycache__\n'}
[1.131292] (web_control) StdoutLine: {'line': b'creating /home/matthieu/ros2_ws/install/web_control/share/web_control/web/stream/__pycache__\n'}
[1.131350] (web_control) StdoutLine: {'line': b'copying web/stream/__pycache__/start_stream.cpython-312.pyc -> /home/matthieu/ros2_ws/install/web_control/share/web_control/web/stream/__pycache__\n'}
[1.131393] (web_control) StdoutLine: {'line': b'running install_egg_info\n'}
[1.148866] (web_control) StdoutLine: {'line': b"removing '/home/matthieu/ros2_ws/install/web_control/lib/python3.12/site-packages/web_control-1.0.0-py3.12.egg-info' (and everything under it)\n"}
[1.149027] (web_control) StdoutLine: {'line': b'Copying ../../build/web_control/web_control.egg-info to /home/matthieu/ros2_ws/install/web_control/lib/python3.12/site-packages/web_control-1.0.0-py3.12.egg-info\n'}
[1.149668] (web_control) StdoutLine: {'line': b'running install_scripts\n'}
[1.201778] (-) TimerEvent: {}
[1.244970] (web_control) StdoutLine: {'line': b'Installing backend_node script to /home/matthieu/ros2_ws/install/web_control/lib/web_control\n'}
[1.260797] (web_control) StdoutLine: {'line': b"writing list of installed files to '/home/matthieu/ros2_ws/build/web_control/install.log'\n"}
[1.279300] (web_control) CommandEnded: {'returncode': 0}
[1.297516] (web_control) JobEnded: {'identifier': 'web_control', 'rc': 0}
[1.297793] (-) EventReactorShutdown: {}
